{"type":"FeatureCollection","name":"peru_distrital (juaneladio/peru-geojson, MPL-2.0; adelgazado)","features":[{"type":"Feature","properties":{"IDDIST":"230110","NOMBDIST":"CORONEL GREGORIO ALBARRACIN LANCHIPA","NOMBPROV":"TACNA","NOMBDEP":"TACNA"},"geometry":{"type":"Polygon","coordinates":[[[-70.1441,-18.0931],[-70.1751,-18.1304],[-70.2818,-18.1804],[-70.3285,-18.1846],[-70.2371,-18.0225],[-70.1828,-18.0514],[-70.1441,-18.0931]]]}},{"type":"Feature","properties":{"IDDIST":"230108","NOMBDIST":"POCOLLAY","NOMBPROV":"TACNA","NOMBDEP":"TACNA"},"geometry":{"type":"Polygon","coordinates":[[[-69.9047,-17.9583],[-69.9829,-18.0117],[-70.0296,-18.0604],[-70.1185,-18.0633],[-70.1441,-18.0931],[-70.1828,-18.0514],[-70.2371,-18.0225],[-70.235,-17.9923],[-70.2235,-17.9584],[-70.1724,-18.0057],[-70.092,-17.9803],[-70.0495,-17.9729],[-69.9649,-17.9296],[-69.9322,-17.9261],[-69.9047,-17.9583]]]}},{"type":"Feature","properties":{"IDDIST":"230103","NOMBDIST":"CALANA","NOMBPROV":"TACNA","NOMBDEP":"TACNA"},"geometry":{"type":"Polygon","coordinates":[[[-70.092,-17.9803],[-70.1724,-18.0057],[-70.2235,-17.9584],[-70.1842,-17.9144],[-70.1513,-17.9308],[-70.1226,-17.904],[-70.0756,-17.9138],[-70.092,-17.9803]]]}},{"type":"Feature","properties":{"IDDIST":"230101","NOMBDIST":"TACNA","NOMBPROV":"TACNA","NOMBDEP":"TACNA"},"geometry":{"type":"Polygon","coordinates":[[[-70.235,-17.9923],[-70.2371,-18.0225],[-70.3285,-18.1846],[-70.2818,-18.1804],[-70.1751,-18.1304],[-70.1441,-18.0931],[-70.1185,-18.0633],[-70.0296,-18.0604],[-69.9829,-18.0117],[-69.9047,-17.9583],[-69.7525,-17.988],[-69.8131,-18.1145],[-69.8543,-18.1653],[-69.9605,-18.2629],[-70.0507,-18.2688],[-70.1497,-18.3184],[-70.1972,-18.3222],[-70.2868,-18.3081],[-70.3539,-18.3262],[-70.3767,-18.3509],[-70.4813,-18.2734],[-70.6046,-18.2011],[-70.6225,-18.0949],[-70.5461,-18.0211],[-70.5132,-17.9692],[-70.4237,-17.8898],[-70.313,-17.9456],[-70.2801,-17.9804],[-70.235,-17.9923]]]}},{"type":"Feature","properties":{"IDDIST":"230109","NOMBDIST":"SAMA","NOMBPROV":"TACNA","NOMBDEP":"TACNA"},"geometry":{"type":"Polygon","coordinates":[[[-70.4237,-17.8898],[-70.5132,-17.9692],[-70.5461,-18.0211],[-70.6225,-18.0949],[-70.6046,-18.2011],[-70.6786,-18.1618],[-70.7595,-18.0804],[-70.8132,-18.0405],[-70.8792,-18.0148],[-70.8895,-17.9765],[-70.8633,-17.9668],[-70.8393,-17.9115],[-70.81,-17.8917],[-70.7601,-17.8182],[-70.7164,-17.7781],[-70.5935,-17.8041],[-70.4237,-17.8898]]]}},{"type":"Feature","properties":{"IDDIST":"230104","NOMBDIST":"CIUDAD NUEVA","NOMBPROV":"TACNA","NOMBDEP":"TACNA"},"geometry":{"type":"Polygon","coordinates":[[[-70.1842,-17.9144],[-70.2235,-17.9584],[-70.235,-17.9923],[-70.2549,-17.9661],[-70.2502,-17.8871],[-70.1902,-17.7759],[-70.109,-17.7593],[-70.0723,-17.7108],[-70.1061,-17.7849],[-70.1506,-17.8318],[-70.1842,-17.9144]]]}},{"type":"Feature","properties":{"IDDIST":"230303","NOMBDIST":"ITE","NOMBPROV":"JORGE BASADRE","NOMBDEP":"TACNA"},"geometry":{"type":"Polygon","coordinates":[[[-70.7164,-17.7781],[-70.7601,-17.8182],[-70.81,-17.8917],[-70.8393,-17.9115],[-70.8633,-17.9668],[-70.8895,-17.9765],[-70.9435,-17.9136],[-71.011,-17.8767],[-71.0968,-17.8677],[-71.1394,-17.8215],[-71.0841,-17.7213],[-71.0166,-17.7088],[-70.993,-17.6791],[-70.9125,-17.6874],[-70.9078,-17.6472],[-70.861,-17.6914],[-70.8104,-17.7177],[-70.7885,-17.7628],[-70.7164,-17.7781]]]}},{"type":"Feature","properties":{"IDDIST":"180301","NOMBDIST":"ILO","NOMBPROV":"ILO","NOMBDEP":"MOQUEGUA"},"geometry":{"type":"Polygon","coordinates":[[[-71.3212,-17.6225],[-71.2374,-17.6728],[-71.1729,-17.6652],[-71.0841,-17.7213],[-71.1394,-17.8215],[-71.2056,-17.7686],[-71.3722,-17.6817],[-71.3428,-17.6213],[-71.3212,-17.6225]]]}},{"type":"Feature","properties":{"IDDIST":"230102","NOMBDIST":"ALTO DE LA ALIANZA","NOMBPROV":"TACNA","NOMBDEP":"TACNA"},"geometry":{"type":"Polygon","coordinates":[[[-70.1933,-17.7756],[-70.1902,-17.7759],[-70.2502,-17.8871],[-70.2549,-17.9661],[-70.235,-17.9923],[-70.2801,-17.9804],[-70.313,-17.9456],[-70.4237,-17.8898],[-70.3729,-17.8254],[-70.3054,-17.7772],[-70.2237,-17.7375],[-70.176,-17.6505],[-70.1608,-17.5995],[-70.1434,-17.6317],[-70.1537,-17.6934],[-70.1896,-17.7373],[-70.1933,-17.7756]]]}},{"type":"Feature","properties":{"IDDIST":"230106","NOMBDIST":"PACHIA","NOMBPROV":"TACNA","NOMBDEP":"TACNA"},"geometry":{"type":"Polygon","coordinates":[[[-69.8757,-17.5848],[-69.8828,-17.6477],[-69.9261,-17.7003],[-69.9843,-17.7306],[-69.9725,-17.7642],[-70.0108,-17.8134],[-69.9977,-17.8629],[-69.9634,-17.8543],[-69.9322,-17.9261],[-69.9649,-17.9296],[-70.0495,-17.9729],[-70.092,-17.9803],[-70.0756,-17.9138],[-70.1226,-17.904],[-70.1513,-17.9308],[-70.1842,-17.9144],[-70.1506,-17.8318],[-70.1061,-17.7849],[-70.0723,-17.7108],[-70.0147,-17.6264],[-69.9832,-17.5971],[-69.8757,-17.5848]]]}},{"type":"Feature","properties":{"IDDIST":"230404","NOMBDIST":"ESTIQUE-PAMPA","NOMBPROV":"TARATA","NOMBDEP":"TACNA"},"geometry":{"type":"Polygon","coordinates":[[[-70.0206,-17.5294],[-70.0216,-17.5637],[-70.0715,-17.5941],[-70.1121,-17.6765],[-70.1933,-17.7756],[-70.1896,-17.7373],[-70.1537,-17.6934],[-70.1434,-17.6317],[-70.1608,-17.5995],[-70.17,-17.5882],[-70.1329,-17.5462],[-70.0759,-17.5443],[-70.0735,-17.5187],[-70.0206,-17.5294]]]}},{"type":"Feature","properties":{"IDDIST":"230403","NOMBDIST":"ESTIQUE","NOMBPROV":"TARATA","NOMBDEP":"TACNA"},"geometry":{"type":"Polygon","coordinates":[[[-69.8757,-17.5848],[-69.9832,-17.5971],[-70.0147,-17.6264],[-70.0723,-17.7108],[-70.109,-17.7593],[-70.1902,-17.7759],[-70.1933,-17.7756],[-70.1121,-17.6765],[-70.0715,-17.5941],[-70.0216,-17.5637],[-70.0206,-17.5294],[-69.9891,-17.542],[-69.8491,-17.4974],[-69.8757,-17.5848]]]}},{"type":"Feature","properties":{"IDDIST":"230407","NOMBDIST":"TARUCACHI","NOMBPROV":"TARATA","NOMBDEP":"TACNA"},"geometry":{"type":"Polygon","coordinates":[[[-69.8498,-17.4894],[-69.8491,-17.4974],[-69.9891,-17.542],[-70.0206,-17.5294],[-70.0735,-17.5187],[-70.0666,-17.5056],[-69.9426,-17.4637],[-69.8498,-17.4894]]]}},{"type":"Feature","properties":{"IDDIST":"230105","NOMBDIST":"INCLAN","NOMBPROV":"TACNA","NOMBDEP":"TACNA"},"geometry":{"type":"Polygon","coordinates":[[[-70.3458,-17.4607],[-70.3318,-17.5093],[-70.2375,-17.5897],[-70.17,-17.5882],[-70.1608,-17.5995],[-70.176,-17.6505],[-70.2237,-17.7375],[-70.3054,-17.7772],[-70.3729,-17.8254],[-70.4237,-17.8898],[-70.5935,-17.8041],[-70.7164,-17.7781],[-70.6831,-17.7196],[-70.6084,-17.6563],[-70.5089,-17.5453],[-70.4468,-17.5159],[-70.4283,-17.4833],[-70.3458,-17.4607]]]}},{"type":"Feature","properties":{"IDDIST":"230301","NOMBDIST":"LOCUMBA","NOMBPROV":"JORGE BASADRE","NOMBDEP":"TACNA"},"geometry":{"type":"Polygon","coordinates":[[[-70.5089,-17.5453],[-70.6084,-17.6563],[-70.6831,-17.7196],[-70.7164,-17.7781],[-70.7885,-17.7628],[-70.8104,-17.7177],[-70.861,-17.6914],[-70.9078,-17.6472],[-70.8796,-17.5552],[-70.7877,-17.4603],[-70.7609,-17.4713],[-70.7036,-17.4377],[-70.6311,-17.4957],[-70.6498,-17.5526],[-70.6036,-17.5672],[-70.556,-17.5365],[-70.5089,-17.5453]]]}},{"type":"Feature","properties":{"IDDIST":"180302","NOMBDIST":"EL ALGARROBAL","NOMBPROV":"ILO","NOMBDEP":"MOQUEGUA"},"geometry":{"type":"Polygon","coordinates":[[[-70.9078,-17.6472],[-70.9125,-17.6874],[-70.993,-17.6791],[-71.0166,-17.7088],[-71.0841,-17.7213],[-71.1729,-17.6652],[-71.2374,-17.6728],[-71.3212,-17.6225],[-71.267,-17.5795],[-71.2681,-17.5013],[-71.3115,-17.4496],[-71.2741,-17.4272],[-71.2159,-17.4347],[-71.074,-17.4875],[-71.0729,-17.5247],[-71.0361,-17.558],[-70.9966,-17.6208],[-70.9078,-17.6472]]]}},{"type":"Feature","properties":{"IDDIST":"230107","NOMBDIST":"PALCA","NOMBPROV":"TACNA","NOMBDEP":"TACNA"},"geometry":{"type":"Polygon","coordinates":[[[-69.4684,-17.4648],[-69.4683,-17.5042],[-69.5514,-17.5751],[-69.6654,-17.6599],[-69.796,-17.6462],[-69.8212,-17.6864],[-69.8217,-17.7438],[-69.8,-17.7623],[-69.7957,-17.8623],[-69.7472,-17.9439],[-69.7525,-17.988],[-69.9047,-17.9583],[-69.9322,-17.9261],[-69.9634,-17.8543],[-69.9977,-17.8629],[-70.0108,-17.8134],[-69.9725,-17.7642],[-69.9843,-17.7306],[-69.9261,-17.7003],[-69.8828,-17.6477],[-69.8757,-17.5848],[-69.8491,-17.4974],[-69.8498,-17.4894],[-69.8196,-17.4547],[-69.7232,-17.461],[-69.6463,-17.4103],[-69.6032,-17.3967],[-69.5388,-17.406],[-69.4684,-17.4648]]]}},{"type":"Feature","properties":{"IDDIST":"230402","NOMBDIST":"HEROES ALBARRACIN","NOMBPROV":"TARATA","NOMBDEP":"TACNA"},"geometry":{"type":"Polygon","coordinates":[[[-70.0905,-17.4591],[-70.0797,-17.4855],[-70.0666,-17.5056],[-70.0735,-17.5187],[-70.0759,-17.5443],[-70.1329,-17.5462],[-70.17,-17.5882],[-70.2375,-17.5897],[-70.3318,-17.5093],[-70.3458,-17.4607],[-70.2746,-17.3893],[-70.2646,-17.3881],[-70.2232,-17.4128],[-70.2159,-17.4422],[-70.17,-17.4742],[-70.0905,-17.4591]]]}},{"type":"Feature","properties":{"IDDIST":"230204","NOMBDIST":"CURIBAYA","NOMBPROV":"CANDARAVE","NOMBDEP":"TACNA"},"geometry":{"type":"Polygon","coordinates":[[[-70.2746,-17.3893],[-70.3458,-17.4607],[-70.4005,-17.4212],[-70.3634,-17.3744],[-70.3055,-17.3376],[-70.2746,-17.3893]]]}},{"type":"Feature","properties":{"IDDIST":"230405","NOMBDIST":"SITAJARA","NOMBPROV":"TARATA","NOMBDEP":"TACNA"},"geometry":{"type":"Polygon","coordinates":[[[-70.1287,-17.3192],[-70.1473,-17.3531],[-70.1061,-17.3672],[-70.0427,-17.3524],[-70.0865,-17.4298],[-70.0905,-17.4591],[-70.17,-17.4742],[-70.2159,-17.4422],[-70.2232,-17.4128],[-70.2646,-17.3881],[-70.2185,-17.3417],[-70.1681,-17.3162],[-70.1287,-17.3192]]]}},{"type":"Feature","properties":{"IDDIST":"230206","NOMBDIST":"QUILAHUANI","NOMBPROV":"CANDARAVE","NOMBDEP":"TACNA"},"geometry":{"type":"Polygon","coordinates":[[[-70.2185,-17.3417],[-70.2646,-17.3881],[-70.2746,-17.3893],[-70.3055,-17.3376],[-70.269,-17.2927],[-70.2195,-17.2992],[-70.2185,-17.3417]]]}},{"type":"Feature","properties":{"IDDIST":"180303","NOMBDIST":"PACOCHA","NOMBPROV":"ILO","NOMBDEP":"MOQUEGUA"},"geometry":{"type":"Polygon","coordinates":[[[-71.3115,-17.4496],[-71.2681,-17.5013],[-71.267,-17.5795],[-71.3212,-17.6225],[-71.3428,-17.6213],[-71.3582,-17.5888],[-71.3726,-17.4754],[-71.3946,-17.3891],[-71.4908,-17.285],[-71.441,-17.2517],[-71.3694,-17.3122],[-71.3763,-17.3513],[-71.3187,-17.4136],[-71.3115,-17.4496]]]}},{"type":"Feature","properties":{"IDDIST":"230401","NOMBDIST":"TARATA","NOMBPROV":"TARATA","NOMBDEP":"TACNA"},"geometry":{"type":"Polygon","coordinates":[[[-69.6413,-17.2874],[-69.5752,-17.2926],[-69.4673,-17.3735],[-69.4684,-17.4648],[-69.5388,-17.406],[-69.6032,-17.3967],[-69.6463,-17.4103],[-69.7232,-17.461],[-69.8196,-17.4547],[-69.8498,-17.4894],[-69.9426,-17.4637],[-70.0666,-17.5056],[-70.0797,-17.4855],[-70.0345,-17.4503],[-69.9761,-17.4354],[-69.9102,-17.3324],[-69.8574,-17.2987],[-69.7962,-17.2329],[-69.7317,-17.295],[-69.6936,-17.2746],[-69.6413,-17.2874]]]}},{"type":"Feature","properties":{"IDDIST":"230205","NOMBDIST":"HUANUARA","NOMBPROV":"CANDARAVE","NOMBDEP":"TACNA"},"geometry":{"type":"Polygon","coordinates":[[[-70.269,-17.2927],[-70.3055,-17.3376],[-70.3634,-17.3744],[-70.4118,-17.3474],[-70.3354,-17.2774],[-70.3037,-17.2361],[-70.269,-17.2927]]]}},{"type":"Feature","properties":{"IDDIST":"230408","NOMBDIST":"TICACO","NOMBPROV":"TARATA","NOMBDEP":"TACNA"},"geometry":{"type":"Polygon","coordinates":[[[-69.7962,-17.2329],[-69.8574,-17.2987],[-69.9102,-17.3324],[-69.9761,-17.4354],[-70.0345,-17.4503],[-70.0797,-17.4855],[-70.0905,-17.4591],[-70.0865,-17.4298],[-70.0427,-17.3524],[-70.0113,-17.2908],[-69.9651,-17.2641],[-69.9297,-17.2022],[-69.8514,-17.2437],[-69.7962,-17.2329]]]}},{"type":"Feature","properties":{"IDDIST":"230302","NOMBDIST":"ILABAYA","NOMBPROV":"JORGE BASADRE","NOMBDEP":"TACNA"},"geometry":{"type":"Polygon","coordinates":[[[-70.4372,-17.3346],[-70.4118,-17.3474],[-70.3634,-17.3744],[-70.4005,-17.4212],[-70.3458,-17.4607],[-70.4283,-17.4833],[-70.4468,-17.5159],[-70.5089,-17.5453],[-70.556,-17.5365],[-70.6036,-17.5672],[-70.6498,-17.5526],[-70.6311,-17.4957],[-70.7036,-17.4377],[-70.7609,-17.4713],[-70.7877,-17.4603],[-70.7356,-17.4012],[-70.7524,-17.3806],[-70.7159,-17.2737],[-70.6842,-17.225],[-70.61,-17.2145],[-70.5725,-17.1941],[-70.4543,-17.3006],[-70.4372,-17.3346]]]}},{"type":"Feature","properties":{"IDDIST":"180104","NOMBDIST":"SAMEGUA","NOMBPROV":"MARISCAL NIETO","NOMBDEP":"MOQUEGUA"},"geometry":{"type":"Polygon","coordinates":[[[-70.7725,-17.1637],[-70.8166,-17.1628],[-70.8626,-17.196],[-70.9,-17.1469],[-70.8705,-17.1184],[-70.7915,-17.1413],[-70.7725,-17.1637]]]}},{"type":"Feature","properties":{"IDDIST":"040706","NOMBDIST":"PUNTA DE BOMBON","NOMBPROV":"ISLAY","NOMBDEP":"AREQUIPA"},"geometry":{"type":"Polygon","coordinates":[[[-71.441,-17.2517],[-71.4908,-17.285],[-71.5341,-17.2555],[-71.5761,-17.2536],[-71.6904,-17.212],[-71.7761,-17.1947],[-71.8383,-17.1703],[-71.7566,-17.1191],[-71.6596,-17.0883],[-71.5603,-17.0764],[-71.4789,-17.0819],[-71.4197,-17.1065],[-71.3258,-17.0564],[-71.3022,-17.0939],[-71.441,-17.2517]]]}},{"type":"Feature","properties":{"IDDIST":"230202","NOMBDIST":"CAIRANI","NOMBPROV":"CANDARAVE","NOMBDEP":"TACNA"},"geometry":{"type":"Polygon","coordinates":[[[-70.3037,-17.2361],[-70.3354,-17.2774],[-70.4118,-17.3474],[-70.4372,-17.3346],[-70.36,-17.2634],[-70.3411,-17.1972],[-70.3693,-17.1264],[-70.3547,-17.0426],[-70.3089,-17.0633],[-70.2871,-17.106],[-70.3032,-17.1558],[-70.3037,-17.2361]]]}},{"type":"Feature","properties":{"IDDIST":"230406","NOMBDIST":"SUSAPAYA","NOMBPROV":"TARATA","NOMBDEP":"TACNA"},"geometry":{"type":"Polygon","coordinates":[[[-69.9297,-17.2022],[-69.9651,-17.2641],[-70.0113,-17.2908],[-70.0427,-17.3524],[-70.1061,-17.3672],[-70.1473,-17.3531],[-70.1287,-17.3192],[-70.0933,-17.29],[-70.1144,-17.2356],[-70.0991,-17.2173],[-70.0953,-17.1229],[-70.07,-17.0812],[-70.0732,-17.0349],[-70.0468,-17.0564],[-70.0397,-17.128],[-69.9876,-17.1514],[-69.9297,-17.2022]]]}},{"type":"Feature","properties":{"IDDIST":"040703","NOMBDIST":"DEAN VALDIVIA","NOMBPROV":"ISLAY","NOMBDEP":"AREQUIPA"},"geometry":{"type":"Polygon","coordinates":[[[-71.7566,-17.1191],[-71.8383,-17.1703],[-71.8925,-17.1241],[-71.8773,-17.0652],[-71.8298,-17.0308],[-71.789,-17.0324],[-71.7929,-17.0953],[-71.7566,-17.1191]]]}},{"type":"Feature","properties":{"IDDIST":"230203","NOMBDIST":"CAMILACA","NOMBPROV":"CANDARAVE","NOMBDEP":"TACNA"},"geometry":{"type":"Polygon","coordinates":[[[-70.3547,-17.0426],[-70.3693,-17.1264],[-70.3411,-17.1972],[-70.36,-17.2634],[-70.4372,-17.3346],[-70.4543,-17.3006],[-70.5725,-17.1941],[-70.5278,-17.1683],[-70.4919,-17.0914],[-70.4496,-17.0813],[-70.4608,-16.9979],[-70.4015,-16.9908],[-70.3547,-17.0426]]]}},{"type":"Feature","properties":{"IDDIST":"040705","NOMBDIST":"MEJIA","NOMBPROV":"ISLAY","NOMBDEP":"AREQUIPA"},"geometry":{"type":"Polygon","coordinates":[[[-71.8298,-17.0308],[-71.8773,-17.0652],[-71.8925,-17.1241],[-71.9485,-17.0676],[-71.8524,-16.9617],[-71.8198,-16.9687],[-71.8298,-17.0308]]]}},{"type":"Feature","properties":{"IDDIST":"210502","NOMBDIST":"CAPAZO","NOMBPROV":"EL COLLAO","NOMBDEP":"PUNO"},"geometry":{"type":"Polygon","coordinates":[[[-69.566,-16.9024],[-69.5357,-16.9677],[-69.5348,-17.0609],[-69.6029,-17.0975],[-69.5628,-17.175],[-69.6038,-17.2216],[-69.6413,-17.2874],[-69.6936,-17.2746],[-69.7317,-17.295],[-69.7962,-17.2329],[-69.8514,-17.2437],[-69.9297,-17.2022],[-69.8836,-17.128],[-69.8407,-17.1187],[-69.811,-17.0765],[-69.8095,-17.0248],[-69.7459,-16.9743],[-69.6967,-16.9579],[-69.599,-16.9002],[-69.566,-16.9024]]]}},{"type":"Feature","properties":{"IDDIST":"230201","NOMBDIST":"CANDARAVE","NOMBPROV":"CANDARAVE","NOMBDEP":"TACNA"},"geometry":{"type":"Polygon","coordinates":[[[-70.1466,-16.9387],[-70.0958,-16.9852],[-70.0732,-17.0349],[-70.07,-17.0812],[-70.0953,-17.1229],[-70.0991,-17.2173],[-70.1144,-17.2356],[-70.0933,-17.29],[-70.1287,-17.3192],[-70.1681,-17.3162],[-70.2185,-17.3417],[-70.2195,-17.2992],[-70.269,-17.2927],[-70.3037,-17.2361],[-70.3032,-17.1558],[-70.2871,-17.106],[-70.3089,-17.0633],[-70.3547,-17.0426],[-70.4015,-16.9908],[-70.4608,-16.9979],[-70.4435,-16.9621],[-70.4592,-16.9227],[-70.4416,-16.8412],[-70.3076,-16.773],[-70.2056,-16.8081],[-70.1841,-16.8347],[-70.2438,-16.8602],[-70.2591,-16.902],[-70.2472,-16.9524],[-70.1813,-16.9321],[-70.1466,-16.9387]]]}},{"type":"Feature","properties":{"IDDIST":"040704","NOMBDIST":"ISLAY","NOMBPROV":"ISLAY","NOMBDEP":"AREQUIPA"},"geometry":{"type":"Polygon","coordinates":[[[-71.9967,-16.7996],[-72.0555,-16.9397],[-72.0481,-17.0162],[-72.0762,-17.0212],[-72.1845,-16.9248],[-72.164,-16.8894],[-72.172,-16.8499],[-72.2238,-16.8345],[-72.2056,-16.799],[-72.1529,-16.7947],[-72.1319,-16.7667],[-72.0969,-16.7676],[-71.9967,-16.7996]]]}},{"type":"Feature","properties":{"IDDIST":"180106","NOMBDIST":"TORATA","NOMBPROV":"MARISCAL NIETO","NOMBDEP":"MOQUEGUA"},"geometry":{"type":"Polygon","coordinates":[[[-70.9885,-16.7651],[-70.9021,-16.7777],[-70.9019,-16.8149],[-70.8314,-16.871],[-70.7746,-16.8713],[-70.7296,-16.8514],[-70.7091,-16.8792],[-70.6239,-16.8725],[-70.574,-16.9221],[-70.5232,-16.9347],[-70.4592,-16.9227],[-70.4435,-16.9621],[-70.4608,-16.9979],[-70.4496,-17.0813],[-70.4919,-17.0914],[-70.5278,-17.1683],[-70.5725,-17.1941],[-70.6444,-17.1741],[-70.7118,-17.1782],[-70.7725,-17.1637],[-70.7915,-17.1413],[-70.8705,-17.1184],[-70.9,-17.1469],[-70.9238,-17.1378],[-70.9608,-17.0674],[-70.9609,-17.0266],[-70.9267,-16.9834],[-71.0162,-16.912],[-71.0009,-16.8809],[-71.0058,-16.8294],[-71.0403,-16.7915],[-71.02,-16.7618],[-70.9885,-16.7651]]]}},{"type":"Feature","properties":{"IDDIST":"180101","NOMBDIST":"MOQUEGUA","NOMBPROV":"MARISCAL NIETO","NOMBDEP":"MOQUEGUA"},"geometry":{"type":"Polygon","coordinates":[[[-71.02,-16.7618],[-71.0403,-16.7915],[-71.0058,-16.8294],[-71.0009,-16.8809],[-71.0162,-16.912],[-70.9267,-16.9834],[-70.9609,-17.0266],[-70.9608,-17.0674],[-70.9238,-17.1378],[-70.9,-17.1469],[-70.8626,-17.196],[-70.8166,-17.1628],[-70.7725,-17.1637],[-70.7118,-17.1782],[-70.6444,-17.1741],[-70.5725,-17.1941],[-70.61,-17.2145],[-70.6842,-17.225],[-70.7159,-17.2737],[-70.7524,-17.3806],[-70.7356,-17.4012],[-70.7877,-17.4603],[-70.8796,-17.5552],[-70.9078,-17.6472],[-70.9966,-17.6208],[-71.0361,-17.558],[-71.0729,-17.5247],[-71.074,-17.4875],[-71.2159,-17.4347],[-71.2741,-17.4272],[-71.3115,-17.4496],[-71.3187,-17.4136],[-71.3763,-17.3513],[-71.3694,-17.3122],[-71.441,-17.2517],[-71.3022,-17.0939],[-71.3258,-17.0564],[-71.3394,-17.0218],[-71.3846,-17.0211],[-71.3909,-16.9805],[-71.3564,-16.9783],[-71.333,-16.9435],[-71.2859,-16.9431],[-71.1694,-16.907],[-71.1456,-16.8587],[-71.0609,-16.7586],[-71.02,-16.7618]]]}},{"type":"Feature","properties":{"IDDIST":"180103","NOMBDIST":"CUCHUMBAYA","NOMBPROV":"MARISCAL NIETO","NOMBDEP":"MOQUEGUA"},"geometry":{"type":"Polygon","coordinates":[[[-70.5936,-16.773],[-70.6628,-16.804],[-70.7669,-16.7639],[-70.6608,-16.738],[-70.5936,-16.773]]]}},{"type":"Feature","properties":{"IDDIST":"210405","NOMBDIST":"PISACOMA","NOMBPROV":"CHUCUITO","NOMBDEP":"PUNO"},"geometry":{"type":"Polygon","coordinates":[[[-69.3938,-16.721],[-69.3497,-16.8073],[-69.2605,-16.8682],[-69.3047,-16.9158],[-69.3436,-16.9869],[-69.3946,-17.0239],[-69.3737,-17.0731],[-69.4063,-17.1003],[-69.4491,-17.0978],[-69.5628,-17.175],[-69.6029,-17.0975],[-69.5348,-17.0609],[-69.5357,-16.9677],[-69.566,-16.9024],[-69.5659,-16.8334],[-69.5118,-16.7447],[-69.4883,-16.7553],[-69.3938,-16.721]]]}},{"type":"Feature","properties":{"IDDIST":"040702","NOMBDIST":"COCACHACRA","NOMBPROV":"ISLAY","NOMBDEP":"AREQUIPA"},"geometry":{"type":"Polygon","coordinates":[[[-71.4812,-16.7638],[-71.4259,-16.7414],[-71.4443,-16.8047],[-71.4406,-16.8652],[-71.3909,-16.9805],[-71.3846,-17.0211],[-71.3394,-17.0218],[-71.3258,-17.0564],[-71.4197,-17.1065],[-71.4789,-17.0819],[-71.5603,-17.0764],[-71.6596,-17.0883],[-71.7566,-17.1191],[-71.7929,-17.0953],[-71.789,-17.0324],[-71.8298,-17.0308],[-71.8198,-16.9687],[-71.8524,-16.9617],[-71.8769,-16.897],[-71.8498,-16.8709],[-71.7905,-16.9146],[-71.7065,-16.8555],[-71.6783,-16.7891],[-71.667,-16.7016],[-71.6287,-16.6837],[-71.5355,-16.7008],[-71.5313,-16.7286],[-71.4812,-16.7638]]]}},{"type":"Feature","properties":{"IDDIST":"040701","NOMBDIST":"MOLLENDO","NOMBPROV":"ISLAY","NOMBDEP":"AREQUIPA"},"geometry":{"type":"Polygon","coordinates":[[[-71.667,-16.7016],[-71.6783,-16.7891],[-71.7065,-16.8555],[-71.7905,-16.9146],[-71.8498,-16.8709],[-71.8769,-16.897],[-71.8524,-16.9617],[-71.9485,-17.0676],[-72.0481,-17.0162],[-72.0555,-16.9397],[-71.9967,-16.7996],[-71.91,-16.675],[-71.8707,-16.7134],[-71.8695,-16.786],[-71.7444,-16.6981],[-71.667,-16.7016]]]}},{"type":"Feature","properties":{"IDDIST":"180205","NOMBDIST":"LA CAPILLA","NOMBPROV":"GENERAL SANCHEZ CERRO","NOMBDEP":"MOQUEGUA"},"geometry":{"type":"Polygon","coordinates":[[[-71.1456,-16.8587],[-71.1694,-16.907],[-71.2859,-16.9431],[-71.333,-16.9435],[-71.3564,-16.9783],[-71.3909,-16.9805],[-71.4406,-16.8652],[-71.4443,-16.8047],[-71.4259,-16.7414],[-71.3694,-16.7197],[-71.3276,-16.7523],[-71.2858,-16.7164],[-71.2022,-16.652],[-71.156,-16.6799],[-71.1397,-16.8072],[-71.1456,-16.8587]]]}},{"type":"Feature","properties":{"IDDIST":"040201","NOMBDIST":"CAMANA","NOMBPROV":"CAMANA","NOMBDEP":"AREQUIPA"},"geometry":{"type":"Polygon","coordinates":[[[-72.7151,-16.6115],[-72.7034,-16.6533],[-72.7252,-16.6481],[-72.7258,-16.6153],[-72.7151,-16.6115]]]}},{"type":"Feature","properties":{"IDDIST":"180209","NOMBDIST":"QUINISTAQUILLAS","NOMBPROV":"GENERAL SANCHEZ CERRO","NOMBDEP":"MOQUEGUA"},"geometry":{"type":"Polygon","coordinates":[[[-70.7793,-16.7165],[-70.8246,-16.7598],[-70.9021,-16.7777],[-70.9885,-16.7651],[-70.9014,-16.6949],[-70.8959,-16.6677],[-70.9159,-16.5892],[-70.8715,-16.5853],[-70.8364,-16.6899],[-70.7793,-16.7165]]]}},{"type":"Feature","properties":{"IDDIST":"040202","NOMBDIST":"JOSE MARIA QUIMPER","NOMBPROV":"CAMANA","NOMBDEP":"AREQUIPA"},"geometry":{"type":"Polygon","coordinates":[[[-72.7118,-16.5919],[-72.7151,-16.6115],[-72.7258,-16.6153],[-72.7512,-16.5759],[-72.7118,-16.5919]]]}},{"type":"Feature","properties":{"IDDIST":"210404","NOMBDIST":"KELLUYO","NOMBPROV":"CHUCUITO","NOMBDEP":"PUNO"},"geometry":{"type":"Polygon","coordinates":[[[-69.1613,-16.647],[-69.1161,-16.6727],[-69.0552,-16.6867],[-69.1002,-16.7106],[-69.17,-16.7275],[-69.2192,-16.8361],[-69.2605,-16.8682],[-69.3497,-16.8073],[-69.3938,-16.721],[-69.3429,-16.6815],[-69.268,-16.7236],[-69.2823,-16.652],[-69.3051,-16.6409],[-69.322,-16.5707],[-69.2621,-16.5994],[-69.2108,-16.5987],[-69.1613,-16.647]]]}},{"type":"Feature","properties":{"IDDIST":"180105","NOMBDIST":"SAN CRISTOBAL","NOMBPROV":"MARISCAL NIETO","NOMBDEP":"MOQUEGUA"},"geometry":{"type":"Polygon","coordinates":[[[-70.472,-16.556],[-70.5099,-16.5878],[-70.5615,-16.6544],[-70.5322,-16.773],[-70.5659,-16.7917],[-70.5936,-16.773],[-70.6608,-16.738],[-70.7669,-16.7639],[-70.8246,-16.7598],[-70.7793,-16.7165],[-70.7639,-16.6346],[-70.7205,-16.6194],[-70.7278,-16.5728],[-70.679,-16.5484],[-70.472,-16.556]]]}},{"type":"Feature","properties":{"IDDIST":"210402","NOMBDIST":"DESAGUADERO","NOMBPROV":"CHUCUITO","NOMBDEP":"PUNO"},"geometry":{"type":"Polygon","coordinates":[[[-69.0552,-16.6867],[-69.1161,-16.6727],[-69.1613,-16.647],[-69.1499,-16.6062],[-69.109,-16.547],[-69.056,-16.538],[-69.0313,-16.6058],[-68.9961,-16.6566],[-69.0552,-16.6867]]]}},{"type":"Feature","properties":{"IDDIST":"040208","NOMBDIST":"SAMUEL PASTOR","NOMBPROV":"CAMANA","NOMBDEP":"AREQUIPA"},"geometry":{"type":"Polygon","coordinates":[[[-72.6047,-16.5372],[-72.5868,-16.5409],[-72.6216,-16.5979],[-72.6124,-16.6641],[-72.7034,-16.6533],[-72.7151,-16.6115],[-72.7118,-16.5919],[-72.6724,-16.5561],[-72.6047,-16.5372]]]}},{"type":"Feature","properties":{"IDDIST":"040115","NOMBDIST":"QUEQUEÑA","NOMBPROV":"AREQUIPA","NOMBDEP":"AREQUIPA"},"geometry":{"type":"Polygon","coordinates":[[[-71.4249,-16.5311],[-71.3909,-16.5501],[-71.4017,-16.5688],[-71.4574,-16.5616],[-71.4965,-16.5177],[-71.4249,-16.5311]]]}},{"type":"Feature","properties":{"IDDIST":"180201","NOMBDIST":"OMATE","NOMBPROV":"GENERAL SANCHEZ CERRO","NOMBDEP":"MOQUEGUA"},"geometry":{"type":"Polygon","coordinates":[[[-70.9159,-16.5892],[-70.8959,-16.6677],[-70.9014,-16.6949],[-70.9885,-16.7651],[-71.02,-16.7618],[-71.051,-16.702],[-71.0046,-16.6737],[-70.9983,-16.5558],[-70.9688,-16.5126],[-70.9245,-16.5258],[-70.9159,-16.5892]]]}},{"type":"Feature","properties":{"IDDIST":"210504","NOMBDIST":"SANTA ROSA","NOMBPROV":"EL COLLAO","NOMBDEP":"PUNO"},"geometry":{"type":"Polygon","coordinates":[[[-69.5368,-16.6985],[-69.5118,-16.7447],[-69.5659,-16.8334],[-69.566,-16.9024],[-69.599,-16.9002],[-69.6967,-16.9579],[-69.7459,-16.9743],[-69.8095,-17.0248],[-69.811,-17.0765],[-69.8407,-17.1187],[-69.8836,-17.128],[-69.9297,-17.2022],[-69.9876,-17.1514],[-70.0397,-17.128],[-70.0468,-17.0564],[-70.0732,-17.0349],[-70.0958,-16.9852],[-70.1466,-16.9387],[-70.0943,-16.8909],[-70.0911,-16.8121],[-70.0509,-16.7637],[-69.9956,-16.7298],[-70.0246,-16.6312],[-70.0283,-16.6054],[-69.9284,-16.5152],[-69.8951,-16.501],[-69.7629,-16.5685],[-69.7449,-16.6002],[-69.6926,-16.6283],[-69.7099,-16.6904],[-69.6382,-16.7085],[-69.5368,-16.6985]]]}},{"type":"Feature","properties":{"IDDIST":"040127","NOMBDIST":"YARABAMBA","NOMBPROV":"AREQUIPA","NOMBDEP":"AREQUIPA"},"geometry":{"type":"Polygon","coordinates":[[[-71.5611,-16.4941],[-71.5171,-16.5018],[-71.4965,-16.5177],[-71.4574,-16.5616],[-71.4017,-16.5688],[-71.444,-16.6428],[-71.4821,-16.6843],[-71.4812,-16.7638],[-71.5313,-16.7286],[-71.5355,-16.7008],[-71.6287,-16.6837],[-71.667,-16.7016],[-71.675,-16.6587],[-71.6372,-16.6216],[-71.6776,-16.5991],[-71.7054,-16.5415],[-71.649,-16.5581],[-71.5957,-16.5197],[-71.5741,-16.4911],[-71.5611,-16.4941]]]}},{"type":"Feature","properties":{"IDDIST":"040114","NOMBDIST":"POLOBAYA","NOMBPROV":"AREQUIPA","NOMBDEP":"AREQUIPA"},"geometry":{"type":"Polygon","coordinates":[[[-71.2858,-16.7164],[-71.3276,-16.7523],[-71.3694,-16.7197],[-71.4259,-16.7414],[-71.4812,-16.7638],[-71.4821,-16.6843],[-71.444,-16.6428],[-71.4017,-16.5688],[-71.3909,-16.5501],[-71.3204,-16.5533],[-71.2855,-16.534],[-71.2493,-16.4824],[-71.2448,-16.5502],[-71.2792,-16.6158],[-71.2858,-16.7164]]]}},{"type":"Feature","properties":{"IDDIST":"040111","NOMBDIST":"MOLLEBAYA","NOMBPROV":"AREQUIPA","NOMBDEP":"AREQUIPA"},"geometry":{"type":"Polygon","coordinates":[[[-71.4483,-16.4948],[-71.4249,-16.5311],[-71.4965,-16.5177],[-71.5171,-16.5018],[-71.5027,-16.4885],[-71.4483,-16.4948]]]}},{"type":"Feature","properties":{"IDDIST":"180102","NOMBDIST":"CARUMAS","NOMBPROV":"MARISCAL NIETO","NOMBDEP":"MOQUEGUA"},"geometry":{"type":"Polygon","coordinates":[[[-70.3129,-16.4616],[-70.1854,-16.5372],[-70.1687,-16.6096],[-70.0878,-16.6552],[-70.0246,-16.6312],[-69.9956,-16.7298],[-70.0509,-16.7637],[-70.0911,-16.8121],[-70.0943,-16.8909],[-70.1466,-16.9387],[-70.1813,-16.9321],[-70.2472,-16.9524],[-70.2591,-16.902],[-70.2438,-16.8602],[-70.1841,-16.8347],[-70.2056,-16.8081],[-70.3076,-16.773],[-70.4416,-16.8412],[-70.4592,-16.9227],[-70.5232,-16.9347],[-70.574,-16.9221],[-70.6239,-16.8725],[-70.7091,-16.8792],[-70.7296,-16.8514],[-70.7746,-16.8713],[-70.8314,-16.871],[-70.9019,-16.8149],[-70.9021,-16.7777],[-70.8246,-16.7598],[-70.7669,-16.7639],[-70.6628,-16.804],[-70.5936,-16.773],[-70.5659,-16.7917],[-70.5322,-16.773],[-70.5615,-16.6544],[-70.5099,-16.5878],[-70.472,-16.556],[-70.4456,-16.5325],[-70.3966,-16.5238],[-70.3597,-16.4776],[-70.3129,-16.4616]]]}},{"type":"Feature","properties":{"IDDIST":"180208","NOMBDIST":"PUQUINA","NOMBPROV":"GENERAL SANCHEZ CERRO","NOMBDEP":"MOQUEGUA"},"geometry":{"type":"Polygon","coordinates":[[[-71.0934,-16.4623],[-71.0685,-16.5024],[-71.1111,-16.5545],[-71.1169,-16.6107],[-71.063,-16.6618],[-71.051,-16.702],[-71.02,-16.7618],[-71.0609,-16.7586],[-71.1456,-16.8587],[-71.1397,-16.8072],[-71.156,-16.6799],[-71.2022,-16.652],[-71.2858,-16.7164],[-71.2792,-16.6158],[-71.2448,-16.5502],[-71.2493,-16.4824],[-71.2421,-16.4631],[-71.1395,-16.475],[-71.0934,-16.4623]]]}},{"type":"Feature","properties":{"IDDIST":"040207","NOMBDIST":"QUILCA","NOMBPROV":"CAMANA","NOMBDEP":"AREQUIPA"},"geometry":{"type":"Polygon","coordinates":[[[-72.1951,-16.4833],[-72.2785,-16.6093],[-72.2834,-16.6346],[-72.1788,-16.708],[-72.1319,-16.7667],[-72.1529,-16.7947],[-72.2056,-16.799],[-72.2238,-16.8345],[-72.172,-16.8499],[-72.164,-16.8894],[-72.1845,-16.9248],[-72.2115,-16.9024],[-72.2883,-16.8753],[-72.2954,-16.8274],[-72.3593,-16.7642],[-72.4472,-16.704],[-72.6124,-16.6641],[-72.6216,-16.5979],[-72.5868,-16.5409],[-72.583,-16.5595],[-72.4984,-16.5716],[-72.4536,-16.559],[-72.4343,-16.6057],[-72.2887,-16.5862],[-72.2542,-16.5334],[-72.1993,-16.4838],[-72.1995,-16.4587],[-72.1951,-16.4833]]]}},{"type":"Feature","properties":{"IDDIST":"180203","NOMBDIST":"COALAQUE","NOMBPROV":"GENERAL SANCHEZ CERRO","NOMBDEP":"MOQUEGUA"},"geometry":{"type":"Polygon","coordinates":[[[-70.9795,-16.4806],[-70.9688,-16.5126],[-70.9983,-16.5558],[-71.0046,-16.6737],[-71.051,-16.702],[-71.063,-16.6618],[-71.1169,-16.6107],[-71.1111,-16.5545],[-71.0685,-16.5024],[-71.0934,-16.4623],[-71.0373,-16.4857],[-70.9795,-16.4806]]]}},{"type":"Feature","properties":{"IDDIST":"210403","NOMBDIST":"HUACULLANI","NOMBPROV":"CHUCUITO","NOMBDEP":"PUNO"},"geometry":{"type":"Polygon","coordinates":[[[-69.3655,-16.4414],[-69.2904,-16.4525],[-69.2934,-16.5433],[-69.322,-16.5707],[-69.3051,-16.6409],[-69.2823,-16.652],[-69.268,-16.7236],[-69.3429,-16.6815],[-69.3938,-16.721],[-69.4883,-16.7553],[-69.5118,-16.7447],[-69.5368,-16.6985],[-69.4878,-16.6249],[-69.4883,-16.5264],[-69.4738,-16.4988],[-69.4102,-16.4828],[-69.3655,-16.4414]]]}},{"type":"Feature","properties":{"IDDIST":"040122","NOMBDIST":"SOCABAYA","NOMBPROV":"AREQUIPA","NOMBDEP":"AREQUIPA"},"geometry":{"type":"Polygon","coordinates":[[[-71.5133,-16.4553],[-71.5162,-16.4847],[-71.5027,-16.4885],[-71.5171,-16.5018],[-71.5611,-16.4941],[-71.5378,-16.4365],[-71.5133,-16.4553]]]}},{"type":"Feature","properties":{"IDDIST":"040113","NOMBDIST":"POCSI","NOMBPROV":"AREQUIPA","NOMBDEP":"AREQUIPA"},"geometry":{"type":"Polygon","coordinates":[[[-71.2421,-16.4631],[-71.2493,-16.4824],[-71.2855,-16.534],[-71.3204,-16.5533],[-71.3909,-16.5501],[-71.4249,-16.5311],[-71.4483,-16.4948],[-71.3649,-16.4802],[-71.3213,-16.4533],[-71.2393,-16.4313],[-71.2421,-16.4631]]]}},{"type":"Feature","properties":{"IDDIST":"040107","NOMBDIST":"JACOBO HUNTER","NOMBPROV":"AREQUIPA","NOMBDEP":"AREQUIPA"},"geometry":{"type":"Polygon","coordinates":[[[-71.5378,-16.4365],[-71.5611,-16.4941],[-71.5741,-16.4911],[-71.5755,-16.4482],[-71.5667,-16.4341],[-71.5445,-16.4222],[-71.5378,-16.4365]]]}},{"type":"Feature","properties":{"IDDIST":"040116","NOMBDIST":"SABANDIA","NOMBPROV":"AREQUIPA","NOMBDEP":"AREQUIPA"},"geometry":{"type":"Polygon","coordinates":[[[-71.4068,-16.4286],[-71.4332,-16.4549],[-71.5162,-16.4847],[-71.5133,-16.4553],[-71.5013,-16.4491],[-71.4278,-16.4196],[-71.4068,-16.4286]]]}},{"type":"Feature","properties":{"IDDIST":"210505","NOMBDIST":"CONDURIRI","NOMBPROV":"EL COLLAO","NOMBDEP":"PUNO"},"geometry":{"type":"Polygon","coordinates":[[[-69.4738,-16.4988],[-69.4883,-16.5264],[-69.4878,-16.6249],[-69.5368,-16.6985],[-69.6382,-16.7085],[-69.7099,-16.6904],[-69.6926,-16.6283],[-69.7449,-16.6002],[-69.7629,-16.5685],[-69.8951,-16.501],[-69.879,-16.4744],[-69.8005,-16.4969],[-69.7996,-16.4976],[-69.7374,-16.4612],[-69.7362,-16.461],[-69.6912,-16.4464],[-69.6694,-16.4163],[-69.5558,-16.4454],[-69.4838,-16.4287],[-69.4738,-16.4988]]]}},{"type":"Feature","properties":{"IDDIST":"040129","NOMBDIST":"JOSE LUIS BUSTAMANTE Y RIVERO","NOMBPROV":"AREQUIPA","NOMBDEP":"AREQUIPA"},"geometry":{"type":"Polygon","coordinates":[[[-71.5013,-16.4491],[-71.5133,-16.4553],[-71.5378,-16.4365],[-71.5445,-16.4222],[-71.515,-16.41],[-71.5013,-16.4491]]]}},{"type":"Feature","properties":{"IDDIST":"040123","NOMBDIST":"TIABAYA","NOMBPROV":"AREQUIPA","NOMBDEP":"AREQUIPA"},"geometry":{"type":"Polygon","coordinates":[[[-71.5755,-16.4482],[-71.5741,-16.4911],[-71.5957,-16.5197],[-71.6229,-16.47],[-71.6057,-16.4079],[-71.6022,-16.4075],[-71.5755,-16.4482]]]}},{"type":"Feature","properties":{"IDDIST":"040117","NOMBDIST":"SACHACA","NOMBPROV":"AREQUIPA","NOMBDEP":"AREQUIPA"},"geometry":{"type":"Polygon","coordinates":[[[-71.5666,-16.4047],[-71.5523,-16.4075],[-71.5667,-16.4341],[-71.5755,-16.4482],[-71.6022,-16.4075],[-71.5666,-16.4047]]]}},{"type":"Feature","properties":{"IDDIST":"040105","NOMBDIST":"CHARACATO","NOMBPROV":"AREQUIPA","NOMBDEP":"AREQUIPA"},"geometry":{"type":"Polygon","coordinates":[[[-71.2541,-16.404],[-71.2393,-16.4313],[-71.3213,-16.4533],[-71.3649,-16.4802],[-71.4483,-16.4948],[-71.5027,-16.4885],[-71.5162,-16.4847],[-71.4332,-16.4549],[-71.4068,-16.4286],[-71.3645,-16.4418],[-71.3089,-16.4372],[-71.2541,-16.404]]]}},{"type":"Feature","properties":{"IDDIST":"040108","NOMBDIST":"LA JOYA","NOMBPROV":"AREQUIPA","NOMBDEP":"AREQUIPA"},"geometry":{"type":"Polygon","coordinates":[[[-71.7054,-16.5415],[-71.6776,-16.5991],[-71.6372,-16.6216],[-71.675,-16.6587],[-71.667,-16.7016],[-71.7444,-16.6981],[-71.8695,-16.786],[-71.8707,-16.7134],[-71.91,-16.675],[-71.8732,-16.6256],[-71.9173,-16.6033],[-71.8961,-16.5667],[-71.8893,-16.4849],[-71.8591,-16.4452],[-71.8599,-16.4092],[-71.8145,-16.3977],[-71.7689,-16.4037],[-71.7715,-16.4923],[-71.7054,-16.5415]]]}},{"type":"Feature","properties":{"IDDIST":"040112","NOMBDIST":"PAUCARPATA","NOMBPROV":"AREQUIPA","NOMBDEP":"AREQUIPA"},"geometry":{"type":"Polygon","coordinates":[[[-71.4278,-16.4196],[-71.5013,-16.4491],[-71.515,-16.41],[-71.5133,-16.4104],[-71.4511,-16.393],[-71.4278,-16.4196]]]}},{"type":"Feature","properties":{"IDDIST":"040121","NOMBDIST":"SANTA RITA DE SIGUAS","NOMBPROV":"AREQUIPA","NOMBDEP":"AREQUIPA"},"geometry":{"type":"Polygon","coordinates":[[[-72.0846,-16.3967],[-72.0338,-16.4193],[-72.0836,-16.6175],[-72.1566,-16.6311],[-72.2834,-16.6346],[-72.2785,-16.6093],[-72.1951,-16.4833],[-72.186,-16.4554],[-72.1289,-16.377],[-72.0846,-16.3967]]]}},{"type":"Feature","properties":{"IDDIST":"040101","NOMBDIST":"AREQUIPA","NOMBPROV":"AREQUIPA","NOMBDEP":"AREQUIPA"},"geometry":{"type":"Polygon","coordinates":[[[-71.5286,-16.3905],[-71.5165,-16.4029],[-71.5133,-16.4104],[-71.515,-16.41],[-71.5445,-16.4222],[-71.5667,-16.4341],[-71.5523,-16.4075],[-71.5327,-16.374],[-71.5286,-16.3905]]]}},{"type":"Feature","properties":{"IDDIST":"180207","NOMBDIST":"MATALAQUE","NOMBPROV":"GENERAL SANCHEZ CERRO","NOMBDEP":"MOQUEGUA"},"geometry":{"type":"Polygon","coordinates":[[[-70.7535,-16.3868],[-70.7668,-16.4655],[-70.7532,-16.5317],[-70.7278,-16.5728],[-70.7205,-16.6194],[-70.7639,-16.6346],[-70.7793,-16.7165],[-70.8364,-16.6899],[-70.8715,-16.5853],[-70.9159,-16.5892],[-70.9245,-16.5258],[-70.9688,-16.5126],[-70.9795,-16.4806],[-70.9529,-16.461],[-70.9638,-16.3997],[-70.9054,-16.3885],[-70.8935,-16.441],[-70.8463,-16.4471],[-70.8077,-16.4133],[-70.8109,-16.3736],[-70.7535,-16.3868]]]}},{"type":"Feature","properties":{"IDDIST":"040126","NOMBDIST":"YANAHUARA","NOMBPROV":"AREQUIPA","NOMBDEP":"AREQUIPA"},"geometry":{"type":"Polygon","coordinates":[[[-71.5327,-16.374],[-71.5523,-16.4075],[-71.5666,-16.4047],[-71.5517,-16.391],[-71.5362,-16.3683],[-71.5327,-16.374]]]}},{"type":"Feature","properties":{"IDDIST":"040124","NOMBDIST":"UCHUMAYO","NOMBPROV":"AREQUIPA","NOMBDEP":"AREQUIPA"},"geometry":{"type":"Polygon","coordinates":[[[-71.6507,-16.3926],[-71.6057,-16.4079],[-71.6229,-16.47],[-71.5957,-16.5197],[-71.649,-16.5581],[-71.7054,-16.5415],[-71.7715,-16.4923],[-71.7689,-16.4037],[-71.8145,-16.3977],[-71.8039,-16.3759],[-71.7538,-16.3662],[-71.715,-16.3944],[-71.6507,-16.3926]]]}},{"type":"Feature","properties":{"IDDIST":"040205","NOMBDIST":"NICOLAS DE PIEROLA","NOMBPROV":"CAMANA","NOMBDEP":"AREQUIPA"},"geometry":{"type":"Polygon","coordinates":[[[-72.4664,-16.3832],[-72.4847,-16.4511],[-72.512,-16.4914],[-72.6047,-16.5372],[-72.6724,-16.5561],[-72.7118,-16.5919],[-72.7512,-16.5759],[-72.7718,-16.5459],[-72.7642,-16.4933],[-72.7281,-16.44],[-72.7062,-16.379],[-72.6699,-16.4244],[-72.6234,-16.457],[-72.5936,-16.4305],[-72.5597,-16.3975],[-72.5335,-16.4098],[-72.4664,-16.3832]]]}},{"type":"Feature","properties":{"IDDIST":"210407","NOMBDIST":"ZEPITA","NOMBPROV":"CHUCUITO","NOMBDEP":"PUNO"},"geometry":{"type":"Polygon","coordinates":[[[-69.1365,-16.3546],[-69.0591,-16.396],[-69.043,-16.4204],[-69.084,-16.4627],[-69.0846,-16.4971],[-69.056,-16.538],[-69.109,-16.547],[-69.1499,-16.6062],[-69.1613,-16.647],[-69.2108,-16.5987],[-69.2621,-16.5994],[-69.322,-16.5707],[-69.2934,-16.5433],[-69.2904,-16.4525],[-69.2567,-16.4184],[-69.1889,-16.4001],[-69.1392,-16.3506],[-69.1365,-16.3546]]]}},{"type":"Feature","properties":{"IDDIST":"040118","NOMBDIST":"SAN JUAN DE SIGUAS","NOMBPROV":"AREQUIPA","NOMBDEP":"AREQUIPA"},"geometry":{"type":"Polygon","coordinates":[[[-72.1289,-16.377],[-72.186,-16.4554],[-72.1951,-16.4833],[-72.1995,-16.4587],[-72.1443,-16.3506],[-72.1289,-16.377]]]}},{"type":"Feature","properties":{"IDDIST":"211303","NOMBDIST":"COPANI","NOMBPROV":"YUNGUYO","NOMBDEP":"PUNO"},"geometry":{"type":"Polygon","coordinates":[[[-69.0255,-16.3579],[-69.043,-16.4204],[-69.0591,-16.396],[-69.1365,-16.3546],[-69.0455,-16.3401],[-69.0255,-16.3579]]]}},{"type":"Feature","properties":{"IDDIST":"040109","NOMBDIST":"MARIANO MELGAR","NOMBPROV":"AREQUIPA","NOMBDEP":"AREQUIPA"},"geometry":{"type":"Polygon","coordinates":[[[-71.4511,-16.393],[-71.5133,-16.4104],[-71.5165,-16.4029],[-71.4206,-16.3206],[-71.4511,-16.393]]]}},{"type":"Feature","properties":{"IDDIST":"180202","NOMBDIST":"CHOJATA","NOMBPROV":"GENERAL SANCHEZ CERRO","NOMBDEP":"MOQUEGUA"},"geometry":{"type":"Polygon","coordinates":[[[-70.5246,-16.3475],[-70.4809,-16.3574],[-70.4449,-16.4041],[-70.4044,-16.4212],[-70.3615,-16.4103],[-70.3334,-16.4114],[-70.3129,-16.4616],[-70.3597,-16.4776],[-70.3966,-16.5238],[-70.4456,-16.5325],[-70.472,-16.556],[-70.679,-16.5484],[-70.7278,-16.5728],[-70.7532,-16.5317],[-70.7668,-16.4655],[-70.7535,-16.3868],[-70.7392,-16.3571],[-70.6867,-16.3597],[-70.6505,-16.3225],[-70.6164,-16.3251],[-70.6077,-16.3736],[-70.5271,-16.3668],[-70.5246,-16.3475]]]}},{"type":"Feature","properties":{"IDDIST":"040204","NOMBDIST":"MARISCAL CACERES","NOMBPROV":"CAMANA","NOMBDEP":"AREQUIPA"},"geometry":{"type":"Polygon","coordinates":[[[-72.7062,-16.379],[-72.7281,-16.44],[-72.7642,-16.4933],[-72.7718,-16.5459],[-72.7512,-16.5759],[-72.7258,-16.6153],[-72.7252,-16.6481],[-72.7719,-16.6288],[-72.8453,-16.5672],[-72.9163,-16.5204],[-73.015,-16.5092],[-72.9828,-16.4826],[-72.8829,-16.3474],[-72.7992,-16.3042],[-72.7213,-16.3552],[-72.7062,-16.379]]]}},{"type":"Feature","properties":{"IDDIST":"040110","NOMBDIST":"MIRAFLORES","NOMBPROV":"AREQUIPA","NOMBDEP":"AREQUIPA"},"geometry":{"type":"Polygon","coordinates":[[[-71.4206,-16.3206],[-71.5165,-16.4029],[-71.5286,-16.3905],[-71.4106,-16.2962],[-71.4206,-16.3206]]]}},{"type":"Feature","properties":{"IDDIST":"040106","NOMBDIST":"CHIGUATA","NOMBPROV":"AREQUIPA","NOMBDEP":"AREQUIPA"},"geometry":{"type":"Polygon","coordinates":[[[-71.2541,-16.404],[-71.3089,-16.4372],[-71.3645,-16.4418],[-71.4068,-16.4286],[-71.4278,-16.4196],[-71.4511,-16.393],[-71.4206,-16.3206],[-71.4106,-16.2962],[-71.3202,-16.3097],[-71.2541,-16.404]]]}},{"type":"Feature","properties":{"IDDIST":"040102","NOMBDIST":"ALTO SELVA ALEGRE","NOMBPROV":"AREQUIPA","NOMBDEP":"AREQUIPA"},"geometry":{"type":"Polygon","coordinates":[[[-71.4106,-16.2962],[-71.5286,-16.3905],[-71.5327,-16.374],[-71.5362,-16.3683],[-71.5346,-16.3335],[-71.4562,-16.286],[-71.4106,-16.2962]]]}},{"type":"Feature","properties":{"IDDIST":"211304","NOMBDIST":"CUTURAPI","NOMBPROV":"YUNGUYO","NOMBDEP":"PUNO"},"geometry":{"type":"Polygon","coordinates":[[[-69.1558,-16.3278],[-69.2046,-16.2987],[-69.2002,-16.2642],[-69.1851,-16.2601],[-69.1558,-16.3278]]]}},{"type":"Feature","properties":{"IDDIST":"210406","NOMBDIST":"POMATA","NOMBPROV":"CHUCUITO","NOMBDEP":"PUNO"},"geometry":{"type":"Polygon","coordinates":[[[-69.2002,-16.2642],[-69.2046,-16.2987],[-69.1558,-16.3278],[-69.1392,-16.3506],[-69.1889,-16.4001],[-69.2567,-16.4184],[-69.2904,-16.4525],[-69.3655,-16.4414],[-69.414,-16.3794],[-69.4046,-16.3249],[-69.3588,-16.3035],[-69.3297,-16.255],[-69.2953,-16.2539],[-69.2787,-16.2893],[-69.2002,-16.2642]]]}},{"type":"Feature","properties":{"IDDIST":"211302","NOMBDIST":"ANAPIA","NOMBPROV":"YUNGUYO","NOMBDEP":"PUNO"},"geometry":{"type":"Polygon","coordinates":[[[-68.9184,-16.4037],[-68.9184,-16.2333],[-68.8142,-16.3198],[-68.8142,-16.348],[-68.9184,-16.4037]]]}},{"type":"Feature","properties":{"IDDIST":"180206","NOMBDIST":"LLOQUE","NOMBPROV":"GENERAL SANCHEZ CERRO","NOMBDEP":"MOQUEGUA"},"geometry":{"type":"Polygon","coordinates":[[[-70.5246,-16.3475],[-70.5271,-16.3668],[-70.6077,-16.3736],[-70.6164,-16.3251],[-70.6505,-16.3225],[-70.6867,-16.3597],[-70.7392,-16.3571],[-70.7523,-16.2745],[-70.7309,-16.2543],[-70.6142,-16.2726],[-70.5983,-16.2293],[-70.5488,-16.2221],[-70.5174,-16.2656],[-70.5428,-16.3264],[-70.5246,-16.3475]]]}},{"type":"Feature","properties":{"IDDIST":"211307","NOMBDIST":"UNICACHI","NOMBPROV":"YUNGUYO","NOMBDEP":"PUNO"},"geometry":{"type":"Polygon","coordinates":[[[-68.961,-16.2037],[-68.97,-16.2415],[-68.979,-16.2054],[-68.961,-16.2037]]]}},{"type":"Feature","properties":{"IDDIST":"211301","NOMBDIST":"YUNGUYO","NOMBPROV":"YUNGUYO","NOMBDEP":"PUNO"},"geometry":{"type":"Polygon","coordinates":[[[-69.0073,-16.2164],[-69.0274,-16.2644],[-69.0506,-16.2827],[-69.0255,-16.3579],[-69.0455,-16.3401],[-69.1365,-16.3546],[-69.1392,-16.3506],[-69.1558,-16.3278],[-69.1851,-16.2601],[-69.1454,-16.2531],[-69.0553,-16.1974],[-69.0073,-16.2164]]]}},{"type":"Feature","properties":{"IDDIST":"211305","NOMBDIST":"OLLARAYA","NOMBPROV":"YUNGUYO","NOMBDEP":"PUNO"},"geometry":{"type":"Polygon","coordinates":[[[-68.979,-16.2054],[-68.97,-16.2415],[-68.9992,-16.2744],[-69.0274,-16.2644],[-69.0073,-16.2164],[-68.9862,-16.1923],[-68.979,-16.2054]]]}},{"type":"Feature","properties":{"IDDIST":"040104","NOMBDIST":"CERRO COLORADO","NOMBPROV":"AREQUIPA","NOMBDEP":"AREQUIPA"},"geometry":{"type":"Polygon","coordinates":[[[-71.5056,-16.2003],[-71.5498,-16.292],[-71.5517,-16.391],[-71.5666,-16.4047],[-71.6022,-16.4075],[-71.6057,-16.4079],[-71.6507,-16.3926],[-71.5957,-16.2922],[-71.5776,-16.2008],[-71.5056,-16.2003]]]}},{"type":"Feature","properties":{"IDDIST":"211306","NOMBDIST":"TINICACHI","NOMBPROV":"YUNGUYO","NOMBDEP":"PUNO"},"geometry":{"type":"Polygon","coordinates":[[[-68.961,-16.2037],[-68.979,-16.2054],[-68.9862,-16.1923],[-68.961,-16.2037]]]}},{"type":"Feature","properties":{"IDDIST":"210401","NOMBDIST":"JULI","NOMBPROV":"CHUCUITO","NOMBDEP":"PUNO"},"geometry":{"type":"Polygon","coordinates":[[[-69.534,-16.1759],[-69.5139,-16.18],[-69.4943,-16.2081],[-69.4265,-16.1788],[-69.358,-16.2501],[-69.3297,-16.255],[-69.3588,-16.3035],[-69.4046,-16.3249],[-69.414,-16.3794],[-69.3655,-16.4414],[-69.4102,-16.4828],[-69.4738,-16.4988],[-69.4838,-16.4287],[-69.5558,-16.4454],[-69.6694,-16.4163],[-69.6763,-16.347],[-69.6453,-16.3111],[-69.6445,-16.3111],[-69.5864,-16.2747],[-69.5719,-16.1743],[-69.534,-16.1759]]]}},{"type":"Feature","properties":{"IDDIST":"040103","NOMBDIST":"CAYMA","NOMBPROV":"AREQUIPA","NOMBDEP":"AREQUIPA"},"geometry":{"type":"Polygon","coordinates":[[[-71.3386,-16.2257],[-71.3821,-16.2882],[-71.4106,-16.2962],[-71.4562,-16.286],[-71.5346,-16.3335],[-71.5362,-16.3683],[-71.5517,-16.391],[-71.5498,-16.292],[-71.5056,-16.2003],[-71.4589,-16.1647],[-71.4274,-16.1704],[-71.4125,-16.2086],[-71.3386,-16.2257]]]}},{"type":"Feature","properties":{"IDDIST":"180211","NOMBDIST":"YUNGA","NOMBPROV":"GENERAL SANCHEZ CERRO","NOMBDEP":"MOQUEGUA"},"geometry":{"type":"Polygon","coordinates":[[[-70.5983,-16.2293],[-70.6142,-16.2726],[-70.7309,-16.2543],[-70.7303,-16.236],[-70.6633,-16.17],[-70.6349,-16.1801],[-70.5983,-16.2293]]]}},{"type":"Feature","properties":{"IDDIST":"040125","NOMBDIST":"VITOR","NOMBPROV":"AREQUIPA","NOMBDEP":"AREQUIPA"},"geometry":{"type":"Polygon","coordinates":[[[-71.9069,-16.1582],[-71.8814,-16.2127],[-71.8022,-16.3003],[-71.7896,-16.3388],[-71.8039,-16.3759],[-71.8145,-16.3977],[-71.8599,-16.4092],[-71.8591,-16.4452],[-71.8893,-16.4849],[-71.8961,-16.5667],[-71.9173,-16.6033],[-71.8732,-16.6256],[-71.91,-16.675],[-71.9967,-16.7996],[-72.0969,-16.7676],[-72.1319,-16.7667],[-72.1788,-16.708],[-72.2834,-16.6346],[-72.1566,-16.6311],[-72.0836,-16.6175],[-72.0338,-16.4193],[-72.0846,-16.3967],[-72.0607,-16.3119],[-72.0215,-16.236],[-71.9573,-16.1437],[-71.9069,-16.1582]]]}},{"type":"Feature","properties":{"IDDIST":"040120","NOMBDIST":"SANTA ISABEL DE SIGUAS","NOMBPROV":"AREQUIPA","NOMBDEP":"AREQUIPA"},"geometry":{"type":"Polygon","coordinates":[[[-71.9573,-16.1437],[-72.0215,-16.236],[-72.0607,-16.3119],[-72.0846,-16.3967],[-72.1289,-16.377],[-72.1443,-16.3506],[-72.1307,-16.3101],[-72.0856,-16.2454],[-72.0913,-16.1893],[-72.0566,-16.2075],[-71.9962,-16.1386],[-71.9573,-16.1437]]]}},{"type":"Feature","properties":{"IDDIST":"040413","NOMBDIST":"URACA","NOMBPROV":"CASTILLA","NOMBDEP":"AREQUIPA"},"geometry":{"type":"Polygon","coordinates":[[[-72.4661,-16.1816],[-72.4039,-16.1999],[-72.3688,-16.1613],[-72.3576,-16.1703],[-72.375,-16.2821],[-72.4425,-16.3314],[-72.4664,-16.3832],[-72.5335,-16.4098],[-72.5597,-16.3975],[-72.5936,-16.4305],[-72.6206,-16.354],[-72.6555,-16.2911],[-72.6511,-16.2478],[-72.6338,-16.2074],[-72.6408,-16.1455],[-72.5763,-16.1248],[-72.5585,-16.0932],[-72.5216,-16.1198],[-72.4962,-16.1853],[-72.4661,-16.1816]]]}},{"type":"Feature","properties":{"IDDIST":"040520","NOMBDIST":"MAJES","NOMBPROV":"CAYLLOMA","NOMBDEP":"AREQUIPA"},"geometry":{"type":"Polygon","coordinates":[[[-72.0913,-16.1893],[-72.0856,-16.2454],[-72.1307,-16.3101],[-72.1443,-16.3506],[-72.1995,-16.4587],[-72.1993,-16.4838],[-72.2542,-16.5334],[-72.2887,-16.5862],[-72.4343,-16.6057],[-72.4536,-16.559],[-72.4984,-16.5716],[-72.583,-16.5595],[-72.5868,-16.5409],[-72.6047,-16.5372],[-72.512,-16.4914],[-72.4847,-16.4511],[-72.4664,-16.3832],[-72.4425,-16.3314],[-72.375,-16.2821],[-72.3576,-16.1703],[-72.3688,-16.1613],[-72.3134,-16.1357],[-72.2706,-16.1369],[-72.2244,-16.1433],[-72.1663,-16.0607],[-72.0857,-16.0494],[-72.0913,-16.1893]]]}},{"type":"Feature","properties":{"IDDIST":"040206","NOMBDIST":"OCOÑA","NOMBPROV":"CAMANA","NOMBDEP":"AREQUIPA"},"geometry":{"type":"Polygon","coordinates":[[[-72.8958,-16.0414],[-72.8433,-16.1262],[-72.8412,-16.1745],[-72.8101,-16.2214],[-72.7992,-16.3042],[-72.8829,-16.3474],[-72.9828,-16.4826],[-73.015,-16.5092],[-73.1592,-16.4199],[-73.2152,-16.4002],[-73.2916,-16.4054],[-73.2423,-16.3563],[-73.1999,-16.2195],[-73.1313,-16.2328],[-73.1064,-16.201],[-73.0432,-16.1759],[-73.0383,-16.1399],[-72.9854,-16.0226],[-72.8958,-16.0414]]]}},{"type":"Feature","properties":{"IDDIST":"210503","NOMBDIST":"PILCUYO","NOMBPROV":"EL COLLAO","NOMBDEP":"PUNO"},"geometry":{"type":"Polygon","coordinates":[[[-69.5139,-16.18],[-69.534,-16.1759],[-69.5915,-16.1068],[-69.5894,-16.1064],[-69.5246,-16.0547],[-69.4516,-16.0182],[-69.4476,-15.9999],[-69.4232,-16.047],[-69.5035,-16.1498],[-69.5139,-16.18]]]}},{"type":"Feature","properties":{"IDDIST":"180204","NOMBDIST":"ICHUÑA","NOMBPROV":"GENERAL SANCHEZ CERRO","NOMBDEP":"MOQUEGUA"},"geometry":{"type":"Polygon","coordinates":[[[-70.4431,-16.0345],[-70.4067,-16.1017],[-70.4019,-16.149],[-70.3592,-16.2086],[-70.3316,-16.2026],[-70.3451,-16.2561],[-70.3388,-16.3228],[-70.3821,-16.385],[-70.3615,-16.4103],[-70.4044,-16.4212],[-70.4449,-16.4041],[-70.4809,-16.3574],[-70.5246,-16.3475],[-70.5428,-16.3264],[-70.5174,-16.2656],[-70.5488,-16.2221],[-70.5983,-16.2293],[-70.6349,-16.1801],[-70.6633,-16.17],[-70.6764,-16.1031],[-70.6587,-16.061],[-70.6692,-16.0138],[-70.6433,-15.9897],[-70.5629,-15.9825],[-70.5261,-16.0267],[-70.4631,-16.0496],[-70.4431,-16.0345]]]}},{"type":"Feature","properties":{"IDDIST":"210113","NOMBDIST":"SAN ANTONIO","NOMBPROV":"PUNO","NOMBDEP":"PUNO"},"geometry":{"type":"Polygon","coordinates":[[[-70.1429,-16.0238],[-70.2063,-16.0502],[-70.2389,-16.045],[-70.2538,-16.1175],[-70.3316,-16.2026],[-70.3592,-16.2086],[-70.4019,-16.149],[-70.4067,-16.1017],[-70.3713,-16.0382],[-70.2815,-15.9812],[-70.227,-16.0054],[-70.1627,-15.9787],[-70.1429,-16.0238]]]}},{"type":"Feature","properties":{"IDDIST":"180210","NOMBDIST":"UBINAS","NOMBPROV":"GENERAL SANCHEZ CERRO","NOMBDEP":"MOQUEGUA"},"geometry":{"type":"Polygon","coordinates":[[[-70.6692,-16.0138],[-70.6587,-16.061],[-70.6764,-16.1031],[-70.6633,-16.17],[-70.7303,-16.236],[-70.7309,-16.2543],[-70.7523,-16.2745],[-70.7392,-16.3571],[-70.7535,-16.3868],[-70.8109,-16.3736],[-70.8077,-16.4133],[-70.8463,-16.4471],[-70.8935,-16.441],[-70.9054,-16.3885],[-70.9638,-16.3997],[-70.9863,-16.3099],[-70.957,-16.3084],[-70.8539,-16.2415],[-70.8751,-16.0946],[-70.8567,-16.0563],[-70.8126,-16.054],[-70.8202,-15.9785],[-70.7686,-16.0168],[-70.7054,-16.0318],[-70.6692,-16.0138]]]}},{"type":"Feature","properties":{"IDDIST":"210111","NOMBDIST":"PICHACANI","NOMBPROV":"PUNO","NOMBDEP":"PUNO"},"geometry":{"type":"Polygon","coordinates":[[[-69.9657,-15.9772],[-69.9445,-15.9861],[-69.9732,-16.0291],[-69.9375,-16.0706],[-69.9399,-16.0794],[-69.9403,-16.079],[-69.9484,-16.0824],[-69.9485,-16.082],[-69.951,-16.1266],[-70.0049,-16.1935],[-69.9839,-16.2402],[-70.0173,-16.3098],[-70.0658,-16.3308],[-70.087,-16.4113],[-70.1503,-16.449],[-70.1761,-16.4848],[-70.1854,-16.5372],[-70.3129,-16.4616],[-70.3334,-16.4114],[-70.3615,-16.4103],[-70.3821,-16.385],[-70.3388,-16.3228],[-70.3451,-16.2561],[-70.3316,-16.2026],[-70.2538,-16.1175],[-70.2389,-16.045],[-70.2063,-16.0502],[-70.1429,-16.0238],[-70.0616,-16.0078],[-69.9942,-15.9661],[-69.9657,-15.9772]]]}},{"type":"Feature","properties":{"IDDIST":"210501","NOMBDIST":"ILAVE","NOMBPROV":"EL COLLAO","NOMBDEP":"PUNO"},"geometry":{"type":"Polygon","coordinates":[[[-69.879,-16.4744],[-69.8548,-16.4061],[-69.8011,-16.3871],[-69.7877,-16.3616],[-69.8073,-16.2779],[-69.7757,-16.26],[-69.7611,-16.2167],[-69.71,-16.1985],[-69.6883,-16.1278],[-69.6999,-16.0945],[-69.6517,-16.0532],[-69.6508,-16.0151],[-69.6144,-16.0074],[-69.6102,-15.9568],[-69.5627,-15.9595],[-69.4476,-15.9999],[-69.4516,-16.0182],[-69.5246,-16.0547],[-69.5894,-16.1064],[-69.5915,-16.1068],[-69.534,-16.1759],[-69.5719,-16.1743],[-69.5864,-16.2747],[-69.6445,-16.3111],[-69.6453,-16.3111],[-69.6763,-16.347],[-69.6694,-16.4163],[-69.6912,-16.4464],[-69.7362,-16.461],[-69.7374,-16.4612],[-69.7996,-16.4976],[-69.8005,-16.4969],[-69.879,-16.4744]]]}},{"type":"Feature","properties":{"IDDIST":"040128","NOMBDIST":"YURA","NOMBPROV":"AREQUIPA","NOMBDEP":"AREQUIPA"},"geometry":{"type":"Polygon","coordinates":[[[-71.3086,-15.9549],[-71.2883,-16.0046],[-71.3598,-16.0365],[-71.3641,-16.074],[-71.3121,-16.1327],[-71.3386,-16.2257],[-71.4125,-16.2086],[-71.4274,-16.1704],[-71.4589,-16.1647],[-71.5056,-16.2003],[-71.5776,-16.2008],[-71.5957,-16.2922],[-71.6507,-16.3926],[-71.715,-16.3944],[-71.7538,-16.3662],[-71.8039,-16.3759],[-71.7896,-16.3388],[-71.8022,-16.3003],[-71.8814,-16.2127],[-71.9069,-16.1582],[-71.8152,-16.0508],[-71.738,-16.0162],[-71.707,-15.9838],[-71.7043,-15.9337],[-71.6521,-15.9832],[-71.5776,-15.9909],[-71.5292,-15.93],[-71.4303,-15.9284],[-71.3705,-15.9269],[-71.3086,-15.9549]]]}},{"type":"Feature","properties":{"IDDIST":"040119","NOMBDIST":"SAN JUAN DE TARUCANI","NOMBPROV":"AREQUIPA","NOMBDEP":"AREQUIPA"},"geometry":{"type":"Polygon","coordinates":[[[-70.8202,-15.9785],[-70.8126,-16.054],[-70.8567,-16.0563],[-70.8751,-16.0946],[-70.8539,-16.2415],[-70.957,-16.3084],[-70.9863,-16.3099],[-70.9638,-16.3997],[-70.9529,-16.461],[-70.9795,-16.4806],[-71.0373,-16.4857],[-71.0934,-16.4623],[-71.1395,-16.475],[-71.2421,-16.4631],[-71.2393,-16.4313],[-71.2541,-16.404],[-71.3202,-16.3097],[-71.4106,-16.2962],[-71.3821,-16.2882],[-71.3386,-16.2257],[-71.3121,-16.1327],[-71.3641,-16.074],[-71.3598,-16.0365],[-71.2883,-16.0046],[-71.3086,-15.9549],[-71.2081,-16.0236],[-71.1389,-15.9826],[-71.0439,-15.981],[-70.9613,-15.9696],[-70.9189,-15.9481],[-70.8755,-15.9473],[-70.8453,-15.9219],[-70.8202,-15.9785]],[[-71.1856,-16.385],[-71.1032,-16.4087],[-71.0964,-16.3508],[-71.1974,-16.3569],[-71.1856,-16.385]]]}},{"type":"Feature","properties":{"IDDIST":"040508","NOMBDIST":"HUANCA","NOMBPROV":"CAYLLOMA","NOMBDEP":"AREQUIPA"},"geometry":{"type":"Polygon","coordinates":[[[-71.7841,-15.8837],[-71.7513,-15.889],[-71.7043,-15.9337],[-71.707,-15.9838],[-71.738,-16.0162],[-71.8152,-16.0508],[-71.9069,-16.1582],[-71.9573,-16.1437],[-71.9962,-16.1386],[-71.9235,-16.0988],[-71.89,-16.0365],[-71.8954,-15.9899],[-71.8778,-15.9322],[-71.7841,-15.8837]]]}},{"type":"Feature","properties":{"IDDIST":"210106","NOMBDIST":"CHUCUITO","NOMBPROV":"PUNO","NOMBDEP":"PUNO"},"geometry":{"type":"MultiPolygon","coordinates":[[[[-69.8611,-15.9312],[-69.9445,-15.9861],[-69.9657,-15.9772],[-69.9587,-15.9152],[-69.9202,-15.8795],[-69.883,-15.8902],[-69.8611,-15.9312]]],[[[-69.7812,-15.8177],[-69.8147,-15.8717],[-69.8482,-15.8645],[-69.8428,-15.8082],[-69.8025,-15.7853],[-69.7812,-15.8177]]]]}},{"type":"Feature","properties":{"IDDIST":"040203","NOMBDIST":"MARIANO NICOLAS VALCARCEL","NOMBPROV":"CAMANA","NOMBDEP":"AREQUIPA"},"geometry":{"type":"Polygon","coordinates":[[[-72.9979,-16.0193],[-72.9854,-16.0226],[-73.0383,-16.1399],[-73.0432,-16.1759],[-73.1064,-16.201],[-73.1313,-16.2328],[-73.1999,-16.2195],[-73.2032,-16.153],[-73.222,-16.1192],[-73.2346,-16.0362],[-73.225,-15.985],[-73.2332,-15.8741],[-73.174,-15.9121],[-73.1512,-15.9797],[-73.1068,-15.9885],[-73.0649,-16.0186],[-72.9979,-16.0193]]]}},{"type":"Feature","properties":{"IDDIST":"210112","NOMBDIST":"PLATERIA","NOMBPROV":"PUNO","NOMBDEP":"PUNO"},"geometry":{"type":"Polygon","coordinates":[[[-69.7129,-15.919],[-69.7348,-15.9508],[-69.8097,-15.9503],[-69.8539,-15.9745],[-69.8465,-16.057],[-69.884,-16.0866],[-69.9375,-16.0706],[-69.9732,-16.0291],[-69.9445,-15.9861],[-69.8611,-15.9312],[-69.8147,-15.8717],[-69.7812,-15.8177],[-69.7693,-15.895],[-69.7129,-15.919]]]}},{"type":"Feature","properties":{"IDDIST":"040407","NOMBDIST":"HUANCARQUI","NOMBPROV":"CASTILLA","NOMBDEP":"AREQUIPA"},"geometry":{"type":"Polygon","coordinates":[[[-72.2254,-15.9615],[-72.2516,-16.0076],[-72.2706,-16.1369],[-72.3134,-16.1357],[-72.3688,-16.1613],[-72.4039,-16.1999],[-72.4661,-16.1816],[-72.4697,-16.1306],[-72.4911,-16.0923],[-72.4843,-16.0259],[-72.4656,-15.9752],[-72.4679,-15.9018],[-72.4438,-15.8493],[-72.4042,-15.8579],[-72.3363,-15.8412],[-72.3129,-15.8143],[-72.2962,-15.8308],[-72.2965,-15.921],[-72.2254,-15.9615]]]}},{"type":"Feature","properties":{"IDDIST":"040605","NOMBDIST":"IRAY","NOMBPROV":"CONDESUYOS","NOMBDEP":"AREQUIPA"},"geometry":{"type":"Polygon","coordinates":[[[-72.5455,-15.8083],[-72.5186,-15.9088],[-72.5791,-15.9375],[-72.6031,-16.0172],[-72.6736,-16.0103],[-72.6787,-15.9812],[-72.6547,-15.9164],[-72.6415,-15.8445],[-72.5773,-15.8239],[-72.5591,-15.7999],[-72.5455,-15.8083]]]}},{"type":"Feature","properties":{"IDDIST":"040401","NOMBDIST":"APLAO","NOMBPROV":"CASTILLA","NOMBDEP":"AREQUIPA"},"geometry":{"type":"Polygon","coordinates":[[[-72.4706,-15.7877],[-72.4438,-15.8493],[-72.4679,-15.9018],[-72.4656,-15.9752],[-72.4843,-16.0259],[-72.4911,-16.0923],[-72.4697,-16.1306],[-72.4661,-16.1816],[-72.4962,-16.1853],[-72.5216,-16.1198],[-72.5585,-16.0932],[-72.5763,-16.1248],[-72.6408,-16.1455],[-72.6338,-16.2074],[-72.6511,-16.2478],[-72.6874,-16.2185],[-72.6872,-16.1198],[-72.7131,-16.0538],[-72.6787,-15.9812],[-72.6736,-16.0103],[-72.6031,-16.0172],[-72.5791,-15.9375],[-72.5186,-15.9088],[-72.5455,-15.8083],[-72.5343,-15.8042],[-72.4706,-15.7877]]]}},{"type":"Feature","properties":{"IDDIST":"210101","NOMBDIST":"PUNO","NOMBPROV":"PUNO","NOMBDEP":"PUNO"},"geometry":{"type":"Polygon","coordinates":[[[-69.9202,-15.8795],[-69.9587,-15.9152],[-69.9657,-15.9772],[-69.9942,-15.9661],[-70.0616,-16.0078],[-70.1429,-16.0238],[-70.1627,-15.9787],[-70.1786,-15.907],[-70.1384,-15.8738],[-70.1383,-15.8075],[-70.0285,-15.7739],[-69.9633,-15.8509],[-69.9202,-15.8795]]]}},{"type":"Feature","properties":{"IDDIST":"210114","NOMBDIST":"TIQUILLACA","NOMBPROV":"PUNO","NOMBDEP":"PUNO"},"geometry":{"type":"Polygon","coordinates":[[[-70.1383,-15.8075],[-70.1384,-15.8738],[-70.1786,-15.907],[-70.1627,-15.9787],[-70.227,-16.0054],[-70.2815,-15.9812],[-70.3713,-16.0382],[-70.4067,-16.1017],[-70.4431,-16.0345],[-70.4098,-15.9918],[-70.4283,-15.9665],[-70.3146,-15.8738],[-70.2811,-15.8981],[-70.2546,-15.8743],[-70.2337,-15.7977],[-70.2018,-15.7715],[-70.1524,-15.7516],[-70.1383,-15.8075]]]}},{"type":"Feature","properties":{"IDDIST":"040303","NOMBDIST":"ATICO","NOMBPROV":"CARAVELI","NOMBDEP":"AREQUIPA"},"geometry":{"type":"Polygon","coordinates":[[[-73.2346,-16.0362],[-73.222,-16.1192],[-73.2032,-16.153],[-73.1999,-16.2195],[-73.2423,-16.3563],[-73.2916,-16.4054],[-73.3142,-16.3387],[-73.4513,-16.2813],[-73.6199,-16.2301],[-73.6994,-16.2207],[-73.7279,-16.1952],[-73.8694,-16.1355],[-73.9017,-16.1036],[-73.8816,-16.0183],[-73.8457,-15.9762],[-73.8048,-15.8469],[-73.7671,-15.7942],[-73.7121,-15.7839],[-73.6358,-15.7983],[-73.5558,-15.7517],[-73.5013,-15.7346],[-73.463,-15.7629],[-73.4068,-15.8795],[-73.364,-15.9005],[-73.3668,-15.9755],[-73.2805,-16.0646],[-73.2346,-16.0362]]]}},{"type":"Feature","properties":{"IDDIST":"210109","NOMBDIST":"MAÑAZO","NOMBPROV":"PUNO","NOMBDEP":"PUNO"},"geometry":{"type":"Polygon","coordinates":[[[-70.3128,-15.7369],[-70.2911,-15.825],[-70.3146,-15.8738],[-70.4283,-15.9665],[-70.4098,-15.9918],[-70.4431,-16.0345],[-70.4631,-16.0496],[-70.5261,-16.0267],[-70.5629,-15.9825],[-70.5175,-15.9765],[-70.4808,-15.9465],[-70.4793,-15.9112],[-70.4462,-15.8957],[-70.4191,-15.8194],[-70.4384,-15.7871],[-70.4033,-15.7301],[-70.3796,-15.7361],[-70.3128,-15.7369]]]}},{"type":"Feature","properties":{"IDDIST":"040511","NOMBDIST":"LLUTA","NOMBPROV":"CAYLLOMA","NOMBDEP":"AREQUIPA"},"geometry":{"type":"Polygon","coordinates":[[[-71.8708,-15.7259],[-71.8637,-15.798],[-71.7778,-15.8536],[-71.7841,-15.8837],[-71.8778,-15.9322],[-71.8954,-15.9899],[-71.89,-16.0365],[-71.9235,-16.0988],[-71.9962,-16.1386],[-72.0566,-16.2075],[-72.0913,-16.1893],[-72.0857,-16.0494],[-72.1663,-16.0607],[-72.2244,-16.1433],[-72.2706,-16.1369],[-72.2516,-16.0076],[-72.2254,-15.9615],[-72.0752,-15.8748],[-72.0365,-15.8295],[-71.987,-15.7992],[-71.8708,-15.7259]]]}},{"type":"Feature","properties":{"IDDIST":"040411","NOMBDIST":"TIPAN","NOMBPROV":"CASTILLA","NOMBDEP":"AREQUIPA"},"geometry":{"type":"Polygon","coordinates":[[[-72.4796,-15.7324],[-72.4706,-15.7877],[-72.5343,-15.8042],[-72.5121,-15.75],[-72.5323,-15.7031],[-72.5093,-15.6819],[-72.4796,-15.7324]]]}},{"type":"Feature","properties":{"IDDIST":"210115","NOMBDIST":"VILQUE","NOMBPROV":"PUNO","NOMBDEP":"PUNO"},"geometry":{"type":"Polygon","coordinates":[[[-70.2462,-15.6755],[-70.2067,-15.7134],[-70.2018,-15.7715],[-70.2337,-15.7977],[-70.2546,-15.8743],[-70.2811,-15.8981],[-70.3146,-15.8738],[-70.2911,-15.825],[-70.3128,-15.7369],[-70.2897,-15.7019],[-70.2462,-15.6755]]]}},{"type":"Feature","properties":{"IDDIST":"040301","NOMBDIST":"CARAVELI","NOMBPROV":"CARAVELI","NOMBDEP":"AREQUIPA"},"geometry":{"type":"Polygon","coordinates":[[[-73.2332,-15.8741],[-73.225,-15.985],[-73.2346,-16.0362],[-73.2805,-16.0646],[-73.3668,-15.9755],[-73.364,-15.9005],[-73.4068,-15.8795],[-73.463,-15.7629],[-73.5013,-15.7346],[-73.4416,-15.6782],[-73.3358,-15.6644],[-73.2254,-15.664],[-73.2554,-15.7515],[-73.2624,-15.8255],[-73.2332,-15.8741]]]}},{"type":"Feature","properties":{"IDDIST":"040606","NOMBDIST":"RIO GRANDE","NOMBPROV":"CONDESUYOS","NOMBDEP":"AREQUIPA"},"geometry":{"type":"Polygon","coordinates":[[[-72.9887,-15.8613],[-73.0126,-15.9097],[-72.9596,-15.9367],[-73.0005,-15.9701],[-72.9979,-16.0193],[-73.0649,-16.0186],[-73.1068,-15.9885],[-73.1512,-15.9797],[-73.174,-15.9121],[-73.2332,-15.8741],[-73.2624,-15.8255],[-73.2554,-15.7515],[-73.2254,-15.664],[-73.225,-15.6638],[-73.191,-15.7194],[-73.1904,-15.7697],[-73.0979,-15.8204],[-73.0921,-15.8588],[-73.0609,-15.871],[-73.0303,-15.8449],[-72.9887,-15.8613]]]}},{"type":"Feature","properties":{"IDDIST":"040307","NOMBDIST":"CHALA","NOMBPROV":"CARAVELI","NOMBDEP":"AREQUIPA"},"geometry":{"type":"Polygon","coordinates":[[[-74.0576,-15.6696],[-74.1149,-15.8062],[-74.1498,-15.8414],[-74.1912,-15.8446],[-74.2096,-15.8879],[-74.2914,-15.8369],[-74.297,-15.7916],[-74.2693,-15.7731],[-74.2624,-15.7246],[-74.22,-15.6908],[-74.2178,-15.6611],[-74.1157,-15.7049],[-74.0576,-15.6696]]]}},{"type":"Feature","properties":{"IDDIST":"040502","NOMBDIST":"ACHOMA","NOMBPROV":"CAYLLOMA","NOMBDEP":"AREQUIPA"},"geometry":{"type":"Polygon","coordinates":[[[-71.6792,-15.6611],[-71.6573,-15.7641],[-71.6835,-15.8196],[-71.645,-15.853],[-71.593,-15.8603],[-71.6105,-15.9207],[-71.6521,-15.9832],[-71.7043,-15.9337],[-71.7513,-15.889],[-71.7841,-15.8837],[-71.7778,-15.8536],[-71.7694,-15.7783],[-71.7388,-15.7365],[-71.7279,-15.692],[-71.7374,-15.6456],[-71.6792,-15.6611]]]}},{"type":"Feature","properties":{"IDDIST":"210110","NOMBDIST":"PAUCARCOLLA","NOMBPROV":"PUNO","NOMBDEP":"PUNO"},"geometry":{"type":"Polygon","coordinates":[[[-69.9586,-15.6868],[-70.0174,-15.6908],[-70.0342,-15.723],[-70.0285,-15.7739],[-70.1383,-15.8075],[-70.1524,-15.7516],[-70.1533,-15.7347],[-70.1169,-15.7273],[-70.073,-15.6791],[-70.0837,-15.6425],[-70.0839,-15.642],[-70.0096,-15.6544],[-69.9586,-15.6868]]]}},{"type":"Feature","properties":{"IDDIST":"040412","NOMBDIST":"UÑON","NOMBPROV":"CASTILLA","NOMBDEP":"AREQUIPA"},"geometry":{"type":"Polygon","coordinates":[[[-72.2453,-15.7358],[-72.3129,-15.8143],[-72.3363,-15.8412],[-72.4042,-15.8579],[-72.4438,-15.8493],[-72.4706,-15.7877],[-72.4796,-15.7324],[-72.4545,-15.7248],[-72.4548,-15.6719],[-72.3853,-15.6266],[-72.3597,-15.7213],[-72.2979,-15.7193],[-72.2453,-15.7358]]]}},{"type":"Feature","properties":{"IDDIST":"040512","NOMBDIST":"MACA","NOMBPROV":"CAYLLOMA","NOMBDEP":"AREQUIPA"},"geometry":{"type":"Polygon","coordinates":[[[-71.7374,-15.6456],[-71.7279,-15.692],[-71.7388,-15.7365],[-71.7694,-15.7783],[-71.7778,-15.8536],[-71.8637,-15.798],[-71.8708,-15.7259],[-71.8478,-15.7093],[-71.8108,-15.6237],[-71.7374,-15.6456]]]}},{"type":"Feature","properties":{"IDDIST":"211103","NOMBDIST":"CABANILLAS","NOMBPROV":"SAN ROMAN","NOMBDEP":"PUNO"},"geometry":{"type":"Polygon","coordinates":[[[-70.3796,-15.7361],[-70.4033,-15.7301],[-70.4384,-15.7871],[-70.4191,-15.8194],[-70.4462,-15.8957],[-70.4793,-15.9112],[-70.4808,-15.9465],[-70.5175,-15.9765],[-70.5629,-15.9825],[-70.6433,-15.9897],[-70.6692,-16.0138],[-70.7054,-16.0318],[-70.7686,-16.0168],[-70.8202,-15.9785],[-70.8453,-15.9219],[-70.8905,-15.8513],[-70.8448,-15.8059],[-70.7973,-15.7803],[-70.7461,-15.7761],[-70.6756,-15.7893],[-70.6338,-15.7449],[-70.6105,-15.7595],[-70.5754,-15.7214],[-70.4651,-15.6543],[-70.4358,-15.6768],[-70.3652,-15.6623],[-70.3292,-15.6198],[-70.3424,-15.6897],[-70.3796,-15.7361]]]}},{"type":"Feature","properties":{"IDDIST":"210104","NOMBDIST":"ATUNCOLLA","NOMBPROV":"PUNO","NOMBDEP":"PUNO"},"geometry":{"type":"Polygon","coordinates":[[[-70.0837,-15.6425],[-70.073,-15.6791],[-70.1169,-15.7273],[-70.1533,-15.7347],[-70.2067,-15.7134],[-70.2462,-15.6755],[-70.2034,-15.6265],[-70.1499,-15.6591],[-70.0837,-15.6425]]]}},{"type":"Feature","properties":{"IDDIST":"040519","NOMBDIST":"YANQUE","NOMBPROV":"CAYLLOMA","NOMBDEP":"AREQUIPA"},"geometry":{"type":"Polygon","coordinates":[[[-71.2012,-15.6763],[-71.2025,-15.7176],[-71.2653,-15.8097],[-71.2994,-15.8217],[-71.3131,-15.8591],[-71.3622,-15.8613],[-71.4303,-15.9284],[-71.5292,-15.93],[-71.5776,-15.9909],[-71.6521,-15.9832],[-71.6105,-15.9207],[-71.593,-15.8603],[-71.645,-15.853],[-71.6835,-15.8196],[-71.6573,-15.7641],[-71.6792,-15.6611],[-71.6223,-15.653],[-71.6058,-15.7302],[-71.5703,-15.7516],[-71.514,-15.7329],[-71.4711,-15.686],[-71.4071,-15.6705],[-71.3819,-15.6233],[-71.3392,-15.6145],[-71.2208,-15.6815],[-71.2012,-15.6763]]]}},{"type":"Feature","properties":{"IDDIST":"040601","NOMBDIST":"CHUQUIBAMBA","NOMBPROV":"CONDESUYOS","NOMBDEP":"AREQUIPA"},"geometry":{"type":"Polygon","coordinates":[[[-72.5591,-15.7999],[-72.5773,-15.8239],[-72.6415,-15.8445],[-72.6547,-15.9164],[-72.6787,-15.9812],[-72.7131,-16.0538],[-72.6872,-16.1198],[-72.6874,-16.2185],[-72.6511,-16.2478],[-72.6555,-16.2911],[-72.6206,-16.354],[-72.5936,-16.4305],[-72.6234,-16.457],[-72.6699,-16.4244],[-72.7062,-16.379],[-72.7213,-16.3552],[-72.7992,-16.3042],[-72.8101,-16.2214],[-72.8412,-16.1745],[-72.8433,-16.1262],[-72.8958,-16.0414],[-72.8625,-16.0083],[-72.79,-15.9979],[-72.7581,-15.9532],[-72.7205,-15.8265],[-72.7515,-15.7832],[-72.7428,-15.7353],[-72.765,-15.7092],[-72.755,-15.6591],[-72.7168,-15.6118],[-72.7038,-15.6554],[-72.6633,-15.7106],[-72.6232,-15.7046],[-72.5591,-15.7999]]]}},{"type":"Feature","properties":{"IDDIST":"210107","NOMBDIST":"COATA","NOMBPROV":"PUNO","NOMBDEP":"PUNO"},"geometry":{"type":"Polygon","coordinates":[[[-69.931,-15.6179],[-69.9982,-15.5597],[-69.9683,-15.5357],[-69.9069,-15.5078],[-69.8846,-15.5396],[-69.8617,-15.6183],[-69.8929,-15.5934],[-69.931,-15.6179]]]}},{"type":"Feature","properties":{"IDDIST":"040507","NOMBDIST":"HUAMBO","NOMBPROV":"CAYLLOMA","NOMBDEP":"AREQUIPA"},"geometry":{"type":"Polygon","coordinates":[[[-71.987,-15.7992],[-72.0365,-15.8295],[-72.0752,-15.8748],[-72.2254,-15.9615],[-72.2965,-15.921],[-72.2962,-15.8308],[-72.3129,-15.8143],[-72.2453,-15.7358],[-72.2333,-15.7118],[-72.1079,-15.6064],[-72.0661,-15.6538],[-72.0592,-15.7124],[-72.0217,-15.7863],[-71.987,-15.7992]]]}},{"type":"Feature","properties":{"IDDIST":"040503","NOMBDIST":"CABANACONDE","NOMBPROV":"CAYLLOMA","NOMBDEP":"AREQUIPA"},"geometry":{"type":"Polygon","coordinates":[[[-72.0099,-15.5824],[-71.9171,-15.5947],[-71.831,-15.6035],[-71.8108,-15.6237],[-71.8478,-15.7093],[-71.8708,-15.7259],[-71.987,-15.7992],[-72.0217,-15.7863],[-72.0592,-15.7124],[-72.0661,-15.6538],[-72.1079,-15.6064],[-72.0099,-15.5824]]]}},{"type":"Feature","properties":{"IDDIST":"040514","NOMBDIST":"SAN ANTONIO DE CHUCA","NOMBPROV":"CAYLLOMA","NOMBDEP":"AREQUIPA"},"geometry":{"type":"Polygon","coordinates":[[[-70.8905,-15.8513],[-70.8453,-15.9219],[-70.8755,-15.9473],[-70.9189,-15.9481],[-70.9613,-15.9696],[-71.0439,-15.981],[-71.1389,-15.9826],[-71.2081,-16.0236],[-71.3086,-15.9549],[-71.3705,-15.9269],[-71.4303,-15.9284],[-71.3622,-15.8613],[-71.3131,-15.8591],[-71.2994,-15.8217],[-71.2653,-15.8097],[-71.2025,-15.7176],[-71.2012,-15.6763],[-71.1323,-15.7045],[-71.0898,-15.6425],[-71.0062,-15.6024],[-71.0014,-15.5758],[-70.918,-15.6438],[-70.9001,-15.7121],[-70.9361,-15.7848],[-70.8905,-15.8513]]]}},{"type":"Feature","properties":{"IDDIST":"210108","NOMBDIST":"HUATA","NOMBPROV":"PUNO","NOMBDEP":"PUNO"},"geometry":{"type":"Polygon","coordinates":[[[-69.931,-15.6179],[-69.9168,-15.6241],[-69.9586,-15.6868],[-70.0096,-15.6544],[-70.0839,-15.642],[-70.0257,-15.5655],[-69.9982,-15.5597],[-69.931,-15.6179]]]}},{"type":"Feature","properties":{"IDDIST":"040308","NOMBDIST":"CHAPARRA","NOMBPROV":"CARAVELI","NOMBDEP":"AREQUIPA"},"geometry":{"type":"Polygon","coordinates":[[[-73.7121,-15.7839],[-73.7671,-15.7942],[-73.8048,-15.8469],[-73.8457,-15.9762],[-73.8816,-16.0183],[-73.9017,-16.1036],[-73.9899,-16.039],[-74.0545,-15.9545],[-74.2096,-15.8879],[-74.1912,-15.8446],[-74.1498,-15.8414],[-74.1149,-15.8062],[-74.0576,-15.6696],[-74.0359,-15.6477],[-73.9553,-15.63],[-73.8504,-15.5575],[-73.8426,-15.6044],[-73.8619,-15.6688],[-73.8231,-15.6887],[-73.7347,-15.6856],[-73.7345,-15.7351],[-73.7121,-15.7839]]]}},{"type":"Feature","properties":{"IDDIST":"211102","NOMBDIST":"CABANA","NOMBPROV":"SAN ROMAN","NOMBDEP":"PUNO"},"geometry":{"type":"Polygon","coordinates":[[[-70.2102,-15.5686],[-70.2034,-15.6265],[-70.2462,-15.6755],[-70.2897,-15.7019],[-70.3128,-15.7369],[-70.3796,-15.7361],[-70.3424,-15.6897],[-70.3292,-15.6198],[-70.269,-15.5605],[-70.2102,-15.5686]]]}},{"type":"Feature","properties":{"IDDIST":"040410","NOMBDIST":"PAMPACOLCA","NOMBPROV":"CASTILLA","NOMBDEP":"AREQUIPA"},"geometry":{"type":"Polygon","coordinates":[[[-72.6288,-15.5597],[-72.623,-15.6057],[-72.596,-15.6575],[-72.5323,-15.7031],[-72.5121,-15.75],[-72.5343,-15.8042],[-72.5455,-15.8083],[-72.5591,-15.7999],[-72.6232,-15.7046],[-72.6633,-15.7106],[-72.7038,-15.6554],[-72.7168,-15.6118],[-72.7187,-15.5884],[-72.6607,-15.5459],[-72.6288,-15.5597]]]}},{"type":"Feature","properties":{"IDDIST":"040414","NOMBDIST":"VIRACO","NOMBPROV":"CASTILLA","NOMBDEP":"AREQUIPA"},"geometry":{"type":"Polygon","coordinates":[[[-72.5576,-15.5422],[-72.5327,-15.576],[-72.5344,-15.6244],[-72.5093,-15.6819],[-72.5323,-15.7031],[-72.596,-15.6575],[-72.623,-15.6057],[-72.6288,-15.5597],[-72.5576,-15.5422]]]}},{"type":"Feature","properties":{"IDDIST":"040602","NOMBDIST":"ANDARAY","NOMBPROV":"CONDESUYOS","NOMBDEP":"AREQUIPA"},"geometry":{"type":"Polygon","coordinates":[[[-72.6607,-15.5459],[-72.7187,-15.5884],[-72.7168,-15.6118],[-72.755,-15.6591],[-72.765,-15.7092],[-72.7428,-15.7353],[-72.7515,-15.7832],[-72.7205,-15.8265],[-72.7581,-15.9532],[-72.79,-15.9979],[-72.8625,-16.0083],[-72.8958,-16.0414],[-72.9854,-16.0226],[-72.9979,-16.0193],[-73.0005,-15.9701],[-72.9596,-15.9367],[-73.0126,-15.9097],[-72.9887,-15.8613],[-72.9479,-15.8581],[-72.9025,-15.8019],[-72.8223,-15.7278],[-72.8059,-15.6833],[-72.8102,-15.6263],[-72.7204,-15.5461],[-72.6607,-15.5459]]]}},{"type":"Feature","properties":{"IDDIST":"040403","NOMBDIST":"AYO","NOMBPROV":"CASTILLA","NOMBDEP":"AREQUIPA"},"geometry":{"type":"Polygon","coordinates":[[[-72.2002,-15.5298],[-72.2333,-15.7118],[-72.2453,-15.7358],[-72.2979,-15.7193],[-72.3597,-15.7213],[-72.3853,-15.6266],[-72.3906,-15.5983],[-72.3102,-15.6008],[-72.2569,-15.5429],[-72.2002,-15.5298]]]}},{"type":"Feature","properties":{"IDDIST":"040501","NOMBDIST":"CHIVAY","NOMBPROV":"CAYLLOMA","NOMBDEP":"AREQUIPA"},"geometry":{"type":"Polygon","coordinates":[[[-71.514,-15.7329],[-71.5703,-15.7516],[-71.6058,-15.7302],[-71.6223,-15.653],[-71.5864,-15.6135],[-71.5786,-15.5719],[-71.5553,-15.5371],[-71.5099,-15.5261],[-71.4987,-15.5209],[-71.4699,-15.5873],[-71.5337,-15.6316],[-71.5053,-15.7043],[-71.514,-15.7329]]]}},{"type":"Feature","properties":{"IDDIST":"040506","NOMBDIST":"COPORAQUE","NOMBPROV":"CAYLLOMA","NOMBDEP":"AREQUIPA"},"geometry":{"type":"Polygon","coordinates":[[[-71.5786,-15.5719],[-71.5864,-15.6135],[-71.6223,-15.653],[-71.6792,-15.6611],[-71.6776,-15.5656],[-71.6898,-15.524],[-71.6791,-15.5171],[-71.6338,-15.5565],[-71.5786,-15.5719]]]}},{"type":"Feature","properties":{"IDDIST":"040608","NOMBDIST":"YANAQUIHUA","NOMBPROV":"CONDESUYOS","NOMBDEP":"AREQUIPA"},"geometry":{"type":"Polygon","coordinates":[[[-73.196,-15.5174],[-73.117,-15.572],[-73.0894,-15.5948],[-73.0476,-15.5783],[-73.02,-15.6065],[-72.9543,-15.6133],[-72.9051,-15.6505],[-72.8411,-15.5929],[-72.806,-15.5898],[-72.8102,-15.6263],[-72.8059,-15.6833],[-72.8223,-15.7278],[-72.9025,-15.8019],[-72.9479,-15.8581],[-72.9887,-15.8613],[-73.0303,-15.8449],[-73.0609,-15.871],[-73.0921,-15.8588],[-73.0979,-15.8204],[-73.1904,-15.7697],[-73.191,-15.7194],[-73.225,-15.6638],[-73.2263,-15.5703],[-73.2054,-15.5106],[-73.196,-15.5174]]]}},{"type":"Feature","properties":{"IDDIST":"040509","NOMBDIST":"ICHUPAMPA","NOMBPROV":"CAYLLOMA","NOMBDEP":"AREQUIPA"},"geometry":{"type":"Polygon","coordinates":[[[-71.6898,-15.524],[-71.6776,-15.5656],[-71.6792,-15.6611],[-71.7374,-15.6456],[-71.7209,-15.5913],[-71.7203,-15.5105],[-71.6898,-15.524]]]}},{"type":"Feature","properties":{"IDDIST":"040313","NOMBDIST":"YAUCA","NOMBPROV":"CARAVELI","NOMBDEP":"AREQUIPA"},"geometry":{"type":"Polygon","coordinates":[[[-74.2866,-15.5154],[-74.3064,-15.5507],[-74.2801,-15.5885],[-74.3505,-15.6872],[-74.3573,-15.7249],[-74.3905,-15.7524],[-74.4532,-15.7664],[-74.4628,-15.7265],[-74.652,-15.6564],[-74.5778,-15.6403],[-74.5344,-15.6098],[-74.505,-15.5259],[-74.4577,-15.589],[-74.3988,-15.555],[-74.3619,-15.5062],[-74.2866,-15.5154]]]}},{"type":"Feature","properties":{"IDDIST":"040408","NOMBDIST":"MACHAGUAY","NOMBPROV":"CASTILLA","NOMBDEP":"AREQUIPA"},"geometry":{"type":"Polygon","coordinates":[[[-72.3906,-15.5983],[-72.3853,-15.6266],[-72.4548,-15.6719],[-72.4545,-15.7248],[-72.4796,-15.7324],[-72.5093,-15.6819],[-72.5344,-15.6244],[-72.5327,-15.576],[-72.5576,-15.5422],[-72.5265,-15.5054],[-72.4496,-15.5201],[-72.3964,-15.5456],[-72.3906,-15.5983]]]}},{"type":"Feature","properties":{"IDDIST":"040304","NOMBDIST":"ATIQUIPA","NOMBPROV":"CARAVELI","NOMBDEP":"AREQUIPA"},"geometry":{"type":"Polygon","coordinates":[[[-74.1937,-15.4917],[-74.2349,-15.5573],[-74.2178,-15.6611],[-74.22,-15.6908],[-74.2624,-15.7246],[-74.2693,-15.7731],[-74.297,-15.7916],[-74.2914,-15.8369],[-74.3279,-15.8487],[-74.3933,-15.8293],[-74.4532,-15.7664],[-74.3905,-15.7524],[-74.3573,-15.7249],[-74.3505,-15.6872],[-74.2801,-15.5885],[-74.3064,-15.5507],[-74.2866,-15.5154],[-74.2412,-15.481],[-74.1937,-15.4917]]]}},{"type":"Feature","properties":{"IDDIST":"210105","NOMBDIST":"CAPACHICA","NOMBPROV":"PUNO","NOMBDEP":"PUNO"},"geometry":{"type":"Polygon","coordinates":[[[-69.8617,-15.6183],[-69.8846,-15.5396],[-69.9069,-15.5078],[-69.8969,-15.4946],[-69.8607,-15.5571],[-69.7707,-15.6584],[-69.7508,-15.7291],[-69.7939,-15.7253],[-69.8455,-15.685],[-69.8617,-15.6183]]]}},{"type":"Feature","properties":{"IDDIST":"210702","NOMBDIST":"CABANILLA","NOMBPROV":"LAMPA","NOMBDEP":"PUNO"},"geometry":{"type":"Polygon","coordinates":[[[-70.2934,-15.4772],[-70.2708,-15.5109],[-70.269,-15.5605],[-70.3292,-15.6198],[-70.3652,-15.6623],[-70.4358,-15.6768],[-70.4651,-15.6543],[-70.4958,-15.5867],[-70.4883,-15.5155],[-70.514,-15.4867],[-70.4072,-15.5054],[-70.3437,-15.4743],[-70.2934,-15.4772]]]}},{"type":"Feature","properties":{"IDDIST":"040513","NOMBDIST":"MADRIGAL","NOMBPROV":"CAYLLOMA","NOMBDEP":"AREQUIPA"},"geometry":{"type":"Polygon","coordinates":[[[-71.8108,-15.6237],[-71.831,-15.6035],[-71.9171,-15.5947],[-71.8929,-15.5543],[-71.9134,-15.4998],[-71.8679,-15.4606],[-71.8312,-15.455],[-71.8216,-15.5499],[-71.7887,-15.5686],[-71.8108,-15.6237]]]}},{"type":"Feature","properties":{"IDDIST":"210904","NOMBDIST":"TILALI","NOMBPROV":"MOHO","NOMBDEP":"PUNO"},"geometry":{"type":"Polygon","coordinates":[[[-69.3117,-15.473],[-69.3311,-15.5379],[-69.3911,-15.5073],[-69.3583,-15.4832],[-69.3565,-15.439],[-69.3117,-15.473]]]}},{"type":"Feature","properties":{"IDDIST":"211104","NOMBDIST":"CARACOTO","NOMBPROV":"SAN ROMAN","NOMBDEP":"PUNO"},"geometry":{"type":"Polygon","coordinates":[[[-70.0254,-15.4379],[-69.9929,-15.5115],[-69.9683,-15.5357],[-69.9982,-15.5597],[-70.0257,-15.5655],[-70.0839,-15.642],[-70.0837,-15.6425],[-70.1499,-15.6591],[-70.2034,-15.6265],[-70.2102,-15.5686],[-70.1013,-15.5383],[-70.07,-15.4927],[-70.0873,-15.4563],[-70.0254,-15.4379]]]}},{"type":"Feature","properties":{"IDDIST":"210902","NOMBDIST":"CONIMA","NOMBPROV":"MOHO","NOMBDEP":"PUNO"},"geometry":{"type":"Polygon","coordinates":[[[-69.3565,-15.439],[-69.3583,-15.4832],[-69.435,-15.4824],[-69.4767,-15.4275],[-69.4202,-15.4036],[-69.3565,-15.439]]]}},{"type":"Feature","properties":{"IDDIST":"040604","NOMBDIST":"CHICHAS","NOMBPROV":"CONDESUYOS","NOMBDEP":"AREQUIPA"},"geometry":{"type":"Polygon","coordinates":[[[-72.8932,-15.41],[-72.8804,-15.4475],[-72.8984,-15.5315],[-72.8694,-15.5547],[-72.8113,-15.5552],[-72.806,-15.5898],[-72.8411,-15.5929],[-72.9051,-15.6505],[-72.9543,-15.6133],[-73.02,-15.6065],[-73.0476,-15.5783],[-73.0894,-15.5948],[-73.117,-15.572],[-73.083,-15.5615],[-72.9975,-15.5034],[-72.9721,-15.4061],[-72.9338,-15.3945],[-72.8932,-15.41]]]}},{"type":"Feature","properties":{"IDDIST":"040309","NOMBDIST":"HUANUHUANU","NOMBPROV":"CARAVELI","NOMBDEP":"AREQUIPA"},"geometry":{"type":"Polygon","coordinates":[[[-73.8766,-15.4392],[-73.8458,-15.5127],[-73.8504,-15.5575],[-73.9553,-15.63],[-74.0359,-15.6477],[-74.0576,-15.6696],[-74.1157,-15.7049],[-74.2178,-15.6611],[-74.2349,-15.5573],[-74.1937,-15.4917],[-74.1665,-15.484],[-74.1513,-15.4288],[-74.0945,-15.392],[-74.0537,-15.4177],[-74.0373,-15.4561],[-74.0849,-15.5915],[-74.0686,-15.6299],[-74.0194,-15.5992],[-74.0094,-15.568],[-73.9611,-15.5239],[-73.9125,-15.4563],[-73.8766,-15.4392]]]}},{"type":"Feature","properties":{"IDDIST":"040518","NOMBDIST":"TUTI","NOMBPROV":"CAYLLOMA","NOMBDEP":"AREQUIPA"},"geometry":{"type":"Polygon","coordinates":[[[-71.5099,-15.5261],[-71.5553,-15.5371],[-71.5786,-15.5719],[-71.6338,-15.5565],[-71.6791,-15.5171],[-71.6763,-15.4551],[-71.6503,-15.4159],[-71.5923,-15.3891],[-71.5195,-15.4615],[-71.5099,-15.5261]]]}},{"type":"Feature","properties":{"IDDIST":"210605","NOMBDIST":"PUSI","NOMBPROV":"HUANCANE","NOMBDEP":"PUNO"},"geometry":{"type":"Polygon","coordinates":[[[-69.9284,-15.3835],[-69.9429,-15.3967],[-69.8969,-15.4946],[-69.9069,-15.5078],[-69.9683,-15.5357],[-69.9929,-15.5115],[-70.0254,-15.4379],[-70.0225,-15.399],[-69.9793,-15.3766],[-69.9284,-15.3835]]]}},{"type":"Feature","properties":{"IDDIST":"040402","NOMBDIST":"ANDAGUA","NOMBPROV":"CASTILLA","NOMBDEP":"AREQUIPA"},"geometry":{"type":"Polygon","coordinates":[[[-72.2569,-15.5429],[-72.3102,-15.6008],[-72.3906,-15.5983],[-72.3964,-15.5456],[-72.4496,-15.5201],[-72.5265,-15.5054],[-72.5076,-15.4751],[-72.5204,-15.4102],[-72.4605,-15.388],[-72.4407,-15.3982],[-72.3859,-15.4347],[-72.3404,-15.4257],[-72.3248,-15.387],[-72.2631,-15.3761],[-72.2327,-15.384],[-72.274,-15.468],[-72.3077,-15.4898],[-72.2569,-15.5429]]]}},{"type":"Feature","properties":{"IDDIST":"040306","NOMBDIST":"CAHUACHO","NOMBPROV":"CARAVELI","NOMBDEP":"AREQUIPA"},"geometry":{"type":"Polygon","coordinates":[[[-73.2748,-15.393],[-73.2054,-15.5106],[-73.2263,-15.5703],[-73.225,-15.6638],[-73.2254,-15.664],[-73.3358,-15.6644],[-73.4416,-15.6782],[-73.5013,-15.7346],[-73.5558,-15.7517],[-73.5663,-15.6996],[-73.6644,-15.5149],[-73.6198,-15.4607],[-73.6235,-15.4211],[-73.5574,-15.4086],[-73.4411,-15.3557],[-73.3922,-15.3987],[-73.3363,-15.4051],[-73.2748,-15.393]]]}},{"type":"Feature","properties":{"IDDIST":"040510","NOMBDIST":"LARI","NOMBPROV":"CAYLLOMA","NOMBDEP":"AREQUIPA"},"geometry":{"type":"Polygon","coordinates":[[[-71.6503,-15.4159],[-71.6763,-15.4551],[-71.6791,-15.5171],[-71.6898,-15.524],[-71.7203,-15.5105],[-71.7209,-15.5913],[-71.7374,-15.6456],[-71.8108,-15.6237],[-71.7887,-15.5686],[-71.8216,-15.5499],[-71.8312,-15.455],[-71.8679,-15.4606],[-71.8626,-15.4078],[-71.7858,-15.3878],[-71.7558,-15.362],[-71.7079,-15.3615],[-71.6794,-15.4169],[-71.6503,-15.4159]]]}},{"type":"Feature","properties":{"IDDIST":"040312","NOMBDIST":"QUICACHA","NOMBPROV":"CARAVELI","NOMBDEP":"AREQUIPA"},"geometry":{"type":"Polygon","coordinates":[[[-73.6881,-15.4372],[-73.6235,-15.4211],[-73.6198,-15.4607],[-73.6644,-15.5149],[-73.5663,-15.6996],[-73.5558,-15.7517],[-73.6358,-15.7983],[-73.7121,-15.7839],[-73.7345,-15.7351],[-73.7347,-15.6856],[-73.8231,-15.6887],[-73.8619,-15.6688],[-73.8426,-15.6044],[-73.8504,-15.5575],[-73.8458,-15.5127],[-73.8766,-15.4392],[-73.8749,-15.3551],[-73.8601,-15.3261],[-73.808,-15.3243],[-73.7589,-15.3853],[-73.6881,-15.4372]]]}},{"type":"Feature","properties":{"IDDIST":"210709","NOMBDIST":"SANTA LUCIA","NOMBPROV":"LAMPA","NOMBDEP":"PUNO"},"geometry":{"type":"Polygon","coordinates":[[[-70.9608,-15.32],[-70.9263,-15.3479],[-70.8075,-15.3611],[-70.8097,-15.401],[-70.8968,-15.5012],[-70.8533,-15.5229],[-70.8182,-15.5935],[-70.7393,-15.5856],[-70.7299,-15.5568],[-70.6615,-15.5754],[-70.5646,-15.5548],[-70.5243,-15.48],[-70.514,-15.4867],[-70.4883,-15.5155],[-70.4958,-15.5867],[-70.4651,-15.6543],[-70.5754,-15.7214],[-70.6105,-15.7595],[-70.6338,-15.7449],[-70.6756,-15.7893],[-70.7461,-15.7761],[-70.7973,-15.7803],[-70.8448,-15.8059],[-70.8905,-15.8513],[-70.9361,-15.7848],[-70.9001,-15.7121],[-70.918,-15.6438],[-71.0014,-15.5758],[-71.018,-15.5278],[-70.994,-15.4548],[-71.039,-15.4052],[-71.0123,-15.3438],[-70.9608,-15.32]]]}},{"type":"Feature","properties":{"IDDIST":"211101","NOMBDIST":"JULIACA","NOMBPROV":"SAN ROMAN","NOMBDEP":"PUNO"},"geometry":{"type":"Polygon","coordinates":[[[-70.1569,-15.373],[-70.1089,-15.3999],[-70.051,-15.3543],[-70.0225,-15.399],[-70.0254,-15.4379],[-70.0873,-15.4563],[-70.07,-15.4927],[-70.1013,-15.5383],[-70.2102,-15.5686],[-70.269,-15.5605],[-70.2708,-15.5109],[-70.2934,-15.4772],[-70.343,-15.4164],[-70.2924,-15.3542],[-70.254,-15.3302],[-70.1769,-15.3828],[-70.1569,-15.373]]]}},{"type":"Feature","properties":{"IDDIST":"210707","NOMBDIST":"PARATIA","NOMBPROV":"LAMPA","NOMBDEP":"PUNO"},"geometry":{"type":"Polygon","coordinates":[[[-70.5319,-15.4206],[-70.5243,-15.48],[-70.5646,-15.5548],[-70.6615,-15.5754],[-70.7299,-15.5568],[-70.7393,-15.5856],[-70.8182,-15.5935],[-70.8533,-15.5229],[-70.8968,-15.5012],[-70.8097,-15.401],[-70.8075,-15.3611],[-70.7703,-15.3462],[-70.7652,-15.3125],[-70.7077,-15.3263],[-70.6985,-15.3665],[-70.6405,-15.3873],[-70.6115,-15.3801],[-70.5751,-15.4186],[-70.5319,-15.4206]]]}},{"type":"Feature","properties":{"IDDIST":"040809","NOMBDIST":"TAURIA","NOMBPROV":"LA UNION","NOMBDEP":"AREQUIPA"},"geometry":{"type":"Polygon","coordinates":[[[-73.0682,-15.3415],[-73.0957,-15.4137],[-73.0932,-15.4553],[-73.196,-15.5174],[-73.2054,-15.5106],[-73.2748,-15.393],[-73.2836,-15.3804],[-73.2521,-15.3479],[-73.1937,-15.3363],[-73.1745,-15.3066],[-73.1721,-15.3061],[-73.1299,-15.3061],[-73.1075,-15.3368],[-73.0682,-15.3415]]]}},{"type":"Feature","properties":{"IDDIST":"040310","NOMBDIST":"JAQUI","NOMBPROV":"CARAVELI","NOMBDEP":"AREQUIPA"},"geometry":{"type":"Polygon","coordinates":[[[-74.2412,-15.481],[-74.2866,-15.5154],[-74.3619,-15.5062],[-74.3988,-15.555],[-74.4577,-15.589],[-74.505,-15.5259],[-74.486,-15.4919],[-74.4636,-15.3729],[-74.4129,-15.3016],[-74.3779,-15.3319],[-74.3097,-15.3589],[-74.3284,-15.391],[-74.3001,-15.4784],[-74.2412,-15.481]]]}},{"type":"Feature","properties":{"IDDIST":"040808","NOMBDIST":"SAYLA","NOMBPROV":"LA UNION","NOMBDEP":"AREQUIPA"},"geometry":{"type":"Polygon","coordinates":[[[-73.1745,-15.3066],[-73.1937,-15.3363],[-73.2521,-15.3479],[-73.2836,-15.3804],[-73.2849,-15.2949],[-73.2459,-15.2861],[-73.1745,-15.3066]]]}},{"type":"Feature","properties":{"IDDIST":"210703","NOMBDIST":"CALAPUJA","NOMBPROV":"LAMPA","NOMBDEP":"PUNO"},"geometry":{"type":"Polygon","coordinates":[[[-70.2274,-15.252],[-70.2037,-15.2994],[-70.1481,-15.3126],[-70.1569,-15.373],[-70.1769,-15.3828],[-70.254,-15.3302],[-70.2924,-15.3542],[-70.3099,-15.2841],[-70.2274,-15.252]]]}},{"type":"Feature","properties":{"IDDIST":"040405","NOMBDIST":"CHILCAYMARCA","NOMBPROV":"CASTILLA","NOMBDEP":"AREQUIPA"},"geometry":{"type":"Polygon","coordinates":[[[-72.3248,-15.387],[-72.3404,-15.4257],[-72.3859,-15.4347],[-72.4407,-15.3982],[-72.4271,-15.3681],[-72.4384,-15.3016],[-72.4196,-15.2705],[-72.3749,-15.2497],[-72.3509,-15.2736],[-72.3646,-15.3153],[-72.3223,-15.3492],[-72.3248,-15.387]]]}},{"type":"Feature","properties":{"IDDIST":"040504","NOMBDIST":"CALLALLI","NOMBPROV":"CAYLLOMA","NOMBDEP":"AREQUIPA"},"geometry":{"type":"Polygon","coordinates":[[[-71.2021,-15.2451],[-71.1654,-15.2889],[-71.1512,-15.3639],[-71.1743,-15.4245],[-71.1193,-15.4276],[-71.0717,-15.4493],[-71.039,-15.4052],[-70.994,-15.4548],[-71.018,-15.5278],[-71.0014,-15.5758],[-71.0062,-15.6024],[-71.0898,-15.6425],[-71.1323,-15.7045],[-71.2012,-15.6763],[-71.2208,-15.6815],[-71.3392,-15.6145],[-71.3819,-15.6233],[-71.4071,-15.6705],[-71.4711,-15.686],[-71.514,-15.7329],[-71.5053,-15.7043],[-71.5337,-15.6316],[-71.4699,-15.5873],[-71.4987,-15.5209],[-71.4382,-15.487],[-71.4147,-15.4317],[-71.3507,-15.4317],[-71.3143,-15.3621],[-71.2652,-15.3239],[-71.2248,-15.2506],[-71.2021,-15.2451]]]}},{"type":"Feature","properties":{"IDDIST":"040516","NOMBDIST":"TAPAY","NOMBPROV":"CAYLLOMA","NOMBDEP":"AREQUIPA"},"geometry":{"type":"Polygon","coordinates":[[[-71.8626,-15.4078],[-71.8679,-15.4606],[-71.9134,-15.4998],[-71.8929,-15.5543],[-71.9171,-15.5947],[-72.0099,-15.5824],[-71.9841,-15.3379],[-71.9442,-15.2481],[-71.91,-15.2528],[-71.9017,-15.2902],[-71.8679,-15.3164],[-71.8626,-15.4078]]]}},{"type":"Feature","properties":{"IDDIST":"210607","NOMBDIST":"TARACO","NOMBPROV":"HUANCANE","NOMBDEP":"PUNO"},"geometry":{"type":"Polygon","coordinates":[[[-69.9032,-15.2356],[-69.8507,-15.2615],[-69.8452,-15.2744],[-69.8349,-15.2791],[-69.8247,-15.291],[-69.8184,-15.3068],[-69.833,-15.2815],[-69.8415,-15.2905],[-69.8674,-15.3013],[-69.8943,-15.2951],[-69.9025,-15.3558],[-69.9284,-15.3835],[-69.9793,-15.3766],[-70.0057,-15.3275],[-69.9971,-15.2758],[-69.9474,-15.243],[-69.9032,-15.2356]]]}},{"type":"Feature","properties":{"IDDIST":"040807","NOMBDIST":"QUECHUALLA","NOMBPROV":"LA UNION","NOMBDEP":"AREQUIPA"},"geometry":{"type":"Polygon","coordinates":[[[-72.9587,-15.2417],[-72.981,-15.2899],[-73.0682,-15.3415],[-73.1075,-15.3368],[-73.1299,-15.3061],[-73.1721,-15.3061],[-73.147,-15.2578],[-73.0673,-15.2711],[-72.9587,-15.2417]]]}},{"type":"Feature","properties":{"IDDIST":"040811","NOMBDIST":"TORO","NOMBPROV":"LA UNION","NOMBDEP":"AREQUIPA"},"geometry":{"type":"Polygon","coordinates":[[[-72.89,-15.4035],[-72.8932,-15.41],[-72.9338,-15.3945],[-72.9721,-15.4061],[-72.9975,-15.5034],[-73.083,-15.5615],[-73.117,-15.572],[-73.196,-15.5174],[-73.0932,-15.4553],[-73.0957,-15.4137],[-73.0682,-15.3415],[-72.981,-15.2899],[-72.9587,-15.2417],[-72.9502,-15.2323],[-72.9418,-15.223],[-72.8876,-15.2539],[-72.8924,-15.3304],[-72.8776,-15.3772],[-72.89,-15.4035]]]}},{"type":"Feature","properties":{"IDDIST":"050803","NOMBDIST":"CORCULLA","NOMBPROV":"PAUCAR DEL SARA SARA","NOMBDEP":"AYACUCHO"},"geometry":{"type":"Polygon","coordinates":[[[-73.147,-15.2578],[-73.1721,-15.3061],[-73.1745,-15.3066],[-73.2459,-15.2861],[-73.2849,-15.2949],[-73.2809,-15.2612],[-73.2578,-15.2179],[-73.1751,-15.235],[-73.147,-15.2578]]]}},{"type":"Feature","properties":{"IDDIST":"050810","NOMBDIST":"SARA SARA","NOMBPROV":"PAUCAR DEL SARA SARA","NOMBDEP":"AYACUCHO"},"geometry":{"type":"Polygon","coordinates":[[[-73.5119,-15.2248],[-73.4783,-15.2167],[-73.4009,-15.2519],[-73.3979,-15.2765],[-73.4485,-15.3189],[-73.5021,-15.2729],[-73.5323,-15.2179],[-73.5119,-15.2248]]]}},{"type":"Feature","properties":{"IDDIST":"050801","NOMBDIST":"PAUSA","NOMBPROV":"PAUCAR DEL SARA SARA","NOMBDEP":"AYACUCHO"},"geometry":{"type":"Polygon","coordinates":[[[-73.3237,-15.2507],[-73.2809,-15.2612],[-73.2849,-15.2949],[-73.2836,-15.3804],[-73.2748,-15.393],[-73.3363,-15.4051],[-73.3922,-15.3987],[-73.4411,-15.3557],[-73.4485,-15.3189],[-73.3979,-15.2765],[-73.4009,-15.2519],[-73.3995,-15.2128],[-73.3237,-15.2507]]]}},{"type":"Feature","properties":{"IDDIST":"210901","NOMBDIST":"MOHO","NOMBPROV":"MOHO","NOMBDEP":"PUNO"},"geometry":{"type":"Polygon","coordinates":[[[-69.3719,-15.2169],[-69.4083,-15.2536],[-69.4251,-15.3016],[-69.3649,-15.3328],[-69.3173,-15.3891],[-69.2603,-15.374],[-69.2498,-15.4267],[-69.2901,-15.4369],[-69.3117,-15.473],[-69.3565,-15.439],[-69.4202,-15.4036],[-69.4767,-15.4275],[-69.569,-15.3545],[-69.5965,-15.3694],[-69.642,-15.3202],[-69.6551,-15.2714],[-69.6227,-15.2694],[-69.5475,-15.285],[-69.5086,-15.2487],[-69.4861,-15.2716],[-69.3984,-15.2123],[-69.3719,-15.2169]]]}},{"type":"Feature","properties":{"IDDIST":"210205","NOMBDIST":"CAMINACA","NOMBPROV":"AZANGARO","NOMBDEP":"PUNO"},"geometry":{"type":"Polygon","coordinates":[[[-70.051,-15.3543],[-70.1089,-15.3999],[-70.1569,-15.373],[-70.1481,-15.3126],[-70.1187,-15.2767],[-70.1123,-15.2196],[-70.1051,-15.2077],[-70.0725,-15.2576],[-70.0459,-15.2622],[-70.051,-15.3543]]]}},{"type":"Feature","properties":{"IDDIST":"050809","NOMBDIST":"SAN JOSE DE USHUA","NOMBPROV":"PAUCAR DEL SARA SARA","NOMBDEP":"AYACUCHO"},"geometry":{"type":"Polygon","coordinates":[[[-73.1317,-15.2408],[-73.147,-15.2578],[-73.1751,-15.235],[-73.2578,-15.2179],[-73.2374,-15.2086],[-73.2185,-15.1979],[-73.1317,-15.2408]]]}},{"type":"Feature","properties":{"IDDIST":"040607","NOMBDIST":"SALAMANCA","NOMBPROV":"CONDESUYOS","NOMBDEP":"AREQUIPA"},"geometry":{"type":"Polygon","coordinates":[[[-72.5204,-15.4102],[-72.5076,-15.4751],[-72.5265,-15.5054],[-72.5576,-15.5422],[-72.6288,-15.5597],[-72.6607,-15.5459],[-72.7204,-15.5461],[-72.8102,-15.6263],[-72.806,-15.5898],[-72.8113,-15.5552],[-72.8694,-15.5547],[-72.8984,-15.5315],[-72.8804,-15.4475],[-72.8932,-15.41],[-72.89,-15.4035],[-72.8456,-15.3638],[-72.8372,-15.3179],[-72.7885,-15.2742],[-72.7878,-15.2518],[-72.6934,-15.2432],[-72.6321,-15.2255],[-72.5719,-15.2003],[-72.5282,-15.1977],[-72.52,-15.2408],[-72.5444,-15.2799],[-72.5624,-15.3755],[-72.5204,-15.4102]]]}},{"type":"Feature","properties":{"IDDIST":"210706","NOMBDIST":"PALCA","NOMBPROV":"LAMPA","NOMBDEP":"PUNO"},"geometry":{"type":"Polygon","coordinates":[[[-70.5069,-15.2263],[-70.497,-15.2823],[-70.4713,-15.3281],[-70.5297,-15.3829],[-70.5319,-15.4206],[-70.5751,-15.4186],[-70.6115,-15.3801],[-70.6405,-15.3873],[-70.6985,-15.3665],[-70.7077,-15.3263],[-70.7652,-15.3125],[-70.7537,-15.2469],[-70.7324,-15.2384],[-70.7097,-15.2437],[-70.6599,-15.2089],[-70.6044,-15.2208],[-70.5625,-15.1916],[-70.5388,-15.1856],[-70.5069,-15.2263]]]}},{"type":"Feature","properties":{"IDDIST":"210210","NOMBDIST":"SAMAN","NOMBPROV":"AZANGARO","NOMBDEP":"PUNO"},"geometry":{"type":"Polygon","coordinates":[[[-69.8877,-15.2069],[-69.9032,-15.2356],[-69.9474,-15.243],[-69.9971,-15.2758],[-70.0057,-15.3275],[-69.9793,-15.3766],[-70.0225,-15.399],[-70.051,-15.3543],[-70.0459,-15.2622],[-70.0725,-15.2576],[-70.1051,-15.2077],[-70.0858,-15.1841],[-70.0141,-15.1965],[-69.9518,-15.2197],[-69.8877,-15.2069]]]}},{"type":"Feature","properties":{"IDDIST":"040801","NOMBDIST":"COTAHUASI","NOMBPROV":"LA UNION","NOMBDEP":"AREQUIPA"},"geometry":{"type":"Polygon","coordinates":[[[-72.7878,-15.2518],[-72.7885,-15.2742],[-72.8372,-15.3179],[-72.8456,-15.3638],[-72.89,-15.4035],[-72.8776,-15.3772],[-72.8924,-15.3304],[-72.8876,-15.2539],[-72.9418,-15.223],[-72.8999,-15.2045],[-72.8587,-15.1808],[-72.842,-15.2226],[-72.7878,-15.2518]]]}},{"type":"Feature","properties":{"IDDIST":"040515","NOMBDIST":"SIBAYO","NOMBPROV":"CAYLLOMA","NOMBDEP":"AREQUIPA"},"geometry":{"type":"Polygon","coordinates":[[[-71.4147,-15.4317],[-71.4382,-15.487],[-71.4987,-15.5209],[-71.5099,-15.5261],[-71.5195,-15.4615],[-71.5923,-15.3891],[-71.6291,-15.3375],[-71.6318,-15.2788],[-71.5879,-15.1743],[-71.5497,-15.2357],[-71.5465,-15.2813],[-71.567,-15.3064],[-71.5404,-15.3636],[-71.4566,-15.4391],[-71.4147,-15.4317]]]}},{"type":"Feature","properties":{"IDDIST":"210701","NOMBDIST":"LAMPA","NOMBPROV":"LAMPA","NOMBDEP":"PUNO"},"geometry":{"type":"Polygon","coordinates":[[[-70.3099,-15.2841],[-70.2924,-15.3542],[-70.343,-15.4164],[-70.2934,-15.4772],[-70.3437,-15.4743],[-70.4072,-15.5054],[-70.514,-15.4867],[-70.5243,-15.48],[-70.5319,-15.4206],[-70.5297,-15.3829],[-70.4713,-15.3281],[-70.497,-15.2823],[-70.5069,-15.2263],[-70.4044,-15.2035],[-70.3574,-15.1705],[-70.3503,-15.2186],[-70.3099,-15.2841]]]}},{"type":"Feature","properties":{"IDDIST":"050807","NOMBDIST":"PARARCA","NOMBPROV":"PAUCAR DEL SARA SARA","NOMBDEP":"AYACUCHO"},"geometry":{"type":"Polygon","coordinates":[[[-73.3995,-15.2128],[-73.4009,-15.2519],[-73.4783,-15.2167],[-73.5119,-15.2248],[-73.5036,-15.1826],[-73.4562,-15.1737],[-73.3995,-15.2128]]]}},{"type":"Feature","properties":{"IDDIST":"210704","NOMBDIST":"NICASIO","NOMBPROV":"LAMPA","NOMBDEP":"PUNO"},"geometry":{"type":"Polygon","coordinates":[[[-70.2511,-15.1823],[-70.2297,-15.2013],[-70.2274,-15.252],[-70.3099,-15.2841],[-70.3503,-15.2186],[-70.3574,-15.1705],[-70.3497,-15.1677],[-70.266,-15.1693],[-70.2511,-15.1823]]]}},{"type":"Feature","properties":{"IDDIST":"210903","NOMBDIST":"HUAYRAPATA","NOMBPROV":"MOHO","NOMBDEP":"PUNO"},"geometry":{"type":"Polygon","coordinates":[[[-69.1763,-15.2614],[-69.2486,-15.3708],[-69.2603,-15.374],[-69.3173,-15.3891],[-69.3649,-15.3328],[-69.4251,-15.3016],[-69.4083,-15.2536],[-69.3719,-15.2169],[-69.3433,-15.1832],[-69.2917,-15.1623],[-69.2406,-15.1868],[-69.1894,-15.2312],[-69.1763,-15.2614]]]}},{"type":"Feature","properties":{"IDDIST":"040302","NOMBDIST":"ACARI","NOMBPROV":"CARAVELI","NOMBDEP":"AREQUIPA"},"geometry":{"type":"Polygon","coordinates":[[[-74.3928,-15.1974],[-74.3879,-15.2518],[-74.4129,-15.3016],[-74.4636,-15.3729],[-74.486,-15.4919],[-74.505,-15.5259],[-74.5344,-15.6098],[-74.5778,-15.6403],[-74.652,-15.6564],[-74.6339,-15.6384],[-74.6303,-15.5694],[-74.6389,-15.4922],[-74.6245,-15.4241],[-74.5807,-15.3588],[-74.5881,-15.3439],[-74.5598,-15.2479],[-74.5018,-15.1606],[-74.4183,-15.169],[-74.3928,-15.1974]]]}},{"type":"Feature","properties":{"IDDIST":"210202","NOMBDIST":"ACHAYA","NOMBPROV":"AZANGARO","NOMBDEP":"PUNO"},"geometry":{"type":"Polygon","coordinates":[[[-70.1998,-15.1648],[-70.1949,-15.1974],[-70.1123,-15.2196],[-70.1187,-15.2767],[-70.1481,-15.3126],[-70.2037,-15.2994],[-70.2274,-15.252],[-70.2297,-15.2013],[-70.2511,-15.1823],[-70.1998,-15.1648]]]}},{"type":"Feature","properties":{"IDDIST":"040311","NOMBDIST":"LOMAS","NOMBPROV":"CARAVELI","NOMBDEP":"AREQUIPA"},"geometry":{"type":"Polygon","coordinates":[[[-74.8552,-15.1538],[-74.8851,-15.1782],[-74.9083,-15.2521],[-74.8953,-15.3333],[-74.8636,-15.4552],[-74.8334,-15.5207],[-74.8278,-15.5684],[-74.91,-15.5121],[-74.9672,-15.4905],[-75.0068,-15.46],[-75.0733,-15.4429],[-75.0497,-15.4345],[-75.0039,-15.3302],[-74.9682,-15.2994],[-74.9399,-15.206],[-74.8706,-15.1512],[-74.8552,-15.1538]]]}},{"type":"Feature","properties":{"IDDIST":"040810","NOMBDIST":"TOMEPAMPA","NOMBPROV":"LA UNION","NOMBDEP":"AREQUIPA"},"geometry":{"type":"Polygon","coordinates":[[[-72.6934,-15.2432],[-72.7878,-15.2518],[-72.842,-15.2226],[-72.8587,-15.1808],[-72.8185,-15.1511],[-72.774,-15.1932],[-72.7305,-15.2083],[-72.6934,-15.2432]]]}},{"type":"Feature","properties":{"IDDIST":"040406","NOMBDIST":"CHOCO","NOMBPROV":"CASTILLA","NOMBDEP":"AREQUIPA"},"geometry":{"type":"Polygon","coordinates":[[[-71.9442,-15.2481],[-71.9841,-15.3379],[-72.0099,-15.5824],[-72.1079,-15.6064],[-72.2333,-15.7118],[-72.2002,-15.5298],[-72.1598,-15.4416],[-72.1693,-15.4137],[-72.1108,-15.355],[-72.1323,-15.3088],[-72.1065,-15.2569],[-72.0616,-15.2542],[-72.0254,-15.1955],[-72.0459,-15.1674],[-71.9697,-15.1355],[-71.9014,-15.1708],[-71.9442,-15.2481]]]}},{"type":"Feature","properties":{"IDDIST":"040803","NOMBDIST":"CHARCANA","NOMBPROV":"LA UNION","NOMBDEP":"AREQUIPA"},"geometry":{"type":"Polygon","coordinates":[[[-73.0359,-15.1337],[-72.9915,-15.1974],[-72.9502,-15.2323],[-72.9587,-15.2417],[-73.0673,-15.2711],[-73.147,-15.2578],[-73.1317,-15.2408],[-73.1107,-15.1861],[-73.0359,-15.1337]]]}},{"type":"Feature","properties":{"IDDIST":"210606","NOMBDIST":"ROSASPATA","NOMBPROV":"HUANCANE","NOMBDEP":"PUNO"},"geometry":{"type":"Polygon","coordinates":[[[-69.4174,-15.1381],[-69.3697,-15.1436],[-69.3433,-15.1832],[-69.3719,-15.2169],[-69.3984,-15.2123],[-69.4861,-15.2716],[-69.5086,-15.2487],[-69.5475,-15.285],[-69.6227,-15.2694],[-69.6019,-15.2245],[-69.5543,-15.1697],[-69.4522,-15.1322],[-69.4174,-15.1381]]]}},{"type":"Feature","properties":{"IDDIST":"050705","NOMBDIST":"PULLO","NOMBPROV":"PARINACOCHAS","NOMBDEP":"AYACUCHO"},"geometry":{"type":"Polygon","coordinates":[[[-73.8625,-15.132],[-73.7389,-15.2111],[-73.7402,-15.266],[-73.739,-15.3079],[-73.6958,-15.3237],[-73.7071,-15.3584],[-73.6881,-15.4372],[-73.7589,-15.3853],[-73.808,-15.3243],[-73.8601,-15.3261],[-73.8749,-15.3551],[-73.8766,-15.4392],[-73.9125,-15.4563],[-73.9611,-15.5239],[-74.0094,-15.568],[-74.0194,-15.5992],[-74.0686,-15.6299],[-74.0849,-15.5915],[-74.0373,-15.4561],[-74.0537,-15.4177],[-74.0945,-15.392],[-74.1513,-15.4288],[-74.1665,-15.484],[-74.1937,-15.4917],[-74.2412,-15.481],[-74.2564,-15.4021],[-74.2011,-15.321],[-74.2242,-15.236],[-74.1807,-15.2236],[-74.1121,-15.2394],[-74.065,-15.2259],[-74.0158,-15.1764],[-73.9682,-15.1461],[-73.9003,-15.1292],[-73.8625,-15.132]]]}},{"type":"Feature","properties":{"IDDIST":"080802","NOMBDIST":"CONDOROMA","NOMBPROV":"ESPINAR","NOMBDEP":"CUSCO"},"geometry":{"type":"Polygon","coordinates":[[[-70.9821,-15.1474],[-70.9625,-15.2156],[-70.9853,-15.249],[-70.9523,-15.2898],[-70.9608,-15.32],[-71.0123,-15.3438],[-71.039,-15.4052],[-71.0717,-15.4493],[-71.1193,-15.4276],[-71.1743,-15.4245],[-71.1512,-15.3639],[-71.1654,-15.2889],[-71.2021,-15.2451],[-71.1723,-15.2177],[-71.133,-15.225],[-71.0981,-15.2073],[-71.047,-15.2118],[-71.0346,-15.165],[-71.0503,-15.127],[-71.0185,-15.164],[-70.9821,-15.1474]]]}},{"type":"Feature","properties":{"IDDIST":"050706","NOMBDIST":"PUYUSCA","NOMBPROV":"PARINACOCHAS","NOMBDEP":"AYACUCHO"},"geometry":{"type":"Polygon","coordinates":[[[-73.5531,-15.1224],[-73.5323,-15.2179],[-73.5021,-15.2729],[-73.4485,-15.3189],[-73.4411,-15.3557],[-73.5574,-15.4086],[-73.6235,-15.4211],[-73.6881,-15.4372],[-73.7071,-15.3584],[-73.6958,-15.3237],[-73.6596,-15.3187],[-73.6472,-15.2771],[-73.6961,-15.2492],[-73.7402,-15.266],[-73.7389,-15.2111],[-73.6963,-15.2037],[-73.662,-15.1258],[-73.5531,-15.1224]]]}},{"type":"Feature","properties":{"IDDIST":"210710","NOMBDIST":"VILAVILA","NOMBPROV":"LAMPA","NOMBDEP":"PUNO"},"geometry":{"type":"Polygon","coordinates":[[[-70.5625,-15.1916],[-70.6044,-15.2208],[-70.6599,-15.2089],[-70.7097,-15.2437],[-70.7324,-15.2384],[-70.7079,-15.1266],[-70.6799,-15.1162],[-70.5959,-15.1268],[-70.5625,-15.1916]]]}},{"type":"Feature","properties":{"IDDIST":"040305","NOMBDIST":"BELLA UNION","NOMBPROV":"CARAVELI","NOMBDEP":"AREQUIPA"},"geometry":{"type":"Polygon","coordinates":[[[-74.5018,-15.1606],[-74.5598,-15.2479],[-74.5881,-15.3439],[-74.5807,-15.3588],[-74.6245,-15.4241],[-74.6389,-15.4922],[-74.6303,-15.5694],[-74.6339,-15.6384],[-74.652,-15.6564],[-74.7497,-15.6004],[-74.8278,-15.5684],[-74.8334,-15.5207],[-74.8636,-15.4552],[-74.8953,-15.3333],[-74.9083,-15.2521],[-74.8851,-15.1782],[-74.8552,-15.1538],[-74.7623,-15.0981],[-74.7186,-15.1357],[-74.606,-15.1485],[-74.5525,-15.1399],[-74.5018,-15.1606]]]}},{"type":"Feature","properties":{"IDDIST":"040802","NOMBDIST":"ALCA","NOMBPROV":"LA UNION","NOMBDEP":"AREQUIPA"},"geometry":{"type":"Polygon","coordinates":[[[-72.6321,-15.2255],[-72.6934,-15.2432],[-72.7305,-15.2083],[-72.774,-15.1932],[-72.8185,-15.1511],[-72.7647,-15.1292],[-72.7424,-15.0778],[-72.7171,-15.1139],[-72.6506,-15.1392],[-72.6321,-15.2255]]]}},{"type":"Feature","properties":{"IDDIST":"210601","NOMBDIST":"HUANCANE","NOMBPROV":"HUANCANE","NOMBDEP":"PUNO"},"geometry":{"type":"Polygon","coordinates":[[[-69.792,-15.0479],[-69.7635,-15.0633],[-69.74,-15.1149],[-69.7181,-15.2439],[-69.7727,-15.3089],[-69.8184,-15.3068],[-69.8247,-15.291],[-69.8349,-15.2791],[-69.8452,-15.2744],[-69.8507,-15.2615],[-69.9032,-15.2356],[-69.8877,-15.2069],[-69.8873,-15.2058],[-69.9001,-15.1662],[-69.8766,-15.1088],[-69.8673,-15.0519],[-69.8185,-15.0885],[-69.792,-15.0479]]]}},{"type":"Feature","properties":{"IDDIST":"210608","NOMBDIST":"VILQUE CHICO","NOMBPROV":"HUANCANE","NOMBDEP":"PUNO"},"geometry":{"type":"Polygon","coordinates":[[[-69.4174,-15.1381],[-69.4522,-15.1322],[-69.5543,-15.1697],[-69.6019,-15.2245],[-69.6227,-15.2694],[-69.6551,-15.2714],[-69.679,-15.2426],[-69.7181,-15.2439],[-69.74,-15.1149],[-69.7635,-15.0633],[-69.7203,-15.0926],[-69.6893,-15.0622],[-69.6502,-15.0683],[-69.5809,-15.0464],[-69.554,-15.0426],[-69.513,-15.0776],[-69.4916,-15.0649],[-69.4233,-15.091],[-69.4174,-15.1381]]]}},{"type":"Feature","properties":{"IDDIST":"050804","NOMBDIST":"LAMPA","NOMBPROV":"PAUCAR DEL SARA SARA","NOMBDEP":"AYACUCHO"},"geometry":{"type":"Polygon","coordinates":[[[-73.4581,-15.0394],[-73.4396,-15.0624],[-73.4276,-15.1227],[-73.3387,-15.1556],[-73.3237,-15.2507],[-73.3995,-15.2128],[-73.4562,-15.1737],[-73.5036,-15.1826],[-73.5119,-15.2248],[-73.5323,-15.2179],[-73.5531,-15.1224],[-73.5435,-15.0923],[-73.5453,-15.0557],[-73.4856,-15.0606],[-73.4581,-15.0394]]]}},{"type":"Feature","properties":{"IDDIST":"050805","NOMBDIST":"MARCABAMBA","NOMBPROV":"PAUCAR DEL SARA SARA","NOMBDEP":"AYACUCHO"},"geometry":{"type":"Polygon","coordinates":[[[-73.3301,-15.1256],[-73.3387,-15.1556],[-73.4276,-15.1227],[-73.4396,-15.0624],[-73.3316,-15.0296],[-73.3301,-15.1256]]]}},{"type":"Feature","properties":{"IDDIST":"210206","NOMBDIST":"CHUPA","NOMBPROV":"AZANGARO","NOMBDEP":"PUNO"},"geometry":{"type":"Polygon","coordinates":[[[-69.9679,-15.0249],[-69.8983,-15.1108],[-69.8766,-15.1088],[-69.9001,-15.1662],[-69.8873,-15.2058],[-69.9326,-15.1539],[-69.9903,-15.1685],[-70.0172,-15.0918],[-69.989,-15.0172],[-69.9679,-15.0249]]]}},{"type":"Feature","properties":{"IDDIST":"050802","NOMBDIST":"COLTA","NOMBPROV":"PAUCAR DEL SARA SARA","NOMBDEP":"AYACUCHO"},"geometry":{"type":"Polygon","coordinates":[[[-73.2374,-15.2086],[-73.2578,-15.2179],[-73.2809,-15.2612],[-73.3237,-15.2507],[-73.3387,-15.1556],[-73.3301,-15.1256],[-73.2697,-15.1119],[-73.2516,-15.0306],[-73.1577,-15.0138],[-73.1546,-15.0529],[-73.1824,-15.0759],[-73.1969,-15.1529],[-73.2254,-15.1405],[-73.2374,-15.2086]]]}},{"type":"Feature","properties":{"IDDIST":"210705","NOMBDIST":"OCUVIRI","NOMBPROV":"LAMPA","NOMBDEP":"PUNO"},"geometry":{"type":"Polygon","coordinates":[[[-70.7529,-15.0465],[-70.709,-15.0859],[-70.7079,-15.1266],[-70.7324,-15.2384],[-70.7537,-15.2469],[-70.7652,-15.3125],[-70.7703,-15.3462],[-70.8075,-15.3611],[-70.9263,-15.3479],[-70.9608,-15.32],[-70.9523,-15.2898],[-70.9853,-15.249],[-70.9625,-15.2156],[-70.9821,-15.1474],[-70.9936,-15.0846],[-70.8344,-15.0013],[-70.7529,-15.0465]]]}},{"type":"Feature","properties":{"IDDIST":"050702","NOMBDIST":"CHUMPI","NOMBPROV":"PARINACOCHAS","NOMBDEP":"AYACUCHO"},"geometry":{"type":"Polygon","coordinates":[[[-73.5435,-15.0923],[-73.5531,-15.1224],[-73.662,-15.1258],[-73.6963,-15.2037],[-73.7389,-15.2111],[-73.8625,-15.132],[-73.8017,-15.0857],[-73.7752,-15.095],[-73.6992,-14.9946],[-73.6679,-14.9937],[-73.6565,-15.0461],[-73.5863,-15.0422],[-73.5435,-15.0923]]]}},{"type":"Feature","properties":{"IDDIST":"110304","NOMBDIST":"MARCONA","NOMBPROV":"NAZCA","NOMBDEP":"ICA"},"geometry":{"type":"Polygon","coordinates":[[[-74.6657,-14.9979],[-74.6643,-15.0447],[-74.7623,-15.0981],[-74.8552,-15.1538],[-74.8706,-15.1512],[-74.9399,-15.206],[-74.9682,-15.2994],[-75.0039,-15.3302],[-75.0497,-15.4345],[-75.0733,-15.4429],[-75.0826,-15.4237],[-75.1859,-15.3672],[-75.1522,-15.3494],[-75.1688,-15.3074],[-75.2306,-15.2772],[-75.2166,-15.2314],[-75.2747,-15.1683],[-75.3687,-15.1408],[-75.4415,-15.003],[-75.2496,-15.003],[-75.0012,-15.0031],[-74.8397,-14.9967],[-74.6657,-14.9979]]]}},{"type":"Feature","properties":{"IDDIST":"210214","NOMBDIST":"SANTIAGO DE PUPUJA","NOMBPROV":"AZANGARO","NOMBDEP":"PUNO"},"geometry":{"type":"Polygon","coordinates":[[[-70.1606,-15.0544],[-70.1661,-15.0982],[-70.1998,-15.1648],[-70.2511,-15.1823],[-70.266,-15.1693],[-70.3497,-15.1677],[-70.3516,-15.0919],[-70.306,-15.0612],[-70.274,-14.9916],[-70.1859,-14.9779],[-70.1584,-14.998],[-70.1606,-15.0544]]]}},{"type":"Feature","properties":{"IDDIST":"040517","NOMBDIST":"TISCO","NOMBPROV":"CAYLLOMA","NOMBDEP":"AREQUIPA"},"geometry":{"type":"Polygon","coordinates":[[[-71.4475,-14.9798],[-71.4186,-15.0302],[-71.3727,-15.0791],[-71.3156,-15.1202],[-71.2154,-15.0489],[-71.1954,-15.0902],[-71.1436,-15.1206],[-71.1804,-15.1626],[-71.1723,-15.2177],[-71.2021,-15.2451],[-71.2248,-15.2506],[-71.2652,-15.3239],[-71.3143,-15.3621],[-71.3507,-15.4317],[-71.4147,-15.4317],[-71.4566,-15.4391],[-71.5404,-15.3636],[-71.567,-15.3064],[-71.5465,-15.2813],[-71.5497,-15.2357],[-71.5879,-15.1743],[-71.5891,-15.1289],[-71.5706,-15.0612],[-71.5117,-15.0794],[-71.4859,-15.0591],[-71.5102,-15.0046],[-71.507,-14.9763],[-71.4475,-14.9798]]]}},{"type":"Feature","properties":{"IDDIST":"210207","NOMBDIST":"JOSE DOMINGO CHOQUEHUANCA","NOMBPROV":"AZANGARO","NOMBDEP":"PUNO"},"geometry":{"type":"Polygon","coordinates":[[[-70.274,-14.9916],[-70.306,-15.0612],[-70.3516,-15.0919],[-70.3628,-15.0187],[-70.3024,-14.9743],[-70.274,-14.9916]]]}},{"type":"Feature","properties":{"IDDIST":"050808","NOMBDIST":"SAN JAVIER DE ALPABAMBA","NOMBPROV":"PAUCAR DEL SARA SARA","NOMBDEP":"AYACUCHO"},"geometry":{"type":"Polygon","coordinates":[[[-73.2639,-14.976],[-73.2516,-15.0306],[-73.2697,-15.1119],[-73.3301,-15.1256],[-73.3316,-15.0296],[-73.3425,-15.0035],[-73.2639,-14.976]]]}},{"type":"Feature","properties":{"IDDIST":"210603","NOMBDIST":"HUATASANI","NOMBPROV":"HUANCANE","NOMBDEP":"PUNO"},"geometry":{"type":"Polygon","coordinates":[[[-69.7748,-14.9596],[-69.7309,-14.9977],[-69.792,-15.0479],[-69.8185,-15.0885],[-69.8673,-15.0519],[-69.8485,-15.0076],[-69.7748,-14.9596]]]}},{"type":"Feature","properties":{"IDDIST":"210203","NOMBDIST":"ARAPA","NOMBPROV":"AZANGARO","NOMBDEP":"PUNO"},"geometry":{"type":"Polygon","coordinates":[[[-69.9761,-14.944],[-69.9593,-14.9607],[-69.9679,-15.0249],[-69.989,-15.0172],[-70.0172,-15.0918],[-69.9903,-15.1685],[-70.0204,-15.1536],[-70.045,-15.1107],[-70.1162,-15.1679],[-70.0858,-15.1841],[-70.1051,-15.2077],[-70.1123,-15.2196],[-70.1949,-15.1974],[-70.1998,-15.1648],[-70.1661,-15.0982],[-70.1606,-15.0544],[-70.0745,-15.0498],[-70.0596,-15.0128],[-70.0442,-14.9853],[-69.9761,-14.944]]]}},{"type":"Feature","properties":{"IDDIST":"210213","NOMBDIST":"SAN JUAN DE SALINAS","NOMBPROV":"AZANGARO","NOMBDEP":"PUNO"},"geometry":{"type":"Polygon","coordinates":[[[-70.0596,-15.0128],[-70.0745,-15.0498],[-70.1606,-15.0544],[-70.1584,-14.998],[-70.1859,-14.9779],[-70.1862,-14.9426],[-70.1081,-14.9567],[-70.0596,-15.0128]]]}},{"type":"Feature","properties":{"IDDIST":"211003","NOMBDIST":"PEDRO VILCA APAZA","NOMBPROV":"SAN ANTONIO DE PUTINA","NOMBDEP":"PUNO"},"geometry":{"type":"Polygon","coordinates":[[[-69.8485,-15.0076],[-69.8673,-15.0519],[-69.8766,-15.1088],[-69.8983,-15.1108],[-69.9679,-15.0249],[-69.9593,-14.9607],[-69.9761,-14.944],[-69.9659,-14.9254],[-69.9216,-14.9501],[-69.8883,-14.9898],[-69.8485,-15.0076]]]}},{"type":"Feature","properties":{"IDDIST":"050707","NOMBDIST":"SAN FRANCISCO DE RAVACAYCO","NOMBPROV":"PARINACOCHAS","NOMBDEP":"AYACUCHO"},"geometry":{"type":"Polygon","coordinates":[[[-73.2639,-14.976],[-73.3425,-15.0035],[-73.3316,-15.0296],[-73.4396,-15.0624],[-73.4581,-15.0394],[-73.3804,-14.9846],[-73.3125,-14.9655],[-73.2627,-14.9201],[-73.2639,-14.976]]]}},{"type":"Feature","properties":{"IDDIST":"080804","NOMBDIST":"OCORURO","NOMBPROV":"ESPINAR","NOMBDEP":"CUSCO"},"geometry":{"type":"Polygon","coordinates":[[[-71.0503,-15.127],[-71.0346,-15.165],[-71.047,-15.2118],[-71.0981,-15.2073],[-71.133,-15.225],[-71.1723,-15.2177],[-71.1804,-15.1626],[-71.1436,-15.1206],[-71.1954,-15.0902],[-71.2154,-15.0489],[-71.2399,-14.9892],[-71.2329,-14.9167],[-71.1757,-14.9358],[-71.1555,-14.9901],[-71.1125,-15.0005],[-71.1068,-15.0295],[-71.0503,-15.127]]]}},{"type":"Feature","properties":{"IDDIST":"210604","NOMBDIST":"INCHUPALLA","NOMBPROV":"HUANCANE","NOMBDEP":"PUNO"},"geometry":{"type":"Polygon","coordinates":[[[-69.5418,-14.9294],[-69.5109,-14.9503],[-69.5254,-14.9914],[-69.5713,-15.0098],[-69.5809,-15.0464],[-69.6502,-15.0683],[-69.6893,-15.0622],[-69.7203,-15.0926],[-69.7635,-15.0633],[-69.792,-15.0479],[-69.7309,-14.9977],[-69.6968,-14.953],[-69.6209,-14.945],[-69.6138,-14.914],[-69.5418,-14.9294]]]}},{"type":"Feature","properties":{"IDDIST":"210708","NOMBDIST":"PUCARA","NOMBPROV":"LAMPA","NOMBDEP":"PUNO"},"geometry":{"type":"Polygon","coordinates":[[[-70.4655,-14.9282],[-70.4017,-14.9686],[-70.3628,-15.0187],[-70.3516,-15.0919],[-70.3497,-15.1677],[-70.3574,-15.1705],[-70.4044,-15.2035],[-70.5069,-15.2263],[-70.5388,-15.1856],[-70.5201,-15.1513],[-70.5526,-15.0636],[-70.5318,-15.0279],[-70.5418,-14.9919],[-70.5137,-14.971],[-70.5044,-14.9224],[-70.4655,-14.9282]]]}},{"type":"Feature","properties":{"IDDIST":"210804","NOMBDIST":"LLALLI","NOMBPROV":"MELGAR","NOMBDEP":"PUNO"},"geometry":{"type":"Polygon","coordinates":[[[-70.8344,-15.0013],[-70.9936,-15.0846],[-71.0041,-14.9719],[-70.9889,-14.9086],[-70.9402,-14.9347],[-70.8664,-14.9118],[-70.852,-14.9918],[-70.8344,-15.0013]]]}},{"type":"Feature","properties":{"IDDIST":"050704","NOMBDIST":"PACAPAUSA","NOMBPROV":"PARINACOCHAS","NOMBDEP":"AYACUCHO"},"geometry":{"type":"Polygon","coordinates":[[[-73.2542,-14.8995],[-73.2627,-14.9201],[-73.3125,-14.9655],[-73.3804,-14.9846],[-73.4581,-15.0394],[-73.458,-14.9936],[-73.422,-14.9718],[-73.3819,-14.9134],[-73.3401,-14.8924],[-73.2542,-14.8995]]]}},{"type":"Feature","properties":{"IDDIST":"040409","NOMBDIST":"ORCOPAMPA","NOMBPROV":"CASTILLA","NOMBDEP":"AREQUIPA"},"geometry":{"type":"Polygon","coordinates":[[[-72.1022,-14.9549],[-72.1236,-15.0587],[-72.1784,-15.0733],[-72.2153,-15.1736],[-72.2571,-15.1927],[-72.2382,-15.2311],[-72.2652,-15.2763],[-72.2631,-15.3761],[-72.3248,-15.387],[-72.3223,-15.3492],[-72.3646,-15.3153],[-72.3509,-15.2736],[-72.3749,-15.2497],[-72.3769,-15.1978],[-72.3575,-15.1532],[-72.3556,-15.0978],[-72.317,-15.0944],[-72.2655,-15.0433],[-72.2534,-14.9463],[-72.2092,-14.9104],[-72.1477,-14.8814],[-72.1067,-14.9],[-72.1022,-14.9549]]]}},{"type":"Feature","properties":{"IDDIST":"080807","NOMBDIST":"SUYCKUTAMBO","NOMBPROV":"ESPINAR","NOMBDEP":"CUSCO"},"geometry":{"type":"Polygon","coordinates":[[[-71.5102,-15.0046],[-71.4859,-15.0591],[-71.5117,-15.0794],[-71.5706,-15.0612],[-71.5891,-15.1289],[-71.636,-15.1391],[-71.668,-15.0919],[-71.803,-15.0674],[-71.8493,-15.0451],[-71.7675,-15.0105],[-71.746,-14.9399],[-71.7377,-14.8807],[-71.6575,-14.8559],[-71.5511,-14.9026],[-71.6002,-14.9584],[-71.5552,-14.9917],[-71.5102,-15.0046]]]}},{"type":"Feature","properties":{"IDDIST":"050619","NOMBDIST":"SANCOS","NOMBPROV":"LUCANAS","NOMBDEP":"AYACUCHO"},"geometry":{"type":"Polygon","coordinates":[[[-73.9969,-14.9396],[-73.9397,-14.9581],[-73.9264,-15.0446],[-73.9003,-15.1292],[-73.9682,-15.1461],[-74.0158,-15.1764],[-74.065,-15.2259],[-74.1121,-15.2394],[-74.1807,-15.2236],[-74.2242,-15.236],[-74.2011,-15.321],[-74.2564,-15.4021],[-74.2412,-15.481],[-74.3001,-15.4784],[-74.3284,-15.391],[-74.3097,-15.3589],[-74.3779,-15.3319],[-74.4129,-15.3016],[-74.3879,-15.2518],[-74.3928,-15.1974],[-74.3393,-15.1761],[-74.333,-15.1514],[-74.2563,-15.1143],[-74.243,-15.0491],[-74.1829,-15.0074],[-74.1707,-14.955],[-74.1439,-14.9215],[-74.0777,-14.9106],[-73.9969,-14.9396]]]}},{"type":"Feature","properties":{"IDDIST":"040404","NOMBDIST":"CHACHAS","NOMBPROV":"CASTILLA","NOMBDEP":"AREQUIPA"},"geometry":{"type":"Polygon","coordinates":[[[-71.9697,-15.1355],[-72.0459,-15.1674],[-72.0254,-15.1955],[-72.0616,-15.2542],[-72.1065,-15.2569],[-72.1323,-15.3088],[-72.1108,-15.355],[-72.1693,-15.4137],[-72.1598,-15.4416],[-72.2002,-15.5298],[-72.2569,-15.5429],[-72.3077,-15.4898],[-72.274,-15.468],[-72.2327,-15.384],[-72.2631,-15.3761],[-72.2652,-15.2763],[-72.2382,-15.2311],[-72.2571,-15.1927],[-72.2153,-15.1736],[-72.1784,-15.0733],[-72.1236,-15.0587],[-72.1022,-14.9549],[-72.0719,-14.9374],[-72.0268,-14.876],[-72.0049,-14.8863],[-71.9519,-14.8373],[-71.9396,-14.9198],[-71.9138,-14.9573],[-71.9519,-14.9885],[-71.9598,-15.0406],[-71.9824,-15.0637],[-71.947,-15.1103],[-71.9697,-15.1355]]]}},{"type":"Feature","properties":{"IDDIST":"110305","NOMBDIST":"VISTA ALEGRE","NOMBPROV":"NAZCA","NOMBDEP":"ICA"},"geometry":{"type":"Polygon","coordinates":[[[-74.6739,-14.8787],[-74.6855,-14.9295],[-74.6594,-14.9703],[-74.6657,-14.9979],[-74.8397,-14.9967],[-75.0012,-15.0031],[-74.9856,-14.9678],[-74.9828,-14.8451],[-74.9521,-14.8371],[-74.905,-14.8685],[-74.7953,-14.8749],[-74.7322,-14.8424],[-74.6938,-14.8382],[-74.6739,-14.8787]]]}},{"type":"Feature","properties":{"IDDIST":"210215","NOMBDIST":"TIRAPATA","NOMBPROV":"AZANGARO","NOMBDEP":"PUNO"},"geometry":{"type":"Polygon","coordinates":[[[-70.31,-14.8926],[-70.3193,-14.9406],[-70.3024,-14.9743],[-70.3628,-15.0187],[-70.4017,-14.9686],[-70.4655,-14.9282],[-70.4422,-14.8328],[-70.3962,-14.8615],[-70.31,-14.8926]]]}},{"type":"Feature","properties":{"IDDIST":"050806","NOMBDIST":"OYOLO","NOMBPROV":"PAUCAR DEL SARA SARA","NOMBDEP":"AYACUCHO"},"geometry":{"type":"Polygon","coordinates":[[[-73.0142,-14.8557],[-73.0315,-14.9001],[-72.9867,-14.9561],[-73.0053,-15.0093],[-73.0042,-15.0641],[-73.0359,-15.1337],[-73.1107,-15.1861],[-73.1317,-15.2408],[-73.2185,-15.1979],[-73.2374,-15.2086],[-73.2254,-15.1405],[-73.1969,-15.1529],[-73.1824,-15.0759],[-73.1546,-15.0529],[-73.1577,-15.0138],[-73.2516,-15.0306],[-73.2639,-14.976],[-73.2627,-14.9201],[-73.2542,-14.8995],[-73.1644,-14.9122],[-73.0946,-14.8433],[-73.0612,-14.8255],[-73.0142,-14.8557]]]}},{"type":"Feature","properties":{"IDDIST":"210803","NOMBDIST":"CUPI","NOMBPROV":"MELGAR","NOMBDEP":"PUNO"},"geometry":{"type":"Polygon","coordinates":[[[-70.806,-14.8452],[-70.83,-14.9009],[-70.8038,-14.9367],[-70.8344,-15.0013],[-70.852,-14.9918],[-70.8664,-14.9118],[-70.9402,-14.9347],[-70.9889,-14.9086],[-70.9958,-14.8314],[-70.9783,-14.8242],[-70.8392,-14.848],[-70.806,-14.8452]]]}},{"type":"Feature","properties":{"IDDIST":"040505","NOMBDIST":"CAYLLOMA","NOMBPROV":"CAYLLOMA","NOMBDEP":"AREQUIPA"},"geometry":{"type":"Polygon","coordinates":[[[-71.746,-14.9399],[-71.7675,-15.0105],[-71.8493,-15.0451],[-71.803,-15.0674],[-71.668,-15.0919],[-71.636,-15.1391],[-71.5891,-15.1289],[-71.5879,-15.1743],[-71.6318,-15.2788],[-71.6291,-15.3375],[-71.5923,-15.3891],[-71.6503,-15.4159],[-71.6794,-15.4169],[-71.7079,-15.3615],[-71.7558,-15.362],[-71.7858,-15.3878],[-71.8626,-15.4078],[-71.8679,-15.3164],[-71.9017,-15.2902],[-71.91,-15.2528],[-71.9442,-15.2481],[-71.9014,-15.1708],[-71.9697,-15.1355],[-71.947,-15.1103],[-71.9824,-15.0637],[-71.9598,-15.0406],[-71.9519,-14.9885],[-71.9138,-14.9573],[-71.9396,-14.9198],[-71.9519,-14.8373],[-71.9175,-14.8314],[-71.8939,-14.7896],[-71.8767,-14.8004],[-71.8521,-14.8881],[-71.7976,-14.896],[-71.746,-14.9399]]]}},{"type":"Feature","properties":{"IDDIST":"050614","NOMBDIST":"SAISA","NOMBPROV":"LUCANAS","NOMBDEP":"AYACUCHO"},"geometry":{"type":"Polygon","coordinates":[[[-74.2351,-14.9609],[-74.277,-15.0106],[-74.3445,-15.0672],[-74.3932,-15.06],[-74.4781,-15.1135],[-74.5328,-15.0422],[-74.4515,-14.9568],[-74.4244,-14.8881],[-74.3618,-14.7974],[-74.3676,-14.7744],[-74.2891,-14.803],[-74.2958,-14.8478],[-74.2656,-14.9337],[-74.2351,-14.9609]]]}},{"type":"Feature","properties":{"IDDIST":"050605","NOMBDIST":"CHAVIÑA","NOMBPROV":"LUCANAS","NOMBDEP":"AYACUCHO"},"geometry":{"type":"Polygon","coordinates":[[[-73.8017,-15.0857],[-73.8625,-15.132],[-73.9003,-15.1292],[-73.9264,-15.0446],[-73.9397,-14.9581],[-73.9969,-14.9396],[-73.9532,-14.9114],[-73.9397,-14.8579],[-73.9105,-14.7937],[-73.8706,-14.7671],[-73.8937,-14.811],[-73.8976,-14.8571],[-73.8425,-14.9211],[-73.8163,-14.9757],[-73.8017,-15.0857]]]}},{"type":"Feature","properties":{"IDDIST":"210602","NOMBDIST":"COJATA","NOMBPROV":"HUANCANE","NOMBDEP":"PUNO"},"geometry":{"type":"Polygon","coordinates":[[[-69.3538,-14.8017],[-69.3439,-14.8827],[-69.3616,-14.9492],[-69.2992,-15.0495],[-69.2852,-15.095],[-69.2358,-15.1203],[-69.1315,-15.234],[-69.1763,-15.2614],[-69.1894,-15.2312],[-69.2406,-15.1868],[-69.2917,-15.1623],[-69.3433,-15.1832],[-69.3697,-15.1436],[-69.4174,-15.1381],[-69.4233,-15.091],[-69.4916,-15.0649],[-69.513,-15.0776],[-69.554,-15.0426],[-69.5809,-15.0464],[-69.5713,-15.0098],[-69.5254,-14.9914],[-69.5109,-14.9503],[-69.5418,-14.9294],[-69.5177,-14.8762],[-69.5297,-14.843],[-69.5009,-14.7988],[-69.5117,-14.7735],[-69.4659,-14.7703],[-69.435,-14.8387],[-69.3538,-14.8017]]]}},{"type":"Feature","properties":{"IDDIST":"040805","NOMBDIST":"PAMPAMARCA","NOMBPROV":"LA UNION","NOMBDEP":"AREQUIPA"},"geometry":{"type":"Polygon","coordinates":[[[-72.8468,-14.7598],[-72.8464,-14.7599],[-72.8765,-14.8433],[-72.8268,-14.9545],[-72.862,-15.0092],[-72.8476,-15.1244],[-72.8999,-15.2045],[-72.9418,-15.223],[-72.9502,-15.2323],[-72.9915,-15.1974],[-73.0359,-15.1337],[-73.0042,-15.0641],[-73.0053,-15.0093],[-72.9867,-14.9561],[-73.0315,-14.9001],[-73.0142,-14.8557],[-73.0028,-14.815],[-72.9427,-14.7654],[-72.8823,-14.7714],[-72.8468,-14.7598]]]}},{"type":"Feature","properties":{"IDDIST":"050617","NOMBDIST":"SAN PEDRO","NOMBPROV":"LUCANAS","NOMBDEP":"AYACUCHO"},"geometry":{"type":"Polygon","coordinates":[[[-73.9397,-14.8579],[-73.9532,-14.9114],[-73.9969,-14.9396],[-74.0777,-14.9106],[-74.1439,-14.9215],[-74.1707,-14.955],[-74.1829,-15.0074],[-74.243,-15.0491],[-74.2563,-15.1143],[-74.333,-15.1514],[-74.3393,-15.1761],[-74.3928,-15.1974],[-74.4183,-15.169],[-74.5018,-15.1606],[-74.4781,-15.1135],[-74.3932,-15.06],[-74.3445,-15.0672],[-74.277,-15.0106],[-74.2351,-14.9609],[-74.1875,-14.8703],[-74.1487,-14.8177],[-74.1609,-14.7705],[-74.1239,-14.7338],[-74.0694,-14.7836],[-73.9805,-14.8182],[-73.9397,-14.8579]]]}},{"type":"Feature","properties":{"IDDIST":"050708","NOMBDIST":"UPAHUACHO","NOMBPROV":"PARINACOCHAS","NOMBDEP":"AYACUCHO"},"geometry":{"type":"Polygon","coordinates":[[[-73.5653,-14.7758],[-73.485,-14.8426],[-73.4163,-14.7713],[-73.404,-14.851],[-73.4195,-14.8739],[-73.3819,-14.9134],[-73.422,-14.9718],[-73.458,-14.9936],[-73.4581,-15.0394],[-73.4856,-15.0606],[-73.5453,-15.0557],[-73.5481,-14.9626],[-73.5887,-14.923],[-73.5919,-14.8914],[-73.6418,-14.8638],[-73.6448,-14.8327],[-73.7147,-14.7885],[-73.7253,-14.7493],[-73.6784,-14.7291],[-73.6069,-14.79],[-73.5653,-14.7758]]]}},{"type":"Feature","properties":{"IDDIST":"210809","NOMBDIST":"UMACHIRI","NOMBPROV":"MELGAR","NOMBDEP":"PUNO"},"geometry":{"type":"Polygon","coordinates":[[[-70.6728,-14.7245],[-70.703,-14.7471],[-70.6717,-14.7797],[-70.6989,-14.8304],[-70.6707,-14.8537],[-70.6591,-14.9061],[-70.7761,-14.9942],[-70.7529,-15.0465],[-70.8344,-15.0013],[-70.8038,-14.9367],[-70.83,-14.9009],[-70.806,-14.8452],[-70.7787,-14.8185],[-70.7671,-14.7583],[-70.6728,-14.7245]]]}},{"type":"Feature","properties":{"IDDIST":"080805","NOMBDIST":"PALLPATA","NOMBPROV":"ESPINAR","NOMBDEP":"CUSCO"},"geometry":{"type":"Polygon","coordinates":[[[-70.9783,-14.8242],[-70.9958,-14.8314],[-70.9889,-14.9086],[-71.0041,-14.9719],[-70.9936,-15.0846],[-70.9821,-15.1474],[-71.0185,-15.164],[-71.0503,-15.127],[-71.1068,-15.0295],[-71.1125,-15.0005],[-71.1555,-14.9901],[-71.1757,-14.9358],[-71.2329,-14.9167],[-71.2886,-14.8374],[-71.1907,-14.7811],[-71.1652,-14.789],[-71.0787,-14.723],[-71.0532,-14.7543],[-71.0131,-14.7397],[-70.9755,-14.7641],[-70.9783,-14.8242]]]}},{"type":"Feature","properties":{"IDDIST":"210201","NOMBDIST":"AZANGARO","NOMBPROV":"AZANGARO","NOMBDEP":"PUNO"},"geometry":{"type":"Polygon","coordinates":[[[-69.9886,-14.8731],[-69.9659,-14.9254],[-69.9761,-14.944],[-70.0442,-14.9853],[-70.0596,-15.0128],[-70.1081,-14.9567],[-70.1862,-14.9426],[-70.1859,-14.9779],[-70.274,-14.9916],[-70.3024,-14.9743],[-70.3193,-14.9406],[-70.31,-14.8926],[-70.2792,-14.7921],[-70.2371,-14.8092],[-70.1458,-14.7721],[-70.0717,-14.7086],[-70.0777,-14.7704],[-70.0347,-14.8079],[-69.9886,-14.8731]]]}},{"type":"Feature","properties":{"IDDIST":"080801","NOMBDIST":"ESPINAR","NOMBPROV":"ESPINAR","NOMBDEP":"CUSCO"},"geometry":{"type":"Polygon","coordinates":[[[-71.3682,-14.7717],[-71.2886,-14.8374],[-71.2329,-14.9167],[-71.2399,-14.9892],[-71.2154,-15.0489],[-71.3156,-15.1202],[-71.3727,-15.0791],[-71.4186,-15.0302],[-71.4475,-14.9798],[-71.449,-14.8507],[-71.4856,-14.8232],[-71.4805,-14.7535],[-71.4472,-14.7077],[-71.4333,-14.7401],[-71.3682,-14.7717]]]}},{"type":"Feature","properties":{"IDDIST":"110301","NOMBDIST":"NAZCA","NOMBPROV":"NAZCA","NOMBDEP":"ICA"},"geometry":{"type":"Polygon","coordinates":[[[-74.7322,-14.8424],[-74.7953,-14.8749],[-74.905,-14.8685],[-74.9521,-14.8371],[-74.9828,-14.8451],[-74.9856,-14.9678],[-75.0012,-15.0031],[-75.2496,-15.003],[-75.2822,-14.9841],[-75.2985,-14.9344],[-75.2293,-14.8568],[-75.2122,-14.815],[-75.2267,-14.7665],[-75.1659,-14.7705],[-75.1221,-14.7155],[-75.0914,-14.7163],[-75.0247,-14.7868],[-74.9856,-14.7743],[-74.8791,-14.713],[-74.8438,-14.7031],[-74.8027,-14.7522],[-74.7764,-14.7289],[-74.7385,-14.7537],[-74.7569,-14.7951],[-74.7322,-14.8424]]]}},{"type":"Feature","properties":{"IDDIST":"211004","NOMBDIST":"QUILCAPUNCU","NOMBPROV":"SAN ANTONIO DE PUTINA","NOMBDEP":"PUNO"},"geometry":{"type":"Polygon","coordinates":[[[-69.5117,-14.7735],[-69.5009,-14.7988],[-69.5297,-14.843],[-69.5177,-14.8762],[-69.5418,-14.9294],[-69.6138,-14.914],[-69.6209,-14.945],[-69.6968,-14.953],[-69.7309,-14.9977],[-69.7748,-14.9596],[-69.7779,-14.9241],[-69.7306,-14.8769],[-69.7431,-14.8176],[-69.7066,-14.8101],[-69.7057,-14.753],[-69.6854,-14.6992],[-69.6468,-14.7324],[-69.5921,-14.7552],[-69.5558,-14.7417],[-69.5117,-14.7735]]]}},{"type":"Feature","properties":{"IDDIST":"050621","NOMBDIST":"SANTA LUCIA","NOMBPROV":"LUCANAS","NOMBDEP":"AYACUCHO"},"geometry":{"type":"Polygon","coordinates":[[[-74.3896,-14.7326],[-74.3676,-14.7744],[-74.3618,-14.7974],[-74.4244,-14.8881],[-74.4515,-14.9568],[-74.5328,-15.0422],[-74.4781,-15.1135],[-74.5018,-15.1606],[-74.5525,-15.1399],[-74.606,-15.1485],[-74.7186,-15.1357],[-74.7623,-15.0981],[-74.6643,-15.0447],[-74.6657,-14.9979],[-74.6594,-14.9703],[-74.6855,-14.9295],[-74.6739,-14.8787],[-74.605,-14.8165],[-74.4572,-14.7025],[-74.4174,-14.6791],[-74.3896,-14.7326]]]}},{"type":"Feature","properties":{"IDDIST":"210801","NOMBDIST":"AYAVIRI","NOMBPROV":"MELGAR","NOMBDEP":"PUNO"},"geometry":{"type":"Polygon","coordinates":[[[-70.4542,-14.8249],[-70.4422,-14.8328],[-70.4655,-14.9282],[-70.5044,-14.9224],[-70.5137,-14.971],[-70.5418,-14.9919],[-70.5318,-15.0279],[-70.5526,-15.0636],[-70.5201,-15.1513],[-70.5388,-15.1856],[-70.5625,-15.1916],[-70.5959,-15.1268],[-70.6799,-15.1162],[-70.7079,-15.1266],[-70.709,-15.0859],[-70.7529,-15.0465],[-70.7761,-14.9942],[-70.6591,-14.9061],[-70.6707,-14.8537],[-70.6989,-14.8304],[-70.6717,-14.7797],[-70.703,-14.7471],[-70.6728,-14.7245],[-70.6341,-14.7106],[-70.6261,-14.6801],[-70.6165,-14.6745],[-70.5099,-14.7911],[-70.4542,-14.8249]]]}},{"type":"Feature","properties":{"IDDIST":"040806","NOMBDIST":"PUYCA","NOMBPROV":"LA UNION","NOMBDEP":"AREQUIPA"},"geometry":{"type":"Polygon","coordinates":[[[-72.4718,-14.6614],[-72.4861,-14.7125],[-72.4709,-14.7748],[-72.4065,-14.8271],[-72.3154,-14.8339],[-72.3019,-14.8957],[-72.3231,-14.9309],[-72.3992,-14.9575],[-72.4103,-14.9933],[-72.5269,-15.0586],[-72.4875,-15.1111],[-72.506,-15.178],[-72.5282,-15.1977],[-72.5719,-15.2003],[-72.6321,-15.2255],[-72.6506,-15.1392],[-72.7171,-15.1139],[-72.7424,-15.0778],[-72.712,-15.0594],[-72.7116,-14.9917],[-72.7262,-14.9624],[-72.6854,-14.8977],[-72.6642,-14.7863],[-72.5923,-14.7587],[-72.5944,-14.7137],[-72.5772,-14.6866],[-72.4718,-14.6614]]]}},{"type":"Feature","properties":{"IDDIST":"050615","NOMBDIST":"SAN CRISTOBAL","NOMBPROV":"LUCANAS","NOMBDEP":"AYACUCHO"},"geometry":{"type":"Polygon","coordinates":[[[-74.1887,-14.7059],[-74.1754,-14.7153],[-74.1609,-14.7705],[-74.1487,-14.8177],[-74.1875,-14.8703],[-74.2351,-14.9609],[-74.2656,-14.9337],[-74.2958,-14.8478],[-74.2891,-14.803],[-74.3676,-14.7744],[-74.3896,-14.7326],[-74.3208,-14.6581],[-74.2845,-14.6972],[-74.2229,-14.7165],[-74.1887,-14.7059]]]}},{"type":"Feature","properties":{"IDDIST":"040804","NOMBDIST":"HUAYNACOTAS","NOMBPROV":"LA UNION","NOMBDEP":"AREQUIPA"},"geometry":{"type":"Polygon","coordinates":[[[-72.6518,-14.669],[-72.611,-14.6761],[-72.5944,-14.7137],[-72.5923,-14.7587],[-72.6642,-14.7863],[-72.6854,-14.8977],[-72.7262,-14.9624],[-72.7116,-14.9917],[-72.712,-15.0594],[-72.7424,-15.0778],[-72.7647,-15.1292],[-72.8185,-15.1511],[-72.8587,-15.1808],[-72.8999,-15.2045],[-72.8476,-15.1244],[-72.862,-15.0092],[-72.8268,-14.9545],[-72.8765,-14.8433],[-72.8464,-14.7599],[-72.8286,-14.7026],[-72.7897,-14.6502],[-72.7247,-14.6759],[-72.6518,-14.669]]]}},{"type":"Feature","properties":{"IDDIST":"080808","NOMBDIST":"ALTO PICHIGUA","NOMBPROV":"ESPINAR","NOMBDEP":"CUSCO"},"geometry":{"type":"Polygon","coordinates":[[[-71.1179,-14.6489],[-71.0787,-14.723],[-71.1652,-14.789],[-71.1907,-14.7811],[-71.2886,-14.8374],[-71.3682,-14.7717],[-71.3479,-14.7584],[-71.3639,-14.6997],[-71.2972,-14.7139],[-71.216,-14.6967],[-71.1911,-14.6474],[-71.1566,-14.6338],[-71.1179,-14.6489]]]}},{"type":"Feature","properties":{"IDDIST":"040603","NOMBDIST":"CAYARANI","NOMBPROV":"CONDESUYOS","NOMBDEP":"AREQUIPA"},"geometry":{"type":"Polygon","coordinates":[[[-71.8939,-14.7896],[-71.9175,-14.8314],[-71.9519,-14.8373],[-72.0049,-14.8863],[-72.0268,-14.876],[-72.0719,-14.9374],[-72.1022,-14.9549],[-72.1067,-14.9],[-72.1477,-14.8814],[-72.2092,-14.9104],[-72.2534,-14.9463],[-72.2655,-15.0433],[-72.317,-15.0944],[-72.3556,-15.0978],[-72.3575,-15.1532],[-72.3769,-15.1978],[-72.3749,-15.2497],[-72.4196,-15.2705],[-72.4384,-15.3016],[-72.4271,-15.3681],[-72.4407,-15.3982],[-72.4605,-15.388],[-72.5204,-15.4102],[-72.5624,-15.3755],[-72.5444,-15.2799],[-72.52,-15.2408],[-72.5282,-15.1977],[-72.506,-15.178],[-72.4875,-15.1111],[-72.5269,-15.0586],[-72.4103,-14.9933],[-72.3992,-14.9575],[-72.3231,-14.9309],[-72.3019,-14.8957],[-72.3154,-14.8339],[-72.2523,-14.8037],[-72.1447,-14.7777],[-72.1287,-14.8306],[-72.0471,-14.8751],[-72.0343,-14.812],[-72.0478,-14.7388],[-72.0419,-14.6944],[-71.9879,-14.6329],[-71.9412,-14.6853],[-71.9586,-14.728],[-71.8939,-14.7896]]]}},{"type":"Feature","properties":{"IDDIST":"050703","NOMBDIST":"CORONEL CASTAÑEDA","NOMBPROV":"PARINACOCHAS","NOMBDEP":"AYACUCHO"},"geometry":{"type":"Polygon","coordinates":[[[-73.0174,-14.6307],[-72.9985,-14.6625],[-72.8656,-14.7107],[-72.8468,-14.7598],[-72.8823,-14.7714],[-72.9427,-14.7654],[-73.0028,-14.815],[-73.0142,-14.8557],[-73.0612,-14.8255],[-73.0946,-14.8433],[-73.1644,-14.9122],[-73.2542,-14.8995],[-73.3401,-14.8924],[-73.3819,-14.9134],[-73.4195,-14.8739],[-73.404,-14.851],[-73.4163,-14.7713],[-73.3904,-14.7161],[-73.3508,-14.704],[-73.28,-14.7316],[-73.2561,-14.709],[-73.1904,-14.7058],[-73.1532,-14.6743],[-73.1065,-14.6907],[-73.0174,-14.6307]]]}},{"type":"Feature","properties":{"IDDIST":"080806","NOMBDIST":"PICHIGUA","NOMBPROV":"ESPINAR","NOMBDEP":"CUSCO"},"geometry":{"type":"Polygon","coordinates":[[[-71.1803,-14.6145],[-71.1566,-14.6338],[-71.1911,-14.6474],[-71.216,-14.6967],[-71.2972,-14.7139],[-71.3639,-14.6997],[-71.3479,-14.7584],[-71.3682,-14.7717],[-71.4333,-14.7401],[-71.4472,-14.7077],[-71.4332,-14.6474],[-71.4444,-14.6139],[-71.4172,-14.6021],[-71.335,-14.6164],[-71.2571,-14.6531],[-71.2132,-14.6476],[-71.1803,-14.6145]]]}},{"type":"Feature","properties":{"IDDIST":"050616","NOMBDIST":"SAN JUAN","NOMBPROV":"LUCANAS","NOMBDEP":"AYACUCHO"},"geometry":{"type":"Polygon","coordinates":[[[-74.1754,-14.7153],[-74.1887,-14.7059],[-74.2196,-14.6401],[-74.1725,-14.5956],[-74.1586,-14.6795],[-74.1754,-14.7153]]]}},{"type":"Feature","properties":{"IDDIST":"110302","NOMBDIST":"CHANGUILLO","NOMBPROV":"NAZCA","NOMBDEP":"ICA"},"geometry":{"type":"Polygon","coordinates":[[[-75.2489,-14.5881],[-75.2188,-14.6464],[-75.1856,-14.6369],[-75.1422,-14.6788],[-75.1981,-14.6636],[-75.202,-14.7199],[-75.2267,-14.7665],[-75.2122,-14.815],[-75.2293,-14.8568],[-75.2985,-14.9344],[-75.2822,-14.9841],[-75.2496,-15.003],[-75.4415,-15.003],[-75.5043,-14.9599],[-75.494,-14.9297],[-75.4403,-14.8949],[-75.4161,-14.7747],[-75.4327,-14.75],[-75.4106,-14.6852],[-75.4263,-14.6431],[-75.3609,-14.6207],[-75.3637,-14.5821],[-75.3303,-14.6154],[-75.2489,-14.5881]]]}},{"type":"Feature","properties":{"IDDIST":"210807","NOMBDIST":"ORURILLO","NOMBPROV":"MELGAR","NOMBDEP":"PUNO"},"geometry":{"type":"Polygon","coordinates":[[[-70.4308,-14.5791],[-70.3877,-14.6367],[-70.3848,-14.677],[-70.4171,-14.7313],[-70.4542,-14.8249],[-70.5099,-14.7911],[-70.6165,-14.6745],[-70.5765,-14.6377],[-70.5387,-14.6499],[-70.5417,-14.5825],[-70.4308,-14.5791]]]}},{"type":"Feature","properties":{"IDDIST":"210102","NOMBDIST":"ACORA","NOMBPROV":"PUNO","NOMBDEP":"PUNO"},"geometry":{"type":"Polygon","coordinates":[[[-69.7129,-15.919],[-69.6717,-15.9566],[-69.6102,-15.9568],[-69.6144,-16.0074],[-69.6508,-16.0151],[-69.6517,-16.0532],[-69.6999,-16.0945],[-69.6883,-16.1278],[-69.71,-16.1985],[-69.7611,-16.2167],[-69.7757,-16.26],[-69.8073,-16.2779],[-69.7877,-16.3616],[-69.8011,-16.3871],[-69.8548,-16.4061],[-69.879,-16.4744],[-69.8951,-16.501],[-69.9284,-16.5152],[-70.0283,-16.6054],[-70.0246,-16.6312],[-70.0878,-16.6552],[-70.1687,-16.6096],[-70.1854,-16.5372],[-70.1761,-16.4848],[-70.1503,-16.449],[-70.087,-16.4113],[-70.0658,-16.3308],[-70.0173,-16.3098],[-69.9839,-16.2402],[-70.0049,-16.1935],[-69.951,-16.1266],[-69.9485,-16.082],[-69.9484,-16.0824],[-69.9403,-16.079],[-69.9399,-16.0794],[-69.9375,-16.0706],[-69.884,-16.0866],[-69.8465,-16.057],[-69.8539,-15.9745],[-69.8097,-15.9503],[-69.7348,-15.9508],[-69.7129,-15.919]]]}},{"type":"Feature","properties":{"IDDIST":"210805","NOMBDIST":"MACARI","NOMBPROV":"MELGAR","NOMBDEP":"PUNO"},"geometry":{"type":"Polygon","coordinates":[[[-70.9765,-14.5823],[-70.8518,-14.6123],[-70.8422,-14.6722],[-70.7663,-14.7209],[-70.7671,-14.7583],[-70.7787,-14.8185],[-70.806,-14.8452],[-70.8392,-14.848],[-70.9783,-14.8242],[-70.9755,-14.7641],[-71.0131,-14.7397],[-71.0532,-14.7543],[-71.0787,-14.723],[-71.1179,-14.6489],[-71.0694,-14.626],[-71.0014,-14.5722],[-70.9765,-14.5823]]]}},{"type":"Feature","properties":{"IDDIST":"210204","NOMBDIST":"ASILLO","NOMBPROV":"AZANGARO","NOMBDEP":"PUNO"},"geometry":{"type":"Polygon","coordinates":[[[-70.3421,-14.578],[-70.3568,-14.6265],[-70.3257,-14.6541],[-70.2977,-14.6413],[-70.2489,-14.6659],[-70.3008,-14.7213],[-70.285,-14.7748],[-70.2371,-14.8092],[-70.2792,-14.7921],[-70.31,-14.8926],[-70.3962,-14.8615],[-70.4422,-14.8328],[-70.4542,-14.8249],[-70.4171,-14.7313],[-70.3848,-14.677],[-70.3877,-14.6367],[-70.4308,-14.5791],[-70.4047,-14.5623],[-70.3677,-14.5959],[-70.3421,-14.578]]]}},{"type":"Feature","properties":{"IDDIST":"110303","NOMBDIST":"EL INGENIO","NOMBPROV":"NAZCA","NOMBDEP":"ICA"},"geometry":{"type":"Polygon","coordinates":[[[-74.8842,-14.5455],[-74.8784,-14.5875],[-74.8528,-14.6118],[-74.7882,-14.6156],[-74.8466,-14.6661],[-74.8438,-14.7031],[-74.8791,-14.713],[-74.9856,-14.7743],[-75.0247,-14.7868],[-75.0914,-14.7163],[-75.1221,-14.7155],[-75.1659,-14.7705],[-75.2267,-14.7665],[-75.202,-14.7199],[-75.1981,-14.6636],[-75.1422,-14.6788],[-75.1327,-14.6444],[-75.0952,-14.624],[-75.0801,-14.569],[-75.0599,-14.6226],[-74.9589,-14.6065],[-74.9472,-14.5819],[-74.8842,-14.5455]]]}},{"type":"Feature","properties":{"IDDIST":"210212","NOMBDIST":"SAN JOSE","NOMBPROV":"AZANGARO","NOMBDEP":"PUNO"},"geometry":{"type":"Polygon","coordinates":[[[-70.0717,-14.7086],[-70.1458,-14.7721],[-70.2371,-14.8092],[-70.285,-14.7748],[-70.3008,-14.7213],[-70.2489,-14.6659],[-70.2004,-14.6054],[-70.1638,-14.5865],[-70.1507,-14.5304],[-70.0709,-14.658],[-70.0717,-14.7086]]]}},{"type":"Feature","properties":{"IDDIST":"080803","NOMBDIST":"COPORAQUE","NOMBPROV":"ESPINAR","NOMBDEP":"CUSCO"},"geometry":{"type":"Polygon","coordinates":[[[-71.4444,-14.6139],[-71.4332,-14.6474],[-71.4472,-14.7077],[-71.4805,-14.7535],[-71.4856,-14.8232],[-71.449,-14.8507],[-71.4475,-14.9798],[-71.507,-14.9763],[-71.5102,-15.0046],[-71.5552,-14.9917],[-71.6002,-14.9584],[-71.5511,-14.9026],[-71.6575,-14.8559],[-71.7377,-14.8807],[-71.746,-14.9399],[-71.7976,-14.896],[-71.8521,-14.8881],[-71.8767,-14.8004],[-71.8939,-14.7896],[-71.8806,-14.7104],[-71.8581,-14.6923],[-71.802,-14.7093],[-71.7603,-14.6793],[-71.7041,-14.5733],[-71.662,-14.5645],[-71.6478,-14.5322],[-71.5794,-14.5477],[-71.4444,-14.6139]]]}},{"type":"Feature","properties":{"IDDIST":"110402","NOMBDIST":"LLIPATA","NOMBPROV":"PALPA","NOMBDEP":"ICA"},"geometry":{"type":"Polygon","coordinates":[[[-75.0801,-14.569],[-75.0952,-14.624],[-75.1327,-14.6444],[-75.1422,-14.6788],[-75.1856,-14.6369],[-75.2188,-14.6464],[-75.2489,-14.5881],[-75.2426,-14.5566],[-75.2228,-14.5602],[-75.088,-14.5279],[-75.0801,-14.569]]]}},{"type":"Feature","properties":{"IDDIST":"050601","NOMBDIST":"PUQUIO","NOMBPROV":"LUCANAS","NOMBDEP":"AYACUCHO"},"geometry":{"type":"Polygon","coordinates":[[[-73.9371,-14.5792],[-73.9257,-14.6188],[-73.8592,-14.6472],[-73.8278,-14.6848],[-73.8257,-14.7259],[-73.8706,-14.7671],[-73.9105,-14.7937],[-73.9397,-14.8579],[-73.9805,-14.8182],[-74.0694,-14.7836],[-74.1239,-14.7338],[-74.1609,-14.7705],[-74.1754,-14.7153],[-74.1586,-14.6795],[-74.1725,-14.5956],[-74.1461,-14.5147],[-74.0861,-14.5329],[-74.0256,-14.5179],[-73.9829,-14.5796],[-73.9371,-14.5792]]]}},{"type":"Feature","properties":{"IDDIST":"211002","NOMBDIST":"ANANEA","NOMBPROV":"SAN ANTONIO DE PUTINA","NOMBDEP":"PUNO"},"geometry":{"type":"Polygon","coordinates":[[[-69.691,-14.5178],[-69.6611,-14.5418],[-69.6581,-14.6051],[-69.6122,-14.6618],[-69.5818,-14.6272],[-69.4627,-14.5871],[-69.447,-14.5974],[-69.4127,-14.6211],[-69.3483,-14.6234],[-69.3052,-14.6566],[-69.2537,-14.6754],[-69.2253,-14.7407],[-69.2399,-14.7595],[-69.3012,-14.7653],[-69.3538,-14.8017],[-69.435,-14.8387],[-69.4659,-14.7703],[-69.5117,-14.7735],[-69.5558,-14.7417],[-69.5921,-14.7552],[-69.6468,-14.7324],[-69.6854,-14.6992],[-69.7057,-14.753],[-69.7066,-14.8101],[-69.7431,-14.8176],[-69.7578,-14.7119],[-69.746,-14.6166],[-69.7135,-14.6046],[-69.7109,-14.5094],[-69.691,-14.5178]]]}},{"type":"Feature","properties":{"IDDIST":"050701","NOMBDIST":"CORACORA","NOMBPROV":"PARINACOCHAS","NOMBDEP":"AYACUCHO"},"geometry":{"type":"Polygon","coordinates":[[[-73.5325,-14.5072],[-73.507,-14.5443],[-73.5334,-14.581],[-73.5101,-14.6501],[-73.5711,-14.6873],[-73.5653,-14.7758],[-73.6069,-14.79],[-73.6784,-14.7291],[-73.7253,-14.7493],[-73.7147,-14.7885],[-73.6448,-14.8327],[-73.6418,-14.8638],[-73.5919,-14.8914],[-73.5887,-14.923],[-73.5481,-14.9626],[-73.5453,-15.0557],[-73.5435,-15.0923],[-73.5863,-15.0422],[-73.6565,-15.0461],[-73.6679,-14.9937],[-73.6992,-14.9946],[-73.7752,-15.095],[-73.8017,-15.0857],[-73.8163,-14.9757],[-73.8425,-14.9211],[-73.8976,-14.8571],[-73.8937,-14.811],[-73.8706,-14.7671],[-73.8257,-14.7259],[-73.8278,-14.6848],[-73.8103,-14.6385],[-73.7164,-14.6412],[-73.6347,-14.5909],[-73.605,-14.5416],[-73.5325,-14.5072]]]}},{"type":"Feature","properties":{"IDDIST":"050609","NOMBDIST":"LEONCIO PRADO","NOMBPROV":"LUCANAS","NOMBDEP":"AYACUCHO"},"geometry":{"type":"Polygon","coordinates":[[[-74.4174,-14.6791],[-74.4572,-14.7025],[-74.605,-14.8165],[-74.6739,-14.8787],[-74.6938,-14.8382],[-74.7322,-14.8424],[-74.7569,-14.7951],[-74.7385,-14.7537],[-74.7764,-14.7289],[-74.8027,-14.7522],[-74.8438,-14.7031],[-74.8466,-14.6661],[-74.7882,-14.6156],[-74.7108,-14.5648],[-74.6169,-14.5455],[-74.5357,-14.5447],[-74.4687,-14.5204],[-74.4488,-14.4992],[-74.4062,-14.5803],[-74.3801,-14.5963],[-74.4174,-14.6791]]]}},{"type":"Feature","properties":{"IDDIST":"210208","NOMBDIST":"MUÑANI","NOMBPROV":"AZANGARO","NOMBDEP":"PUNO"},"geometry":{"type":"Polygon","coordinates":[[[-70.0118,-14.5589],[-69.9845,-14.5838],[-69.9526,-14.57],[-69.8776,-14.6018],[-69.8369,-14.7427],[-69.8497,-14.7903],[-69.9008,-14.8273],[-69.9886,-14.8731],[-70.0347,-14.8079],[-70.0777,-14.7704],[-70.0717,-14.7086],[-70.0709,-14.658],[-70.1507,-14.5304],[-70.12,-14.4938],[-70.0837,-14.5057],[-70.0452,-14.5472],[-70.0118,-14.5589]]]}},{"type":"Feature","properties":{"IDDIST":"211001","NOMBDIST":"PUTINA","NOMBPROV":"SAN ANTONIO DE PUTINA","NOMBDEP":"PUNO"},"geometry":{"type":"Polygon","coordinates":[[[-69.7109,-14.5094],[-69.7135,-14.6046],[-69.746,-14.6166],[-69.7578,-14.7119],[-69.7431,-14.8176],[-69.7306,-14.8769],[-69.7779,-14.9241],[-69.7748,-14.9596],[-69.8485,-15.0076],[-69.8883,-14.9898],[-69.9216,-14.9501],[-69.9659,-14.9254],[-69.9886,-14.8731],[-69.9008,-14.8273],[-69.8497,-14.7903],[-69.8369,-14.7427],[-69.8776,-14.6018],[-69.9526,-14.57],[-69.9845,-14.5838],[-70.0118,-14.5589],[-69.9487,-14.4914],[-69.8953,-14.4786],[-69.8899,-14.4343],[-69.8084,-14.4556],[-69.7777,-14.4486],[-69.7109,-14.5094]]]}},{"type":"Feature","properties":{"IDDIST":"080505","NOMBDIST":"LAYO","NOMBPROV":"CANAS","NOMBDEP":"CUSCO"},"geometry":{"type":"Polygon","coordinates":[[[-70.9721,-14.4204],[-70.9625,-14.4448],[-70.9967,-14.5057],[-70.9765,-14.5823],[-71.0014,-14.5722],[-71.0694,-14.626],[-71.1179,-14.6489],[-71.1566,-14.6338],[-71.1803,-14.6145],[-71.1808,-14.5562],[-71.2239,-14.5026],[-71.1699,-14.5237],[-71.1565,-14.5],[-71.2413,-14.4449],[-71.2099,-14.4291],[-71.1347,-14.4583],[-71.0365,-14.4517],[-70.9787,-14.4167],[-70.9721,-14.4204]]]}},{"type":"Feature","properties":{"IDDIST":"110401","NOMBDIST":"PALPA","NOMBPROV":"PALPA","NOMBDEP":"ICA"},"geometry":{"type":"Polygon","coordinates":[[[-75.053,-14.4312],[-75.0965,-14.4878],[-75.088,-14.5279],[-75.2228,-14.5602],[-75.1864,-14.5171],[-75.1398,-14.4159],[-75.1013,-14.4332],[-75.053,-14.4312]]]}},{"type":"Feature","properties":{"IDDIST":"210808","NOMBDIST":"SANTA ROSA","NOMBPROV":"MELGAR","NOMBDEP":"PUNO"},"geometry":{"type":"Polygon","coordinates":[[[-70.6261,-14.6801],[-70.6341,-14.7106],[-70.6728,-14.7245],[-70.7671,-14.7583],[-70.7663,-14.7209],[-70.8422,-14.6722],[-70.8518,-14.6123],[-70.9765,-14.5823],[-70.9967,-14.5057],[-70.9625,-14.4448],[-70.9721,-14.4204],[-70.9499,-14.4091],[-70.7884,-14.4546],[-70.7136,-14.5086],[-70.6795,-14.5628],[-70.6526,-14.669],[-70.6261,-14.6801]]]}},{"type":"Feature","properties":{"IDDIST":"211202","NOMBDIST":"CUYOCUYO","NOMBPROV":"SANDIA","NOMBDEP":"PUNO"},"geometry":{"type":"Polygon","coordinates":[[[-69.4375,-14.477],[-69.447,-14.5974],[-69.4627,-14.5871],[-69.5818,-14.6272],[-69.6122,-14.6618],[-69.6581,-14.6051],[-69.6611,-14.5418],[-69.691,-14.5178],[-69.6622,-14.4505],[-69.5892,-14.4164],[-69.5804,-14.4272],[-69.4731,-14.4207],[-69.4375,-14.477]]]}},{"type":"Feature","properties":{"IDDIST":"080503","NOMBDIST":"KUNTURKANKI","NOMBPROV":"CANAS","NOMBDEP":"CUSCO"},"geometry":{"type":"Polygon","coordinates":[[[-71.2446,-14.4833],[-71.2239,-14.5026],[-71.1808,-14.5562],[-71.1803,-14.6145],[-71.2132,-14.6476],[-71.2571,-14.6531],[-71.335,-14.6164],[-71.4172,-14.6021],[-71.3674,-14.5598],[-71.3684,-14.4778],[-71.3505,-14.4465],[-71.3652,-14.399],[-71.3449,-14.3934],[-71.2986,-14.4581],[-71.2446,-14.4833]]]}},{"type":"Feature","properties":{"IDDIST":"080502","NOMBDIST":"CHECCA","NOMBPROV":"CANAS","NOMBDEP":"CUSCO"},"geometry":{"type":"Polygon","coordinates":[[[-71.3652,-14.399],[-71.3505,-14.4465],[-71.3684,-14.4778],[-71.3674,-14.5598],[-71.4172,-14.6021],[-71.4444,-14.6139],[-71.5794,-14.5477],[-71.6478,-14.5322],[-71.6463,-14.5024],[-71.605,-14.4776],[-71.6091,-14.4451],[-71.5532,-14.4094],[-71.5202,-14.4267],[-71.4787,-14.3994],[-71.3736,-14.3808],[-71.3652,-14.399]]]}},{"type":"Feature","properties":{"IDDIST":"080708","NOMBDIST":"VELILLE","NOMBPROV":"CHUMBIVILCAS","NOMBDEP":"CUSCO"},"geometry":{"type":"Polygon","coordinates":[[[-71.7493,-14.4218],[-71.718,-14.4705],[-71.7239,-14.5119],[-71.7041,-14.5733],[-71.7603,-14.6793],[-71.802,-14.7093],[-71.8581,-14.6923],[-71.8806,-14.7104],[-71.9106,-14.6925],[-71.9143,-14.6328],[-71.9843,-14.5738],[-72.0184,-14.5259],[-71.9625,-14.4342],[-71.9364,-14.4588],[-71.9004,-14.4448],[-71.9027,-14.3856],[-71.8414,-14.388],[-71.822,-14.4372],[-71.7635,-14.4537],[-71.7493,-14.4218]]]}},{"type":"Feature","properties":{"IDDIST":"050613","NOMBDIST":"OTOCA","NOMBPROV":"LUCANAS","NOMBDEP":"AYACUCHO"},"geometry":{"type":"Polygon","coordinates":[[[-74.4758,-14.3797],[-74.4154,-14.4089],[-74.4592,-14.4655],[-74.4488,-14.4992],[-74.4687,-14.5204],[-74.5357,-14.5447],[-74.6169,-14.5455],[-74.7108,-14.5648],[-74.7882,-14.6156],[-74.8528,-14.6118],[-74.8784,-14.5875],[-74.8842,-14.5455],[-74.7976,-14.4402],[-74.754,-14.4337],[-74.714,-14.4042],[-74.6689,-14.426],[-74.5768,-14.4139],[-74.5234,-14.3742],[-74.4758,-14.3797]]]}},{"type":"Feature","properties":{"IDDIST":"210211","NOMBDIST":"SAN ANTON","NOMBPROV":"AZANGARO","NOMBDEP":"PUNO"},"geometry":{"type":"Polygon","coordinates":[[[-70.12,-14.4938],[-70.1507,-14.5304],[-70.1638,-14.5865],[-70.2004,-14.6054],[-70.2489,-14.6659],[-70.2977,-14.6413],[-70.3257,-14.6541],[-70.3568,-14.6265],[-70.3421,-14.578],[-70.3666,-14.5507],[-70.3296,-14.4681],[-70.3155,-14.3793],[-70.2738,-14.397],[-70.219,-14.3923],[-70.1996,-14.4363],[-70.1453,-14.4642],[-70.12,-14.4938]]]}},{"type":"Feature","properties":{"IDDIST":"030304","NOMBDIST":"JUAN ESPINOZA MEDRANO","NOMBPROV":"ANTABAMBA","NOMBDEP":"APURIMAC"},"geometry":{"type":"Polygon","coordinates":[[[-72.9028,-14.3817],[-72.847,-14.4683],[-72.8514,-14.496],[-72.8069,-14.547],[-72.7897,-14.6502],[-72.8286,-14.7026],[-72.8464,-14.7599],[-72.8468,-14.7598],[-72.8656,-14.7107],[-72.9985,-14.6625],[-73.0174,-14.6307],[-72.9974,-14.5814],[-72.9978,-14.4821],[-72.9805,-14.4411],[-73.0082,-14.4255],[-73.014,-14.4181],[-72.9835,-14.3844],[-72.9267,-14.3705],[-72.9028,-14.3817]]]}},{"type":"Feature","properties":{"IDDIST":"080701","NOMBDIST":"SANTO TOMAS","NOMBPROV":"CHUMBIVILCAS","NOMBDEP":"CUSCO"},"geometry":{"type":"Polygon","coordinates":[[[-72.0358,-14.3976],[-72.0184,-14.5259],[-71.9843,-14.5738],[-71.9143,-14.6328],[-71.9106,-14.6925],[-71.8806,-14.7104],[-71.8939,-14.7896],[-71.9586,-14.728],[-71.9412,-14.6853],[-71.9879,-14.6329],[-72.0419,-14.6944],[-72.0478,-14.7388],[-72.0343,-14.812],[-72.0471,-14.8751],[-72.1287,-14.8306],[-72.1447,-14.7777],[-72.2523,-14.8037],[-72.3154,-14.8339],[-72.4065,-14.8271],[-72.4709,-14.7748],[-72.4861,-14.7125],[-72.4718,-14.6614],[-72.4617,-14.6059],[-72.5029,-14.5517],[-72.4275,-14.479],[-72.4019,-14.4839],[-72.3746,-14.5367],[-72.3433,-14.554],[-72.2628,-14.5499],[-72.1724,-14.5247],[-72.1538,-14.4488],[-72.0871,-14.398],[-72.0874,-14.3579],[-72.0358,-14.3976]]]}},{"type":"Feature","properties":{"IDDIST":"030406","NOMBDIST":"COTARUSE","NOMBPROV":"AYMARAES","NOMBDEP":"APURIMAC"},"geometry":{"type":"Polygon","coordinates":[[[-73.1686,-14.3687],[-73.1793,-14.3853],[-73.1291,-14.5054],[-73.1131,-14.5262],[-73.0547,-14.4867],[-73.0082,-14.4255],[-72.9805,-14.4411],[-72.9978,-14.4821],[-72.9974,-14.5814],[-73.0174,-14.6307],[-73.1065,-14.6907],[-73.1532,-14.6743],[-73.1904,-14.7058],[-73.2561,-14.709],[-73.28,-14.7316],[-73.3508,-14.704],[-73.3904,-14.7161],[-73.4163,-14.7713],[-73.485,-14.8426],[-73.5653,-14.7758],[-73.5711,-14.6873],[-73.5101,-14.6501],[-73.5334,-14.581],[-73.507,-14.5443],[-73.4602,-14.4403],[-73.2999,-14.4636],[-73.2731,-14.3977],[-73.2294,-14.3499],[-73.1686,-14.3687]]]}},{"type":"Feature","properties":{"IDDIST":"030301","NOMBDIST":"ANTABAMBA","NOMBPROV":"ANTABAMBA","NOMBDEP":"APURIMAC"},"geometry":{"type":"Polygon","coordinates":[[[-72.6624,-14.4622],[-72.6377,-14.5866],[-72.6518,-14.669],[-72.7247,-14.6759],[-72.7897,-14.6502],[-72.8069,-14.547],[-72.8514,-14.496],[-72.847,-14.4683],[-72.9028,-14.3817],[-72.8546,-14.3709],[-72.6909,-14.4211],[-72.6624,-14.4622]]]}},{"type":"Feature","properties":{"IDDIST":"030403","NOMBDIST":"CARAYBAMBA","NOMBPROV":"AYMARAES","NOMBDEP":"APURIMAC"},"geometry":{"type":"Polygon","coordinates":[[[-73.014,-14.4181],[-73.0082,-14.4255],[-73.0547,-14.4867],[-73.1131,-14.5262],[-73.1291,-14.5054],[-73.1793,-14.3853],[-73.1686,-14.3687],[-73.0826,-14.3288],[-73.0475,-14.345],[-73.014,-14.4181]]]}},{"type":"Feature","properties":{"IDDIST":"050604","NOMBDIST":"CARMEN SALCEDO","NOMBPROV":"LUCANAS","NOMBDEP":"AYACUCHO"},"geometry":{"type":"Polygon","coordinates":[[[-73.9217,-14.3224],[-73.9214,-14.3961],[-73.9001,-14.4316],[-73.8683,-14.4328],[-73.8723,-14.5249],[-73.9371,-14.5792],[-73.9829,-14.5796],[-74.0256,-14.5179],[-74.0861,-14.5329],[-74.1461,-14.5147],[-74.1585,-14.4855],[-74.0952,-14.443],[-74.0759,-14.4574],[-74.014,-14.3949],[-73.9968,-14.3498],[-73.9217,-14.3224]]]}},{"type":"Feature","properties":{"IDDIST":"080504","NOMBDIST":"LANGUI","NOMBPROV":"CANAS","NOMBDEP":"CUSCO"},"geometry":{"type":"Polygon","coordinates":[[[-71.2497,-14.3444],[-71.2552,-14.3846],[-71.2099,-14.4291],[-71.2413,-14.4449],[-71.2446,-14.4833],[-71.2986,-14.4581],[-71.3449,-14.3934],[-71.3652,-14.399],[-71.3736,-14.3808],[-71.3933,-14.3587],[-71.3373,-14.3246],[-71.2929,-14.3135],[-71.2497,-14.3444]]]}},{"type":"Feature","properties":{"IDDIST":"080706","NOMBDIST":"LLUSCO","NOMBPROV":"CHUMBIVILCAS","NOMBDEP":"CUSCO"},"geometry":{"type":"Polygon","coordinates":[[[-72.1021,-14.3089],[-72.0874,-14.3579],[-72.0871,-14.398],[-72.1538,-14.4488],[-72.1724,-14.5247],[-72.2628,-14.5499],[-72.3433,-14.554],[-72.3746,-14.5367],[-72.4019,-14.4839],[-72.3576,-14.436],[-72.3197,-14.4406],[-72.3199,-14.4655],[-72.2309,-14.4936],[-72.1936,-14.4428],[-72.1775,-14.375],[-72.1021,-14.3089]]]}},{"type":"Feature","properties":{"IDDIST":"211005","NOMBDIST":"SINA","NOMBPROV":"SAN ANTONIO DE PUTINA","NOMBDEP":"PUNO"},"geometry":{"type":"Polygon","coordinates":[[[-69.1139,-14.4878],[-69.1406,-14.5134],[-69.15,-14.5803],[-69.22,-14.5816],[-69.2297,-14.6567],[-69.2537,-14.6754],[-69.3052,-14.6566],[-69.3483,-14.6234],[-69.2976,-14.4868],[-69.2892,-14.425],[-69.3031,-14.4016],[-69.2704,-14.3461],[-69.2741,-14.3113],[-69.2453,-14.3168],[-69.2186,-14.3924],[-69.2205,-14.4393],[-69.1427,-14.4551],[-69.1139,-14.4878]]]}},{"type":"Feature","properties":{"IDDIST":"080507","NOMBDIST":"QUEHUE","NOMBPROV":"CANAS","NOMBDEP":"CUSCO"},"geometry":{"type":"Polygon","coordinates":[[[-71.3933,-14.3587],[-71.3736,-14.3808],[-71.4787,-14.3994],[-71.5202,-14.4267],[-71.5532,-14.4094],[-71.5546,-14.2929],[-71.5025,-14.3024],[-71.5041,-14.3539],[-71.4077,-14.3338],[-71.3933,-14.3587]]]}},{"type":"Feature","properties":{"IDDIST":"110404","NOMBDIST":"SANTA CRUZ","NOMBPROV":"PALPA","NOMBDEP":"ICA"},"geometry":{"type":"Polygon","coordinates":[[[-75.1934,-14.2935],[-75.1694,-14.3646],[-75.2446,-14.5289],[-75.2426,-14.5566],[-75.2489,-14.5881],[-75.3303,-14.6154],[-75.3637,-14.5821],[-75.3169,-14.5308],[-75.3012,-14.4725],[-75.265,-14.4466],[-75.2279,-14.3954],[-75.2398,-14.3208],[-75.2326,-14.2897],[-75.1934,-14.2935]]]}},{"type":"Feature","properties":{"IDDIST":"080604","NOMBDIST":"MARANGANI","NOMBPROV":"CANCHIS","NOMBDEP":"CUSCO"},"geometry":{"type":"Polygon","coordinates":[[[-70.9264,-14.3401],[-70.9626,-14.3618],[-70.9787,-14.4167],[-71.0365,-14.4517],[-71.1347,-14.4583],[-71.2099,-14.4291],[-71.2552,-14.3846],[-71.2497,-14.3444],[-71.1564,-14.3095],[-71.0609,-14.3192],[-71.0275,-14.2781],[-70.9264,-14.3401]]]}},{"type":"Feature","properties":{"IDDIST":"050606","NOMBDIST":"CHIPAO","NOMBPROV":"LUCANAS","NOMBDEP":"AYACUCHO"},"geometry":{"type":"Polygon","coordinates":[[[-73.7988,-14.2939],[-73.7734,-14.3222],[-73.7067,-14.3242],[-73.6651,-14.3507],[-73.5817,-14.4161],[-73.569,-14.4593],[-73.5325,-14.5072],[-73.605,-14.5416],[-73.6347,-14.5909],[-73.7164,-14.6412],[-73.8103,-14.6385],[-73.8278,-14.6848],[-73.8592,-14.6472],[-73.9257,-14.6188],[-73.9371,-14.5792],[-73.8723,-14.5249],[-73.8683,-14.4328],[-73.9001,-14.4316],[-73.9214,-14.3961],[-73.9217,-14.3224],[-73.884,-14.2826],[-73.8447,-14.2766],[-73.7988,-14.2939]]]}},{"type":"Feature","properties":{"IDDIST":"211206","NOMBDIST":"QUIACA","NOMBPROV":"SANDIA","NOMBDEP":"PUNO"},"geometry":{"type":"Polygon","coordinates":[[[-69.2741,-14.3113],[-69.2704,-14.3461],[-69.3031,-14.4016],[-69.2892,-14.425],[-69.2976,-14.4868],[-69.3483,-14.6234],[-69.4127,-14.6211],[-69.447,-14.5974],[-69.4375,-14.477],[-69.4131,-14.4654],[-69.3967,-14.3803],[-69.2904,-14.2753],[-69.2741,-14.3113]]]}},{"type":"Feature","properties":{"IDDIST":"110104","NOMBDIST":"OCUCAJE","NOMBPROV":"ICA","NOMBDEP":"ICA"},"geometry":{"type":"Polygon","coordinates":[[[-75.8558,-14.7157],[-75.8558,-14.6944],[-75.9165,-14.6592],[-75.932,-14.5683],[-75.9742,-14.5253],[-75.9665,-14.4901],[-75.9334,-14.4388],[-75.8621,-14.2795],[-75.7044,-14.2728],[-75.681,-14.3195],[-75.6033,-14.3884],[-75.5826,-14.4254],[-75.5968,-14.4556],[-75.5841,-14.5619],[-75.6222,-14.5655],[-75.6745,-14.5417],[-75.693,-14.5753],[-75.6849,-14.6654],[-75.7053,-14.6884],[-75.7969,-14.6868],[-75.8558,-14.7157]]]}},{"type":"Feature","properties":{"IDDIST":"210209","NOMBDIST":"POTONI","NOMBPROV":"AZANGARO","NOMBDEP":"PUNO"},"geometry":{"type":"Polygon","coordinates":[[[-70.1797,-14.2928],[-70.1374,-14.3499],[-70.0529,-14.3703],[-69.9728,-14.3683],[-69.8899,-14.4343],[-69.8953,-14.4786],[-69.9487,-14.4914],[-70.0118,-14.5589],[-70.0452,-14.5472],[-70.0837,-14.5057],[-70.12,-14.4938],[-70.1453,-14.4642],[-70.1996,-14.4363],[-70.219,-14.3923],[-70.2738,-14.397],[-70.3155,-14.3793],[-70.3266,-14.3499],[-70.2762,-14.3219],[-70.2682,-14.283],[-70.2273,-14.3077],[-70.1797,-14.2928]]]}},{"type":"Feature","properties":{"IDDIST":"050611","NOMBDIST":"LUCANAS","NOMBPROV":"LUCANAS","NOMBDEP":"AYACUCHO"},"geometry":{"type":"Polygon","coordinates":[[[-74.1857,-14.2956],[-74.1681,-14.3408],[-74.1765,-14.4042],[-74.2107,-14.4562],[-74.1585,-14.4855],[-74.1461,-14.5147],[-74.1725,-14.5956],[-74.2196,-14.6401],[-74.1887,-14.7059],[-74.2229,-14.7165],[-74.2845,-14.6972],[-74.3208,-14.6581],[-74.3896,-14.7326],[-74.4174,-14.6791],[-74.3801,-14.5963],[-74.4062,-14.5803],[-74.4488,-14.4992],[-74.4592,-14.4655],[-74.4154,-14.4089],[-74.4758,-14.3797],[-74.4181,-14.2986],[-74.3404,-14.3008],[-74.3179,-14.2721],[-74.2848,-14.2675],[-74.2268,-14.3029],[-74.1857,-14.2956]]]}},{"type":"Feature","properties":{"IDDIST":"050603","NOMBDIST":"CABANA","NOMBPROV":"LUCANAS","NOMBDEP":"AYACUCHO"},"geometry":{"type":"Polygon","coordinates":[[[-73.884,-14.2826],[-73.9217,-14.3224],[-73.9968,-14.3498],[-74.014,-14.3949],[-74.0759,-14.4574],[-74.0952,-14.443],[-74.1585,-14.4855],[-74.2107,-14.4562],[-74.1765,-14.4042],[-74.1681,-14.3408],[-74.1857,-14.2956],[-74.0951,-14.2827],[-74.0306,-14.2991],[-73.8966,-14.2628],[-73.884,-14.2826]]]}},{"type":"Feature","properties":{"IDDIST":"030303","NOMBDIST":"HUAQUIRCA","NOMBPROV":"ANTABAMBA","NOMBDEP":"APURIMAC"},"geometry":{"type":"Polygon","coordinates":[[[-72.6362,-14.3562],[-72.6614,-14.3936],[-72.6415,-14.4503],[-72.6624,-14.4622],[-72.6909,-14.4211],[-72.8546,-14.3709],[-72.9028,-14.3817],[-72.9267,-14.3705],[-72.9505,-14.3325],[-72.9272,-14.2921],[-72.8731,-14.267],[-72.7863,-14.2909],[-72.7492,-14.2597],[-72.7096,-14.2756],[-72.7078,-14.3407],[-72.6704,-14.3622],[-72.6362,-14.3562]]]}},{"type":"Feature","properties":{"IDDIST":"080707","NOMBDIST":"QUIÑOTA","NOMBPROV":"CHUMBIVILCAS","NOMBDEP":"CUSCO"},"geometry":{"type":"Polygon","coordinates":[[[-72.1021,-14.3089],[-72.1775,-14.375],[-72.1936,-14.4428],[-72.2309,-14.4936],[-72.3199,-14.4655],[-72.3197,-14.4406],[-72.2495,-14.4029],[-72.2395,-14.3485],[-72.1871,-14.3132],[-72.1612,-14.2638],[-72.1157,-14.2456],[-72.0904,-14.2674],[-72.1021,-14.3089]]]}},{"type":"Feature","properties":{"IDDIST":"050612","NOMBDIST":"OCAÑA","NOMBPROV":"LUCANAS","NOMBDEP":"AYACUCHO"},"geometry":{"type":"Polygon","coordinates":[[[-74.5718,-14.2565],[-74.5983,-14.2926],[-74.626,-14.3692],[-74.6689,-14.426],[-74.714,-14.4042],[-74.754,-14.4337],[-74.7976,-14.4402],[-74.8842,-14.5455],[-74.9472,-14.5819],[-74.9589,-14.6065],[-75.0599,-14.6226],[-75.0801,-14.569],[-75.088,-14.5279],[-75.0965,-14.4878],[-75.0668,-14.4841],[-74.9619,-14.41],[-74.9003,-14.3887],[-74.8825,-14.3622],[-74.8406,-14.3609],[-74.7477,-14.2703],[-74.6956,-14.2533],[-74.5718,-14.2565]]]}},{"type":"Feature","properties":{"IDDIST":"030307","NOMBDIST":"SABAINO","NOMBPROV":"ANTABAMBA","NOMBDEP":"APURIMAC"},"geometry":{"type":"Polygon","coordinates":[[[-72.8796,-14.2446],[-72.8731,-14.267],[-72.9272,-14.2921],[-72.9505,-14.3325],[-72.9267,-14.3705],[-72.9835,-14.3844],[-73.014,-14.4181],[-73.0475,-14.345],[-73.0826,-14.3288],[-73.0726,-14.3101],[-73.0698,-14.3093],[-73.0102,-14.3075],[-72.9868,-14.2657],[-72.8849,-14.2339],[-72.8796,-14.2446]]]}},{"type":"Feature","properties":{"IDDIST":"030713","NOMBDIST":"VIRUNDO","NOMBPROV":"GRAU","NOMBDEP":"APURIMAC"},"geometry":{"type":"Polygon","coordinates":[[[-72.6738,-14.2249],[-72.6742,-14.2494],[-72.6262,-14.2828],[-72.6362,-14.3562],[-72.6704,-14.3622],[-72.7078,-14.3407],[-72.7096,-14.2756],[-72.7492,-14.2597],[-72.7177,-14.2271],[-72.6738,-14.2249]]]}},{"type":"Feature","properties":{"IDDIST":"211208","NOMBDIST":"YANAHUAYA","NOMBPROV":"SANDIA","NOMBDEP":"PUNO"},"geometry":{"type":"Polygon","coordinates":[[[-68.9888,-14.2444],[-69.0152,-14.3147],[-68.9854,-14.3747],[-69.0309,-14.4261],[-69.0839,-14.4518],[-69.1139,-14.4878],[-69.1427,-14.4551],[-69.2205,-14.4393],[-69.2186,-14.3924],[-69.2453,-14.3168],[-69.2741,-14.3113],[-69.2904,-14.2753],[-69.297,-14.2197],[-69.2394,-14.254],[-69.2173,-14.2051],[-69.0966,-14.2521],[-69.0647,-14.2008],[-68.9888,-14.2444]]]}},{"type":"Feature","properties":{"IDDIST":"030305","NOMBDIST":"OROPESA","NOMBPROV":"ANTABAMBA","NOMBDEP":"APURIMAC"},"geometry":{"type":"Polygon","coordinates":[[[-72.4798,-14.2017],[-72.4434,-14.2264],[-72.4171,-14.2796],[-72.3509,-14.3037],[-72.3685,-14.3509],[-72.3576,-14.436],[-72.4019,-14.4839],[-72.4275,-14.479],[-72.5029,-14.5517],[-72.4617,-14.6059],[-72.4718,-14.6614],[-72.5772,-14.6866],[-72.5944,-14.7137],[-72.611,-14.6761],[-72.6518,-14.669],[-72.6377,-14.5866],[-72.6624,-14.4622],[-72.6415,-14.4503],[-72.6614,-14.3936],[-72.6362,-14.3562],[-72.6262,-14.2828],[-72.6008,-14.2385],[-72.5699,-14.2546],[-72.5077,-14.2072],[-72.4843,-14.2002],[-72.4798,-14.2017]]]}},{"type":"Feature","properties":{"IDDIST":"110403","NOMBDIST":"RIO GRANDE","NOMBPROV":"PALPA","NOMBDEP":"ICA"},"geometry":{"type":"Polygon","coordinates":[[[-75.0902,-14.2142],[-75.0322,-14.2657],[-75.0939,-14.3124],[-75.1051,-14.3588],[-75.1398,-14.4159],[-75.1864,-14.5171],[-75.2228,-14.5602],[-75.2426,-14.5566],[-75.2446,-14.5289],[-75.1694,-14.3646],[-75.1934,-14.2935],[-75.1712,-14.2589],[-75.1584,-14.1948],[-75.0902,-14.2142]]]}},{"type":"Feature","properties":{"IDDIST":"030401","NOMBDIST":"CHALHUANCA","NOMBPROV":"AYMARAES","NOMBDEP":"APURIMAC"},"geometry":{"type":"Polygon","coordinates":[[[-73.2345,-14.1879],[-73.22,-14.1994],[-73.1961,-14.2656],[-73.0966,-14.2896],[-73.0726,-14.3101],[-73.0826,-14.3288],[-73.1686,-14.3687],[-73.2294,-14.3499],[-73.2731,-14.3977],[-73.3317,-14.3348],[-73.3273,-14.2811],[-73.3036,-14.2529],[-73.3253,-14.2046],[-73.2345,-14.1879]]]}},{"type":"Feature","properties":{"IDDIST":"050620","NOMBDIST":"SANTA ANA DE HUAYCAHUACHO","NOMBPROV":"LUCANAS","NOMBDEP":"AYACUCHO"},"geometry":{"type":"Polygon","coordinates":[[[-73.8966,-14.2628],[-73.9702,-14.2304],[-73.9504,-14.1864],[-73.95,-14.1857],[-73.8793,-14.2167],[-73.8966,-14.2628]]]}},{"type":"Feature","properties":{"IDDIST":"210306","NOMBDIST":"CRUCERO","NOMBPROV":"CARABAYA","NOMBDEP":"PUNO"},"geometry":{"type":"Polygon","coordinates":[[[-69.849,-14.2638],[-69.7994,-14.2683],[-69.7832,-14.312],[-69.7363,-14.3338],[-69.7241,-14.4181],[-69.6622,-14.4505],[-69.691,-14.5178],[-69.7109,-14.5094],[-69.7777,-14.4486],[-69.8084,-14.4556],[-69.8899,-14.4343],[-69.9728,-14.3683],[-70.0529,-14.3703],[-70.1374,-14.3499],[-70.1797,-14.2928],[-70.1738,-14.2568],[-70.1211,-14.204],[-70.046,-14.1928],[-69.9945,-14.2197],[-69.9869,-14.2437],[-69.9294,-14.2809],[-69.887,-14.2865],[-69.849,-14.2638]]]}},{"type":"Feature","properties":{"IDDIST":"080501","NOMBDIST":"YANAOCA","NOMBPROV":"CANAS","NOMBDEP":"CUSCO"},"geometry":{"type":"Polygon","coordinates":[[[-71.4529,-14.1784],[-71.4275,-14.1806],[-71.3667,-14.2299],[-71.3709,-14.2795],[-71.3274,-14.2894],[-71.3373,-14.3246],[-71.3933,-14.3587],[-71.4077,-14.3338],[-71.5041,-14.3539],[-71.5025,-14.3024],[-71.5546,-14.2929],[-71.515,-14.2525],[-71.5354,-14.2061],[-71.4901,-14.2037],[-71.4529,-14.1784]]]}},{"type":"Feature","properties":{"IDDIST":"030705","NOMBDIST":"MAMARA","NOMBPROV":"GRAU","NOMBDEP":"APURIMAC"},"geometry":{"type":"Polygon","coordinates":[[[-72.5077,-14.2072],[-72.5699,-14.2546],[-72.6008,-14.2385],[-72.6236,-14.193],[-72.5679,-14.1735],[-72.5077,-14.2072]]]}},{"type":"Feature","properties":{"IDDIST":"210802","NOMBDIST":"ANTAUTA","NOMBPROV":"MELGAR","NOMBDEP":"PUNO"},"geometry":{"type":"Polygon","coordinates":[[[-70.3295,-14.1752],[-70.2682,-14.283],[-70.2762,-14.3219],[-70.3266,-14.3499],[-70.3155,-14.3793],[-70.3296,-14.4681],[-70.3666,-14.5507],[-70.3421,-14.578],[-70.3677,-14.5959],[-70.4047,-14.5623],[-70.4577,-14.5104],[-70.4619,-14.4341],[-70.4479,-14.3929],[-70.467,-14.3546],[-70.4588,-14.2698],[-70.4877,-14.2218],[-70.4252,-14.1781],[-70.3869,-14.196],[-70.3295,-14.1752]]]}},{"type":"Feature","properties":{"IDDIST":"080601","NOMBDIST":"SICUANI","NOMBPROV":"CANCHIS","NOMBDEP":"CUSCO"},"geometry":{"type":"Polygon","coordinates":[[[-70.8874,-14.1762],[-70.8993,-14.2293],[-70.8806,-14.2709],[-70.9264,-14.3401],[-71.0275,-14.2781],[-71.0609,-14.3192],[-71.1564,-14.3095],[-71.2497,-14.3444],[-71.2929,-14.3135],[-71.3373,-14.3246],[-71.3274,-14.2894],[-71.2844,-14.2289],[-71.2736,-14.1773],[-71.1916,-14.172],[-71.1088,-14.2162],[-71.0257,-14.1785],[-70.9906,-14.1867],[-70.9089,-14.1655],[-70.8874,-14.1762]]]}},{"type":"Feature","properties":{"IDDIST":"030711","NOMBDIST":"TURPAY","NOMBPROV":"GRAU","NOMBDEP":"APURIMAC"},"geometry":{"type":"Polygon","coordinates":[[[-72.6236,-14.193],[-72.6008,-14.2385],[-72.6262,-14.2828],[-72.6742,-14.2494],[-72.6738,-14.2249],[-72.6431,-14.1969],[-72.6433,-14.157],[-72.6236,-14.193]]]}},{"type":"Feature","properties":{"IDDIST":"080703","NOMBDIST":"CHAMACA","NOMBPROV":"CHUMBIVILCAS","NOMBDEP":"CUSCO"},"geometry":{"type":"Polygon","coordinates":[[[-71.7597,-14.2597],[-71.7763,-14.3075],[-71.7254,-14.3789],[-71.7493,-14.4218],[-71.7635,-14.4537],[-71.822,-14.4372],[-71.8414,-14.388],[-71.9027,-14.3856],[-71.9004,-14.4448],[-71.9364,-14.4588],[-71.9625,-14.4342],[-72.0184,-14.5259],[-72.0358,-14.3976],[-72.0118,-14.3507],[-71.9576,-14.3357],[-71.9691,-14.296],[-71.9139,-14.2254],[-71.9173,-14.155],[-71.877,-14.2003],[-71.7637,-14.1924],[-71.7407,-14.24],[-71.7597,-14.2597]]]}},{"type":"Feature","properties":{"IDDIST":"030709","NOMBDIST":"SAN ANTONIO","NOMBPROV":"GRAU","NOMBDEP":"APURIMAC"},"geometry":{"type":"Polygon","coordinates":[[[-72.5679,-14.1735],[-72.6236,-14.193],[-72.6433,-14.157],[-72.6433,-14.1517],[-72.5679,-14.1735]]]}},{"type":"Feature","properties":{"IDDIST":"211204","NOMBDIST":"PATAMBUCO","NOMBPROV":"SANDIA","NOMBDEP":"PUNO"},"geometry":{"type":"Polygon","coordinates":[[[-69.5084,-14.1687],[-69.552,-14.2608],[-69.5397,-14.3016],[-69.5704,-14.3522],[-69.5892,-14.4164],[-69.6622,-14.4505],[-69.7241,-14.4181],[-69.7363,-14.3338],[-69.7373,-14.3023],[-69.706,-14.2292],[-69.5899,-14.1986],[-69.5444,-14.1531],[-69.5084,-14.1687]]]}},{"type":"Feature","properties":{"IDDIST":"030707","NOMBDIST":"PATAYPAMPA","NOMBPROV":"GRAU","NOMBDEP":"APURIMAC"},"geometry":{"type":"Polygon","coordinates":[[[-72.6433,-14.1517],[-72.6433,-14.157],[-72.6431,-14.1969],[-72.6738,-14.2249],[-72.7177,-14.2271],[-72.7492,-14.2597],[-72.7863,-14.2909],[-72.8731,-14.267],[-72.8796,-14.2446],[-72.8327,-14.2186],[-72.711,-14.2059],[-72.6892,-14.1506],[-72.6433,-14.1517]]]}},{"type":"Feature","properties":{"IDDIST":"050618","NOMBDIST":"SAN PEDRO DE PALCO","NOMBPROV":"LUCANAS","NOMBDEP":"AYACUCHO"},"geometry":{"type":"Polygon","coordinates":[[[-74.4228,-14.1523],[-74.4123,-14.182],[-74.3665,-14.2152],[-74.3179,-14.2721],[-74.3404,-14.3008],[-74.4181,-14.2986],[-74.4758,-14.3797],[-74.5234,-14.3742],[-74.5768,-14.4139],[-74.6689,-14.426],[-74.626,-14.3692],[-74.5983,-14.2926],[-74.5718,-14.2565],[-74.4722,-14.1528],[-74.4228,-14.1523]]]}},{"type":"Feature","properties":{"IDDIST":"030410","NOMBDIST":"POCOHUANCA","NOMBPROV":"AYMARAES","NOMBDEP":"APURIMAC"},"geometry":{"type":"Polygon","coordinates":[[[-73.0598,-14.221],[-73.0458,-14.2631],[-73.0698,-14.3093],[-73.0726,-14.3101],[-73.0966,-14.2896],[-73.1255,-14.2053],[-73.1228,-14.1768],[-73.079,-14.1472],[-73.0598,-14.221]]]}},{"type":"Feature","properties":{"IDDIST":"050908","NOMBDIST":"SAN PEDRO DE LARCAY","NOMBPROV":"SUCRE","NOMBDEP":"AYACUCHO"},"geometry":{"type":"Polygon","coordinates":[[[-73.5779,-14.1447],[-73.5122,-14.2682],[-73.5338,-14.3543],[-73.5596,-14.4099],[-73.5817,-14.4161],[-73.6651,-14.3507],[-73.6416,-14.3019],[-73.6822,-14.2594],[-73.6717,-14.228],[-73.6025,-14.2206],[-73.628,-14.1757],[-73.5779,-14.1447]]]}},{"type":"Feature","properties":{"IDDIST":"211201","NOMBDIST":"SANDIA","NOMBPROV":"SANDIA","NOMBDEP":"PUNO"},"geometry":{"type":"Polygon","coordinates":[[[-69.297,-14.2197],[-69.2904,-14.2753],[-69.3967,-14.3803],[-69.4131,-14.4654],[-69.4375,-14.477],[-69.4731,-14.4207],[-69.5804,-14.4272],[-69.5892,-14.4164],[-69.5704,-14.3522],[-69.5397,-14.3016],[-69.552,-14.2608],[-69.5084,-14.1687],[-69.4765,-14.1727],[-69.4216,-14.1444],[-69.3779,-14.1471],[-69.3109,-14.1733],[-69.297,-14.2197]]]}},{"type":"Feature","properties":{"IDDIST":"030417","NOMBDIST":"YANACA","NOMBPROV":"AYMARAES","NOMBDEP":"APURIMAC"},"geometry":{"type":"Polygon","coordinates":[[[-73.1255,-14.2053],[-73.0966,-14.2896],[-73.1961,-14.2656],[-73.22,-14.1994],[-73.1695,-14.1875],[-73.1563,-14.1432],[-73.1255,-14.2053]]]}},{"type":"Feature","properties":{"IDDIST":"211207","NOMBDIST":"SAN JUAN DEL ORO","NOMBPROV":"SANDIA","NOMBDEP":"PUNO"},"geometry":{"type":"Polygon","coordinates":[[[-69.1327,-14.1406],[-69.0495,-14.1643],[-68.9914,-14.1616],[-68.9696,-14.2254],[-68.9888,-14.2444],[-69.0647,-14.2008],[-69.0966,-14.2521],[-69.2173,-14.2051],[-69.1894,-14.1429],[-69.1327,-14.1406]]]}},{"type":"Feature","properties":{"IDDIST":"110113","NOMBDIST":"TATE","NOMBPROV":"ICA","NOMBDEP":"ICA"},"geometry":{"type":"Polygon","coordinates":[[[-75.6902,-14.1374],[-75.6978,-14.1666],[-75.7119,-14.1373],[-75.6902,-14.1374]]]}},{"type":"Feature","properties":{"IDDIST":"050905","NOMBDIST":"HUACAÑA","NOMBPROV":"SUCRE","NOMBDEP":"AYACUCHO"},"geometry":{"type":"Polygon","coordinates":[[[-73.7988,-14.2939],[-73.8447,-14.2766],[-73.884,-14.2826],[-73.8966,-14.2628],[-73.8793,-14.2167],[-73.95,-14.1857],[-73.9176,-14.1458],[-73.8804,-14.1366],[-73.8415,-14.1612],[-73.8094,-14.2136],[-73.7988,-14.2939]]]}},{"type":"Feature","properties":{"IDDIST":"110111","NOMBDIST":"SANTIAGO","NOMBPROV":"ICA","NOMBDEP":"ICA"},"geometry":{"type":"Polygon","coordinates":[[[-75.7119,-14.1373],[-75.6978,-14.1666],[-75.6826,-14.1797],[-75.5921,-14.1811],[-75.5692,-14.2562],[-75.501,-14.2583],[-75.4384,-14.2829],[-75.4176,-14.252],[-75.3781,-14.247],[-75.3372,-14.2174],[-75.2509,-14.2246],[-75.2354,-14.2008],[-75.2326,-14.2897],[-75.2398,-14.3208],[-75.2279,-14.3954],[-75.265,-14.4466],[-75.3012,-14.4725],[-75.3169,-14.5308],[-75.3637,-14.5821],[-75.3609,-14.6207],[-75.4263,-14.6431],[-75.4106,-14.6852],[-75.4327,-14.75],[-75.4161,-14.7747],[-75.4403,-14.8949],[-75.494,-14.9297],[-75.5745,-14.8678],[-75.6799,-14.8178],[-75.7844,-14.7483],[-75.8558,-14.7157],[-75.7969,-14.6868],[-75.7053,-14.6884],[-75.6849,-14.6654],[-75.693,-14.5753],[-75.6745,-14.5417],[-75.6222,-14.5655],[-75.5841,-14.5619],[-75.5968,-14.4556],[-75.5826,-14.4254],[-75.6033,-14.3884],[-75.681,-14.3195],[-75.7044,-14.2728],[-75.8621,-14.2795],[-75.8471,-14.2456],[-75.7797,-14.2199],[-75.729,-14.1631],[-75.7282,-14.1315],[-75.7119,-14.1373]]]}},{"type":"Feature","properties":{"IDDIST":"030412","NOMBDIST":"SAÑAYCA","NOMBPROV":"AYMARAES","NOMBDEP":"APURIMAC"},"geometry":{"type":"Polygon","coordinates":[[[-73.3253,-14.2046],[-73.3036,-14.2529],[-73.3273,-14.2811],[-73.3317,-14.3348],[-73.2731,-14.3977],[-73.2999,-14.4636],[-73.4602,-14.4403],[-73.4531,-14.4025],[-73.409,-14.3361],[-73.3688,-14.3107],[-73.3965,-14.1594],[-73.2979,-14.131],[-73.3237,-14.1652],[-73.3253,-14.2046]]]}},{"type":"Feature","properties":{"IDDIST":"030306","NOMBDIST":"PACHACONAS","NOMBPROV":"ANTABAMBA","NOMBDEP":"APURIMAC"},"geometry":{"type":"Polygon","coordinates":[[[-72.8924,-14.1704],[-72.8849,-14.2339],[-72.9868,-14.2657],[-73.0102,-14.3075],[-73.0698,-14.3093],[-73.0458,-14.2631],[-73.0598,-14.221],[-73.0096,-14.1503],[-72.975,-14.1304],[-72.9137,-14.1473],[-72.8924,-14.1704]]]}},{"type":"Feature","properties":{"IDDIST":"030413","NOMBDIST":"SORAYA","NOMBPROV":"AYMARAES","NOMBDEP":"APURIMAC"},"geometry":{"type":"Polygon","coordinates":[[[-73.2374,-14.1587],[-73.2345,-14.1879],[-73.3253,-14.2046],[-73.3237,-14.1652],[-73.2979,-14.131],[-73.2992,-14.1287],[-73.2374,-14.1587]]]}},{"type":"Feature","properties":{"IDDIST":"110105","NOMBDIST":"PACHACUTEC","NOMBPROV":"ICA","NOMBDEP":"ICA"},"geometry":{"type":"Polygon","coordinates":[[[-75.6366,-14.1399],[-75.5921,-14.1811],[-75.6826,-14.1797],[-75.6978,-14.1666],[-75.6902,-14.1374],[-75.6366,-14.1399]]]}},{"type":"Feature","properties":{"IDDIST":"080607","NOMBDIST":"SAN PEDRO","NOMBPROV":"CANCHIS","NOMBDEP":"CUSCO"},"geometry":{"type":"Polygon","coordinates":[[[-71.2759,-14.1447],[-71.3347,-14.2086],[-71.3634,-14.2196],[-71.3423,-14.1224],[-71.2759,-14.1447]]]}},{"type":"Feature","properties":{"IDDIST":"080705","NOMBDIST":"LIVITACA","NOMBPROV":"CHUMBIVILCAS","NOMBDEP":"CUSCO"},"geometry":{"type":"Polygon","coordinates":[[[-71.5957,-14.1499],[-71.5499,-14.1752],[-71.5354,-14.2061],[-71.515,-14.2525],[-71.5546,-14.2929],[-71.5532,-14.4094],[-71.6091,-14.4451],[-71.605,-14.4776],[-71.6463,-14.5024],[-71.6478,-14.5322],[-71.662,-14.5645],[-71.7041,-14.5733],[-71.7239,-14.5119],[-71.718,-14.4705],[-71.7493,-14.4218],[-71.7254,-14.3789],[-71.7763,-14.3075],[-71.7597,-14.2597],[-71.6927,-14.2787],[-71.6768,-14.2228],[-71.6795,-14.1651],[-71.6997,-14.1163],[-71.5957,-14.1499]]]}},{"type":"Feature","properties":{"IDDIST":"030504","NOMBDIST":"HAQUIRA","NOMBPROV":"COTABAMBAS","NOMBDEP":"APURIMAC"},"geometry":{"type":"Polygon","coordinates":[[[-72.1157,-14.2456],[-72.1612,-14.2638],[-72.1871,-14.3132],[-72.2395,-14.3485],[-72.2495,-14.4029],[-72.3197,-14.4406],[-72.3576,-14.436],[-72.3685,-14.3509],[-72.3509,-14.3037],[-72.3369,-14.2751],[-72.2699,-14.233],[-72.2201,-14.1782],[-72.1723,-14.185],[-72.146,-14.1483],[-72.1261,-14.1111],[-72.0591,-14.1087],[-72.0952,-14.1737],[-72.0815,-14.2023],[-72.1157,-14.2456]]]}},{"type":"Feature","properties":{"IDDIST":"030210","NOMBDIST":"PAMPACHIRI","NOMBPROV":"ANDAHUAYLAS","NOMBDEP":"APURIMAC"},"geometry":{"type":"Polygon","coordinates":[[[-73.3965,-14.1594],[-73.3688,-14.3107],[-73.409,-14.3361],[-73.4531,-14.4025],[-73.4602,-14.4403],[-73.507,-14.5443],[-73.5325,-14.5072],[-73.569,-14.4593],[-73.5817,-14.4161],[-73.5596,-14.4099],[-73.5338,-14.3543],[-73.5122,-14.2682],[-73.5779,-14.1447],[-73.5866,-14.1103],[-73.4868,-14.1458],[-73.4098,-14.1073],[-73.3965,-14.1594]]]}},{"type":"Feature","properties":{"IDDIST":"030302","NOMBDIST":"EL ORO","NOMBPROV":"ANTABAMBA","NOMBDEP":"APURIMAC"},"geometry":{"type":"Polygon","coordinates":[[[-73.0197,-14.1126],[-73.0047,-14.1205],[-72.975,-14.1304],[-73.0096,-14.1503],[-73.0598,-14.221],[-73.079,-14.1472],[-73.0197,-14.1126]]]}},{"type":"Feature","properties":{"IDDIST":"080608","NOMBDIST":"TINTA","NOMBPROV":"CANCHIS","NOMBDEP":"CUSCO"},"geometry":{"type":"Polygon","coordinates":[[[-71.3423,-14.1224],[-71.3634,-14.2196],[-71.3667,-14.2299],[-71.4275,-14.1806],[-71.4409,-14.1521],[-71.4205,-14.1122],[-71.3423,-14.1224]]]}},{"type":"Feature","properties":{"IDDIST":"110107","NOMBDIST":"PUEBLO NUEVO","NOMBPROV":"ICA","NOMBDEP":"ICA"},"geometry":{"type":"Polygon","coordinates":[[[-75.6392,-14.1108],[-75.6366,-14.1399],[-75.6902,-14.1374],[-75.7119,-14.1373],[-75.7282,-14.1315],[-75.7191,-14.105],[-75.6392,-14.1108]]]}},{"type":"Feature","properties":{"IDDIST":"080506","NOMBDIST":"PAMPAMARCA","NOMBPROV":"CANAS","NOMBDEP":"CUSCO"},"geometry":{"type":"Polygon","coordinates":[[[-71.4205,-14.1122],[-71.4409,-14.1521],[-71.4275,-14.1806],[-71.4529,-14.1784],[-71.4721,-14.1317],[-71.4403,-14.1037],[-71.4205,-14.1122]]]}},{"type":"Feature","properties":{"IDDIST":"080704","NOMBDIST":"COLQUEMARCA","NOMBPROV":"CHUMBIVILCAS","NOMBDEP":"CUSCO"},"geometry":{"type":"Polygon","coordinates":[[[-71.9173,-14.155],[-71.9139,-14.2254],[-71.9691,-14.296],[-71.9576,-14.3357],[-72.0118,-14.3507],[-72.0358,-14.3976],[-72.0874,-14.3579],[-72.1021,-14.3089],[-72.0904,-14.2674],[-72.1157,-14.2456],[-72.0815,-14.2023],[-72.0952,-14.1737],[-72.0591,-14.1087],[-72.0586,-14.1083],[-72.0103,-14.1384],[-71.9678,-14.1025],[-71.934,-14.1117],[-71.9173,-14.155]]]}},{"type":"Feature","properties":{"IDDIST":"030710","NOMBDIST":"SANTA ROSA","NOMBPROV":"GRAU","NOMBDEP":"APURIMAC"},"geometry":{"type":"Polygon","coordinates":[[[-72.6365,-14.0928],[-72.6433,-14.1517],[-72.6892,-14.1506],[-72.6567,-14.0857],[-72.6365,-14.0928]]]}},{"type":"Feature","properties":{"IDDIST":"080508","NOMBDIST":"TUPAC AMARU","NOMBPROV":"CANAS","NOMBDEP":"CUSCO"},"geometry":{"type":"Polygon","coordinates":[[[-71.5463,-14.0902],[-71.4918,-14.1383],[-71.4721,-14.1317],[-71.4529,-14.1784],[-71.4901,-14.2037],[-71.5354,-14.2061],[-71.5499,-14.1752],[-71.5957,-14.1499],[-71.5834,-14.1011],[-71.5463,-14.0902]]]}},{"type":"Feature","properties":{"IDDIST":"050911","NOMBDIST":"SORAS","NOMBPROV":"SUCRE","NOMBDEP":"AYACUCHO"},"geometry":{"type":"Polygon","coordinates":[[[-73.5866,-14.1103],[-73.5779,-14.1447],[-73.628,-14.1757],[-73.6025,-14.2206],[-73.6717,-14.228],[-73.6822,-14.2594],[-73.6416,-14.3019],[-73.6651,-14.3507],[-73.7067,-14.3242],[-73.7734,-14.3222],[-73.7708,-14.2572],[-73.7129,-14.1531],[-73.8055,-14.1231],[-73.8229,-14.1016],[-73.7878,-14.1156],[-73.7165,-14.0935],[-73.7037,-14.0967],[-73.6567,-14.1371],[-73.6281,-14.1225],[-73.6144,-14.0765],[-73.5866,-14.1103]]]}},{"type":"Feature","properties":{"IDDIST":"210806","NOMBDIST":"NUÑOA","NOMBPROV":"MELGAR","NOMBDEP":"PUNO"},"geometry":{"type":"Polygon","coordinates":[[[-70.7022,-14.0884],[-70.692,-14.1239],[-70.6501,-14.1246],[-70.6193,-14.1594],[-70.551,-14.1553],[-70.5412,-14.1897],[-70.4877,-14.2218],[-70.4588,-14.2698],[-70.467,-14.3546],[-70.4479,-14.3929],[-70.4619,-14.4341],[-70.4577,-14.5104],[-70.4047,-14.5623],[-70.4308,-14.5791],[-70.5417,-14.5825],[-70.5387,-14.6499],[-70.5765,-14.6377],[-70.6165,-14.6745],[-70.6261,-14.6801],[-70.6526,-14.669],[-70.6795,-14.5628],[-70.7136,-14.5086],[-70.7884,-14.4546],[-70.9499,-14.4091],[-70.9721,-14.4204],[-70.9787,-14.4167],[-70.9626,-14.3618],[-70.9264,-14.3401],[-70.8806,-14.2709],[-70.8993,-14.2293],[-70.8874,-14.1762],[-70.8089,-14.1242],[-70.7898,-14.0788],[-70.7199,-14.075],[-70.7022,-14.0884]]]}},{"type":"Feature","properties":{"IDDIST":"050607","NOMBDIST":"HUAC-HUAS","NOMBPROV":"LUCANAS","NOMBDEP":"AYACUCHO"},"geometry":{"type":"Polygon","coordinates":[[[-74.8962,-14.1039],[-74.903,-14.1707],[-74.9712,-14.246],[-75.0322,-14.2657],[-75.0902,-14.2142],[-75.059,-14.1296],[-75.0291,-14.0719],[-74.9741,-14.0748],[-74.8962,-14.1039]]]}},{"type":"Feature","properties":{"IDDIST":"050608","NOMBDIST":"LARAMATE","NOMBPROV":"LUCANAS","NOMBDEP":"AYACUCHO"},"geometry":{"type":"Polygon","coordinates":[[[-74.4722,-14.1528],[-74.5718,-14.2565],[-74.6956,-14.2533],[-74.7477,-14.2703],[-74.8406,-14.3609],[-74.8825,-14.3622],[-74.9003,-14.3887],[-74.9619,-14.41],[-75.0668,-14.4841],[-75.0965,-14.4878],[-75.053,-14.4312],[-75.0213,-14.4185],[-75.0103,-14.3572],[-74.9394,-14.2885],[-74.903,-14.2794],[-74.8586,-14.2314],[-74.823,-14.2188],[-74.7696,-14.1699],[-74.7609,-14.1204],[-74.7257,-14.117],[-74.6983,-14.0786],[-74.6406,-14.0945],[-74.6232,-14.1371],[-74.591,-14.1329],[-74.4722,-14.1528]]]}},{"type":"Feature","properties":{"IDDIST":"030402","NOMBDIST":"CAPAYA","NOMBPROV":"AYMARAES","NOMBDEP":"APURIMAC"},"geometry":{"type":"Polygon","coordinates":[[[-73.2877,-14.1287],[-73.2992,-14.1287],[-73.2979,-14.131],[-73.3965,-14.1594],[-73.4098,-14.1073],[-73.3771,-14.076],[-73.3727,-14.0713],[-73.3366,-14.0733],[-73.2877,-14.1287]]]}},{"type":"Feature","properties":{"IDDIST":"050610","NOMBDIST":"LLAUTA","NOMBPROV":"LUCANAS","NOMBDEP":"AYACUCHO"},"geometry":{"type":"Polygon","coordinates":[[[-74.7725,-14.0903],[-74.7609,-14.1204],[-74.7696,-14.1699],[-74.823,-14.2188],[-74.8586,-14.2314],[-74.903,-14.2794],[-74.9394,-14.2885],[-75.0103,-14.3572],[-75.0213,-14.4185],[-75.053,-14.4312],[-75.1013,-14.4332],[-75.1398,-14.4159],[-75.1051,-14.3588],[-75.0939,-14.3124],[-75.0322,-14.2657],[-74.9712,-14.246],[-74.903,-14.1707],[-74.8962,-14.1039],[-74.8781,-14.0763],[-74.8252,-14.0923],[-74.7725,-14.0903]]]}},{"type":"Feature","properties":{"IDDIST":"030712","NOMBDIST":"VILCABAMBA","NOMBPROV":"GRAU","NOMBDEP":"APURIMAC"},"geometry":{"type":"Polygon","coordinates":[[[-72.6171,-14.067],[-72.6365,-14.0928],[-72.6567,-14.0857],[-72.6369,-14.0631],[-72.6171,-14.067]]]}},{"type":"Feature","properties":{"IDDIST":"030706","NOMBDIST":"MICAELA BASTIDAS","NOMBPROV":"GRAU","NOMBDEP":"APURIMAC"},"geometry":{"type":"Polygon","coordinates":[[[-72.4843,-14.2002],[-72.5077,-14.2072],[-72.5679,-14.1735],[-72.6433,-14.1517],[-72.6365,-14.0928],[-72.6171,-14.067],[-72.6123,-14.0624],[-72.5871,-14.1068],[-72.5423,-14.1244],[-72.4843,-14.2002]]]}},{"type":"Feature","properties":{"IDDIST":"210302","NOMBDIST":"AJOYANI","NOMBPROV":"CARABAYA","NOMBDEP":"PUNO"},"geometry":{"type":"Polygon","coordinates":[[[-70.2091,-14.0577],[-70.1859,-14.0627],[-70.1326,-14.1188],[-70.1024,-14.1625],[-70.1211,-14.204],[-70.1738,-14.2568],[-70.1797,-14.2928],[-70.2273,-14.3077],[-70.2682,-14.283],[-70.3295,-14.1752],[-70.3351,-14.11],[-70.3238,-14.0755],[-70.2607,-14.0846],[-70.2348,-14.0981],[-70.2091,-14.0577]]]}},{"type":"Feature","properties":{"IDDIST":"080606","NOMBDIST":"SAN PABLO","NOMBPROV":"CANCHIS","NOMBDEP":"CUSCO"},"geometry":{"type":"Polygon","coordinates":[[[-70.8313,-14.0708],[-70.7898,-14.0788],[-70.8089,-14.1242],[-70.8874,-14.1762],[-70.9089,-14.1655],[-70.9906,-14.1867],[-71.0257,-14.1785],[-71.1088,-14.2162],[-71.1916,-14.172],[-71.2736,-14.1773],[-71.2844,-14.2289],[-71.3274,-14.2894],[-71.3709,-14.2795],[-71.3667,-14.2299],[-71.3634,-14.2196],[-71.3347,-14.2086],[-71.2759,-14.1447],[-71.2139,-14.1219],[-71.2124,-14.0748],[-71.1105,-14.0869],[-71.0583,-14.1235],[-71.0372,-14.099],[-70.9481,-14.1234],[-70.8313,-14.0708]]]}},{"type":"Feature","properties":{"IDDIST":"090304","NOMBDIST":"CCOCHACCASA","NOMBPROV":"ANGARAES","NOMBDEP":"HUANCAVELICA"},"geometry":{"type":"Polygon","coordinates":[[[-74.7564,-12.8691],[-74.7185,-12.9458],[-74.749,-12.9652],[-74.7954,-12.9549],[-74.8383,-12.9749],[-74.8904,-12.9684],[-74.887,-12.929],[-74.877,-12.919],[-74.8271,-12.9431],[-74.7829,-12.878],[-74.7564,-12.8691]]]}},{"type":"Feature","properties":{"IDDIST":"151020","NOMBDIST":"MADEAN","NOMBPROV":"YAUYOS","NOMBDEP":"LIMA"},"geometry":{"type":"Polygon","coordinates":[[[-75.6131,-12.867],[-75.6361,-12.9162],[-75.6144,-12.9649],[-75.6632,-12.994],[-75.6704,-13.0226],[-75.7255,-13.0381],[-75.7646,-13.0182],[-75.792,-12.9891],[-75.7862,-12.9357],[-75.7506,-12.9475],[-75.6758,-12.8836],[-75.6131,-12.867]]]}},{"type":"Feature","properties":{"IDDIST":"080904","NOMBDIST":"MARANURA","NOMBPROV":"LA CONVENCION","NOMBDEP":"CUSCO"},"geometry":{"type":"Polygon","coordinates":[[[-72.6364,-12.8584],[-72.6143,-12.8923],[-72.5654,-12.9189],[-72.5586,-12.9316],[-72.5892,-12.9479],[-72.6258,-13.0045],[-72.6464,-13.0072],[-72.7214,-12.9779],[-72.6862,-12.8776],[-72.6364,-12.8584]]]}},{"type":"Feature","properties":{"IDDIST":"090403","NOMBDIST":"AURAHUA","NOMBPROV":"CASTROVIRREYNA","NOMBDEP":"HUANCAVELICA"},"geometry":{"type":"Polygon","coordinates":[[[-75.3348,-12.9362],[-75.3739,-13.0289],[-75.4005,-13.0314],[-75.4493,-13.031],[-75.5035,-13.008],[-75.5498,-13.0558],[-75.5894,-13.0639],[-75.6172,-13.049],[-75.5549,-13.0239],[-75.538,-12.9632],[-75.5094,-12.96],[-75.5046,-12.913],[-75.48,-12.8693],[-75.3805,-12.8439],[-75.3348,-12.9362]]]}},{"type":"Feature","properties":{"IDDIST":"090303","NOMBDIST":"CALLANMARCA","NOMBPROV":"ANGARAES","NOMBDEP":"HUANCAVELICA"},"geometry":{"type":"Polygon","coordinates":[[[-74.6144,-12.851],[-74.5968,-12.8884],[-74.6491,-12.9213],[-74.6497,-12.8819],[-74.6144,-12.851]]]}},{"type":"Feature","properties":{"IDDIST":"151032","NOMBDIST":"VIÑAC","NOMBPROV":"YAUYOS","NOMBDEP":"LIMA"},"geometry":{"type":"Polygon","coordinates":[[[-75.7808,-12.8604],[-75.7025,-12.877],[-75.6642,-12.8459],[-75.6129,-12.8595],[-75.6131,-12.867],[-75.6758,-12.8836],[-75.7506,-12.9475],[-75.7862,-12.9357],[-75.8304,-12.8917],[-75.8646,-12.8819],[-75.9456,-12.842],[-75.8821,-12.8426],[-75.8292,-12.8634],[-75.7808,-12.8604]]]}},{"type":"Feature","properties":{"IDDIST":"151009","NOMBDIST":"CHOCOS","NOMBPROV":"YAUYOS","NOMBDEP":"LIMA"},"geometry":{"type":"Polygon","coordinates":[[[-75.9594,-12.849],[-75.9456,-12.842],[-75.8646,-12.8819],[-75.8403,-12.9264],[-75.8474,-12.9626],[-75.876,-12.9672],[-75.8788,-13.016],[-75.9377,-12.9913],[-75.9614,-13.0014],[-75.9724,-12.9285],[-76.0039,-12.9224],[-76.0085,-12.8539],[-75.9594,-12.849]]]}},{"type":"Feature","properties":{"IDDIST":"050508","NOMBDIST":"TAMBO","NOMBPROV":"LA MAR","NOMBDEP":"AYACUCHO"},"geometry":{"type":"Polygon","coordinates":[[[-73.9956,-12.8378],[-73.9591,-12.8559],[-73.9003,-12.8603],[-73.8863,-12.8764],[-73.9289,-12.9468],[-73.9822,-12.959],[-74.0082,-12.9896],[-74.0774,-12.9847],[-74.104,-12.9821],[-74.1308,-12.9146],[-74.1367,-12.8603],[-74.0971,-12.8666],[-73.9956,-12.8378]]]}},{"type":"Feature","properties":{"IDDIST":"050502","NOMBDIST":"ANCO","NOMBPROV":"LA MAR","NOMBDEP":"AYACUCHO"},"geometry":{"type":"Polygon","coordinates":[[[-73.5887,-12.8331],[-73.5791,-12.8607],[-73.5237,-12.8995],[-73.508,-12.9719],[-73.5218,-12.9983],[-73.478,-13.0323],[-73.4537,-13.0977],[-73.5001,-13.1381],[-73.552,-13.1342],[-73.6029,-13.1728],[-73.673,-13.1713],[-73.7283,-13.1948],[-73.7726,-13.1751],[-73.8062,-13.1391],[-73.8532,-13.1342],[-73.8363,-13.1114],[-73.8547,-13.0663],[-73.8346,-12.9992],[-73.8543,-12.9588],[-73.8136,-12.9371],[-73.7338,-12.9466],[-73.6549,-12.9217],[-73.6275,-12.8559],[-73.5887,-12.8331]]]}},{"type":"Feature","properties":{"IDDIST":"090302","NOMBDIST":"ANCHONGA","NOMBPROV":"ANGARAES","NOMBDEP":"HUANCAVELICA"},"geometry":{"type":"Polygon","coordinates":[[[-74.6805,-12.8999],[-74.7066,-12.937],[-74.7185,-12.9458],[-74.7564,-12.8691],[-74.6992,-12.8436],[-74.6541,-12.8552],[-74.6805,-12.8999]]]}},{"type":"Feature","properties":{"IDDIST":"170204","NOMBDIST":"HUEPETUHE","NOMBPROV":"MANU","NOMBDEP":"MADRE DE DIOS"},"geometry":{"type":"Polygon","coordinates":[[[-70.3553,-12.9178],[-70.3593,-13.0084],[-70.4029,-13.1144],[-70.3885,-13.1924],[-70.4642,-13.1597],[-70.5498,-13.1529],[-70.5875,-13.1031],[-70.6598,-13.0885],[-70.71,-13.1095],[-70.7584,-13.108],[-70.843,-13.067],[-70.8899,-13.1029],[-70.9384,-13.0624],[-70.9715,-13.0533],[-70.9911,-13.0016],[-70.9606,-12.9416],[-70.9539,-12.8865],[-70.9051,-12.8529],[-70.8329,-12.8349],[-70.8254,-12.9256],[-70.7875,-12.9049],[-70.7245,-12.9537],[-70.6359,-12.975],[-70.5623,-12.8585],[-70.5082,-12.8167],[-70.4741,-12.8787],[-70.4194,-12.9301],[-70.3553,-12.9178]]]}},{"type":"Feature","properties":{"IDDIST":"090205","NOMBDIST":"MARCAS","NOMBPROV":"ACOBAMBA","NOMBDEP":"HUANCAVELICA"},"geometry":{"type":"Polygon","coordinates":[[[-74.4328,-12.8023],[-74.3808,-12.8145],[-74.3236,-12.8325],[-74.3194,-12.8873],[-74.3741,-12.9354],[-74.439,-12.9572],[-74.4465,-12.9651],[-74.4431,-12.8747],[-74.4574,-12.8023],[-74.4328,-12.8023]]]}},{"type":"Feature","properties":{"IDDIST":"090207","NOMBDIST":"POMACOCHA","NOMBPROV":"ACOBAMBA","NOMBDEP":"HUANCAVELICA"},"geometry":{"type":"Polygon","coordinates":[[[-74.5041,-12.9226],[-74.5418,-12.8987],[-74.5459,-12.835],[-74.5061,-12.7988],[-74.4896,-12.8463],[-74.5041,-12.9226]]]}},{"type":"Feature","properties":{"IDDIST":"150510","NOMBDIST":"NUEVO IMPERIAL","NOMBPROV":"CAÑETE","NOMBDEP":"LIMA"},"geometry":{"type":"Polygon","coordinates":[[[-76.1773,-12.8544],[-76.1793,-12.8946],[-76.2257,-12.9681],[-76.2369,-13.0142],[-76.2219,-13.0523],[-76.2506,-13.0949],[-76.337,-13.1021],[-76.336,-13.034],[-76.3506,-12.9848],[-76.3212,-12.9994],[-76.257,-12.8544],[-76.2425,-12.7879],[-76.1994,-12.8135],[-76.1773,-12.8544]]]}},{"type":"Feature","properties":{"IDDIST":"150511","NOMBDIST":"PACARAN","NOMBPROV":"CAÑETE","NOMBDEP":"LIMA"},"geometry":{"type":"Polygon","coordinates":[[[-76.1254,-12.7866],[-76.0972,-12.8013],[-76.0555,-12.8367],[-76.0372,-12.9018],[-76.0039,-12.9224],[-75.9724,-12.9285],[-75.9614,-13.0014],[-76.0455,-12.9861],[-76.0523,-12.9474],[-76.1488,-12.8895],[-76.1793,-12.8946],[-76.1773,-12.8544],[-76.1254,-12.7866]]]}},{"type":"Feature","properties":{"IDDIST":"090204","NOMBDIST":"CAJA","NOMBPROV":"ACOBAMBA","NOMBDEP":"HUANCAVELICA"},"geometry":{"type":"Polygon","coordinates":[[[-74.4574,-12.8023],[-74.4431,-12.8747],[-74.4465,-12.9651],[-74.5041,-12.9226],[-74.4896,-12.8463],[-74.5061,-12.7988],[-74.4972,-12.7882],[-74.4574,-12.8023]]]}},{"type":"Feature","properties":{"IDDIST":"090405","NOMBDIST":"CHUPAMARCA","NOMBPROV":"CASTROVIRREYNA","NOMBDEP":"HUANCAVELICA"},"geometry":{"type":"Polygon","coordinates":[[[-75.3713,-12.8257],[-75.3805,-12.8439],[-75.48,-12.8693],[-75.5046,-12.913],[-75.5094,-12.96],[-75.538,-12.9632],[-75.5549,-13.0239],[-75.6172,-13.049],[-75.6286,-13.0571],[-75.6144,-12.9649],[-75.6361,-12.9162],[-75.6131,-12.867],[-75.6129,-12.8595],[-75.5311,-12.8222],[-75.5139,-12.7887],[-75.442,-12.7752],[-75.3713,-12.8257]]]}},{"type":"Feature","properties":{"IDDIST":"220807","NOMBDIST":"SAN FERNANDO","NOMBPROV":"RIOJA","NOMBDEP":"SAN MARTIN"},"geometry":{"type":"Polygon","coordinates":[[[-77.2375,-5.8873],[-77.2831,-5.9171],[-77.314,-5.8487],[-77.2724,-5.8479],[-77.2857,-5.7764],[-77.2531,-5.8035],[-77.2375,-5.8873]]]}},{"type":"Feature","properties":{"IDDIST":"010703","NOMBDIST":"CUMBA","NOMBPROV":"UTCUBAMBA","NOMBDEP":"AMAZONAS"},"geometry":{"type":"Polygon","coordinates":[[[-78.5909,-5.8686],[-78.5353,-5.8868],[-78.4973,-5.9413],[-78.5181,-5.9877],[-78.612,-6.0214],[-78.6282,-5.996],[-78.686,-5.9009],[-78.7006,-5.7852],[-78.6917,-5.7603],[-78.6731,-5.8092],[-78.6191,-5.8661],[-78.5909,-5.8686]]]}},{"type":"Feature","properties":{"IDDIST":"010306","NOMBDIST":"FLORIDA","NOMBPROV":"BONGARA","NOMBDEP":"AMAZONAS"},"geometry":{"type":"Polygon","coordinates":[[[-77.8573,-5.8047],[-77.8423,-5.8236],[-77.8788,-5.871],[-77.9149,-5.8606],[-77.9766,-5.8904],[-78.04,-5.8287],[-78.0963,-5.8375],[-78.0858,-5.7923],[-77.9984,-5.7983],[-77.9527,-5.7836],[-77.9305,-5.7548],[-77.8573,-5.8047]]]}},{"type":"Feature","properties":{"IDDIST":"160211","NOMBDIST":"TENIENTE CESAR LOPEZ ROJAS","NOMBPROV":"ALTO AMAZONAS","NOMBDEP":"LORETO"},"geometry":{"type":"Polygon","coordinates":[[[-75.5689,-6.0004],[-75.6139,-6.0232],[-75.629,-6.0821],[-75.6804,-6.0956],[-75.7266,-6.144],[-75.8148,-6.1009],[-75.8345,-6.1391],[-75.9159,-6.1412],[-75.9654,-6.0952],[-76.0305,-6.0985],[-76.0237,-5.9881],[-76.0329,-5.9641],[-75.9989,-5.9103],[-75.9199,-5.876],[-75.8676,-5.8964],[-75.8199,-5.8502],[-75.7535,-5.8533],[-75.7099,-5.8758],[-75.6632,-5.8503],[-75.6348,-5.7609],[-75.562,-5.7704],[-75.5145,-5.7393],[-75.5341,-5.9023],[-75.567,-5.9584],[-75.5689,-6.0004]]]}},{"type":"Feature","properties":{"IDDIST":"060807","NOMBDIST":"POMAHUACA","NOMBPROV":"JAEN","NOMBDEP":"CAJAMARCA"},"geometry":{"type":"Polygon","coordinates":[[[-79.0452,-5.7244],[-79.0278,-5.8185],[-79.101,-5.9234],[-79.1309,-5.9481],[-79.1858,-6.0279],[-79.224,-6.055],[-79.2643,-6.0025],[-79.349,-5.9797],[-79.4032,-5.985],[-79.4172,-6.0052],[-79.4186,-5.9701],[-79.3674,-5.9372],[-79.3336,-5.8942],[-79.3032,-5.8897],[-79.2595,-5.833],[-79.2364,-5.7344],[-79.2007,-5.7279],[-79.1127,-5.7192],[-79.0452,-5.7244]]]}},{"type":"Feature","properties":{"IDDIST":"060804","NOMBDIST":"COLASAY","NOMBPROV":"JAEN","NOMBDEP":"CAJAMARCA"},"geometry":{"type":"Polygon","coordinates":[[[-78.9705,-5.6968],[-78.9498,-5.7529],[-78.961,-5.7976],[-78.9281,-5.82],[-78.9136,-5.8695],[-78.8866,-5.8888],[-78.8748,-5.9386],[-78.8493,-5.9434],[-78.8606,-6.0099],[-78.8705,-6.0239],[-78.897,-6.0444],[-78.9651,-6.0126],[-79.0257,-6.0325],[-79.0899,-5.989],[-79.101,-5.9234],[-79.0278,-5.8185],[-79.0452,-5.7244],[-79.0251,-5.7016],[-78.9705,-5.6968]]]}},{"type":"Feature","properties":{"IDDIST":"060810","NOMBDIST":"SAN FELIPE","NOMBPROV":"JAEN","NOMBDEP":"CAJAMARCA"},"geometry":{"type":"Polygon","coordinates":[[[-79.2007,-5.7279],[-79.2364,-5.7344],[-79.2595,-5.833],[-79.3032,-5.8897],[-79.3336,-5.8942],[-79.3525,-5.873],[-79.3989,-5.7288],[-79.3111,-5.7338],[-79.29,-5.7086],[-79.2451,-5.7076],[-79.2244,-5.681],[-79.2007,-5.7279]]]}},{"type":"Feature","properties":{"IDDIST":"220802","NOMBDIST":"AWAJUN","NOMBPROV":"RIOJA","NOMBDEP":"SAN MARTIN"},"geometry":{"type":"Polygon","coordinates":[[[-77.2857,-5.7764],[-77.2724,-5.8479],[-77.314,-5.8487],[-77.3533,-5.8504],[-77.3872,-5.8146],[-77.4369,-5.8454],[-77.3985,-5.873],[-77.4035,-5.9378],[-77.4769,-6.0],[-77.5338,-6.0634],[-77.5681,-6.0281],[-77.5417,-5.9361],[-77.5026,-5.8411],[-77.4309,-5.7574],[-77.4698,-5.7312],[-77.486,-5.6808],[-77.4035,-5.6997],[-77.3457,-5.7493],[-77.2857,-5.7764]]]}},{"type":"Feature","properties":{"IDDIST":"010701","NOMBDIST":"BAGUA GRANDE","NOMBPROV":"UTCUBAMBA","NOMBDEP":"AMAZONAS"},"geometry":{"type":"Polygon","coordinates":[[[-78.4978,-5.6814],[-78.4554,-5.733],[-78.4128,-5.7726],[-78.3593,-5.7793],[-78.296,-5.8091],[-78.282,-5.8986],[-78.314,-5.9888],[-78.3419,-6.0054],[-78.3606,-5.9764],[-78.4136,-5.9482],[-78.4973,-5.9413],[-78.5353,-5.8868],[-78.5909,-5.8686],[-78.5965,-5.8323],[-78.5612,-5.739],[-78.5566,-5.6859],[-78.5336,-5.644],[-78.4978,-5.6814]]]}},{"type":"Feature","properties":{"IDDIST":"060801","NOMBDIST":"JAEN","NOMBPROV":"JAEN","NOMBDEP":"CAJAMARCA"},"geometry":{"type":"Polygon","coordinates":[[[-78.7206,-5.7925],[-78.7413,-5.8355],[-78.838,-5.9004],[-78.8493,-5.9434],[-78.8748,-5.9386],[-78.8866,-5.8888],[-78.9136,-5.8695],[-78.9281,-5.82],[-78.961,-5.7976],[-78.9498,-5.7529],[-78.9705,-5.6968],[-78.971,-5.6687],[-78.9538,-5.6554],[-78.8856,-5.6466],[-78.876,-5.6746],[-78.8159,-5.6733],[-78.8121,-5.6243],[-78.7448,-5.655],[-78.7724,-5.695],[-78.7771,-5.7662],[-78.7206,-5.7925]]]}},{"type":"Feature","properties":{"IDDIST":"160201","NOMBDIST":"YURIMAGUAS","NOMBPROV":"ALTO AMAZONAS","NOMBDEP":"LORETO"},"geometry":{"type":"Polygon","coordinates":[[[-75.6348,-5.7609],[-75.6632,-5.8503],[-75.7099,-5.8758],[-75.7535,-5.8533],[-75.8199,-5.8502],[-75.8676,-5.8964],[-75.9199,-5.876],[-75.9989,-5.9103],[-76.0329,-5.9641],[-76.0237,-5.9881],[-76.0305,-6.0985],[-76.0885,-6.155],[-76.1272,-6.1767],[-76.2236,-6.166],[-76.2732,-6.1044],[-76.3183,-6.0861],[-76.3728,-5.9738],[-76.4123,-5.9507],[-76.3621,-5.9231],[-76.3178,-5.8633],[-76.3153,-5.8355],[-76.3518,-5.6661],[-76.3563,-5.6052],[-76.2215,-5.6312],[-76.143,-5.6289],[-76.0809,-5.5988],[-75.9895,-5.6403],[-75.9405,-5.6446],[-75.9266,-5.6775],[-75.8049,-5.729],[-75.7764,-5.7094],[-75.6721,-5.7247],[-75.6348,-5.7609]]]}},{"type":"Feature","properties":{"IDDIST":"060806","NOMBDIST":"LAS PIRIAS","NOMBPROV":"JAEN","NOMBDEP":"CAJAMARCA"},"geometry":{"type":"Polygon","coordinates":[[[-78.8121,-5.6243],[-78.8159,-5.6733],[-78.876,-5.6746],[-78.8856,-5.6466],[-78.893,-5.6091],[-78.8675,-5.5858],[-78.8121,-5.6243]]]}},{"type":"Feature","properties":{"IDDIST":"160509","NOMBDIST":"TAPICHE","NOMBPROV":"REQUENA","NOMBDEP":"LORETO"},"geometry":{"type":"Polygon","coordinates":[[[-73.957,-6.4847],[-73.9995,-6.4794],[-74.0222,-6.4358],[-74.0398,-6.3448],[-74.0224,-6.2044],[-74.0312,-6.1738],[-74.0123,-6.0444],[-74.1128,-6.0094],[-74.1235,-5.9843],[-74.1784,-5.9462],[-74.1515,-5.8989],[-74.1586,-5.8409],[-74.1037,-5.7991],[-74.1027,-5.7759],[-74.164,-5.7462],[-74.1664,-5.708],[-74.1925,-5.66],[-74.1098,-5.6059],[-73.9443,-5.5775],[-73.8869,-5.5742],[-73.891,-5.6073],[-73.9324,-5.65],[-73.9354,-5.7033],[-73.971,-5.8314],[-73.9616,-5.8606],[-73.8932,-5.9299],[-73.8301,-5.9567],[-73.8449,-6.0221],[-73.8336,-6.1139],[-73.8583,-6.1547],[-73.8608,-6.2537],[-73.8912,-6.3582],[-73.8936,-6.4165],[-73.9216,-6.4609],[-73.957,-6.4847]]]}},{"type":"Feature","properties":{"IDDIST":"160508","NOMBDIST":"SOPLIN","NOMBPROV":"REQUENA","NOMBDEP":"LORETO"},"geometry":{"type":"Polygon","coordinates":[[[-73.7296,-5.7834],[-73.6997,-5.8995],[-73.6473,-5.9355],[-73.6229,-6.001],[-73.5277,-6.0959],[-73.4615,-6.1042],[-73.46,-6.2025],[-73.4799,-6.2457],[-73.4548,-6.2853],[-73.497,-6.3186],[-73.4708,-6.3682],[-73.5059,-6.4224],[-73.5188,-6.5221],[-73.5572,-6.5954],[-73.6074,-6.6399],[-73.6317,-6.683],[-73.7242,-6.7481],[-73.7539,-6.7521],[-73.7856,-6.7911],[-73.7894,-6.8564],[-73.8676,-6.9624],[-73.9181,-6.9218],[-73.949,-6.8708],[-73.9869,-6.8699],[-74.039,-6.8203],[-74.0016,-6.6834],[-73.9322,-6.6081],[-73.9346,-6.5274],[-73.957,-6.4847],[-73.9216,-6.4609],[-73.8936,-6.4165],[-73.8912,-6.3582],[-73.8608,-6.2537],[-73.8583,-6.1547],[-73.8336,-6.1139],[-73.8449,-6.0221],[-73.8301,-5.9567],[-73.8932,-5.9299],[-73.9616,-5.8606],[-73.971,-5.8314],[-73.9354,-5.7033],[-73.9324,-5.65],[-73.891,-5.6073],[-73.8869,-5.5742],[-73.8668,-5.5761],[-73.8653,-5.6415],[-73.8274,-5.6918],[-73.7783,-5.7838],[-73.7296,-5.7834]]]}},{"type":"Feature","properties":{"IDDIST":"010203","NOMBDIST":"COPALLIN","NOMBPROV":"BAGUA","NOMBDEP":"AMAZONAS"},"geometry":{"type":"Polygon","coordinates":[[[-78.4554,-5.733],[-78.4978,-5.6814],[-78.4696,-5.6674],[-78.4312,-5.6694],[-78.363,-5.5768],[-78.3256,-5.5592],[-78.3165,-5.6176],[-78.3681,-5.6268],[-78.4056,-5.6903],[-78.4554,-5.733]]]}},{"type":"Feature","properties":{"IDDIST":"060805","NOMBDIST":"HUABAL","NOMBPROV":"JAEN","NOMBDEP":"CAJAMARCA"},"geometry":{"type":"Polygon","coordinates":[[[-78.8675,-5.5858],[-78.893,-5.6091],[-78.8856,-5.6466],[-78.9538,-5.6554],[-78.9331,-5.562],[-78.8675,-5.5858]]]}},{"type":"Feature","properties":{"IDDIST":"200108","NOMBDIST":"EL TALLAN","NOMBPROV":"PIURA","NOMBDEP":"PIURA"},"geometry":{"type":"Polygon","coordinates":[[[-80.5256,-5.4211],[-80.568,-5.4867],[-80.6367,-5.4861],[-80.6353,-5.4504],[-80.7054,-5.4295],[-80.7004,-5.4062],[-80.6499,-5.3968],[-80.5802,-5.4203],[-80.5256,-5.4211]]]}},{"type":"Feature","properties":{"IDDIST":"060802","NOMBDIST":"BELLAVISTA","NOMBPROV":"JAEN","NOMBDEP":"CAJAMARCA"},"geometry":{"type":"Polygon","coordinates":[[[-78.7017,-5.4053],[-78.6928,-5.4633],[-78.6346,-5.4941],[-78.5505,-5.5168],[-78.5547,-5.5381],[-78.5807,-5.5485],[-78.6048,-5.6072],[-78.6511,-5.6756],[-78.6524,-5.7228],[-78.6917,-5.7603],[-78.7006,-5.7852],[-78.7206,-5.7925],[-78.7771,-5.7662],[-78.7724,-5.695],[-78.7448,-5.655],[-78.8121,-5.6243],[-78.8675,-5.5858],[-78.9331,-5.562],[-78.9379,-5.4747],[-78.8672,-5.4697],[-78.8324,-5.4439],[-78.7863,-5.4282],[-78.7608,-5.3741],[-78.7017,-5.4053]]]}},{"type":"Feature","properties":{"IDDIST":"060811","NOMBDIST":"SAN JOSE DEL ALTO","NOMBPROV":"JAEN","NOMBDEP":"CAJAMARCA"},"geometry":{"type":"Polygon","coordinates":[[[-78.9379,-5.4747],[-78.9331,-5.562],[-78.9538,-5.6554],[-78.971,-5.6687],[-79.0179,-5.6166],[-79.11,-5.5851],[-79.1791,-5.5029],[-79.1999,-5.5036],[-79.1462,-5.4547],[-79.1489,-5.398],[-79.1,-5.3621],[-79.0588,-5.4467],[-78.9379,-5.4747]]]}},{"type":"Feature","properties":{"IDDIST":"200306","NOMBDIST":"SAN MIGUEL DE EL FAIQUE","NOMBPROV":"HUANCABAMBA","NOMBDEP":"PIURA"},"geometry":{"type":"Polygon","coordinates":[[[-79.5214,-5.4249],[-79.5987,-5.4803],[-79.6425,-5.4852],[-79.691,-5.459],[-79.75,-5.4464],[-79.7686,-5.425],[-79.6867,-5.4117],[-79.5507,-5.3706],[-79.5382,-5.338],[-79.4912,-5.3724],[-79.487,-5.4151],[-79.5214,-5.4249]]]}},{"type":"Feature","properties":{"IDDIST":"010702","NOMBDIST":"CAJARURO","NOMBPROV":"UTCUBAMBA","NOMBDEP":"AMAZONAS"},"geometry":{"type":"Polygon","coordinates":[[[-78.1061,-5.342],[-78.0732,-5.4092],[-78.0218,-5.3658],[-77.9555,-5.3997],[-77.9314,-5.4608],[-77.9414,-5.4894],[-77.9913,-5.5141],[-77.9881,-5.5677],[-78.104,-5.755],[-78.0858,-5.7923],[-78.0963,-5.8375],[-78.1352,-5.8942],[-78.1975,-5.8867],[-78.296,-5.8091],[-78.3593,-5.7793],[-78.4128,-5.7726],[-78.4554,-5.733],[-78.4056,-5.6903],[-78.3681,-5.6268],[-78.3165,-5.6176],[-78.3256,-5.5592],[-78.3118,-5.486],[-78.2389,-5.4704],[-78.1922,-5.4172],[-78.1463,-5.3399],[-78.1061,-5.342]]]}},{"type":"Feature","properties":{"IDDIST":"060812","NOMBDIST":"SANTA ROSA","NOMBPROV":"JAEN","NOMBDEP":"CAJAMARCA"},"geometry":{"type":"Polygon","coordinates":[[[-78.5431,-5.4818],[-78.5505,-5.5168],[-78.6346,-5.4941],[-78.6928,-5.4633],[-78.7017,-5.4053],[-78.6774,-5.4087],[-78.5898,-5.3249],[-78.5184,-5.3993],[-78.5152,-5.4543],[-78.5431,-5.4818]]]}},{"type":"Feature","properties":{"IDDIST":"200805","NOMBDIST":"VICE","NOMBPROV":"SECHURA","NOMBDEP":"PIURA"},"geometry":{"type":"Polygon","coordinates":[[[-80.7492,-5.4134],[-80.7571,-5.4445],[-80.7912,-5.4839],[-80.8826,-5.5479],[-80.9302,-5.4575],[-80.994,-5.3885],[-80.9615,-5.311],[-80.7492,-5.4134]]]}},{"type":"Feature","properties":{"IDDIST":"200107","NOMBDIST":"CURA MORI","NOMBPROV":"PIURA","NOMBDEP":"PIURA"},"geometry":{"type":"Polygon","coordinates":[[[-80.5256,-5.4211],[-80.5802,-5.4203],[-80.6499,-5.3968],[-80.6778,-5.3734],[-80.6992,-5.3132],[-80.6407,-5.3211],[-80.5883,-5.3013],[-80.5148,-5.3003],[-80.5265,-5.3512],[-80.5256,-5.4211]]]}},{"type":"Feature","properties":{"IDDIST":"200308","NOMBDIST":"SONDORILLO","NOMBPROV":"HUANCABAMBA","NOMBDEP":"PIURA"},"geometry":{"type":"Polygon","coordinates":[[[-79.437,-5.2888],[-79.4065,-5.3879],[-79.4197,-5.4354],[-79.4033,-5.5244],[-79.4439,-5.5305],[-79.4552,-5.4944],[-79.5214,-5.4249],[-79.487,-5.4151],[-79.4912,-5.3724],[-79.5382,-5.338],[-79.5489,-5.309],[-79.5,-5.312],[-79.437,-5.2888]]]}},{"type":"Feature","properties":{"IDDIST":"200406","NOMBDIST":"SALITRAL","NOMBPROV":"MORROPON","NOMBDEP":"PIURA"},"geometry":{"type":"Polygon","coordinates":[[[-79.732,-5.377],[-79.7686,-5.425],[-79.75,-5.4464],[-79.691,-5.459],[-79.6425,-5.4852],[-79.6498,-5.5206],[-79.6816,-5.531],[-79.7374,-5.509],[-79.777,-5.5619],[-79.8004,-5.5622],[-79.8394,-5.63],[-79.8644,-5.5634],[-79.854,-5.5318],[-79.9031,-5.4914],[-79.9459,-5.515],[-79.9387,-5.3792],[-79.8985,-5.3335],[-79.9111,-5.2963],[-79.8662,-5.2645],[-79.8258,-5.2627],[-79.8162,-5.3204],[-79.732,-5.377]]]}},{"type":"Feature","properties":{"IDDIST":"060904","NOMBDIST":"LA COIPA","NOMBPROV":"SAN IGNACIO","NOMBDEP":"CAJAMARCA"},"geometry":{"type":"Polygon","coordinates":[[[-79.0087,-5.2599],[-79.0029,-5.3178],[-78.8989,-5.3387],[-78.8424,-5.4024],[-78.8324,-5.4439],[-78.8672,-5.4697],[-78.9379,-5.4747],[-79.0588,-5.4467],[-79.1,-5.3621],[-79.0321,-5.264],[-79.0087,-5.2599]]]}},{"type":"Feature","properties":{"IDDIST":"200307","NOMBDIST":"SONDOR","NOMBPROV":"HUANCABAMBA","NOMBDEP":"PIURA"},"geometry":{"type":"Polygon","coordinates":[[[-79.349,-5.2593],[-79.359,-5.2886],[-79.3281,-5.3159],[-79.3044,-5.3918],[-79.2977,-5.4581],[-79.269,-5.5133],[-79.329,-5.5351],[-79.3985,-5.5335],[-79.4033,-5.5244],[-79.4197,-5.4354],[-79.4065,-5.3879],[-79.437,-5.2888],[-79.3992,-5.2525],[-79.349,-5.2593]]]}},{"type":"Feature","properties":{"IDDIST":"200110","NOMBDIST":"LA UNION","NOMBPROV":"PUIRA","NOMBDEP":"PIURA"},"geometry":{"type":"Polygon","coordinates":[[[-80.8596,-5.2814],[-80.8493,-5.2984],[-80.8056,-5.3386],[-80.7241,-5.3522],[-80.7004,-5.4062],[-80.7054,-5.4295],[-80.7216,-5.4214],[-80.7492,-5.4134],[-80.9615,-5.311],[-81.0254,-5.2428],[-81.0066,-5.2327],[-80.9392,-5.2375],[-80.8596,-5.2814]]]}},{"type":"Feature","properties":{"IDDIST":"200109","NOMBDIST":"LA ARENA","NOMBPROV":"PIURA","NOMBDEP":"PIURA"},"geometry":{"type":"Polygon","coordinates":[[[-80.6992,-5.3132],[-80.6778,-5.3734],[-80.6499,-5.3968],[-80.7004,-5.4062],[-80.7241,-5.3522],[-80.8056,-5.3386],[-80.8493,-5.2984],[-80.8277,-5.225],[-80.801,-5.2127],[-80.7505,-5.291],[-80.6992,-5.3132]]]}},{"type":"Feature","properties":{"IDDIST":"200407","NOMBDIST":"SAN JUAN DE BIGOTE","NOMBPROV":"MORROPON","NOMBDEP":"PIURA"},"geometry":{"type":"Polygon","coordinates":[[[-79.72,-5.2153],[-79.6945,-5.2581],[-79.6552,-5.3333],[-79.6628,-5.369],[-79.732,-5.377],[-79.8162,-5.3204],[-79.8258,-5.2627],[-79.808,-5.2296],[-79.7354,-5.2048],[-79.72,-5.2153]]]}},{"type":"Feature","properties":{"IDDIST":"060902","NOMBDIST":"CHIRINOS","NOMBPROV":"SAN IGNACIO","NOMBDEP":"CAJAMARCA"},"geometry":{"type":"Polygon","coordinates":[[[-78.8985,-5.1925],[-78.8897,-5.2201],[-78.8154,-5.2561],[-78.7946,-5.3351],[-78.7608,-5.3741],[-78.7863,-5.4282],[-78.8324,-5.4439],[-78.8424,-5.4024],[-78.8989,-5.3387],[-79.0029,-5.3178],[-79.0087,-5.2599],[-79.008,-5.2583],[-78.9569,-5.2347],[-78.942,-5.2005],[-78.8985,-5.1925]]]}},{"type":"Feature","properties":{"IDDIST":"200402","NOMBDIST":"BUENOS AIRES","NOMBPROV":"MORROPON","NOMBDEP":"PIURA"},"geometry":{"type":"Polygon","coordinates":[[[-79.8909,-5.189],[-79.808,-5.2296],[-79.8258,-5.2627],[-79.8662,-5.2645],[-79.9111,-5.2963],[-79.8985,-5.3335],[-79.9387,-5.3792],[-80.0109,-5.2773],[-79.9984,-5.2447],[-80.0171,-5.2072],[-79.9636,-5.2148],[-79.9302,-5.1957],[-79.8909,-5.189]]]}},{"type":"Feature","properties":{"IDDIST":"030506","NOMBDIST":"CHALLHUAHUACHO","NOMBPROV":"COTABAMBAS","NOMBDEP":"APURIMAC"},"geometry":{"type":"Polygon","coordinates":[[[-72.1932,-14.0662],[-72.2034,-14.1173],[-72.146,-14.1483],[-72.1723,-14.185],[-72.2201,-14.1782],[-72.2699,-14.233],[-72.3369,-14.2751],[-72.3509,-14.3037],[-72.4171,-14.2796],[-72.4434,-14.2264],[-72.4798,-14.2017],[-72.4625,-14.1831],[-72.421,-14.2084],[-72.3863,-14.2067],[-72.3817,-14.1682],[-72.3517,-14.1397],[-72.3686,-14.0797],[-72.3316,-14.0538],[-72.3033,-14.0524],[-72.2592,-14.09],[-72.2415,-14.067],[-72.1932,-14.0662]]]}},{"type":"Feature","properties":{"IDDIST":"080204","NOMBDIST":"MOSOC LLACTA","NOMBPROV":"ACOMAYO","NOMBDEP":"CUSCO"},"geometry":{"type":"Polygon","coordinates":[[[-71.4393,-14.08],[-71.4403,-14.1037],[-71.4721,-14.1317],[-71.4918,-14.1383],[-71.5463,-14.0902],[-71.5084,-14.0991],[-71.4522,-14.0512],[-71.4393,-14.08]]]}},{"type":"Feature","properties":{"IDDIST":"030211","NOMBDIST":"POMACOCHA","NOMBPROV":"ANDAHUAYLAS","NOMBDEP":"APURIMAC"},"geometry":{"type":"Polygon","coordinates":[[[-73.3771,-14.076],[-73.4098,-14.1073],[-73.4868,-14.1458],[-73.5866,-14.1103],[-73.6144,-14.0765],[-73.6156,-14.0694],[-73.5949,-14.0645],[-73.5667,-14.0609],[-73.5202,-14.1064],[-73.4888,-14.1056],[-73.411,-14.0506],[-73.3771,-14.076]]]}},{"type":"Feature","properties":{"IDDIST":"110106","NOMBDIST":"PARCONA","NOMBPROV":"ICA","NOMBDEP":"ICA"},"geometry":{"type":"Polygon","coordinates":[[[-75.6745,-14.0479],[-75.7189,-14.0755],[-75.7277,-14.0519],[-75.6745,-14.0479]]]}},{"type":"Feature","properties":{"IDDIST":"110101","NOMBDIST":"ICA","NOMBPROV":"ICA","NOMBDEP":"ICA"},"geometry":{"type":"Polygon","coordinates":[[[-75.7288,-14.0428],[-75.7277,-14.0519],[-75.7189,-14.0755],[-75.7191,-14.105],[-75.7282,-14.1315],[-75.729,-14.1631],[-75.7797,-14.2199],[-75.8471,-14.2456],[-75.8621,-14.2795],[-75.9334,-14.4388],[-75.9665,-14.4901],[-75.9855,-14.458],[-76.0367,-14.4261],[-76.0035,-14.3902],[-75.9862,-14.2963],[-76.0331,-14.2766],[-76.0717,-14.2327],[-76.0715,-14.2069],[-76.0218,-14.1245],[-76.0263,-14.1079],[-75.9578,-14.1069],[-75.9223,-14.0649],[-75.8241,-14.0701],[-75.7392,-14.035],[-75.7288,-14.0428]]]}},{"type":"Feature","properties":{"IDDIST":"110103","NOMBDIST":"LOS AQUIJES","NOMBPROV":"ICA","NOMBDEP":"ICA"},"geometry":{"type":"Polygon","coordinates":[[[-75.6392,-14.1108],[-75.7191,-14.105],[-75.7189,-14.0755],[-75.6745,-14.0479],[-75.6068,-14.0372],[-75.5869,-14.071],[-75.6392,-14.1108]]]}},{"type":"Feature","properties":{"IDDIST":"110405","NOMBDIST":"TIBILLO","NOMBPROV":"PALPA","NOMBDEP":"ICA"},"geometry":{"type":"Polygon","coordinates":[[[-75.059,-14.1296],[-75.0902,-14.2142],[-75.1584,-14.1948],[-75.1712,-14.2589],[-75.1934,-14.2935],[-75.2326,-14.2897],[-75.2354,-14.2008],[-75.243,-14.1524],[-75.2262,-14.1264],[-75.2397,-14.084],[-75.2106,-14.0504],[-75.1657,-14.0725],[-75.1088,-14.0329],[-75.059,-14.1296]]]}},{"type":"Feature","properties":{"IDDIST":"050910","NOMBDIST":"SANTIAGO DE PAUCARAY","NOMBPROV":"SUCRE","NOMBDEP":"AYACUCHO"},"geometry":{"type":"Polygon","coordinates":[[[-73.6156,-14.0694],[-73.6144,-14.0765],[-73.6281,-14.1225],[-73.6567,-14.1371],[-73.7037,-14.0967],[-73.6897,-14.08],[-73.6217,-14.0327],[-73.6156,-14.0694]]]}},{"type":"Feature","properties":{"IDDIST":"051004","NOMBDIST":"ASQUIPATA","NOMBPROV":"VICTOR FAJARDO","NOMBDEP":"AYACUCHO"},"geometry":{"type":"Polygon","coordinates":[[[-73.8908,-14.0309],[-73.912,-14.1196],[-73.97,-14.1102],[-73.9861,-14.0898],[-73.9308,-14.0377],[-73.8908,-14.0309]]]}},{"type":"Feature","properties":{"IDDIST":"080603","NOMBDIST":"COMBAPATA","NOMBPROV":"CANCHIS","NOMBDEP":"CUSCO"},"geometry":{"type":"Polygon","coordinates":[[[-71.2124,-14.0748],[-71.2139,-14.1219],[-71.2759,-14.1447],[-71.3423,-14.1224],[-71.4205,-14.1122],[-71.4403,-14.1037],[-71.4393,-14.08],[-71.4092,-14.025],[-71.3097,-14.0552],[-71.2538,-14.0935],[-71.2124,-14.0748]]]}},{"type":"Feature","properties":{"IDDIST":"081006","NOMBDIST":"OMACHA","NOMBPROV":"PARURO","NOMBDEP":"CUSCO"},"geometry":{"type":"Polygon","coordinates":[[[-71.724,-14.0285],[-71.6997,-14.1163],[-71.6795,-14.1651],[-71.6768,-14.2228],[-71.6927,-14.2787],[-71.7597,-14.2597],[-71.7407,-14.24],[-71.7637,-14.1924],[-71.877,-14.2003],[-71.9173,-14.155],[-71.9016,-14.1337],[-71.9128,-14.0681],[-71.8723,-14.0282],[-71.8534,-14.0701],[-71.7752,-14.0452],[-71.7231,-14.0222],[-71.724,-14.0285]]]}},{"type":"Feature","properties":{"IDDIST":"050602","NOMBDIST":"AUCARA","NOMBPROV":"LUCANAS","NOMBDEP":"AYACUCHO"},"geometry":{"type":"Polygon","coordinates":[[[-74.0704,-14.0267],[-74.0855,-14.0888],[-74.0392,-14.0985],[-73.9992,-14.1592],[-73.9504,-14.1864],[-73.9702,-14.2304],[-73.8966,-14.2628],[-74.0306,-14.2991],[-74.0951,-14.2827],[-74.1857,-14.2956],[-74.2268,-14.3029],[-74.2848,-14.2675],[-74.3179,-14.2721],[-74.3665,-14.2152],[-74.4123,-14.182],[-74.4228,-14.1523],[-74.3923,-14.1671],[-74.3053,-14.1261],[-74.208,-14.1269],[-74.1744,-14.1047],[-74.116,-14.0289],[-74.0704,-14.0267]]]}},{"type":"Feature","properties":{"IDDIST":"030407","NOMBDIST":"HUAYLLO","NOMBPROV":"AYMARAES","NOMBDEP":"APURIMAC"},"geometry":{"type":"Polygon","coordinates":[[[-73.2374,-14.1587],[-73.2992,-14.1287],[-73.2877,-14.1287],[-73.2757,-14.0867],[-73.2373,-14.0542],[-73.1839,-14.0134],[-73.2194,-14.0754],[-73.2164,-14.1175],[-73.2374,-14.1587]]]}},{"type":"Feature","properties":{"IDDIST":"030408","NOMBDIST":"JUSTO APU SAHUARAURA","NOMBPROV":"AYMARAES","NOMBDEP":"APURIMAC"},"geometry":{"type":"Polygon","coordinates":[[[-73.1563,-14.1432],[-73.1695,-14.1875],[-73.22,-14.1994],[-73.2345,-14.1879],[-73.2374,-14.1587],[-73.2164,-14.1175],[-73.2194,-14.0754],[-73.1839,-14.0134],[-73.1836,-14.0132],[-73.1894,-14.053],[-73.1563,-14.1432]]]}},{"type":"Feature","properties":{"IDDIST":"030414","NOMBDIST":"TAPAIRIHUA","NOMBPROV":"AYMARAES","NOMBDEP":"APURIMAC"},"geometry":{"type":"Polygon","coordinates":[[[-73.0263,-14.0767],[-73.0197,-14.1126],[-73.079,-14.1472],[-73.1228,-14.1768],[-73.1255,-14.2053],[-73.1563,-14.1432],[-73.1894,-14.053],[-73.1836,-14.0132],[-73.134,-14.0429],[-73.0993,-14.0839],[-73.0263,-14.0767]]]}},{"type":"Feature","properties":{"IDDIST":"050906","NOMBDIST":"MORCOLLA","NOMBPROV":"SUCRE","NOMBDEP":"AYACUCHO"},"geometry":{"type":"Polygon","coordinates":[[[-73.8229,-14.1016],[-73.8055,-14.1231],[-73.7129,-14.1531],[-73.7708,-14.2572],[-73.7734,-14.3222],[-73.7988,-14.2939],[-73.8094,-14.2136],[-73.8415,-14.1612],[-73.8804,-14.1366],[-73.9176,-14.1458],[-73.95,-14.1857],[-73.9861,-14.0898],[-73.97,-14.1102],[-73.912,-14.1196],[-73.8908,-14.0309],[-73.8828,-14.0119],[-73.8229,-14.1016]]]}},{"type":"Feature","properties":{"IDDIST":"090614","NOMBDIST":"SANTIAGO DE QUIRAHUARA","NOMBPROV":"HUAYTARA","NOMBDEP":"HUANCAVELICA"},"geometry":{"type":"Polygon","coordinates":[[[-74.9091,-14.0347],[-74.7839,-14.0169],[-74.7725,-14.0903],[-74.8252,-14.0923],[-74.8781,-14.0763],[-74.8962,-14.1039],[-74.9741,-14.0748],[-75.0291,-14.0719],[-75.0241,-14.0256],[-74.9713,-14.0215],[-74.9091,-14.0347]]]}},{"type":"Feature","properties":{"IDDIST":"030714","NOMBDIST":"CURASCO","NOMBPROV":"GRAU","NOMBDEP":"APURIMAC"},"geometry":{"type":"Polygon","coordinates":[[[-72.4625,-14.1831],[-72.4798,-14.2017],[-72.4843,-14.2002],[-72.5423,-14.1244],[-72.5871,-14.1068],[-72.6123,-14.0624],[-72.5745,-14.0073],[-72.5607,-14.0384],[-72.5207,-14.0517],[-72.5019,-14.1021],[-72.4626,-14.1219],[-72.4625,-14.1831]]]}},{"type":"Feature","properties":{"IDDIST":"210310","NOMBDIST":"USICAYOS","NOMBPROV":"CARABAYA","NOMBDEP":"PUNO"},"geometry":{"type":"Polygon","coordinates":[[[-69.77,-14.0391],[-69.8059,-14.0828],[-69.839,-14.1944],[-69.849,-14.2638],[-69.887,-14.2865],[-69.9294,-14.2809],[-69.9869,-14.2437],[-69.9945,-14.2197],[-70.046,-14.1928],[-70.1211,-14.204],[-70.1024,-14.1625],[-70.1326,-14.1188],[-69.9537,-14.0472],[-69.8955,-14.0128],[-69.859,-14.0285],[-69.8132,-14.011],[-69.77,-14.0391]]]}},{"type":"Feature","properties":{"IDDIST":"110112","NOMBDIST":"SUBTANJALLA","NOMBPROV":"ICA","NOMBDEP":"ICA"},"geometry":{"type":"Polygon","coordinates":[[[-75.755,-14.0088],[-75.7392,-14.035],[-75.8241,-14.0701],[-75.9223,-14.0649],[-75.9578,-14.1069],[-76.0263,-14.1079],[-75.9865,-14.0695],[-75.9977,-14.0278],[-75.9259,-14.0093],[-75.8842,-14.0172],[-75.755,-14.0088]]]}},{"type":"Feature","properties":{"IDDIST":"030708","NOMBDIST":"PROGRESO","NOMBPROV":"GRAU","NOMBDEP":"APURIMAC"},"geometry":{"type":"Polygon","coordinates":[[[-72.565,-13.9952],[-72.4922,-14.0339],[-72.4458,-14.015],[-72.4223,-14.067],[-72.3686,-14.0797],[-72.3517,-14.1397],[-72.3817,-14.1682],[-72.3863,-14.2067],[-72.421,-14.2084],[-72.4625,-14.1831],[-72.4626,-14.1219],[-72.5019,-14.1021],[-72.5207,-14.0517],[-72.5607,-14.0384],[-72.5745,-14.0073],[-72.565,-13.9952]]]}},{"type":"Feature","properties":{"IDDIST":"080202","NOMBDIST":"ACOPIA","NOMBPROV":"ACOMAYO","NOMBDEP":"CUSCO"},"geometry":{"type":"Polygon","coordinates":[[[-71.4522,-14.0512],[-71.5084,-14.0991],[-71.5463,-14.0902],[-71.5275,-14.057],[-71.5584,-14.0089],[-71.4936,-13.9865],[-71.4772,-14.0374],[-71.4522,-14.0512]]]}},{"type":"Feature","properties":{"IDDIST":"051003","NOMBDIST":"APONGO","NOMBPROV":"VICTOR FAJARDO","NOMBDEP":"AYACUCHO"},"geometry":{"type":"Polygon","coordinates":[[[-73.8854,-13.9964],[-73.8828,-14.0119],[-73.8908,-14.0309],[-73.9308,-14.0377],[-73.9861,-14.0898],[-73.95,-14.1857],[-73.9504,-14.1864],[-73.9992,-14.1592],[-74.0392,-14.0985],[-74.0855,-14.0888],[-74.0704,-14.0267],[-74.0498,-13.9827],[-74.0098,-14.0306],[-73.8854,-13.9964]]]}},{"type":"Feature","properties":{"IDDIST":"110102","NOMBDIST":"LA TINGUIÑA","NOMBPROV":"ICA","NOMBDEP":"ICA"},"geometry":{"type":"Polygon","coordinates":[[[-75.5966,-13.9729],[-75.6416,-14.0079],[-75.6068,-14.0372],[-75.6745,-14.0479],[-75.7277,-14.0519],[-75.7288,-14.0428],[-75.7225,-13.9707],[-75.6711,-13.9787],[-75.5966,-13.9729]]]}},{"type":"Feature","properties":{"IDDIST":"030701","NOMBDIST":"CHUQUIBAMBILLA","NOMBPROV":"GRAU","NOMBDEP":"APURIMAC"},"geometry":{"type":"Polygon","coordinates":[[[-72.7492,-13.9665],[-72.7172,-13.9836],[-72.7214,-14.0214],[-72.6743,-14.0746],[-72.6369,-14.0631],[-72.6567,-14.0857],[-72.6892,-14.1506],[-72.711,-14.2059],[-72.8327,-14.2186],[-72.8796,-14.2446],[-72.8849,-14.2339],[-72.8924,-14.1704],[-72.8512,-14.0941],[-72.8172,-14.0955],[-72.7889,-13.9805],[-72.758,-13.9634],[-72.7492,-13.9665]]]}},{"type":"Feature","properties":{"IDDIST":"090606","NOMBDIST":"OCOYO","NOMBPROV":"HUAYTARA","NOMBDEP":"HUANCAVELICA"},"geometry":{"type":"Polygon","coordinates":[[[-75.0085,-13.9885],[-74.9336,-13.9836],[-74.9091,-14.0347],[-74.9713,-14.0215],[-75.0241,-14.0256],[-75.0291,-14.0719],[-75.059,-14.1296],[-75.1088,-14.0329],[-75.0951,-13.9673],[-75.0409,-13.9625],[-75.0085,-13.9885]]]}},{"type":"Feature","properties":{"IDDIST":"050907","NOMBDIST":"PAICO","NOMBPROV":"SUCRE","NOMBDEP":"AYACUCHO"},"geometry":{"type":"Polygon","coordinates":[[[-73.6197,-14.0167],[-73.6217,-14.0327],[-73.6897,-14.08],[-73.703,-14.0126],[-73.6942,-13.9694],[-73.6482,-13.9511],[-73.6197,-14.0167]]]}},{"type":"Feature","properties":{"IDDIST":"080205","NOMBDIST":"POMACANCHI","NOMBPROV":"ACOMAYO","NOMBDEP":"CUSCO"},"geometry":{"type":"Polygon","coordinates":[[[-71.5584,-14.0089],[-71.5275,-14.057],[-71.5463,-14.0902],[-71.5834,-14.1011],[-71.5957,-14.1499],[-71.6997,-14.1163],[-71.724,-14.0285],[-71.6704,-14.0306],[-71.6552,-13.9832],[-71.6293,-13.963],[-71.59,-13.9555],[-71.5584,-14.0089]]]}},{"type":"Feature","properties":{"IDDIST":"090603","NOMBDIST":"CORDOVA","NOMBPROV":"HUAYTARA","NOMBDEP":"HUANCAVELICA"},"geometry":{"type":"Polygon","coordinates":[[[-75.0951,-13.9673],[-75.1088,-14.0329],[-75.1657,-14.0725],[-75.2106,-14.0504],[-75.2192,-14.0489],[-75.1904,-13.9869],[-75.1441,-13.9561],[-75.0951,-13.9673]]]}},{"type":"Feature","properties":{"IDDIST":"080702","NOMBDIST":"CAPACMARCA","NOMBPROV":"CHUMBIVILCAS","NOMBDEP":"CUSCO"},"geometry":{"type":"Polygon","coordinates":[[[-71.9382,-13.9794],[-71.9442,-14.0009],[-71.9128,-14.0681],[-71.9016,-14.1337],[-71.9173,-14.155],[-71.934,-14.1117],[-71.9678,-14.1025],[-72.0103,-14.1384],[-72.0586,-14.1083],[-72.0679,-14.0765],[-72.0517,-14.0124],[-72.0557,-13.9349],[-71.9933,-13.9442],[-71.9382,-13.9794]]]}},{"type":"Feature","properties":{"IDDIST":"030416","NOMBDIST":"TORAYA","NOMBPROV":"AYMARAES","NOMBDEP":"APURIMAC"},"geometry":{"type":"Polygon","coordinates":[[[-73.2373,-14.0542],[-73.2757,-14.0867],[-73.2877,-14.1287],[-73.3366,-14.0733],[-73.3727,-14.0713],[-73.3788,-14.0336],[-73.3457,-13.937],[-73.2951,-13.9469],[-73.2521,-14.0471],[-73.2373,-14.0542]]]}},{"type":"Feature","properties":{"IDDIST":"110110","NOMBDIST":"SAN JUAN BAUTISTA","NOMBPROV":"ICA","NOMBDEP":"ICA"},"geometry":{"type":"Polygon","coordinates":[[[-75.7225,-13.9707],[-75.7288,-14.0428],[-75.7392,-14.035],[-75.755,-14.0088],[-75.7428,-13.9339],[-75.7132,-13.93],[-75.7225,-13.9707]]]}},{"type":"Feature","properties":{"IDDIST":"211205","NOMBDIST":"PHARA","NOMBPROV":"SANDIA","NOMBDEP":"PUNO"},"geometry":{"type":"Polygon","coordinates":[[[-69.5513,-13.9156],[-69.5127,-13.9235],[-69.486,-14.0203],[-69.5112,-14.0437],[-69.5139,-14.0976],[-69.5444,-14.1531],[-69.5899,-14.1986],[-69.706,-14.2292],[-69.6725,-14.1277],[-69.6124,-14.0524],[-69.6419,-14.0064],[-69.6196,-13.9837],[-69.6219,-13.9412],[-69.5513,-13.9156]]]}},{"type":"Feature","properties":{"IDDIST":"030206","NOMBDIST":"HUAYANA","NOMBPROV":"ANDAHUAYLAS","NOMBDEP":"APURIMAC"},"geometry":{"type":"Polygon","coordinates":[[[-73.5949,-14.0645],[-73.6156,-14.0694],[-73.6217,-14.0327],[-73.6197,-14.0167],[-73.5789,-14.0094],[-73.5532,-13.9263],[-73.5144,-13.9116],[-73.4921,-13.9507],[-73.5293,-13.9778],[-73.5495,-14.026],[-73.5949,-14.0645]]]}},{"type":"Feature","properties":{"IDDIST":"090612","NOMBDIST":"SAN ISIDRO","NOMBPROV":"HUAYTARA","NOMBDEP":"HUANCAVELICA"},"geometry":{"type":"Polygon","coordinates":[[[-75.1557,-13.9146],[-75.1441,-13.9561],[-75.1904,-13.9869],[-75.2192,-14.0489],[-75.2323,-14.0048],[-75.3332,-14.016],[-75.3534,-13.9924],[-75.2384,-13.925],[-75.1557,-13.9146]]]}},{"type":"Feature","properties":{"IDDIST":"030214","NOMBDIST":"SAN MIGUEL DE CHACCRAMPA","NOMBPROV":"ANDAHUAYLAS","NOMBDEP":"APURIMAC"},"geometry":{"type":"Polygon","coordinates":[[[-73.5532,-13.9263],[-73.5789,-14.0094],[-73.6197,-14.0167],[-73.6482,-13.9511],[-73.6546,-13.9391],[-73.6313,-13.9089],[-73.5532,-13.9263]]]}},{"type":"Feature","properties":{"IDDIST":"030404","NOMBDIST":"CHAPIMARCA","NOMBPROV":"AYMARAES","NOMBDEP":"APURIMAC"},"geometry":{"type":"Polygon","coordinates":[[[-73.0263,-14.0767],[-73.0993,-14.0839],[-73.134,-14.0429],[-73.1836,-14.0132],[-73.1568,-13.975],[-73.0454,-13.9005],[-73.0219,-14.021],[-73.0263,-14.0767]]]}},{"type":"Feature","properties":{"IDDIST":"110114","NOMBDIST":"YAUCA DEL ROSARIO","NOMBPROV":"ICA","NOMBDEP":"ICA"},"geometry":{"type":"Polygon","coordinates":[[[-75.3534,-13.9924],[-75.3332,-14.016],[-75.2323,-14.0048],[-75.2192,-14.0489],[-75.2106,-14.0504],[-75.2397,-14.084],[-75.2262,-14.1264],[-75.243,-14.1524],[-75.2354,-14.2008],[-75.2509,-14.2246],[-75.3372,-14.2174],[-75.3781,-14.247],[-75.4176,-14.252],[-75.4384,-14.2829],[-75.501,-14.2583],[-75.5692,-14.2562],[-75.5921,-14.1811],[-75.6366,-14.1399],[-75.6392,-14.1108],[-75.5869,-14.071],[-75.6068,-14.0372],[-75.6416,-14.0079],[-75.5966,-13.9729],[-75.4993,-13.9006],[-75.4338,-13.9139],[-75.3534,-13.9924]]]}},{"type":"Feature","properties":{"IDDIST":"080207","NOMBDIST":"SANGARARA","NOMBPROV":"ACOMAYO","NOMBDEP":"CUSCO"},"geometry":{"type":"Polygon","coordinates":[[[-71.5654,-13.9033],[-71.5624,-13.9347],[-71.5169,-13.9672],[-71.4936,-13.9865],[-71.5584,-14.0089],[-71.59,-13.9555],[-71.6293,-13.963],[-71.6202,-13.8973],[-71.5654,-13.9033]]]}},{"type":"Feature","properties":{"IDDIST":"030405","NOMBDIST":"COLCABAMBA","NOMBPROV":"AYMARAES","NOMBDEP":"APURIMAC"},"geometry":{"type":"Polygon","coordinates":[[[-73.2961,-13.8959],[-73.2603,-13.9752],[-73.211,-13.9934],[-73.1775,-13.9751],[-73.1568,-13.975],[-73.1836,-14.0132],[-73.1839,-14.0134],[-73.2373,-14.0542],[-73.2521,-14.0471],[-73.2951,-13.9469],[-73.3457,-13.937],[-73.3545,-13.9266],[-73.2961,-13.8959]]]}},{"type":"Feature","properties":{"IDDIST":"081008","NOMBDIST":"PILLPINTO","NOMBPROV":"PARURO","NOMBDEP":"CUSCO"},"geometry":{"type":"Polygon","coordinates":[[[-71.7231,-14.0222],[-71.7752,-14.0452],[-71.8091,-13.9243],[-71.8093,-13.8942],[-71.7784,-13.9376],[-71.7294,-13.9752],[-71.7231,-14.0222]]]}},{"type":"Feature","properties":{"IDDIST":"210301","NOMBDIST":"MACUSANI","NOMBPROV":"CARABAYA","NOMBDEP":"PUNO"},"geometry":{"type":"Polygon","coordinates":[[[-70.4148,-13.9082],[-70.3699,-13.9094],[-70.3651,-13.9426],[-70.3251,-13.9535],[-70.2948,-13.9946],[-70.2607,-14.0846],[-70.3238,-14.0755],[-70.3351,-14.11],[-70.3295,-14.1752],[-70.3869,-14.196],[-70.4252,-14.1781],[-70.4877,-14.2218],[-70.5412,-14.1897],[-70.551,-14.1553],[-70.6193,-14.1594],[-70.6501,-14.1246],[-70.692,-14.1239],[-70.7022,-14.0884],[-70.6497,-14.076],[-70.6334,-14.0036],[-70.5897,-13.9782],[-70.518,-13.897],[-70.4148,-13.9082]]]}},{"type":"Feature","properties":{"IDDIST":"081002","NOMBDIST":"ACCHA","NOMBPROV":"PARURO","NOMBDEP":"CUSCO"},"geometry":{"type":"Polygon","coordinates":[[[-71.8091,-13.9243],[-71.7752,-14.0452],[-71.8534,-14.0701],[-71.8723,-14.0282],[-71.9128,-14.0681],[-71.9442,-14.0009],[-71.9382,-13.9794],[-71.9471,-13.9167],[-71.929,-13.8888],[-71.8934,-13.9368],[-71.865,-13.912],[-71.8091,-13.9243]]]}},{"type":"Feature","properties":{"IDDIST":"051005","NOMBDIST":"CANARIA","NOMBPROV":"VICTOR FAFARDO","NOMBDEP":"AYACUCHO"},"geometry":{"type":"Polygon","coordinates":[[[-73.8904,-13.8977],[-73.8631,-13.9377],[-73.888,-13.9536],[-73.8854,-13.9964],[-74.0098,-14.0306],[-74.0498,-13.9827],[-74.0704,-14.0267],[-74.116,-14.0289],[-74.101,-13.9525],[-74.1103,-13.9082],[-74.0697,-13.8872],[-74.0371,-13.9367],[-73.8904,-13.8977]]]}},{"type":"Feature","properties":{"IDDIST":"050909","NOMBDIST":"SAN SALVADOR DE QUIJE","NOMBPROV":"SUCRE","NOMBDEP":"AYACUCHO"},"geometry":{"type":"Polygon","coordinates":[[[-73.6546,-13.9391],[-73.6482,-13.9511],[-73.6942,-13.9694],[-73.703,-14.0126],[-73.6897,-14.08],[-73.7037,-14.0967],[-73.7165,-14.0935],[-73.7646,-14.0177],[-73.7733,-13.9634],[-73.7502,-13.9173],[-73.6938,-13.886],[-73.6546,-13.9391]]]}},{"type":"Feature","properties":{"IDDIST":"030505","NOMBDIST":"MARA","NOMBPROV":"COTABAMBAS","NOMBDEP":"APURIMAC"},"geometry":{"type":"Polygon","coordinates":[[[-72.0557,-13.9349],[-72.0517,-14.0124],[-72.0679,-14.0765],[-72.0586,-14.1083],[-72.0591,-14.1087],[-72.1261,-14.1111],[-72.146,-14.1483],[-72.2034,-14.1173],[-72.1932,-14.0662],[-72.1785,-14.0334],[-72.1187,-14.0224],[-72.0912,-13.8854],[-72.0557,-13.9349]]]}},{"type":"Feature","properties":{"IDDIST":"030704","NOMBDIST":"HUAYLLATI","NOMBPROV":"GRAU","NOMBDEP":"APURIMAC"},"geometry":{"type":"Polygon","coordinates":[[[-72.4458,-14.015],[-72.4922,-14.0339],[-72.565,-13.9952],[-72.5544,-13.966],[-72.4809,-13.8793],[-72.45,-13.9223],[-72.4458,-14.015]]]}},{"type":"Feature","properties":{"IDDIST":"030102","NOMBDIST":"CHACOCHE","NOMBPROV":"ABANCAY","NOMBDEP":"APURIMAC"},"geometry":{"type":"Polygon","coordinates":[[[-73.0047,-14.1205],[-73.0197,-14.1126],[-73.0263,-14.0767],[-73.0219,-14.021],[-73.0454,-13.9005],[-73.0276,-13.8725],[-72.9691,-13.9386],[-72.9609,-13.9708],[-72.9124,-13.9962],[-72.985,-14.0738],[-73.0047,-14.1205]]]}},{"type":"Feature","properties":{"IDDIST":"050901","NOMBDIST":"QUEROBAMBA","NOMBPROV":"SUCRE","NOMBDEP":"AYACUCHO"},"geometry":{"type":"Polygon","coordinates":[[[-73.7533,-13.8916],[-73.7502,-13.9173],[-73.7733,-13.9634],[-73.7646,-14.0177],[-73.7165,-14.0935],[-73.7878,-14.1156],[-73.8229,-14.1016],[-73.8828,-14.0119],[-73.8854,-13.9964],[-73.888,-13.9536],[-73.8631,-13.9377],[-73.826,-13.9145],[-73.8045,-13.8645],[-73.7533,-13.8916]]]}},{"type":"Feature","properties":{"IDDIST":"030702","NOMBDIST":"CURPAHUASI","NOMBPROV":"GRAU","NOMBDEP":"APURIMAC"},"geometry":{"type":"Polygon","coordinates":[[[-72.638,-13.8622],[-72.605,-13.9187],[-72.5778,-13.9197],[-72.5544,-13.966],[-72.565,-13.9952],[-72.5745,-14.0073],[-72.6123,-14.0624],[-72.6171,-14.067],[-72.6369,-14.0631],[-72.6743,-14.0746],[-72.7214,-14.0214],[-72.7172,-13.9836],[-72.7492,-13.9665],[-72.7358,-13.9145],[-72.638,-13.8622]]]}},{"type":"Feature","properties":{"IDDIST":"050904","NOMBDIST":"CHILCAYOC","NOMBPROV":"SUCRE","NOMBDEP":"AYACUCHO"},"geometry":{"type":"Polygon","coordinates":[[[-73.6946,-13.8614],[-73.6938,-13.886],[-73.7502,-13.9173],[-73.7533,-13.8916],[-73.6969,-13.8498],[-73.6946,-13.8614]]]}},{"type":"Feature","properties":{"IDDIST":"080203","NOMBDIST":"ACOS","NOMBPROV":"ACOMAYO","NOMBDEP":"CUSCO"},"geometry":{"type":"Polygon","coordinates":[[[-71.7329,-13.8703],[-71.7047,-13.9398],[-71.6552,-13.9832],[-71.6704,-14.0306],[-71.724,-14.0285],[-71.7231,-14.0222],[-71.7294,-13.9752],[-71.7784,-13.9376],[-71.8093,-13.8942],[-71.8004,-13.8658],[-71.7329,-13.8703]]]}},{"type":"Feature","properties":{"IDDIST":"080602","NOMBDIST":"CHECACUPE","NOMBPROV":"CANCHIS","NOMBDEP":"CUSCO"},"geometry":{"type":"Polygon","coordinates":[[[-70.8313,-14.0708],[-70.9481,-14.1234],[-71.0372,-14.099],[-71.0583,-14.1235],[-71.1105,-14.0869],[-71.2124,-14.0748],[-71.2538,-14.0935],[-71.3097,-14.0552],[-71.4092,-14.025],[-71.4393,-14.08],[-71.4522,-14.0512],[-71.4772,-14.0374],[-71.4936,-13.9865],[-71.5169,-13.9672],[-71.4785,-13.9298],[-71.443,-13.9378],[-71.4295,-13.9835],[-71.3954,-14.012],[-71.3319,-13.9988],[-71.2586,-14.0371],[-71.1895,-14.0139],[-71.1276,-13.9708],[-71.082,-14.0003],[-71.0609,-13.9775],[-71.0138,-13.9868],[-71.0153,-13.92],[-70.9851,-13.8621],[-70.9134,-13.8925],[-70.8812,-13.8328],[-70.8313,-13.8589],[-70.833,-13.9381],[-70.8618,-14.0262],[-70.8313,-14.0708]]]}},{"type":"Feature","properties":{"IDDIST":"051106","NOMBDIST":"INDEPENDENCIA","NOMBPROV":"VILCAS HUAMAN","NOMBDEP":"AYACUCHO"},"geometry":{"type":"Polygon","coordinates":[[[-73.8034,-13.8504],[-73.8045,-13.8645],[-73.826,-13.9145],[-73.8631,-13.9377],[-73.8904,-13.8977],[-73.9112,-13.8322],[-73.8629,-13.8308],[-73.8034,-13.8504]]]}},{"type":"Feature","properties":{"IDDIST":"030217","NOMBDIST":"TUMAY HUARACA","NOMBPROV":"ANDAHUAYLAS","NOMBDEP":"APURIMAC"},"geometry":{"type":"Polygon","coordinates":[[[-73.3545,-13.9266],[-73.3457,-13.937],[-73.3788,-14.0336],[-73.3727,-14.0713],[-73.3771,-14.076],[-73.411,-14.0506],[-73.4888,-14.1056],[-73.5202,-14.1064],[-73.5667,-14.0609],[-73.5949,-14.0645],[-73.5495,-14.026],[-73.5293,-13.9778],[-73.4921,-13.9507],[-73.5144,-13.9116],[-73.5532,-13.9263],[-73.5413,-13.8415],[-73.5176,-13.8438],[-73.4384,-13.8458],[-73.4178,-13.8262],[-73.4097,-13.8914],[-73.3545,-13.9266]]]}},{"type":"Feature","properties":{"IDDIST":"211209","NOMBDIST":"ALTO INAMBARI","NOMBPROV":"SANDIA","NOMBDEP":"PUNO"},"geometry":{"type":"Polygon","coordinates":[[[-69.3664,-13.8676],[-69.3073,-13.9036],[-69.1441,-13.9681],[-69.0844,-14.0236],[-69.0877,-14.0917],[-69.1265,-14.095],[-69.1327,-14.1406],[-69.1894,-14.1429],[-69.2173,-14.2051],[-69.2394,-14.254],[-69.297,-14.2197],[-69.3109,-14.1733],[-69.3779,-14.1471],[-69.4216,-14.1444],[-69.4765,-14.1727],[-69.5084,-14.1687],[-69.5444,-14.1531],[-69.5139,-14.0976],[-69.5112,-14.0437],[-69.486,-14.0203],[-69.5127,-13.9235],[-69.5513,-13.9156],[-69.57,-13.8675],[-69.5352,-13.8449],[-69.4611,-13.8284],[-69.4038,-13.8427],[-69.3664,-13.8676]]]}},{"type":"Feature","properties":{"IDDIST":"030203","NOMBDIST":"CHIARA","NOMBPROV":"ANDAHUAYLAS","NOMBDEP":"APURIMAC"},"geometry":{"type":"Polygon","coordinates":[[[-73.5739,-13.8276],[-73.5413,-13.8415],[-73.5532,-13.9263],[-73.6313,-13.9089],[-73.6546,-13.9391],[-73.6938,-13.886],[-73.6946,-13.8614],[-73.648,-13.8216],[-73.6236,-13.8452],[-73.5739,-13.8276]]]}},{"type":"Feature","properties":{"IDDIST":"080201","NOMBDIST":"ACOMAYO","NOMBPROV":"ACOMAYO","NOMBDEP":"CUSCO"},"geometry":{"type":"Polygon","coordinates":[[[-71.6378,-13.8352],[-71.6202,-13.8973],[-71.6293,-13.963],[-71.6552,-13.9832],[-71.7047,-13.9398],[-71.7329,-13.8703],[-71.7125,-13.8203],[-71.6378,-13.8352]]]}},{"type":"Feature","properties":{"IDDIST":"050903","NOMBDIST":"CHALCOS","NOMBPROV":"SUCRE","NOMBDEP":"AYACUCHO"},"geometry":{"type":"Polygon","coordinates":[[[-73.7243,-13.8212],[-73.6969,-13.8498],[-73.7533,-13.8916],[-73.8045,-13.8645],[-73.8034,-13.8504],[-73.7978,-13.8283],[-73.7243,-13.8212]]]}},{"type":"Feature","properties":{"IDDIST":"030411","NOMBDIST":"SAN JUAN DE CHACÑA","NOMBPROV":"AYMARAES","NOMBDEP":"APURIMAC"},"geometry":{"type":"Polygon","coordinates":[[[-73.1982,-13.943],[-73.2301,-13.9124],[-73.2372,-13.8611],[-73.2194,-13.8276],[-73.1957,-13.8169],[-73.1602,-13.8404],[-73.1736,-13.8824],[-73.1365,-13.9428],[-73.1982,-13.943]]]}},{"type":"Feature","properties":{"IDDIST":"030409","NOMBDIST":"LUCRE","NOMBPROV":"AYMARAES","NOMBDEP":"APURIMAC"},"geometry":{"type":"Polygon","coordinates":[[[-73.2194,-13.8276],[-73.2372,-13.8611],[-73.2301,-13.9124],[-73.1982,-13.943],[-73.1775,-13.9751],[-73.211,-13.9934],[-73.2603,-13.9752],[-73.2961,-13.8959],[-73.245,-13.8151],[-73.2194,-13.8276]]]}},{"type":"Feature","properties":{"IDDIST":"090605","NOMBDIST":"LARAMARCA","NOMBPROV":"HUAYTARA","NOMBDEP":"HUANCAVELICA"},"geometry":{"type":"Polygon","coordinates":[[[-75.0085,-13.9885],[-75.0409,-13.9625],[-75.0951,-13.9673],[-75.1441,-13.9561],[-75.1557,-13.9146],[-75.1388,-13.89],[-75.054,-13.8561],[-74.9953,-13.8139],[-74.9767,-13.8672],[-74.9947,-13.8956],[-75.0085,-13.9885]]]}},{"type":"Feature","properties":{"IDDIST":"110108","NOMBDIST":"SALAS","NOMBPROV":"ICA","NOMBDEP":"ICA"},"geometry":{"type":"Polygon","coordinates":[[[-75.6747,-13.8139],[-75.6739,-13.8627],[-75.7132,-13.93],[-75.7428,-13.9339],[-75.755,-14.0088],[-75.8842,-14.0172],[-75.9259,-14.0093],[-75.9977,-14.0278],[-76.0255,-14.005],[-76.025,-13.9592],[-76.0613,-13.9048],[-76.028,-13.8401],[-76.0013,-13.8383],[-75.8845,-13.8552],[-75.8532,-13.8371],[-75.7889,-13.8564],[-75.6747,-13.8139]]]}},{"type":"Feature","properties":{"IDDIST":"081004","NOMBDIST":"COLCHA","NOMBPROV":"PARURO","NOMBDEP":"CUSCO"},"geometry":{"type":"Polygon","coordinates":[[[-71.8004,-13.8658],[-71.8093,-13.8942],[-71.8091,-13.9243],[-71.865,-13.912],[-71.8934,-13.9368],[-71.929,-13.8888],[-71.9399,-13.831],[-71.8496,-13.8233],[-71.8332,-13.8132],[-71.8004,-13.8658]]]}},{"type":"Feature","properties":{"IDDIST":"081206","NOMBDIST":"CUSIPATA","NOMBPROV":"QUISPICANCHI","NOMBDEP":"CUSCO"},"geometry":{"type":"Polygon","coordinates":[[[-71.3703,-13.8112],[-71.3297,-13.8536],[-71.2977,-13.844],[-71.3078,-13.89],[-71.3932,-13.8962],[-71.443,-13.9378],[-71.4785,-13.9298],[-71.5169,-13.9672],[-71.5624,-13.9347],[-71.5654,-13.9033],[-71.4996,-13.8454],[-71.4689,-13.8596],[-71.3703,-13.8112]]]}},{"type":"Feature","properties":{"IDDIST":"050303","NOMBDIST":"SACSAMARCA","NOMBPROV":"HUANCA SANCOS","NOMBDEP":"AYACUCHO"},"geometry":{"type":"Polygon","coordinates":[[[-74.189,-13.8139],[-74.1584,-13.868],[-74.1103,-13.9082],[-74.101,-13.9525],[-74.116,-14.0289],[-74.1744,-14.1047],[-74.208,-14.1269],[-74.3053,-14.1261],[-74.3397,-14.0068],[-74.3182,-13.9605],[-74.3243,-13.88],[-74.301,-13.895],[-74.251,-13.8852],[-74.2274,-13.8062],[-74.189,-13.8139]]]}},{"type":"Feature","properties":{"IDDIST":"051010","NOMBDIST":"HUAYA","NOMBPROV":"VICTOR FAJARDO","NOMBDEP":"AYACUCHO"},"geometry":{"type":"Polygon","coordinates":[[[-73.9112,-13.8322],[-73.8904,-13.8977],[-74.0371,-13.9367],[-74.0697,-13.8872],[-74.0419,-13.8484],[-73.9936,-13.8231],[-73.9588,-13.8401],[-73.9371,-13.8005],[-73.9112,-13.8322]]]}},{"type":"Feature","properties":{"IDDIST":"030415","NOMBDIST":"TINTAY","NOMBPROV":"AYMARAES","NOMBDEP":"APURIMAC"},"geometry":{"type":"Polygon","coordinates":[[[-73.1719,-13.8036],[-73.0737,-13.897],[-73.0454,-13.9005],[-73.1568,-13.975],[-73.1775,-13.9751],[-73.1982,-13.943],[-73.1365,-13.9428],[-73.1736,-13.8824],[-73.1602,-13.8404],[-73.1957,-13.8169],[-73.1828,-13.8003],[-73.1719,-13.8036]]]}},{"type":"Feature","properties":{"IDDIST":"050301","NOMBDIST":"SANCOS","NOMBPROV":"HUANCA SANCOS","NOMBDEP":"AYACUCHO"},"geometry":{"type":"Polygon","coordinates":[[[-74.3379,-13.8457],[-74.3243,-13.88],[-74.3182,-13.9605],[-74.3397,-14.0068],[-74.3053,-14.1261],[-74.3923,-14.1671],[-74.4228,-14.1523],[-74.4722,-14.1528],[-74.591,-14.1329],[-74.6232,-14.1371],[-74.6406,-14.0945],[-74.6983,-14.0786],[-74.7257,-14.117],[-74.7609,-14.1204],[-74.7725,-14.0903],[-74.7839,-14.0169],[-74.768,-13.9786],[-74.7859,-13.9288],[-74.7604,-13.8315],[-74.7776,-13.7828],[-74.7626,-13.7802],[-74.7243,-13.7873],[-74.6157,-13.8512],[-74.6092,-13.9035],[-74.5312,-13.9362],[-74.439,-13.9399],[-74.377,-13.8922],[-74.3379,-13.8457]]]}},{"type":"Feature","properties":{"IDDIST":"030103","NOMBDIST":"CIRCA","NOMBPROV":"ABANCAY","NOMBDEP":"APURIMAC"},"geometry":{"type":"Polygon","coordinates":[[[-72.758,-13.9634],[-72.7889,-13.9805],[-72.8172,-14.0955],[-72.8512,-14.0941],[-72.8924,-14.1704],[-72.9137,-14.1473],[-72.975,-14.1304],[-73.0047,-14.1205],[-72.985,-14.0738],[-72.9124,-13.9962],[-72.9609,-13.9708],[-72.9691,-13.9386],[-73.0276,-13.8725],[-72.9852,-13.8619],[-72.9557,-13.7917],[-72.9368,-13.7788],[-72.905,-13.8356],[-72.7744,-13.8942],[-72.758,-13.9634]]]}},{"type":"Feature","properties":{"IDDIST":"030503","NOMBDIST":"COYLLURQUI","NOMBPROV":"COTABAMBAS","NOMBDEP":"APURIMAC"},"geometry":{"type":"Polygon","coordinates":[[[-72.3053,-13.8786],[-72.3421,-13.9821],[-72.3316,-14.0538],[-72.3686,-14.0797],[-72.4223,-14.067],[-72.4458,-14.015],[-72.45,-13.9223],[-72.4809,-13.8793],[-72.4759,-13.8138],[-72.4604,-13.7902],[-72.4493,-13.7638],[-72.4086,-13.7752],[-72.3388,-13.8214],[-72.3053,-13.8786]]]}},{"type":"Feature","properties":{"IDDIST":"051102","NOMBDIST":"ACCOMARCA","NOMBPROV":"VILCAS HUAMAN","NOMBDEP":"AYACUCHO"},"geometry":{"type":"Polygon","coordinates":[[[-73.8019,-13.8015],[-73.7978,-13.8283],[-73.8034,-13.8504],[-73.8629,-13.8308],[-73.9112,-13.8322],[-73.9371,-13.8005],[-73.8807,-13.7649],[-73.8019,-13.8015]]]}},{"type":"Feature","properties":{"IDDIST":"050902","NOMBDIST":"BELEN","NOMBPROV":"SUCRE","NOMBDEP":"AYACUCHO"},"geometry":{"type":"Polygon","coordinates":[[[-73.7243,-13.8212],[-73.7978,-13.8283],[-73.8019,-13.8015],[-73.7572,-13.7703],[-73.7479,-13.7634],[-73.7243,-13.8212]]]}},{"type":"Feature","properties":{"IDDIST":"081003","NOMBDIST":"CCAPI","NOMBPROV":"PARURO","NOMBDEP":"CUSCO"},"geometry":{"type":"Polygon","coordinates":[[[-71.988,-13.7826],[-71.9817,-13.8229],[-71.9399,-13.831],[-71.929,-13.8888],[-71.9471,-13.9167],[-71.9382,-13.9794],[-71.9933,-13.9442],[-72.0557,-13.9349],[-72.0912,-13.8854],[-72.1347,-13.7835],[-72.0449,-13.7564],[-71.988,-13.7826]]]}},{"type":"Feature","properties":{"IDDIST":"110505","NOMBDIST":"PARACAS","NOMBPROV":"PISCO","NOMBDEP":"ICA"},"geometry":{"type":"Polygon","coordinates":[[[-76.0613,-13.9048],[-76.025,-13.9592],[-76.0255,-14.005],[-75.9977,-14.0278],[-75.9865,-14.0695],[-76.0263,-14.1079],[-76.0218,-14.1245],[-76.0715,-14.2069],[-76.0717,-14.2327],[-76.0331,-14.2766],[-75.9862,-14.2963],[-76.0035,-14.3902],[-76.0367,-14.4261],[-76.0662,-14.3869],[-76.1319,-14.3543],[-76.1099,-14.2927],[-76.1436,-14.2276],[-76.1907,-14.1975],[-76.2305,-14.1491],[-76.2902,-14.1615],[-76.2857,-14.0895],[-76.2665,-14.0147],[-76.2825,-13.918],[-76.33,-13.925],[-76.3963,-13.9089],[-76.3713,-13.8089],[-76.2962,-13.7935],[-76.3008,-13.8377],[-76.261,-13.8656],[-76.2314,-13.7548],[-76.1696,-13.7771],[-76.1208,-13.8798],[-76.0613,-13.9048]]]}},{"type":"Feature","properties":{"IDDIST":"090611","NOMBDIST":"SAN FRANCISCO DE SANGAYAICO","NOMBPROV":"HUAYTARA","NOMBDEP":"HUANCAVELICA"},"geometry":{"type":"Polygon","coordinates":[[[-75.183,-13.7565],[-75.2531,-13.8148],[-75.3932,-13.7852],[-75.2891,-13.7554],[-75.183,-13.7565]]]}},{"type":"Feature","properties":{"IDDIST":"051006","NOMBDIST":"CAYARA","NOMBPROV":"VICTOR FAJARDO","NOMBDEP":"AYACUCHO"},"geometry":{"type":"Polygon","coordinates":[[[-73.9371,-13.8005],[-73.9588,-13.8401],[-73.9936,-13.8231],[-74.0254,-13.7989],[-74.0386,-13.7545],[-73.9802,-13.7475],[-73.9371,-13.8005]]]}},{"type":"Feature","properties":{"IDDIST":"110109","NOMBDIST":"SAN JOSE DE LOS MOLINOS","NOMBPROV":"ICA","NOMBDEP":"ICA"},"geometry":{"type":"Polygon","coordinates":[[[-75.5546,-13.7496],[-75.5249,-13.8179],[-75.5634,-13.8409],[-75.5455,-13.8895],[-75.4993,-13.9006],[-75.5966,-13.9729],[-75.6711,-13.9787],[-75.7225,-13.9707],[-75.7132,-13.93],[-75.6739,-13.8627],[-75.6747,-13.8139],[-75.5979,-13.7743],[-75.5681,-13.7422],[-75.5546,-13.7496]]]}},{"type":"Feature","properties":{"IDDIST":"090608","NOMBDIST":"QUERCO","NOMBPROV":"HUAYTARA","NOMBDEP":"HUANCAVELICA"},"geometry":{"type":"Polygon","coordinates":[[[-74.9276,-13.7338],[-74.872,-13.7581],[-74.8354,-13.7369],[-74.7776,-13.7828],[-74.7604,-13.8315],[-74.7859,-13.9288],[-74.768,-13.9786],[-74.7839,-14.0169],[-74.9091,-14.0347],[-74.9336,-13.9836],[-75.0085,-13.9885],[-74.9947,-13.8956],[-74.9767,-13.8672],[-74.9953,-13.8139],[-74.9687,-13.7513],[-74.9276,-13.7338]]]}},{"type":"Feature","properties":{"IDDIST":"050302","NOMBDIST":"CARAPO","NOMBPROV":"HUANCA SANCOS","NOMBDEP":"AYACUCHO"},"geometry":{"type":"Polygon","coordinates":[[[-74.2541,-13.759],[-74.2274,-13.8062],[-74.251,-13.8852],[-74.301,-13.895],[-74.3243,-13.88],[-74.3379,-13.8457],[-74.3532,-13.8211],[-74.4259,-13.7976],[-74.3156,-13.7336],[-74.2541,-13.759]]]}},{"type":"Feature","properties":{"IDDIST":"030703","NOMBDIST":"GAMARRA","NOMBPROV":"GRAU","NOMBDEP":"APURIMAC"},"geometry":{"type":"Polygon","coordinates":[[[-72.4604,-13.7902],[-72.4759,-13.8138],[-72.4809,-13.8793],[-72.5544,-13.966],[-72.5778,-13.9197],[-72.605,-13.9187],[-72.638,-13.8622],[-72.6401,-13.8189],[-72.6789,-13.776],[-72.5736,-13.7318],[-72.5535,-13.7508],[-72.5014,-13.7469],[-72.4604,-13.7902]]]}},{"type":"Feature","properties":{"IDDIST":"030212","NOMBDIST":"SAN ANTONIO DE CACHI","NOMBPROV":"ANDAHUAYLAS","NOMBDEP":"APURIMAC"},"geometry":{"type":"Polygon","coordinates":[[[-73.6004,-13.7289],[-73.5739,-13.8276],[-73.6236,-13.8452],[-73.648,-13.8216],[-73.6946,-13.8614],[-73.6969,-13.8498],[-73.7243,-13.8212],[-73.7479,-13.7634],[-73.7257,-13.7556],[-73.6737,-13.7307],[-73.6062,-13.7288],[-73.6004,-13.7289]]]}},{"type":"Feature","properties":{"IDDIST":"210305","NOMBDIST":"CORANI","NOMBPROV":"CARABAYA","NOMBDEP":"PUNO"},"geometry":{"type":"Polygon","coordinates":[[[-70.518,-13.897],[-70.5897,-13.9782],[-70.6334,-14.0036],[-70.6497,-14.076],[-70.7022,-14.0884],[-70.7199,-14.075],[-70.7898,-14.0788],[-70.8313,-14.0708],[-70.8618,-14.0262],[-70.833,-13.9381],[-70.8313,-13.8589],[-70.8812,-13.8328],[-70.8625,-13.8003],[-70.8266,-13.8272],[-70.7684,-13.8143],[-70.7214,-13.8293],[-70.6989,-13.8032],[-70.735,-13.7343],[-70.6532,-13.7477],[-70.6449,-13.796],[-70.5963,-13.7905],[-70.5506,-13.8329],[-70.518,-13.897]]]}},{"type":"Feature","properties":{"IDDIST":"080605","NOMBDIST":"PITUMARCA","NOMBPROV":"CANCHIS","NOMBDEP":"CUSCO"},"geometry":{"type":"Polygon","coordinates":[[[-70.8625,-13.8003],[-70.8812,-13.8328],[-70.9134,-13.8925],[-70.9851,-13.8621],[-71.0153,-13.92],[-71.0138,-13.9868],[-71.0609,-13.9775],[-71.082,-14.0003],[-71.1276,-13.9708],[-71.1895,-14.0139],[-71.2586,-14.0371],[-71.3319,-13.9988],[-71.3954,-14.012],[-71.4295,-13.9835],[-71.443,-13.9378],[-71.3932,-13.8962],[-71.3078,-13.89],[-71.2977,-13.844],[-71.1931,-13.7932],[-71.1638,-13.7432],[-71.1035,-13.7604],[-71.081,-13.7255],[-70.9916,-13.7613],[-70.9565,-13.8047],[-70.9125,-13.8138],[-70.8625,-13.8003]]]}},{"type":"Feature","properties":{"IDDIST":"030218","NOMBDIST":"TURPO","NOMBPROV":"ANDAHUAYLAS","NOMBDEP":"APURIMAC"},"geometry":{"type":"Polygon","coordinates":[[[-73.4287,-13.7334],[-73.4335,-13.7969],[-73.4178,-13.8262],[-73.4384,-13.8458],[-73.5176,-13.8438],[-73.5222,-13.7844],[-73.4985,-13.7135],[-73.4721,-13.7363],[-73.4287,-13.7334]]]}},{"type":"Feature","properties":{"IDDIST":"110506","NOMBDIST":"SAN ANDRES","NOMBPROV":"PISCO","NOMBDEP":"ICA"},"geometry":{"type":"Polygon","coordinates":[[[-76.1533,-13.7129],[-76.1579,-13.7349],[-76.0446,-13.7748],[-76.0013,-13.8383],[-76.028,-13.8401],[-76.0613,-13.9048],[-76.1208,-13.8798],[-76.1696,-13.7771],[-76.2314,-13.7548],[-76.2219,-13.7209],[-76.1533,-13.7129]]]}},{"type":"Feature","properties":{"IDDIST":"030501","NOMBDIST":"TAMBOBAMBA","NOMBPROV":"COTABAMBAS","NOMBDEP":"APURIMAC"},"geometry":{"type":"Polygon","coordinates":[[[-72.2287,-13.7141],[-72.1664,-13.7474],[-72.1347,-13.7835],[-72.0912,-13.8854],[-72.1187,-14.0224],[-72.1785,-14.0334],[-72.1932,-14.0662],[-72.2415,-14.067],[-72.2592,-14.09],[-72.3033,-14.0524],[-72.3316,-14.0538],[-72.3421,-13.9821],[-72.3053,-13.8786],[-72.2777,-13.848],[-72.2307,-13.7061],[-72.2287,-13.7141]]]}},{"type":"Feature","properties":{"IDDIST":"051103","NOMBDIST":"CARHUANCA","NOMBPROV":"VILCAS HUAMAN","NOMBDEP":"AYACUCHO"},"geometry":{"type":"Polygon","coordinates":[[[-73.7257,-13.7556],[-73.7479,-13.7634],[-73.7572,-13.7703],[-73.8015,-13.7671],[-73.8166,-13.7118],[-73.7884,-13.7015],[-73.7257,-13.7556]]]}},{"type":"Feature","properties":{"IDDIST":"081212","NOMBDIST":"QUIQUIJANA","NOMBPROV":"QUISPICANCHI","NOMBDEP":"CUSCO"},"geometry":{"type":"Polygon","coordinates":[[[-71.4877,-13.7217],[-71.4391,-13.773],[-71.3703,-13.8112],[-71.4689,-13.8596],[-71.4996,-13.8454],[-71.5654,-13.9033],[-71.6202,-13.8973],[-71.6378,-13.8352],[-71.6445,-13.7591],[-71.5947,-13.7588],[-71.5255,-13.7017],[-71.4877,-13.7217]]]}},{"type":"Feature","properties":{"IDDIST":"080206","NOMBDIST":"RONDOCAN","NOMBPROV":"ACOMAYO","NOMBDEP":"CUSCO"},"geometry":{"type":"Polygon","coordinates":[[[-71.7484,-13.7103],[-71.7271,-13.733],[-71.7033,-13.7595],[-71.7125,-13.8203],[-71.7329,-13.8703],[-71.8004,-13.8658],[-71.8332,-13.8132],[-71.8291,-13.779],[-71.7898,-13.6984],[-71.7484,-13.7103]]]}},{"type":"Feature","properties":{"IDDIST":"050304","NOMBDIST":"SANTIAGO DE LUCANAMARCA","NOMBPROV":"HUANCA SANCOS","NOMBDEP":"AYACUCHO"},"geometry":{"type":"Polygon","coordinates":[[[-74.535,-13.7091],[-74.5199,-13.7364],[-74.4259,-13.7976],[-74.3532,-13.8211],[-74.3379,-13.8457],[-74.377,-13.8922],[-74.439,-13.9399],[-74.5312,-13.9362],[-74.6092,-13.9035],[-74.6157,-13.8512],[-74.7243,-13.7873],[-74.7626,-13.7802],[-74.7665,-13.7722],[-74.7073,-13.7453],[-74.6413,-13.7423],[-74.6167,-13.7078],[-74.535,-13.7091]]]}},{"type":"Feature","properties":{"IDDIST":"030205","NOMBDIST":"HUANCARAY","NOMBPROV":"ANDAHUAYLAS","NOMBDEP":"APURIMAC"},"geometry":{"type":"Polygon","coordinates":[[[-73.4985,-13.7135],[-73.5222,-13.7844],[-73.5176,-13.8438],[-73.5413,-13.8415],[-73.5739,-13.8276],[-73.6004,-13.7289],[-73.4985,-13.7135]]]}},{"type":"Feature","properties":{"IDDIST":"081007","NOMBDIST":"PACCARITAMBO","NOMBPROV":"PARURO","NOMBDEP":"CUSCO"},"geometry":{"type":"Polygon","coordinates":[[[-71.9156,-13.7059],[-71.9188,-13.7315],[-71.8496,-13.8233],[-71.9399,-13.831],[-71.9817,-13.8229],[-71.988,-13.7826],[-71.9917,-13.7039],[-71.9559,-13.6896],[-71.9156,-13.7059]]]}},{"type":"Feature","properties":{"IDDIST":"110508","NOMBDIST":"TUPAC AMARU INCA","NOMBPROV":"PISCO","NOMBDEP":"ICA"},"geometry":{"type":"Polygon","coordinates":[[[-76.0854,-13.6994],[-76.0796,-13.7323],[-76.0446,-13.7748],[-76.1579,-13.7349],[-76.1533,-13.7129],[-76.1586,-13.6877],[-76.0854,-13.6994]]]}},{"type":"Feature","properties":{"IDDIST":"030106","NOMBDIST":"LAMBRAMA","NOMBPROV":"ABANCAY","NOMBDEP":"APURIMAC"},"geometry":{"type":"Polygon","coordinates":[[[-72.7637,-13.6981],[-72.7346,-13.7145],[-72.6789,-13.776],[-72.6401,-13.8189],[-72.638,-13.8622],[-72.7358,-13.9145],[-72.7492,-13.9665],[-72.758,-13.9634],[-72.7744,-13.8942],[-72.905,-13.8356],[-72.9368,-13.7788],[-72.9166,-13.6882],[-72.8377,-13.7135],[-72.7637,-13.6981]]]}},{"type":"Feature","properties":{"IDDIST":"110501","NOMBDIST":"PISCO","NOMBPROV":"PISCO","NOMBDEP":"ICA"},"geometry":{"type":"Polygon","coordinates":[[[-76.1586,-13.6877],[-76.1533,-13.7129],[-76.2219,-13.7209],[-76.217,-13.6812],[-76.1586,-13.6877]]]}},{"type":"Feature","properties":{"IDDIST":"051105","NOMBDIST":"HUAMBALPA","NOMBPROV":"VILCAS HUAMAN","NOMBDEP":"AYACUCHO"},"geometry":{"type":"Polygon","coordinates":[[[-73.828,-13.6794],[-73.8166,-13.7118],[-73.8015,-13.7671],[-73.7572,-13.7703],[-73.8019,-13.8015],[-73.8807,-13.7649],[-73.9371,-13.8005],[-73.9802,-13.7475],[-73.9993,-13.7045],[-73.9179,-13.7213],[-73.8729,-13.6848],[-73.828,-13.6794]]]}},{"type":"Feature","properties":{"IDDIST":"051009","NOMBDIST":"HUANCARAYLLA","NOMBPROV":"VICTOR FAJARDO","NOMBDEP":"AYACUCHO"},"geometry":{"type":"Polygon","coordinates":[[[-74.189,-13.8139],[-74.2274,-13.8062],[-74.2541,-13.759],[-74.223,-13.7151],[-74.1329,-13.6787],[-74.0967,-13.712],[-74.1224,-13.7414],[-74.12,-13.8076],[-74.1653,-13.7924],[-74.189,-13.8139]]]}},{"type":"Feature","properties":{"IDDIST":"081207","NOMBDIST":"HUARO","NOMBPROV":"QUISPICANCHI","NOMBDEP":"CUSCO"},"geometry":{"type":"Polygon","coordinates":[[[-71.6445,-13.7591],[-71.6378,-13.8352],[-71.7125,-13.8203],[-71.7033,-13.7595],[-71.7271,-13.733],[-71.6436,-13.6686],[-71.6334,-13.6985],[-71.6445,-13.7591]]]}},{"type":"Feature","properties":{"IDDIST":"051007","NOMBDIST":"COLCA","NOMBPROV":"VICTOR FAJARDO","NOMBDEP":"AYACUCHO"},"geometry":{"type":"Polygon","coordinates":[[[-74.0501,-13.6826],[-74.0116,-13.6932],[-73.9993,-13.7045],[-73.9802,-13.7475],[-74.0386,-13.7545],[-74.1004,-13.6664],[-74.0501,-13.6826]]]}},{"type":"Feature","properties":{"IDDIST":"030107","NOMBDIST":"PICHIRHUA","NOMBPROV":"ABANCAY","NOMBDEP":"APURIMAC"},"geometry":{"type":"Polygon","coordinates":[[[-72.9166,-13.6882],[-72.9368,-13.7788],[-72.9557,-13.7917],[-72.9852,-13.8619],[-73.0276,-13.8725],[-73.0454,-13.9005],[-73.0737,-13.897],[-73.1719,-13.8036],[-73.1603,-13.7768],[-73.1031,-13.7631],[-73.0733,-13.7311],[-72.9777,-13.7003],[-72.9446,-13.6521],[-72.9166,-13.6882]]]}},{"type":"Feature","properties":{"IDDIST":"051107","NOMBDIST":"SAURAMA","NOMBPROV":"VILCAS HUAMAN","NOMBDEP":"AYACUCHO"},"geometry":{"type":"Polygon","coordinates":[[[-73.7231,-13.6819],[-73.6737,-13.7307],[-73.7257,-13.7556],[-73.7884,-13.7015],[-73.8166,-13.7118],[-73.828,-13.6794],[-73.7567,-13.6507],[-73.7231,-13.6819]]]}},{"type":"Feature","properties":{"IDDIST":"051001","NOMBDIST":"HUANCAPI","NOMBPROV":"VICTOR FAJARDO","NOMBDEP":"AYACUCHO"},"geometry":{"type":"Polygon","coordinates":[[[-74.1004,-13.6664],[-74.0386,-13.7545],[-74.0254,-13.7989],[-73.9936,-13.8231],[-74.0419,-13.8484],[-74.0697,-13.8872],[-74.1103,-13.9082],[-74.1584,-13.868],[-74.189,-13.8139],[-74.1653,-13.7924],[-74.12,-13.8076],[-74.1224,-13.7414],[-74.0967,-13.712],[-74.1329,-13.6787],[-74.1173,-13.6496],[-74.1004,-13.6664]]]}},{"type":"Feature","properties":{"IDDIST":"030502","NOMBDIST":"COTABAMBAS","NOMBPROV":"COTABAMBAS","NOMBDEP":"APURIMAC"},"geometry":{"type":"Polygon","coordinates":[[[-72.2307,-13.7061],[-72.2777,-13.848],[-72.3053,-13.8786],[-72.3388,-13.8214],[-72.4086,-13.7752],[-72.4493,-13.7638],[-72.4372,-13.6808],[-72.3998,-13.6418],[-72.4017,-13.6595],[-72.2992,-13.7044],[-72.2774,-13.6841],[-72.2307,-13.7061]]]}},{"type":"Feature","properties":{"IDDIST":"081001","NOMBDIST":"PARURO","NOMBPROV":"PARURO","NOMBDEP":"CUSCO"},"geometry":{"type":"Polygon","coordinates":[[[-71.7898,-13.6984],[-71.8291,-13.779],[-71.8332,-13.8132],[-71.8496,-13.8233],[-71.9188,-13.7315],[-71.9156,-13.7059],[-71.8783,-13.6593],[-71.8384,-13.6378],[-71.8272,-13.6714],[-71.7898,-13.6984]]]}},{"type":"Feature","properties":{"IDDIST":"090602","NOMBDIST":"AYAVI","NOMBPROV":"HUAYTARA","NOMBDEP":"HUANCAVELICA"},"geometry":{"type":"Polygon","coordinates":[[[-75.2836,-13.6429],[-75.3043,-13.7301],[-75.3932,-13.7852],[-75.4584,-13.7866],[-75.514,-13.8142],[-75.4965,-13.7908],[-75.4219,-13.7494],[-75.4235,-13.7198],[-75.3813,-13.6539],[-75.3217,-13.6349],[-75.2836,-13.6429]]]}},{"type":"Feature","properties":{"IDDIST":"051008","NOMBDIST":"HUAMANQUIQUIA","NOMBPROV":"VICTOR FAJARDO","NOMBDEP":"AYACUCHO"},"geometry":{"type":"Polygon","coordinates":[[[-74.223,-13.7151],[-74.2541,-13.759],[-74.3156,-13.7336],[-74.2891,-13.6339],[-74.2745,-13.6914],[-74.223,-13.7151]]]}},{"type":"Feature","properties":{"IDDIST":"051002","NOMBDIST":"ALCAMENCA","NOMBPROV":"VICTOR FAJARDO","NOMBDEP":"AYACUCHO"},"geometry":{"type":"Polygon","coordinates":[[[-74.206,-13.6326],[-74.1395,-13.6329],[-74.1173,-13.6496],[-74.1329,-13.6787],[-74.223,-13.7151],[-74.2745,-13.6914],[-74.2891,-13.6339],[-74.2786,-13.6335],[-74.206,-13.6326]]]}},{"type":"Feature","properties":{"IDDIST":"210307","NOMBDIST":"ITUATA","NOMBPROV":"CARABAYA","NOMBDEP":"PUNO"},"geometry":{"type":"Polygon","coordinates":[[[-70.2091,-14.0577],[-70.2348,-14.0981],[-70.2607,-14.0846],[-70.2948,-13.9946],[-70.3251,-13.9535],[-70.3035,-13.9505],[-70.2926,-13.8714],[-70.2958,-13.8119],[-70.271,-13.7629],[-70.2169,-13.7627],[-70.2001,-13.7236],[-70.1138,-13.6904],[-70.0461,-13.6264],[-70.0018,-13.6156],[-69.949,-13.64],[-69.9286,-13.6851],[-69.8678,-13.7275],[-69.9896,-13.8872],[-70.0533,-13.8968],[-70.1093,-13.986],[-70.1876,-14.0003],[-70.2091,-14.0577]]]}},{"type":"Feature","properties":{"IDDIST":"110503","NOMBDIST":"HUMAY","NOMBPROV":"PISCO","NOMBDEP":"ICA"},"geometry":{"type":"Polygon","coordinates":[[[-75.8145,-13.6196],[-75.7573,-13.6417],[-75.7409,-13.6677],[-75.6926,-13.6853],[-75.6369,-13.6587],[-75.5824,-13.6966],[-75.5681,-13.7422],[-75.5979,-13.7743],[-75.6747,-13.8139],[-75.7889,-13.8564],[-75.8532,-13.8371],[-75.8845,-13.8552],[-76.0013,-13.8383],[-76.0446,-13.7748],[-76.0796,-13.7323],[-76.0854,-13.6994],[-76.0457,-13.7095],[-75.9552,-13.7338],[-75.9187,-13.6704],[-75.9349,-13.6314],[-75.8638,-13.6114],[-75.8145,-13.6196]]]}},{"type":"Feature","properties":{"IDDIST":"081005","NOMBDIST":"HUANOQUITE","NOMBPROV":"PARURO","NOMBDEP":"CUSCO"},"geometry":{"type":"Polygon","coordinates":[[[-71.9849,-13.6094],[-71.9497,-13.6181],[-71.9705,-13.6831],[-71.9917,-13.7039],[-71.988,-13.7826],[-72.0449,-13.7564],[-72.1347,-13.7835],[-72.1664,-13.7474],[-72.2287,-13.7141],[-72.1679,-13.6495],[-72.1322,-13.6393],[-72.0914,-13.6492],[-72.0236,-13.6139],[-71.9849,-13.6094]]]}},{"type":"Feature","properties":{"IDDIST":"030201","NOMBDIST":"ANDAHUAYLAS","NOMBPROV":"ANDAHUAYLAS","NOMBDEP":"APURIMAC"},"geometry":{"type":"Polygon","coordinates":[[[-73.4033,-13.6059],[-73.353,-13.6961],[-73.2878,-13.7732],[-73.2888,-13.8034],[-73.245,-13.8151],[-73.2961,-13.8959],[-73.3545,-13.9266],[-73.4097,-13.8914],[-73.4178,-13.8262],[-73.4335,-13.7969],[-73.4287,-13.7334],[-73.4308,-13.6961],[-73.4084,-13.6056],[-73.4033,-13.6059]]]}},{"type":"Feature","properties":{"IDDIST":"030213","NOMBDIST":"SAN JERONIMO","NOMBPROV":"ANDAHUAYLAS","NOMBDEP":"APURIMAC"},"geometry":{"type":"Polygon","coordinates":[[[-73.2281,-13.6526],[-73.199,-13.6865],[-73.2205,-13.7421],[-73.1828,-13.8003],[-73.1957,-13.8169],[-73.2194,-13.8276],[-73.245,-13.8151],[-73.2888,-13.8034],[-73.2878,-13.7732],[-73.353,-13.6961],[-73.4033,-13.6059],[-73.3023,-13.6487],[-73.2281,-13.6526]]]}},{"type":"Feature","properties":{"IDDIST":"081201","NOMBDIST":"URCOS","NOMBPROV":"QUISPICANCHI","NOMBDEP":"CUSCO"},"geometry":{"type":"Polygon","coordinates":[[[-71.5255,-13.7017],[-71.5947,-13.7588],[-71.6445,-13.7591],[-71.6334,-13.6985],[-71.6436,-13.6686],[-71.6557,-13.64],[-71.6197,-13.5975],[-71.5847,-13.6476],[-71.5255,-13.7017]]]}},{"type":"Feature","properties":{"IDDIST":"030215","NOMBDIST":"SANTA MARIA DE CHICMO","NOMBPROV":"ANDAHUAYLAS","NOMBDEP":"APURIMAC"},"geometry":{"type":"Polygon","coordinates":[[[-73.4985,-13.7135],[-73.6004,-13.7289],[-73.6062,-13.7288],[-73.615,-13.7036],[-73.5929,-13.6465],[-73.6044,-13.6099],[-73.5704,-13.5963],[-73.5284,-13.6156],[-73.5005,-13.5962],[-73.4671,-13.6647],[-73.4985,-13.7135]]]}},{"type":"Feature","properties":{"IDDIST":"081009","NOMBDIST":"YAURISQUE","NOMBPROV":"PARURO","NOMBDEP":"CUSCO"},"geometry":{"type":"Polygon","coordinates":[[[-71.906,-13.5944],[-71.8432,-13.6308],[-71.8384,-13.6378],[-71.8783,-13.6593],[-71.9156,-13.7059],[-71.9559,-13.6896],[-71.9917,-13.7039],[-71.9705,-13.6831],[-71.9497,-13.6181],[-71.9227,-13.601],[-71.906,-13.5944]]]}},{"type":"Feature","properties":{"IDDIST":"030607","NOMBDIST":"URANMARCA","NOMBPROV":"CHINCHEROS","NOMBDEP":"APURIMAC"},"geometry":{"type":"Polygon","coordinates":[[[-73.6044,-13.6099],[-73.5929,-13.6465],[-73.615,-13.7036],[-73.6062,-13.7288],[-73.6737,-13.7307],[-73.7231,-13.6819],[-73.6861,-13.62],[-73.6321,-13.5926],[-73.6044,-13.6099]]]}},{"type":"Feature","properties":{"IDDIST":"090613","NOMBDIST":"SANTIAGO DE CHOCORVOS","NOMBPROV":"HUAYTARA","NOMBDEP":"HUANCAVELICA"},"geometry":{"type":"Polygon","coordinates":[[[-74.9276,-13.7338],[-74.9687,-13.7513],[-74.9953,-13.8139],[-75.054,-13.8561],[-75.1388,-13.89],[-75.1557,-13.9146],[-75.2384,-13.925],[-75.3534,-13.9924],[-75.4338,-13.9139],[-75.4993,-13.9006],[-75.5455,-13.8895],[-75.5634,-13.8409],[-75.5249,-13.8179],[-75.514,-13.8142],[-75.4584,-13.7866],[-75.3932,-13.7852],[-75.2531,-13.8148],[-75.183,-13.7565],[-75.1436,-13.7231],[-75.0918,-13.5919],[-75.0726,-13.6505],[-75.0345,-13.6832],[-74.9913,-13.6386],[-74.9424,-13.6411],[-74.9052,-13.6751],[-74.9276,-13.7338]]]}},{"type":"Feature","properties":{"IDDIST":"051011","NOMBDIST":"SARHUA","NOMBPROV":"VICTOR FAJARDO","NOMBDEP":"AYACUCHO"},"geometry":{"type":"Polygon","coordinates":[[[-74.2891,-13.6339],[-74.3156,-13.7336],[-74.4259,-13.7976],[-74.5199,-13.7364],[-74.535,-13.7091],[-74.5289,-13.6795],[-74.4681,-13.649],[-74.4351,-13.5878],[-74.3684,-13.6028],[-74.2891,-13.6339]]]}},{"type":"Feature","properties":{"IDDIST":"210308","NOMBDIST":"OLLACHEA","NOMBPROV":"CARABAYA","NOMBDEP":"PUNO"},"geometry":{"type":"Polygon","coordinates":[[[-70.5717,-13.586],[-70.4852,-13.6563],[-70.414,-13.6745],[-70.3919,-13.7215],[-70.4403,-13.8695],[-70.4148,-13.9082],[-70.518,-13.897],[-70.5506,-13.8329],[-70.5963,-13.7905],[-70.6449,-13.796],[-70.6532,-13.7477],[-70.735,-13.7343],[-70.7154,-13.6627],[-70.6539,-13.6559],[-70.6162,-13.6091],[-70.5717,-13.586]]]}},{"type":"Feature","properties":{"IDDIST":"081202","NOMBDIST":"ANDAHUAYLILLAS","NOMBPROV":"QUISPICANCHI","NOMBDEP":"CUSCO"},"geometry":{"type":"Polygon","coordinates":[[[-71.6557,-13.64],[-71.6436,-13.6686],[-71.7271,-13.733],[-71.7484,-13.7103],[-71.7067,-13.6339],[-71.7107,-13.5806],[-71.6557,-13.64]]]}},{"type":"Feature","properties":{"IDDIST":"051101","NOMBDIST":"VILCAS HUAMAN","NOMBPROV":"VILCAS HUAMAN","NOMBDEP":"AYACUCHO"},"geometry":{"type":"Polygon","coordinates":[[[-73.7567,-13.6507],[-73.828,-13.6794],[-73.8729,-13.6848],[-73.9179,-13.7213],[-73.9993,-13.7045],[-74.0116,-13.6932],[-73.9808,-13.6221],[-73.928,-13.5949],[-73.885,-13.6232],[-73.8445,-13.616],[-73.8055,-13.5747],[-73.7919,-13.641],[-73.7567,-13.6507]]]}},{"type":"Feature","properties":{"IDDIST":"110507","NOMBDIST":"SAN CLEMENTE","NOMBPROV":"PISCO","NOMBDEP":"ICA"},"geometry":{"type":"Polygon","coordinates":[[[-76.0457,-13.7095],[-76.0854,-13.6994],[-76.1586,-13.6877],[-76.217,-13.6812],[-76.1916,-13.5945],[-76.0875,-13.5641],[-76.1017,-13.6719],[-76.0457,-13.7095]]]}},{"type":"Feature","properties":{"IDDIST":"030204","NOMBDIST":"HUANCARAMA","NOMBPROV":"ANDAHUAYLAS","NOMBDEP":"APURIMAC"},"geometry":{"type":"Polygon","coordinates":[[[-73.0129,-13.5744],[-72.9446,-13.6521],[-72.9777,-13.7003],[-73.0733,-13.7311],[-73.1124,-13.6421],[-73.0569,-13.6282],[-73.024,-13.5915],[-73.042,-13.5625],[-73.0129,-13.5744]]]}},{"type":"Feature","properties":{"IDDIST":"110504","NOMBDIST":"INDEPENDENCIA","NOMBPROV":"PISCO","NOMBDEP":"ICA"},"geometry":{"type":"Polygon","coordinates":[[[-75.9349,-13.6314],[-75.9187,-13.6704],[-75.9552,-13.7338],[-76.0457,-13.7095],[-76.1017,-13.6719],[-76.0875,-13.5641],[-75.987,-13.5716],[-75.9349,-13.6314]]]}},{"type":"Feature","properties":{"IDDIST":"051012","NOMBDIST":"VILCANCHOS","NOMBPROV":"VICTOR FAJARDO","NOMBDEP":"AYACUCHO"},"geometry":{"type":"Polygon","coordinates":[[[-74.5519,-13.5973],[-74.5165,-13.6023],[-74.4351,-13.5878],[-74.4681,-13.649],[-74.5289,-13.6795],[-74.535,-13.7091],[-74.6167,-13.7078],[-74.6413,-13.7423],[-74.7073,-13.7453],[-74.7665,-13.7722],[-74.7812,-13.6482],[-74.7824,-13.5785],[-74.7095,-13.5852],[-74.6272,-13.5567],[-74.5519,-13.5973]]]}},{"type":"Feature","properties":{"IDDIST":"081208","NOMBDIST":"LUCRE","NOMBPROV":"QUISPICANCHI","NOMBDEP":"CUSCO"},"geometry":{"type":"Polygon","coordinates":[[[-71.7107,-13.5806],[-71.7067,-13.6339],[-71.7484,-13.7103],[-71.7898,-13.6984],[-71.8272,-13.6714],[-71.8384,-13.6378],[-71.8432,-13.6308],[-71.8198,-13.6078],[-71.7839,-13.6292],[-71.7426,-13.5743],[-71.7195,-13.5525],[-71.7107,-13.5806]]]}},{"type":"Feature","properties":{"IDDIST":"030603","NOMBDIST":"COCHARCAS","NOMBPROV":"CHINCHEROS","NOMBDEP":"APURIMAC"},"geometry":{"type":"Polygon","coordinates":[[[-73.6899,-13.5635],[-73.6861,-13.62],[-73.7231,-13.6819],[-73.7567,-13.6507],[-73.7919,-13.641],[-73.8055,-13.5747],[-73.8037,-13.5579],[-73.7772,-13.5523],[-73.7208,-13.5911],[-73.6899,-13.5635]]]}},{"type":"Feature","properties":{"IDDIST":"030101","NOMBDIST":"ABANCAY","NOMBPROV":"ABANCAY","NOMBDEP":"APURIMAC"},"geometry":{"type":"Polygon","coordinates":[[[-72.9316,-13.5562],[-72.8555,-13.6159],[-72.822,-13.5708],[-72.7823,-13.617],[-72.7462,-13.6339],[-72.7637,-13.6981],[-72.8377,-13.7135],[-72.9166,-13.6882],[-72.9446,-13.6521],[-73.0129,-13.5744],[-72.9774,-13.5482],[-72.9316,-13.5562]]]}},{"type":"Feature","properties":{"IDDIST":"030109","NOMBDIST":"TAMBURCO","NOMBPROV":"ABANCAY","NOMBDEP":"APURIMAC"},"geometry":{"type":"Polygon","coordinates":[[[-72.8309,-13.5559],[-72.822,-13.5708],[-72.8555,-13.6159],[-72.9316,-13.5562],[-72.8773,-13.545],[-72.8309,-13.5559]]]}},{"type":"Feature","properties":{"IDDIST":"030209","NOMBDIST":"PACUCHA","NOMBPROV":"ANDAHUAYLAS","NOMBDEP":"APURIMAC"},"geometry":{"type":"Polygon","coordinates":[[[-73.2281,-13.6526],[-73.3023,-13.6487],[-73.4033,-13.6059],[-73.4084,-13.6056],[-73.4247,-13.557],[-73.3457,-13.567],[-73.3088,-13.5519],[-73.2419,-13.5818],[-73.2288,-13.5419],[-73.2281,-13.6526]]]}},{"type":"Feature","properties":{"IDDIST":"080102","NOMBDIST":"CCORCA","NOMBPROV":"CUSCO","NOMBDEP":"CUSCO"},"geometry":{"type":"Polygon","coordinates":[[[-72.0615,-13.5279],[-72.0539,-13.5315],[-72.0232,-13.5656],[-71.9849,-13.6094],[-72.0236,-13.6139],[-72.0914,-13.6492],[-72.1322,-13.6393],[-72.1674,-13.58],[-72.1492,-13.537],[-72.1031,-13.5533],[-72.0782,-13.5284],[-72.0615,-13.5279]]]}},{"type":"Feature","properties":{"IDDIST":"090604","NOMBDIST":"HUAYACUNDO ARMA","NOMBPROV":"HUAYTARA","NOMBDEP":"HUANCAVELICA"},"geometry":{"type":"Polygon","coordinates":[[[-75.2458,-13.5239],[-75.2851,-13.5405],[-75.3262,-13.5931],[-75.3611,-13.5904],[-75.3137,-13.5254],[-75.2458,-13.5239]]]}},{"type":"Feature","properties":{"IDDIST":"030207","NOMBDIST":"KISHUARA","NOMBPROV":"ANDAHUAYLAS","NOMBDEP":"APURIMAC"},"geometry":{"type":"Polygon","coordinates":[[[-73.1124,-13.6421],[-73.0733,-13.7311],[-73.1031,-13.7631],[-73.1603,-13.7768],[-73.1719,-13.8036],[-73.1828,-13.8003],[-73.2205,-13.7421],[-73.199,-13.6865],[-73.2281,-13.6526],[-73.2288,-13.5419],[-73.195,-13.5266],[-73.1362,-13.5338],[-73.1489,-13.5756],[-73.136,-13.625],[-73.1124,-13.6421]]]}},{"type":"Feature","properties":{"IDDIST":"080106","NOMBDIST":"SANTIAGO","NOMBPROV":"CUSCO","NOMBDEP":"CUSCO"},"geometry":{"type":"Polygon","coordinates":[[[-71.9711,-13.5274],[-71.9673,-13.5334],[-71.9676,-13.5638],[-71.9227,-13.601],[-71.9497,-13.6181],[-71.9849,-13.6094],[-72.0232,-13.5656],[-71.9994,-13.5239],[-71.9711,-13.5274]]]}},{"type":"Feature","properties":{"IDDIST":"090615","NOMBDIST":"SANTO DOMINGO DE CAPILLAS","NOMBPROV":"HUAYTARA","NOMBDEP":"HUANCAVELICA"},"geometry":{"type":"Polygon","coordinates":[[[-75.0467,-13.5242],[-75.0884,-13.5615],[-75.0918,-13.5919],[-75.1436,-13.7231],[-75.183,-13.7565],[-75.2891,-13.7554],[-75.3932,-13.7852],[-75.3043,-13.7301],[-75.1695,-13.6497],[-75.1471,-13.5471],[-75.0839,-13.5441],[-75.0467,-13.5242]]]}},{"type":"Feature","properties":{"IDDIST":"080108","NOMBDIST":"WANCHAQ","NOMBPROV":"CUSCO","NOMBDEP":"CUSCO"},"geometry":{"type":"Polygon","coordinates":[[[-71.9409,-13.5278],[-71.9673,-13.5334],[-71.9711,-13.5274],[-71.9409,-13.5278]]]}},{"type":"Feature","properties":{"IDDIST":"090601","NOMBDIST":"HUAYTARA","NOMBPROV":"HUAYTARA","NOMBDEP":"HUANCAVELICA"},"geometry":{"type":"Polygon","coordinates":[[[-75.1854,-13.5423],[-75.2025,-13.5824],[-75.2836,-13.6429],[-75.3217,-13.6349],[-75.3813,-13.6539],[-75.4235,-13.7198],[-75.4219,-13.7494],[-75.4965,-13.7908],[-75.514,-13.8142],[-75.5249,-13.8179],[-75.5546,-13.7496],[-75.5294,-13.7401],[-75.4849,-13.651],[-75.511,-13.5889],[-75.4691,-13.6117],[-75.3978,-13.6093],[-75.3611,-13.5904],[-75.3262,-13.5931],[-75.2851,-13.5405],[-75.2458,-13.5239],[-75.1854,-13.5423]]]}},{"type":"Feature","properties":{"IDDIST":"081210","NOMBDIST":"OCONGATE","NOMBPROV":"QUISPICANCHI","NOMBDEP":"CUSCO"},"geometry":{"type":"Polygon","coordinates":[[[-71.081,-13.7255],[-71.1035,-13.7604],[-71.1638,-13.7432],[-71.1931,-13.7932],[-71.2977,-13.844],[-71.3297,-13.8536],[-71.3703,-13.8112],[-71.4391,-13.773],[-71.4877,-13.7217],[-71.4472,-13.6382],[-71.4007,-13.5975],[-71.3662,-13.6425],[-71.316,-13.6401],[-71.3179,-13.5783],[-71.2655,-13.5555],[-71.2196,-13.5172],[-71.1844,-13.5141],[-71.0648,-13.6799],[-71.081,-13.7255]]]}},{"type":"Feature","properties":{"IDDIST":"080304","NOMBDIST":"CHINCHAYPUJIO","NOMBPROV":"ANTA","NOMBDEP":"CUSCO"},"geometry":{"type":"Polygon","coordinates":[[[-72.2556,-13.5233],[-72.1906,-13.5515],[-72.1674,-13.58],[-72.1322,-13.6393],[-72.1679,-13.6495],[-72.2287,-13.7141],[-72.2307,-13.7061],[-72.2774,-13.6841],[-72.2992,-13.7044],[-72.4017,-13.6595],[-72.3998,-13.6418],[-72.4,-13.6333],[-72.3848,-13.6237],[-72.3312,-13.5221],[-72.271,-13.5091],[-72.2556,-13.5233]]]}},{"type":"Feature","properties":{"IDDIST":"050201","NOMBDIST":"CANGALLO","NOMBPROV":"CANGALLO","NOMBDEP":"AYACUCHO"},"geometry":{"type":"Polygon","coordinates":[[[-74.0556,-13.5357],[-74.0637,-13.5745],[-74.0393,-13.6048],[-74.0501,-13.6826],[-74.1004,-13.6664],[-74.1173,-13.6496],[-74.1395,-13.6329],[-74.206,-13.6326],[-74.1961,-13.5943],[-74.1597,-13.5648],[-74.1519,-13.509],[-74.1234,-13.531],[-74.0556,-13.5357]]]}},{"type":"Feature","properties":{"IDDIST":"081211","NOMBDIST":"OROPESA","NOMBPROV":"QUISPICANCHI","NOMBDEP":"CUSCO"},"geometry":{"type":"Polygon","coordinates":[[[-71.7426,-13.5743],[-71.7839,-13.6292],[-71.8198,-13.6078],[-71.8356,-13.5908],[-71.8159,-13.5762],[-71.8046,-13.5083],[-71.7426,-13.5743]]]}},{"type":"Feature","properties":{"IDDIST":"080107","NOMBDIST":"SAYLLA","NOMBPROV":"CUSCO","NOMBDEP":"CUSCO"},"geometry":{"type":"Polygon","coordinates":[[[-71.8147,-13.5055],[-71.8046,-13.5083],[-71.8159,-13.5762],[-71.8356,-13.5908],[-71.8542,-13.556],[-71.8147,-13.5055]]]}},{"type":"Feature","properties":{"IDDIST":"050206","NOMBDIST":"TOTOS","NOMBPROV":"CANGALLO","NOMBDEP":"AYACUCHO"},"geometry":{"type":"Polygon","coordinates":[[[-74.4351,-13.5878],[-74.5165,-13.6023],[-74.5519,-13.5973],[-74.5615,-13.5626],[-74.5377,-13.507],[-74.4849,-13.508],[-74.4326,-13.5516],[-74.4351,-13.5878]]]}},{"type":"Feature","properties":{"IDDIST":"030608","NOMBDIST":"RANRACANCHA","NOMBPROV":"CHINCHEROS","NOMBDEP":"APURIMAC"},"geometry":{"type":"Polygon","coordinates":[[[-73.5704,-13.5963],[-73.6044,-13.6099],[-73.6321,-13.5926],[-73.6375,-13.4978],[-73.6001,-13.4913],[-73.5329,-13.5162],[-73.5608,-13.5486],[-73.5704,-13.5963]]]}},{"type":"Feature","properties":{"IDDIST":"030216","NOMBDIST":"TALAVERA","NOMBPROV":"ANDAHUAYLAS","NOMBDEP":"APURIMAC"},"geometry":{"type":"Polygon","coordinates":[[[-73.4247,-13.557],[-73.4084,-13.6056],[-73.4308,-13.6961],[-73.4287,-13.7334],[-73.4721,-13.7363],[-73.4985,-13.7135],[-73.4671,-13.6647],[-73.5005,-13.5962],[-73.4507,-13.59],[-73.4802,-13.5206],[-73.4727,-13.4891],[-73.4247,-13.557]]]}},{"type":"Feature","properties":{"IDDIST":"080104","NOMBDIST":"SAN JERONIMO","NOMBPROV":"CUSCO","NOMBDEP":"CUSCO"},"geometry":{"type":"Polygon","coordinates":[[[-71.8465,-13.4866],[-71.8147,-13.5055],[-71.8542,-13.556],[-71.8356,-13.5908],[-71.8198,-13.6078],[-71.8432,-13.6308],[-71.906,-13.5944],[-71.9077,-13.5559],[-71.8829,-13.4981],[-71.8465,-13.4866]]]}},{"type":"Feature","properties":{"IDDIST":"050204","NOMBDIST":"MARIA PARADO DE BELLIDO","NOMBPROV":"CANGALLO","NOMBDEP":"AYACUCHO"},"geometry":{"type":"Polygon","coordinates":[[[-74.1961,-13.5943],[-74.206,-13.6326],[-74.2786,-13.6335],[-74.3058,-13.585],[-74.3423,-13.5559],[-74.3075,-13.4891],[-74.2818,-13.4847],[-74.246,-13.5747],[-74.1961,-13.5943]]]}},{"type":"Feature","properties":{"IDDIST":"030104","NOMBDIST":"CURAHUASI","NOMBPROV":"ABANCAY","NOMBDEP":"APURIMAC"},"geometry":{"type":"Polygon","coordinates":[[[-72.5481,-13.556],[-72.4513,-13.6],[-72.4,-13.6333],[-72.3998,-13.6418],[-72.4372,-13.6808],[-72.4493,-13.7638],[-72.4604,-13.7902],[-72.5014,-13.7469],[-72.5535,-13.7508],[-72.5736,-13.7318],[-72.6789,-13.776],[-72.7346,-13.7145],[-72.7637,-13.6981],[-72.7462,-13.6339],[-72.7823,-13.617],[-72.822,-13.5708],[-72.8309,-13.5559],[-72.794,-13.5356],[-72.7503,-13.4782],[-72.6957,-13.5104],[-72.6568,-13.5134],[-72.6369,-13.5421],[-72.5759,-13.5628],[-72.5481,-13.556]]]}},{"type":"Feature","properties":{"IDDIST":"080103","NOMBDIST":"POROY","NOMBPROV":"CUSCO","NOMBDEP":"CUSCO"},"geometry":{"type":"Polygon","coordinates":[[[-72.0539,-13.5315],[-72.0615,-13.5279],[-72.0574,-13.5053],[-72.0233,-13.4769],[-72.0539,-13.5315]]]}},{"type":"Feature","properties":{"IDDIST":"030602","NOMBDIST":"ANCO_HUALLO","NOMBPROV":"CHINCHEROS","NOMBDEP":"APURIMAC"},"geometry":{"type":"Polygon","coordinates":[[[-73.6375,-13.4978],[-73.6321,-13.5926],[-73.6861,-13.62],[-73.6899,-13.5635],[-73.7079,-13.4683],[-73.6375,-13.4978]]]}},{"type":"Feature","properties":{"IDDIST":"080105","NOMBDIST":"SAN SEBASTIAN","NOMBPROV":"CUSCO","NOMBDEP":"CUSCO"},"geometry":{"type":"Polygon","coordinates":[[[-71.8829,-13.4981],[-71.9077,-13.5559],[-71.906,-13.5944],[-71.9227,-13.601],[-71.9676,-13.5638],[-71.9673,-13.5334],[-71.9409,-13.5278],[-71.9317,-13.4676],[-71.8829,-13.4981]]]}},{"type":"Feature","properties":{"IDDIST":"090616","NOMBDIST":"TAMBO","NOMBPROV":"HUAYTARA","NOMBDEP":"HUANCAVELICA"},"geometry":{"type":"Polygon","coordinates":[[[-75.0467,-13.5242],[-75.0839,-13.5441],[-75.1471,-13.5471],[-75.1695,-13.6497],[-75.3043,-13.7301],[-75.2836,-13.6429],[-75.2025,-13.5824],[-75.1854,-13.5423],[-75.1497,-13.5023],[-75.105,-13.473],[-75.0529,-13.4643],[-75.0467,-13.5242]]]}},{"type":"Feature","properties":{"IDDIST":"081102","NOMBDIST":"CAICAY","NOMBPROV":"PAUCARTAMBO","NOMBDEP":"CUSCO"},"geometry":{"type":"Polygon","coordinates":[[[-71.7178,-13.4633],[-71.7068,-13.544],[-71.6471,-13.5237],[-71.6266,-13.5662],[-71.6197,-13.5975],[-71.6557,-13.64],[-71.7107,-13.5806],[-71.7195,-13.5525],[-71.7257,-13.4568],[-71.7178,-13.4633]]]}},{"type":"Feature","properties":{"IDDIST":"081105","NOMBDIST":"HUANCARANI","NOMBPROV":"PAUCARTAMBO","NOMBDEP":"CUSCO"},"geometry":{"type":"Polygon","coordinates":[[[-71.5691,-13.5622],[-71.6266,-13.5662],[-71.6471,-13.5237],[-71.7068,-13.544],[-71.7178,-13.4633],[-71.5947,-13.4619],[-71.5475,-13.5517],[-71.5691,-13.5622]]]}},{"type":"Feature","properties":{"IDDIST":"081205","NOMBDIST":"CCATCA","NOMBPROV":"QUISPICANCHI","NOMBDEP":"CUSCO"},"geometry":{"type":"Polygon","coordinates":[[[-71.4674,-13.4949],[-71.4472,-13.5589],[-71.4007,-13.5975],[-71.4472,-13.6382],[-71.4877,-13.7217],[-71.5255,-13.7017],[-71.5847,-13.6476],[-71.6197,-13.5975],[-71.6266,-13.5662],[-71.5691,-13.5622],[-71.5233,-13.5884],[-71.5023,-13.4549],[-71.4674,-13.4949]]]}},{"type":"Feature","properties":{"IDDIST":"051104","NOMBDIST":"CONCEPCION","NOMBPROV":"VILCAS HUAMAN","NOMBDEP":"AYACUCHO"},"geometry":{"type":"Polygon","coordinates":[[[-73.8335,-13.4718],[-73.8172,-13.5053],[-73.8037,-13.5579],[-73.8055,-13.5747],[-73.8445,-13.616],[-73.885,-13.6232],[-73.928,-13.5949],[-73.9762,-13.4873],[-73.9599,-13.5009],[-73.9043,-13.4551],[-73.8335,-13.4718]]]}},{"type":"Feature","properties":{"IDDIST":"090609","NOMBDIST":"QUITO-ARMA","NOMBPROV":"HUAYTARA","NOMBDEP":"HUANCAVELICA"},"geometry":{"type":"Polygon","coordinates":[[[-75.3413,-13.4617],[-75.3137,-13.5254],[-75.3611,-13.5904],[-75.3978,-13.6093],[-75.4691,-13.6117],[-75.511,-13.5889],[-75.4773,-13.5255],[-75.4357,-13.4953],[-75.4346,-13.4696],[-75.3413,-13.4617]]]}},{"type":"Feature","properties":{"IDDIST":"030601","NOMBDIST":"CHINCHEROS","NOMBPROV":"CHINCHEROS","NOMBDEP":"APURIMAC"},"geometry":{"type":"Polygon","coordinates":[[[-73.7197,-13.4583],[-73.7079,-13.4683],[-73.6899,-13.5635],[-73.7208,-13.5911],[-73.7772,-13.5523],[-73.8037,-13.5579],[-73.8172,-13.5053],[-73.7504,-13.4475],[-73.7197,-13.4583]]]}},{"type":"Feature","properties":{"IDDIST":"030219","NOMBDIST":"KAQUIABAMBA","NOMBPROV":"ANDAHUAYLAS","NOMBDEP":"APURIMAC"},"geometry":{"type":"Polygon","coordinates":[[[-73.2365,-13.4767],[-73.2288,-13.5419],[-73.2419,-13.5818],[-73.3088,-13.5519],[-73.3322,-13.4561],[-73.3132,-13.4472],[-73.2365,-13.4767]]]}},{"type":"Feature","properties":{"IDDIST":"081204","NOMBDIST":"CCARHUAYO","NOMBPROV":"QUISPICANCHI","NOMBDEP":"CUSCO"},"geometry":{"type":"Polygon","coordinates":[[[-71.3361,-13.4594],[-71.2941,-13.4553],[-71.2196,-13.5172],[-71.2655,-13.5555],[-71.3179,-13.5783],[-71.316,-13.6401],[-71.3662,-13.6425],[-71.4007,-13.5975],[-71.4472,-13.5589],[-71.4674,-13.4949],[-71.4163,-13.5169],[-71.3728,-13.4462],[-71.3361,-13.4594]]]}},{"type":"Feature","properties":{"IDDIST":"110204","NOMBDIST":"CHINCHA BAJA","NOMBPROV":"CHINCHA","NOMBDEP":"ICA"},"geometry":{"type":"Polygon","coordinates":[[[-76.1407,-13.4401],[-76.1357,-13.4423],[-76.0831,-13.4791],[-76.1355,-13.4964],[-76.1334,-13.5497],[-76.1869,-13.5535],[-76.1888,-13.4997],[-76.1711,-13.4476],[-76.1407,-13.4401]]]}},{"type":"Feature","properties":{"IDDIST":"080308","NOMBDIST":"PUCYURA","NOMBPROV":"ANTA","NOMBDEP":"CUSCO"},"geometry":{"type":"Polygon","coordinates":[[[-72.0574,-13.5053],[-72.0615,-13.5279],[-72.0782,-13.5284],[-72.1206,-13.481],[-72.108,-13.4351],[-72.0574,-13.5053]]]}},{"type":"Feature","properties":{"IDDIST":"030202","NOMBDIST":"ANDARAPA","NOMBPROV":"ANDAHUAYLAS","NOMBDEP":"APURIMAC"},"geometry":{"type":"Polygon","coordinates":[[[-73.3322,-13.4561],[-73.3088,-13.5519],[-73.3457,-13.567],[-73.4247,-13.557],[-73.4727,-13.4891],[-73.4454,-13.4304],[-73.4033,-13.4448],[-73.3472,-13.4348],[-73.3322,-13.4561]]]}},{"type":"Feature","properties":{"IDDIST":"080101","NOMBDIST":"CUSCO","NOMBPROV":"CUSCO","NOMBDEP":"CUSCO"},"geometry":{"type":"Polygon","coordinates":[[[-71.9292,-13.4361],[-71.9317,-13.4676],[-71.9409,-13.5278],[-71.9711,-13.5274],[-71.9994,-13.5239],[-72.0232,-13.5656],[-72.0539,-13.5315],[-72.0233,-13.4769],[-72.0006,-13.444],[-71.9802,-13.4295],[-71.9292,-13.4361]]]}},{"type":"Feature","properties":{"IDDIST":"080303","NOMBDIST":"CACHIMAYO","NOMBPROV":"ANTA","NOMBDEP":"CUSCO"},"geometry":{"type":"Polygon","coordinates":[[[-72.0006,-13.444],[-72.0233,-13.4769],[-72.0574,-13.5053],[-72.108,-13.4351],[-72.1032,-13.4268],[-72.0507,-13.4537],[-72.0006,-13.444]]]}},{"type":"Feature","properties":{"IDDIST":"080406","NOMBDIST":"SAN SALVADOR","NOMBPROV":"CALCA","NOMBDEP":"CUSCO"},"geometry":{"type":"Polygon","coordinates":[[[-71.7548,-13.4313],[-71.7257,-13.4568],[-71.7195,-13.5525],[-71.7426,-13.5743],[-71.8046,-13.5083],[-71.8147,-13.5055],[-71.8465,-13.4866],[-71.8519,-13.4632],[-71.7732,-13.4221],[-71.7548,-13.4313]]]}},{"type":"Feature","properties":{"IDDIST":"081209","NOMBDIST":"MARCAPATA","NOMBPROV":"QUISPICANCHI","NOMBDEP":"CUSCO"},"geometry":{"type":"Polygon","coordinates":[[[-70.7154,-13.6627],[-70.735,-13.7343],[-70.6989,-13.8032],[-70.7214,-13.8293],[-70.7684,-13.8143],[-70.8266,-13.8272],[-70.8625,-13.8003],[-70.9125,-13.8138],[-70.9565,-13.8047],[-70.9916,-13.7613],[-71.081,-13.7255],[-71.0648,-13.6799],[-71.1844,-13.5141],[-71.149,-13.4851],[-71.1246,-13.5159],[-71.0019,-13.5389],[-70.9154,-13.4359],[-70.8425,-13.423],[-70.8106,-13.4689],[-70.823,-13.4937],[-70.8043,-13.5645],[-70.7798,-13.5734],[-70.7154,-13.6627]]]}},{"type":"Feature","properties":{"IDDIST":"030108","NOMBDIST":"SAN PEDRO DE CACHORA","NOMBPROV":"ABANCAY","NOMBDEP":"APURIMAC"},"geometry":{"type":"Polygon","coordinates":[[[-72.7729,-13.4489],[-72.7503,-13.4782],[-72.794,-13.5356],[-72.8309,-13.5559],[-72.8773,-13.545],[-72.8389,-13.4696],[-72.8591,-13.4186],[-72.7934,-13.4261],[-72.7729,-13.4489]]]}},{"type":"Feature","properties":{"IDDIST":"080407","NOMBDIST":"TARAY","NOMBPROV":"CALCA","NOMBDEP":"CUSCO"},"geometry":{"type":"Polygon","coordinates":[[[-71.8519,-13.4632],[-71.8465,-13.4866],[-71.8829,-13.4981],[-71.9317,-13.4676],[-71.9292,-13.4361],[-71.8772,-13.4166],[-71.8519,-13.4632]]]}},{"type":"Feature","properties":{"IDDIST":"080309","NOMBDIST":"ZURITE","NOMBPROV":"ANTA","NOMBDEP":"CUSCO"},"geometry":{"type":"Polygon","coordinates":[[[-72.202,-13.4679],[-72.2556,-13.5233],[-72.271,-13.5091],[-72.2768,-13.4228],[-72.2506,-13.414],[-72.202,-13.4679]]]}},{"type":"Feature","properties":{"IDDIST":"110211","NOMBDIST":"TAMBO DE MORA","NOMBPROV":"CHINCHA","NOMBDEP":"ICA"},"geometry":{"type":"Polygon","coordinates":[[[-76.1711,-13.4476],[-76.1888,-13.4997],[-76.1943,-13.4163],[-76.1883,-13.4131],[-76.1711,-13.4476]]]}},{"type":"Feature","properties":{"IDDIST":"051108","NOMBDIST":"VISCHONGO","NOMBPROV":"VILCAS HUAMAN","NOMBDEP":"AYACUCHO"},"geometry":{"type":"Polygon","coordinates":[[[-73.9805,-13.4326],[-73.9762,-13.4873],[-73.928,-13.5949],[-73.9808,-13.6221],[-74.0116,-13.6932],[-74.0501,-13.6826],[-74.0393,-13.6048],[-74.0637,-13.5745],[-74.0556,-13.5357],[-74.0805,-13.4506],[-74.0463,-13.4302],[-74.008,-13.4125],[-73.9805,-13.4326]]]}},{"type":"Feature","properties":{"IDDIST":"030208","NOMBDIST":"PACOBAMBA","NOMBPROV":"ANDAHUAYLAS","NOMBDEP":"APURIMAC"},"geometry":{"type":"Polygon","coordinates":[[[-73.1602,-13.4433],[-73.1264,-13.4865],[-73.0417,-13.5412],[-73.042,-13.5625],[-73.024,-13.5915],[-73.0569,-13.6282],[-73.1124,-13.6421],[-73.136,-13.625],[-73.1489,-13.5756],[-73.1362,-13.5338],[-73.195,-13.5266],[-73.2288,-13.5419],[-73.2365,-13.4767],[-73.2119,-13.4191],[-73.1602,-13.4433]]]}},{"type":"Feature","properties":{"IDDIST":"110210","NOMBDIST":"SUNAMPE","NOMBPROV":"CHINCHA","NOMBDEP":"ICA"},"geometry":{"type":"Polygon","coordinates":[[[-76.1443,-13.4151],[-76.1407,-13.4401],[-76.1711,-13.4476],[-76.1883,-13.4131],[-76.1443,-13.4151]]]}},{"type":"Feature","properties":{"IDDIST":"110205","NOMBDIST":"EL CARMEN","NOMBPROV":"CHINCHA","NOMBDEP":"ICA"},"geometry":{"type":"Polygon","coordinates":[[[-75.8068,-13.4008],[-75.7122,-13.4164],[-75.6893,-13.4397],[-75.8145,-13.6196],[-75.8638,-13.6114],[-75.9349,-13.6314],[-75.987,-13.5716],[-76.0875,-13.5641],[-76.1916,-13.5945],[-76.1869,-13.5535],[-76.1334,-13.5497],[-76.1355,-13.4964],[-76.0831,-13.4791],[-75.9837,-13.4492],[-75.9565,-13.4209],[-75.8669,-13.4259],[-75.8068,-13.4008]]]}},{"type":"Feature","properties":{"IDDIST":"050203","NOMBDIST":"LOS MOROCHUCOS","NOMBPROV":"CANGALLO","NOMBDEP":"AYACUCHO"},"geometry":{"type":"Polygon","coordinates":[[[-74.1519,-13.509],[-74.1597,-13.5648],[-74.1961,-13.5943],[-74.246,-13.5747],[-74.2818,-13.4847],[-74.3075,-13.4891],[-74.336,-13.4387],[-74.2741,-13.3918],[-74.2472,-13.4203],[-74.2018,-13.4062],[-74.1519,-13.509]]]}},{"type":"Feature","properties":{"IDDIST":"080301","NOMBDIST":"ANTA","NOMBPROV":"ANTA","NOMBDEP":"CUSCO"},"geometry":{"type":"Polygon","coordinates":[[[-72.117,-13.397],[-72.1032,-13.4268],[-72.108,-13.4351],[-72.1206,-13.481],[-72.0782,-13.5284],[-72.1031,-13.5533],[-72.1492,-13.537],[-72.1674,-13.58],[-72.1906,-13.5515],[-72.2556,-13.5233],[-72.202,-13.4679],[-72.1972,-13.439],[-72.1467,-13.3918],[-72.117,-13.397]]]}},{"type":"Feature","properties":{"IDDIST":"080302","NOMBDIST":"ANCAHUASI","NOMBPROV":"ANTA","NOMBDEP":"CUSCO"},"geometry":{"type":"Polygon","coordinates":[[[-72.2768,-13.4228],[-72.271,-13.5091],[-72.3312,-13.5221],[-72.3754,-13.5073],[-72.3571,-13.4049],[-72.3429,-13.3944],[-72.2768,-13.4228]]]}},{"type":"Feature","properties":{"IDDIST":"030105","NOMBDIST":"HUANIPACA","NOMBPROV":"ABANCAY","NOMBDEP":"APURIMAC"},"geometry":{"type":"Polygon","coordinates":[[[-72.8981,-13.3879],[-72.8591,-13.4186],[-72.8389,-13.4696],[-72.8773,-13.545],[-72.9316,-13.5562],[-72.9774,-13.5482],[-73.0129,-13.5744],[-73.042,-13.5625],[-73.0417,-13.5412],[-73.1264,-13.4865],[-73.1602,-13.4433],[-73.1034,-13.4486],[-73.0151,-13.4267],[-72.9715,-13.3902],[-72.8981,-13.3879]]]}},{"type":"Feature","properties":{"IDDIST":"030605","NOMBDIST":"OCOBAMBA","NOMBPROV":"CHINCHEROS","NOMBDEP":"APURIMAC"},"geometry":{"type":"Polygon","coordinates":[[[-73.4454,-13.4304],[-73.4727,-13.4891],[-73.4802,-13.5206],[-73.4507,-13.59],[-73.5005,-13.5962],[-73.5284,-13.6156],[-73.5704,-13.5963],[-73.5608,-13.5486],[-73.5329,-13.5162],[-73.6001,-13.4913],[-73.5653,-13.4317],[-73.522,-13.4277],[-73.5111,-13.383],[-73.4809,-13.4314],[-73.4454,-13.4304]]]}},{"type":"Feature","properties":{"IDDIST":"090610","NOMBDIST":"SAN ANTONIO DE CUSICANCHA","NOMBPROV":"HUAYTARA","NOMBDEP":"HUANCAVELICA"},"geometry":{"type":"Polygon","coordinates":[[[-75.1497,-13.5023],[-75.1854,-13.5423],[-75.2458,-13.5239],[-75.3137,-13.5254],[-75.3413,-13.4617],[-75.3176,-13.4559],[-75.2911,-13.4017],[-75.2558,-13.4175],[-75.2176,-13.3769],[-75.177,-13.3826],[-75.1703,-13.4817],[-75.1497,-13.5023]]]}},{"type":"Feature","properties":{"IDDIST":"081302","NOMBDIST":"CHINCHERO","NOMBPROV":"URUBAMBA","NOMBDEP":"CUSCO"},"geometry":{"type":"Polygon","coordinates":[[[-71.9853,-13.3776],[-71.9716,-13.4078],[-71.9802,-13.4295],[-72.0006,-13.444],[-72.0507,-13.4537],[-72.1032,-13.4268],[-72.117,-13.397],[-72.089,-13.3846],[-72.0645,-13.3663],[-71.9853,-13.3776]]]}},{"type":"Feature","properties":{"IDDIST":"210309","NOMBDIST":"SAN GABAN","NOMBPROV":"CARABAYA","NOMBDEP":"PUNO"},"geometry":{"type":"Polygon","coordinates":[[[-70.3995,-13.3716],[-70.3685,-13.3695],[-70.3302,-13.4062],[-70.2553,-13.4286],[-70.2091,-13.4786],[-70.2547,-13.5349],[-70.3302,-13.5644],[-70.3728,-13.6441],[-70.3625,-13.6886],[-70.3919,-13.7215],[-70.414,-13.6745],[-70.4852,-13.6563],[-70.5717,-13.586],[-70.5417,-13.5745],[-70.534,-13.5253],[-70.4958,-13.5014],[-70.4526,-13.4479],[-70.4426,-13.3934],[-70.3995,-13.3716]]]}},{"type":"Feature","properties":{"IDDIST":"080402","NOMBDIST":"COYA","NOMBPROV":"CALCA","NOMBDEP":"CUSCO"},"geometry":{"type":"Polygon","coordinates":[[[-71.8518,-13.355],[-71.8772,-13.4166],[-71.9292,-13.4361],[-71.9802,-13.4295],[-71.9716,-13.4078],[-71.9283,-13.3618],[-71.8518,-13.355]]]}},{"type":"Feature","properties":{"IDDIST":"110502","NOMBDIST":"HUANCANO","NOMBPROV":"PISCO","NOMBDEP":"ICA"},"geometry":{"type":"Polygon","coordinates":[[[-75.4658,-13.4322],[-75.4773,-13.5255],[-75.511,-13.5889],[-75.4849,-13.651],[-75.5294,-13.7401],[-75.5546,-13.7496],[-75.5681,-13.7422],[-75.5824,-13.6966],[-75.6369,-13.6587],[-75.6926,-13.6853],[-75.7409,-13.6677],[-75.7573,-13.6417],[-75.8145,-13.6196],[-75.6893,-13.4397],[-75.5851,-13.4027],[-75.5389,-13.405],[-75.5032,-13.3528],[-75.4863,-13.4139],[-75.4658,-13.4322]]]}},{"type":"Feature","properties":{"IDDIST":"050202","NOMBDIST":"CHUSCHI","NOMBPROV":"CANGALLO","NOMBDEP":"AYACUCHO"},"geometry":{"type":"Polygon","coordinates":[[[-74.336,-13.4387],[-74.3075,-13.4891],[-74.3423,-13.5559],[-74.3058,-13.585],[-74.2786,-13.6335],[-74.2891,-13.6339],[-74.3684,-13.6028],[-74.4351,-13.5878],[-74.4326,-13.5516],[-74.4849,-13.508],[-74.5377,-13.507],[-74.6264,-13.3954],[-74.5711,-13.3454],[-74.5717,-13.3871],[-74.4758,-13.4531],[-74.4318,-13.4491],[-74.3784,-13.419],[-74.336,-13.4387]]]}},{"type":"Feature","properties":{"IDDIST":"211203","NOMBDIST":"LIMBANI","NOMBPROV":"SANDIA","NOMBDEP":"PUNO"},"geometry":{"type":"Polygon","coordinates":[[[-69.3664,-13.8676],[-69.4038,-13.8427],[-69.4611,-13.8284],[-69.5352,-13.8449],[-69.57,-13.8675],[-69.5513,-13.9156],[-69.6219,-13.9412],[-69.6196,-13.9837],[-69.6419,-14.0064],[-69.6124,-14.0524],[-69.6725,-14.1277],[-69.706,-14.2292],[-69.7373,-14.3023],[-69.7363,-14.3338],[-69.7832,-14.312],[-69.7994,-14.2683],[-69.849,-14.2638],[-69.839,-14.1944],[-69.8059,-14.0828],[-69.77,-14.0391],[-69.7252,-14.0188],[-69.7232,-13.977],[-69.6635,-13.8846],[-69.7328,-13.8361],[-69.7857,-13.7507],[-69.7537,-13.7379],[-69.7495,-13.6692],[-69.7265,-13.6337],[-69.7131,-13.5056],[-69.6816,-13.4998],[-69.6328,-13.4063],[-69.6499,-13.3417],[-69.6475,-13.3413],[-69.6298,-13.364],[-69.5572,-13.3665],[-69.5339,-13.4001],[-69.4942,-13.394],[-69.4581,-13.4679],[-69.4742,-13.508],[-69.4548,-13.5341],[-69.4735,-13.6022],[-69.3968,-13.6328],[-69.3554,-13.6864],[-69.3303,-13.7868],[-69.3664,-13.8676]]]}},{"type":"Feature","properties":{"IDDIST":"030606","NOMBDIST":"ONGOY","NOMBPROV":"CHINCHEROS","NOMBDEP":"APURIMAC"},"geometry":{"type":"Polygon","coordinates":[[[-73.5111,-13.383],[-73.522,-13.4277],[-73.5653,-13.4317],[-73.6001,-13.4913],[-73.6375,-13.4978],[-73.7079,-13.4683],[-73.7197,-13.4583],[-73.7099,-13.4206],[-73.665,-13.3791],[-73.575,-13.338],[-73.5111,-13.383]]]}},{"type":"Feature","properties":{"IDDIST":"080307","NOMBDIST":"MOLLEPATA","NOMBPROV":"ANTA","NOMBDEP":"CUSCO"},"geometry":{"type":"Polygon","coordinates":[[[-72.5481,-13.556],[-72.5759,-13.5628],[-72.6369,-13.5421],[-72.6568,-13.5134],[-72.6957,-13.5104],[-72.7503,-13.4782],[-72.7729,-13.4489],[-72.7221,-13.4047],[-72.6853,-13.4067],[-72.6164,-13.3821],[-72.5467,-13.3326],[-72.5718,-13.3864],[-72.5064,-13.4934],[-72.5062,-13.5221],[-72.5481,-13.556]]]}},{"type":"Feature","properties":{"IDDIST":"080306","NOMBDIST":"LIMATAMBO","NOMBPROV":"ANTA","NOMBDEP":"CUSCO"},"geometry":{"type":"Polygon","coordinates":[[[-72.5441,-13.3342],[-72.5334,-13.3729],[-72.4437,-13.3447],[-72.3712,-13.3613],[-72.3429,-13.3944],[-72.3571,-13.4049],[-72.3754,-13.5073],[-72.3312,-13.5221],[-72.3848,-13.6237],[-72.4,-13.6333],[-72.4513,-13.6],[-72.5481,-13.556],[-72.5062,-13.5221],[-72.5064,-13.4934],[-72.5718,-13.3864],[-72.5467,-13.3326],[-72.5441,-13.3342]]]}},{"type":"Feature","properties":{"IDDIST":"050205","NOMBDIST":"PARAS","NOMBPROV":"CANGALLO","NOMBDEP":"AYACUCHO"},"geometry":{"type":"Polygon","coordinates":[[[-74.6328,-13.3448],[-74.5711,-13.3454],[-74.6264,-13.3954],[-74.5377,-13.507],[-74.5615,-13.5626],[-74.5519,-13.5973],[-74.6272,-13.5567],[-74.7095,-13.5852],[-74.7824,-13.5785],[-74.8296,-13.5343],[-74.8622,-13.4818],[-74.9021,-13.4664],[-74.8977,-13.3953],[-74.8687,-13.3599],[-74.7639,-13.3414],[-74.6995,-13.3635],[-74.6328,-13.3448]]]}},{"type":"Feature","properties":{"IDDIST":"050106","NOMBDIST":"OCROS","NOMBPROV":"HUAMANGA","NOMBDEP":"AYACUCHO"},"geometry":{"type":"Polygon","coordinates":[[[-73.838,-13.3844],[-73.8335,-13.4718],[-73.9043,-13.4551],[-73.9599,-13.5009],[-73.9762,-13.4873],[-73.9805,-13.4326],[-73.9569,-13.4198],[-73.9558,-13.3597],[-73.9255,-13.3241],[-73.8698,-13.3495],[-73.838,-13.3844]]]}},{"type":"Feature","properties":{"IDDIST":"080405","NOMBDIST":"PISAC","NOMBPROV":"CALCA","NOMBDEP":"CUSCO"},"geometry":{"type":"Polygon","coordinates":[[[-71.7548,-13.4313],[-71.7732,-13.4221],[-71.8519,-13.4632],[-71.8772,-13.4166],[-71.8518,-13.355],[-71.8251,-13.318],[-71.7397,-13.3856],[-71.7548,-13.4313]]]}},{"type":"Feature","properties":{"IDDIST":"090413","NOMBDIST":"TICRAPO","NOMBPROV":"CASTROVIRREYNA","NOMBDEP":"HUANCAVELICA"},"geometry":{"type":"Polygon","coordinates":[[[-75.3667,-13.3535],[-75.3176,-13.4559],[-75.3413,-13.4617],[-75.4346,-13.4696],[-75.4357,-13.4953],[-75.4773,-13.5255],[-75.4658,-13.4322],[-75.4452,-13.3988],[-75.4361,-13.3368],[-75.4122,-13.314],[-75.3667,-13.3535]]]}},{"type":"Feature","properties":{"IDDIST":"080305","NOMBDIST":"HUAROCONDO","NOMBPROV":"ANTA","NOMBDEP":"CUSCO"},"geometry":{"type":"Polygon","coordinates":[[[-72.2317,-13.3286],[-72.21,-13.3668],[-72.1467,-13.3918],[-72.1972,-13.439],[-72.202,-13.4679],[-72.2506,-13.414],[-72.2768,-13.4228],[-72.3429,-13.3944],[-72.3712,-13.3613],[-72.3858,-13.3045],[-72.2671,-13.3302],[-72.2317,-13.3286]]]}},{"type":"Feature","properties":{"IDDIST":"081305","NOMBDIST":"MARAS","NOMBPROV":"URUBAMBA","NOMBDEP":"CUSCO"},"geometry":{"type":"Polygon","coordinates":[[[-72.1014,-13.3126],[-72.089,-13.3846],[-72.117,-13.397],[-72.1467,-13.3918],[-72.21,-13.3668],[-72.2317,-13.3286],[-72.2182,-13.2726],[-72.1687,-13.277],[-72.1014,-13.3126]]]}},{"type":"Feature","properties":{"IDDIST":"080403","NOMBDIST":"LAMAY","NOMBPROV":"CALCA","NOMBDEP":"CUSCO"},"geometry":{"type":"Polygon","coordinates":[[[-71.8251,-13.318],[-71.8518,-13.355],[-71.9283,-13.3618],[-71.9282,-13.3186],[-71.8882,-13.273],[-71.8431,-13.266],[-71.8251,-13.318]]]}},{"type":"Feature","properties":{"IDDIST":"081303","NOMBDIST":"HUAYLLABAMBA","NOMBPROV":"URUBAMBA","NOMBDEP":"CUSCO"},"geometry":{"type":"Polygon","coordinates":[[[-71.9853,-13.3776],[-72.0645,-13.3663],[-72.089,-13.3846],[-72.1014,-13.3126],[-72.048,-13.2642],[-72.0344,-13.3245],[-72.0112,-13.3274],[-71.9853,-13.3776]]]}},{"type":"Feature","properties":{"IDDIST":"110202","NOMBDIST":"ALTO LARAN","NOMBPROV":"CHINCHA","NOMBDEP":"ICA"},"geometry":{"type":"Polygon","coordinates":[[[-75.7826,-13.3317],[-75.7984,-13.3712],[-75.8068,-13.4008],[-75.8669,-13.4259],[-75.9565,-13.4209],[-75.9837,-13.4492],[-76.0831,-13.4791],[-76.1357,-13.4423],[-76.0452,-13.3974],[-75.9592,-13.3332],[-75.9621,-13.3197],[-75.9204,-13.3234],[-75.8968,-13.2908],[-75.8451,-13.27],[-75.8132,-13.3316],[-75.7826,-13.3317]]]}},{"type":"Feature","properties":{"IDDIST":"081104","NOMBDIST":"COLQUEPATA","NOMBPROV":"PAUCARTAMBO","NOMBDEP":"CUSCO"},"geometry":{"type":"Polygon","coordinates":[[[-71.7052,-13.2884],[-71.6387,-13.3321],[-71.6224,-13.3584],[-71.5485,-13.3923],[-71.5023,-13.4549],[-71.5233,-13.5884],[-71.5691,-13.5622],[-71.5475,-13.5517],[-71.5947,-13.4619],[-71.7178,-13.4633],[-71.7257,-13.4568],[-71.7548,-13.4313],[-71.7397,-13.3856],[-71.8251,-13.318],[-71.8431,-13.266],[-71.8475,-13.2508],[-71.7719,-13.2667],[-71.7181,-13.3123],[-71.7052,-13.2884]]]}},{"type":"Feature","properties":{"IDDIST":"081307","NOMBDIST":"YUCAY","NOMBPROV":"URUBAMBA","NOMBDEP":"CUSCO"},"geometry":{"type":"Polygon","coordinates":[[[-72.048,-13.2642],[-72.1014,-13.3126],[-72.0526,-13.2466],[-72.048,-13.2642]]]}},{"type":"Feature","properties":{"IDDIST":"090404","NOMBDIST":"CAPILLAS","NOMBPROV":"CASTROVIRREYNA","NOMBDEP":"HUANCAVELICA"},"geometry":{"type":"Polygon","coordinates":[[[-75.4502,-13.2667],[-75.5002,-13.3187],[-75.5032,-13.3528],[-75.5389,-13.405],[-75.5851,-13.4027],[-75.6893,-13.4397],[-75.7122,-13.4164],[-75.8068,-13.4008],[-75.7984,-13.3712],[-75.7247,-13.3601],[-75.6405,-13.3101],[-75.6104,-13.2311],[-75.526,-13.2629],[-75.4502,-13.2667]]]}},{"type":"Feature","properties":{"IDDIST":"110201","NOMBDIST":"CHINCHA ALTA","NOMBPROV":"CHINCHA","NOMBDEP":"ICA"},"geometry":{"type":"Polygon","coordinates":[[[-75.9466,-13.2784],[-75.9621,-13.3197],[-75.9592,-13.3332],[-76.0452,-13.3974],[-76.1357,-13.4423],[-76.1407,-13.4401],[-76.1443,-13.4151],[-76.1399,-13.4046],[-76.1214,-13.4083],[-76.064,-13.3281],[-76.0844,-13.2985],[-76.0676,-13.2607],[-75.9953,-13.2158],[-75.9466,-13.2784]]]}},{"type":"Feature","properties":{"IDDIST":"210304","NOMBDIST":"COASA","NOMBPROV":"CARABAYA","NOMBDEP":"PUNO"},"geometry":{"type":"Polygon","coordinates":[[[-69.6499,-13.3417],[-69.6328,-13.4063],[-69.6816,-13.4998],[-69.7131,-13.5056],[-69.7265,-13.6337],[-69.7495,-13.6692],[-69.7537,-13.7379],[-69.7857,-13.7507],[-69.7328,-13.8361],[-69.6635,-13.8846],[-69.7232,-13.977],[-69.7252,-14.0188],[-69.77,-14.0391],[-69.8132,-14.011],[-69.859,-14.0285],[-69.8955,-14.0128],[-69.9537,-14.0472],[-70.1326,-14.1188],[-70.1859,-14.0627],[-70.2091,-14.0577],[-70.1876,-14.0003],[-70.1093,-13.986],[-70.0533,-13.8968],[-69.9896,-13.8872],[-69.8678,-13.7275],[-69.9286,-13.6851],[-69.949,-13.64],[-70.0018,-13.6156],[-70.0461,-13.6264],[-70.027,-13.537],[-70.0638,-13.5007],[-70.1056,-13.4036],[-70.1157,-13.3345],[-70.0868,-13.2734],[-70.1228,-13.2459],[-70.1089,-13.2011],[-69.9742,-13.2451],[-69.6499,-13.3417]]]}},{"type":"Feature","properties":{"IDDIST":"050105","NOMBDIST":"CHIARA","NOMBPROV":"HUAMANGA","NOMBDEP":"AYACUCHO"},"geometry":{"type":"Polygon","coordinates":[[[-74.0961,-13.3062],[-74.1092,-13.3483],[-74.0791,-13.3647],[-74.0463,-13.4302],[-74.0805,-13.4506],[-74.0556,-13.5357],[-74.1234,-13.531],[-74.1519,-13.509],[-74.2018,-13.4062],[-74.2472,-13.4203],[-74.2741,-13.3918],[-74.2366,-13.3367],[-74.2699,-13.3257],[-74.2956,-13.2884],[-74.2742,-13.2514],[-74.242,-13.2417],[-74.2177,-13.2269],[-74.1999,-13.2009],[-74.1395,-13.275],[-74.0961,-13.3062]]]}},{"type":"Feature","properties":{"IDDIST":"090406","NOMBDIST":"COCAS","NOMBPROV":"CASTROVIRREYNA","NOMBDEP":"HUANCAVELICA"},"geometry":{"type":"Polygon","coordinates":[[[-75.3667,-13.3535],[-75.4122,-13.314],[-75.3862,-13.292],[-75.364,-13.1913],[-75.3273,-13.2079],[-75.3322,-13.2871],[-75.3667,-13.3535]]]}},{"type":"Feature","properties":{"IDDIST":"081301","NOMBDIST":"URUBAMBA","NOMBPROV":"URUBAMBA","NOMBDEP":"CUSCO"},"geometry":{"type":"Polygon","coordinates":[[[-72.0596,-13.215],[-72.0526,-13.2466],[-72.1014,-13.3126],[-72.1687,-13.277],[-72.2182,-13.2726],[-72.1501,-13.175],[-72.0596,-13.215]]]}},{"type":"Feature","properties":{"IDDIST":"050506","NOMBDIST":"LUIS CARRANZA","NOMBPROV":"LA MAR","NOMBDEP":"AYACUCHO"},"geometry":{"type":"Polygon","coordinates":[[[-73.808,-13.2218],[-73.8232,-13.2473],[-73.808,-13.3038],[-73.832,-13.3307],[-73.838,-13.3844],[-73.8698,-13.3495],[-73.9255,-13.3241],[-73.9623,-13.1875],[-73.9299,-13.1711],[-73.8645,-13.2046],[-73.8479,-13.2314],[-73.808,-13.2218]]]}},{"type":"Feature","properties":{"IDDIST":"030604","NOMBDIST":"HUACCANA","NOMBPROV":"CHINCHEROS","NOMBDEP":"APURIMAC"},"geometry":{"type":"Polygon","coordinates":[[[-73.7283,-13.1948],[-73.7262,-13.2687],[-73.6419,-13.2995],[-73.575,-13.338],[-73.665,-13.3791],[-73.7099,-13.4206],[-73.7197,-13.4583],[-73.7504,-13.4475],[-73.8172,-13.5053],[-73.8335,-13.4718],[-73.838,-13.3844],[-73.832,-13.3307],[-73.808,-13.3038],[-73.8232,-13.2473],[-73.808,-13.2218],[-73.7726,-13.1751],[-73.7283,-13.1948]]]}},{"type":"Feature","properties":{"IDDIST":"080401","NOMBDIST":"CALCA","NOMBPROV":"CALCA","NOMBDEP":"CUSCO"},"geometry":{"type":"Polygon","coordinates":[[[-71.8715,-13.1874],[-71.8475,-13.2508],[-71.8431,-13.266],[-71.8882,-13.273],[-71.9282,-13.3186],[-71.9283,-13.3618],[-71.9716,-13.4078],[-71.9853,-13.3776],[-72.0112,-13.3274],[-72.0344,-13.3245],[-72.048,-13.2642],[-72.0526,-13.2466],[-72.0596,-13.215],[-72.0235,-13.1993],[-71.9495,-13.2106],[-71.9289,-13.1743],[-71.8715,-13.1874]]]}},{"type":"Feature","properties":{"IDDIST":"050104","NOMBDIST":"CARMEN ALTO","NOMBPROV":"HUAMANGA","NOMBDEP":"AYACUCHO"},"geometry":{"type":"Polygon","coordinates":[[[-74.242,-13.2417],[-74.2742,-13.2514],[-74.2591,-13.2017],[-74.226,-13.1692],[-74.2249,-13.2256],[-74.242,-13.2417]]]}},{"type":"Feature","properties":{"IDDIST":"110206","NOMBDIST":"GROCIO PRADO","NOMBPROV":"CHINCHA","NOMBDEP":"ICA"},"geometry":{"type":"Polygon","coordinates":[[[-76.1399,-13.4046],[-76.1443,-13.4151],[-76.1883,-13.4131],[-76.1943,-13.4163],[-76.2448,-13.3235],[-76.2073,-13.3061],[-76.156,-13.1937],[-76.1145,-13.1651],[-76.1399,-13.2032],[-76.1034,-13.2862],[-76.1365,-13.3009],[-76.1481,-13.3446],[-76.1399,-13.4046]]]}},{"type":"Feature","properties":{"IDDIST":"050102","NOMBDIST":"ACOCRO","NOMBPROV":"HUAMANGA","NOMBDEP":"AYACUCHO"},"geometry":{"type":"Polygon","coordinates":[[[-73.9774,-13.1731],[-73.9689,-13.1729],[-73.9623,-13.1875],[-73.9255,-13.3241],[-73.9558,-13.3597],[-73.9569,-13.4198],[-73.9805,-13.4326],[-74.008,-13.4125],[-74.0463,-13.4302],[-74.0791,-13.3647],[-74.1092,-13.3483],[-74.0961,-13.3062],[-74.0801,-13.2182],[-74.0924,-13.1605],[-74.0313,-13.2072],[-73.9774,-13.1731]]]}},{"type":"Feature","properties":{"IDDIST":"050114","NOMBDIST":"VINCHOS","NOMBPROV":"HUAMANGA","NOMBDEP":"AYACUCHO"},"geometry":{"type":"Polygon","coordinates":[[[-74.396,-13.1688],[-74.3504,-13.1814],[-74.2956,-13.2884],[-74.2699,-13.3257],[-74.2366,-13.3367],[-74.2741,-13.3918],[-74.336,-13.4387],[-74.3784,-13.419],[-74.4318,-13.4491],[-74.4758,-13.4531],[-74.5717,-13.3871],[-74.5711,-13.3454],[-74.6328,-13.3448],[-74.6676,-13.3266],[-74.6861,-13.2864],[-74.6447,-13.2741],[-74.571,-13.1847],[-74.5532,-13.189],[-74.4584,-13.19],[-74.4204,-13.1595],[-74.396,-13.1688]]]}},{"type":"Feature","properties":{"IDDIST":"090410","NOMBDIST":"SAN JUAN","NOMBPROV":"CASTROVIRREYNA","NOMBDEP":"HUANCAVELICA"},"geometry":{"type":"Polygon","coordinates":[[[-75.6519,-13.1594],[-75.6104,-13.2304],[-75.6104,-13.2311],[-75.6405,-13.3101],[-75.7247,-13.3601],[-75.7984,-13.3712],[-75.7826,-13.3317],[-75.7065,-13.2883],[-75.7063,-13.1868],[-75.6946,-13.1569],[-75.6519,-13.1594]]]}},{"type":"Feature","properties":{"IDDIST":"050110","NOMBDIST":"SAN JUAN BAUTISTA","NOMBPROV":"HUAMANGA","NOMBDEP":"AYACUCHO"},"geometry":{"type":"Polygon","coordinates":[[[-74.1896,-13.1565],[-74.1999,-13.2009],[-74.2177,-13.2269],[-74.242,-13.2417],[-74.2249,-13.2256],[-74.226,-13.1692],[-74.1896,-13.1565]]]}},{"type":"Feature","properties":{"IDDIST":"050112","NOMBDIST":"SOCOS","NOMBPROV":"HUAMANGA","NOMBDEP":"AYACUCHO"},"geometry":{"type":"Polygon","coordinates":[[[-74.2591,-13.2017],[-74.2742,-13.2514],[-74.2956,-13.2884],[-74.3504,-13.1814],[-74.3004,-13.1568],[-74.2591,-13.2017]]]}},{"type":"Feature","properties":{"IDDIST":"090409","NOMBDIST":"MOLLEPAMPA","NOMBPROV":"CASTROVIRREYNA","NOMBDEP":"HUANCAVELICA"},"geometry":{"type":"Polygon","coordinates":[[[-75.364,-13.1913],[-75.3862,-13.292],[-75.4122,-13.314],[-75.4361,-13.3368],[-75.4452,-13.3988],[-75.4658,-13.4322],[-75.4863,-13.4139],[-75.5032,-13.3528],[-75.5002,-13.3187],[-75.4502,-13.2667],[-75.4149,-13.2621],[-75.4063,-13.1485],[-75.359,-13.1658],[-75.364,-13.1913]]]}},{"type":"Feature","properties":{"IDDIST":"090607","NOMBDIST":"PILPICHACA","NOMBPROV":"HUAYTARA","NOMBDEP":"HUANCAVELICA"},"geometry":{"type":"Polygon","coordinates":[[[-74.9133,-13.1675],[-74.8414,-13.1437],[-74.7216,-13.1792],[-74.7308,-13.2311],[-74.7221,-13.2896],[-74.6861,-13.2864],[-74.6676,-13.3266],[-74.6328,-13.3448],[-74.6995,-13.3635],[-74.7639,-13.3414],[-74.8687,-13.3599],[-74.8977,-13.3953],[-74.9021,-13.4664],[-74.8622,-13.4818],[-74.8296,-13.5343],[-74.7824,-13.5785],[-74.7812,-13.6482],[-74.7665,-13.7722],[-74.7626,-13.7802],[-74.7776,-13.7828],[-74.8354,-13.7369],[-74.872,-13.7581],[-74.9276,-13.7338],[-74.9052,-13.6751],[-74.9424,-13.6411],[-74.9913,-13.6386],[-75.0345,-13.6832],[-75.0726,-13.6505],[-75.0918,-13.5919],[-75.0884,-13.5615],[-75.0467,-13.5242],[-75.0529,-13.4643],[-75.105,-13.473],[-75.1497,-13.5023],[-75.1703,-13.4817],[-75.177,-13.3826],[-75.2176,-13.3769],[-75.2042,-13.312],[-75.1685,-13.2549],[-75.168,-13.2245],[-75.0491,-13.1866],[-74.989,-13.1415],[-74.9551,-13.1819],[-74.9133,-13.1675]]]}},{"type":"Feature","properties":{"IDDIST":"110207","NOMBDIST":"PUEBLO NUEVO","NOMBPROV":"CHINCHA","NOMBDEP":"ICA"},"geometry":{"type":"Polygon","coordinates":[[[-75.9953,-13.2158],[-76.0676,-13.2607],[-76.0844,-13.2985],[-76.064,-13.3281],[-76.1214,-13.4083],[-76.1399,-13.4046],[-76.1481,-13.3446],[-76.1365,-13.3009],[-76.1034,-13.2862],[-76.1399,-13.2032],[-76.1145,-13.1651],[-76.0834,-13.1381],[-76.05,-13.1791],[-75.9953,-13.2158]]]}},{"type":"Feature","properties":{"IDDIST":"090407","NOMBDIST":"HUACHOS","NOMBPROV":"CASTROVIRREYNA","NOMBDEP":"HUANCAVELICA"},"geometry":{"type":"Polygon","coordinates":[[[-75.4301,-13.1266],[-75.4063,-13.1485],[-75.4149,-13.2621],[-75.4502,-13.2667],[-75.526,-13.2629],[-75.6104,-13.2311],[-75.5208,-13.181],[-75.4507,-13.1665],[-75.4301,-13.1266]]]}},{"type":"Feature","properties":{"IDDIST":"050504","NOMBDIST":"CHILCAS","NOMBPROV":"LA MAR","NOMBDEP":"AYACUCHO"},"geometry":{"type":"Polygon","coordinates":[[[-73.8532,-13.1342],[-73.8062,-13.1391],[-73.7726,-13.1751],[-73.808,-13.2218],[-73.8479,-13.2314],[-73.8645,-13.2046],[-73.9299,-13.1711],[-73.9623,-13.1875],[-73.9689,-13.1729],[-73.9173,-13.1155],[-73.8532,-13.1342]]]}},{"type":"Feature","properties":{"IDDIST":"210303","NOMBDIST":"AYAPATA","NOMBPROV":"CARABAYA","NOMBDEP":"PUNO"},"geometry":{"type":"Polygon","coordinates":[[[-70.1089,-13.2011],[-70.1228,-13.2459],[-70.0868,-13.2734],[-70.1157,-13.3345],[-70.1056,-13.4036],[-70.0638,-13.5007],[-70.027,-13.537],[-70.0461,-13.6264],[-70.1138,-13.6904],[-70.2001,-13.7236],[-70.2169,-13.7627],[-70.271,-13.7629],[-70.2958,-13.8119],[-70.2926,-13.8714],[-70.3035,-13.9505],[-70.3251,-13.9535],[-70.3651,-13.9426],[-70.3699,-13.9094],[-70.4148,-13.9082],[-70.4403,-13.8695],[-70.3919,-13.7215],[-70.3625,-13.6886],[-70.3728,-13.6441],[-70.3302,-13.5644],[-70.2547,-13.5349],[-70.2091,-13.4786],[-70.2553,-13.4286],[-70.3302,-13.4062],[-70.3685,-13.3695],[-70.3995,-13.3716],[-70.3928,-13.3142],[-70.3483,-13.2936],[-70.4204,-13.2586],[-70.3906,-13.2321],[-70.3885,-13.1924],[-70.4029,-13.1144],[-70.1089,-13.2011]]]}},{"type":"Feature","properties":{"IDDIST":"050113","NOMBDIST":"TAMBILLO","NOMBPROV":"HUAMANGA","NOMBDEP":"AYACUCHO"},"geometry":{"type":"Polygon","coordinates":[[[-74.1271,-13.1308],[-74.0924,-13.1605],[-74.0801,-13.2182],[-74.0961,-13.3062],[-74.1395,-13.275],[-74.1999,-13.2009],[-74.1896,-13.1565],[-74.1867,-13.1387],[-74.195,-13.1078],[-74.1271,-13.1308]]]}},{"type":"Feature","properties":{"IDDIST":"050505","NOMBDIST":"CHUNGUI","NOMBPROV":"LA MAR","NOMBDEP":"AYACUCHO"},"geometry":{"type":"Polygon","coordinates":[[[-73.2119,-13.4191],[-73.2365,-13.4767],[-73.3132,-13.4472],[-73.3322,-13.4561],[-73.3472,-13.4348],[-73.4033,-13.4448],[-73.4454,-13.4304],[-73.4809,-13.4314],[-73.5111,-13.383],[-73.575,-13.338],[-73.6419,-13.2995],[-73.7262,-13.2687],[-73.7283,-13.1948],[-73.673,-13.1713],[-73.6029,-13.1728],[-73.552,-13.1342],[-73.5001,-13.1381],[-73.4537,-13.0977],[-73.4219,-13.1324],[-73.3484,-13.2982],[-73.2874,-13.3719],[-73.2119,-13.4191]]]}},{"type":"Feature","properties":{"IDDIST":"081101","NOMBDIST":"PAUCARTAMBO","NOMBPROV":"PAUCARTAMBO","NOMBDEP":"CUSCO"},"geometry":{"type":"Polygon","coordinates":[[[-71.3361,-13.4594],[-71.3728,-13.4462],[-71.4163,-13.5169],[-71.4674,-13.4949],[-71.5023,-13.4549],[-71.5485,-13.3923],[-71.6224,-13.3584],[-71.6387,-13.3321],[-71.7052,-13.2884],[-71.6749,-13.2621],[-71.5939,-13.2495],[-71.5776,-13.2305],[-71.543,-13.202],[-71.5483,-13.1593],[-71.5024,-13.1013],[-71.4252,-13.1014],[-71.3503,-13.1789],[-71.3392,-13.2395],[-71.3047,-13.2616],[-71.3109,-13.3869],[-71.3424,-13.3921],[-71.3361,-13.4594]]]}},{"type":"Feature","properties":{"IDDIST":"081306","NOMBDIST":"OLLANTAYTAMBO","NOMBPROV":"URUBAMBA","NOMBDEP":"CUSCO"},"geometry":{"type":"Polygon","coordinates":[[[-72.1501,-13.175],[-72.2182,-13.2726],[-72.2317,-13.3286],[-72.2671,-13.3302],[-72.3858,-13.3045],[-72.3712,-13.3613],[-72.4437,-13.3447],[-72.5334,-13.3729],[-72.5441,-13.3342],[-72.4876,-13.3245],[-72.4297,-13.2449],[-72.3833,-13.2156],[-72.4006,-13.1727],[-72.3035,-13.1424],[-72.3056,-13.1172],[-72.2317,-13.1263],[-72.1906,-13.0962],[-72.1524,-13.1386],[-72.1501,-13.175]]]}},{"type":"Feature","properties":{"IDDIST":"050115","NOMBDIST":"JESUS NAZARENO","NOMBPROV":"HUAMANGA","NOMBDEP":"AYACUCHO"},"geometry":{"type":"Polygon","coordinates":[[[-74.195,-13.1078],[-74.1867,-13.1387],[-74.2292,-13.0844],[-74.195,-13.1078]]]}},{"type":"Feature","properties":{"IDDIST":"081304","NOMBDIST":"MACHUPICCHU","NOMBPROV":"URUBAMBA","NOMBDEP":"CUSCO"},"geometry":{"type":"Polygon","coordinates":[[[-72.4006,-13.1727],[-72.3833,-13.2156],[-72.4297,-13.2449],[-72.4876,-13.3245],[-72.5441,-13.3342],[-72.5467,-13.3326],[-72.5544,-13.2301],[-72.6007,-13.1067],[-72.5421,-13.0823],[-72.4903,-13.0997],[-72.4006,-13.1727]]]}},{"type":"Feature","properties":{"IDDIST":"110208","NOMBDIST":"SAN JUAN DE YANAC","NOMBPROV":"CHINCHA","NOMBDEP":"ICA"},"geometry":{"type":"Polygon","coordinates":[[[-75.8046,-13.0782],[-75.8154,-13.148],[-75.7754,-13.1738],[-75.7078,-13.1427],[-75.6946,-13.1569],[-75.7063,-13.1868],[-75.7065,-13.2883],[-75.7826,-13.3317],[-75.8132,-13.3316],[-75.8451,-13.27],[-75.8968,-13.2908],[-75.9204,-13.3234],[-75.9621,-13.3197],[-75.9466,-13.2784],[-75.9056,-13.2153],[-75.9021,-13.1517],[-75.86,-13.1075],[-75.8046,-13.0782]]]}},{"type":"Feature","properties":{"IDDIST":"090311","NOMBDIST":"SANTO TOMAS DE PATA","NOMBPROV":"ANGARAES","NOMBDEP":"HUANCAVELICA"},"geometry":{"type":"Polygon","coordinates":[[[-74.4625,-13.0802],[-74.4099,-13.0884],[-74.3896,-13.1517],[-74.396,-13.1688],[-74.4204,-13.1595],[-74.4584,-13.19],[-74.5532,-13.189],[-74.5522,-13.1533],[-74.5027,-13.1225],[-74.4625,-13.0802]]]}},{"type":"Feature","properties":{"IDDIST":"050101","NOMBDIST":"AYACUCHO","NOMBPROV":"HUAMANGA","NOMBDEP":"AYACUCHO"},"geometry":{"type":"Polygon","coordinates":[[[-74.2292,-13.0844],[-74.1867,-13.1387],[-74.1896,-13.1565],[-74.226,-13.1692],[-74.2591,-13.2017],[-74.3004,-13.1568],[-74.2621,-13.1178],[-74.2523,-13.0736],[-74.2292,-13.0844]]]}},{"type":"Feature","properties":{"IDDIST":"081203","NOMBDIST":"CAMANTI","NOMBPROV":"QUISPICANCHI","NOMBDEP":"CUSCO"},"geometry":{"type":"Polygon","coordinates":[[[-70.3885,-13.1924],[-70.3906,-13.2321],[-70.4204,-13.2586],[-70.3483,-13.2936],[-70.3928,-13.3142],[-70.3995,-13.3716],[-70.4426,-13.3934],[-70.4526,-13.4479],[-70.4958,-13.5014],[-70.534,-13.5253],[-70.5417,-13.5745],[-70.5717,-13.586],[-70.6162,-13.6091],[-70.6539,-13.6559],[-70.7154,-13.6627],[-70.7798,-13.5734],[-70.8043,-13.5645],[-70.823,-13.4937],[-70.8106,-13.4689],[-70.8425,-13.423],[-70.9154,-13.4359],[-71.0019,-13.5389],[-71.1246,-13.5159],[-71.149,-13.4851],[-71.1617,-13.4034],[-71.1435,-13.3579],[-71.0642,-13.2567],[-71.014,-13.2672],[-70.9745,-13.1683],[-70.9422,-13.1565],[-70.9214,-13.1108],[-70.8899,-13.1029],[-70.843,-13.067],[-70.7584,-13.108],[-70.71,-13.1095],[-70.6598,-13.0885],[-70.5875,-13.1031],[-70.5498,-13.1529],[-70.4642,-13.1597],[-70.3885,-13.1924]]]}},{"type":"Feature","properties":{"IDDIST":"050109","NOMBDIST":"SAN JOSE DE TICLLAS","NOMBPROV":"HUAMANGA","NOMBDEP":"AYACUCHO"},"geometry":{"type":"Polygon","coordinates":[[[-74.2717,-13.067],[-74.2707,-13.0675],[-74.2523,-13.0736],[-74.2621,-13.1178],[-74.3004,-13.1568],[-74.3504,-13.1814],[-74.396,-13.1688],[-74.3896,-13.1517],[-74.3663,-13.1154],[-74.3329,-13.1049],[-74.2992,-13.0635],[-74.2717,-13.067]]]}},{"type":"Feature","properties":{"IDDIST":"150501","NOMBDIST":"SAN VICENTE DE CAÑETE","NOMBPROV":"CAÑETE","NOMBDEP":"LIMA"},"geometry":{"type":"Polygon","coordinates":[[[-76.337,-13.1021],[-76.2506,-13.0949],[-76.2003,-13.1071],[-76.1632,-13.0902],[-76.1193,-13.1016],[-76.0834,-13.1381],[-76.1145,-13.1651],[-76.156,-13.1937],[-76.2073,-13.3061],[-76.2448,-13.3235],[-76.4381,-13.0865],[-76.3893,-13.0601],[-76.3451,-13.0661],[-76.337,-13.1021]]]}},{"type":"Feature","properties":{"IDDIST":"090412","NOMBDIST":"TANTARA","NOMBPROV":"CASTROVIRREYNA","NOMBDEP":"HUANCAVELICA"},"geometry":{"type":"Polygon","coordinates":[[[-75.5894,-13.0639],[-75.569,-13.1168],[-75.6035,-13.1557],[-75.6104,-13.2304],[-75.6519,-13.1594],[-75.669,-13.1004],[-75.6525,-13.0705],[-75.6286,-13.0571],[-75.6172,-13.049],[-75.5894,-13.0639]]]}},{"type":"Feature","properties":{"IDDIST":"090408","NOMBDIST":"HUAMATAMBO","NOMBPROV":"CASTROVIRREYNA","NOMBDEP":"HUANCAVELICA"},"geometry":{"type":"Polygon","coordinates":[[[-75.6525,-13.0705],[-75.669,-13.1004],[-75.6519,-13.1594],[-75.6946,-13.1569],[-75.7078,-13.1427],[-75.7188,-13.1098],[-75.695,-13.0748],[-75.6525,-13.0705]]]}},{"type":"Feature","properties":{"IDDIST":"090310","NOMBDIST":"SAN ANTONIO DE ANTAPARCO","NOMBPROV":"ANGARAES","NOMBDEP":"HUANCAVELICA"},"geometry":{"type":"Polygon","coordinates":[[[-74.3895,-13.0419],[-74.4099,-13.0884],[-74.4625,-13.0802],[-74.4542,-13.05],[-74.3895,-13.0419]]]}},{"type":"Feature","properties":{"IDDIST":"050103","NOMBDIST":"ACOS VINCHOS","NOMBPROV":"HUAMANGA","NOMBDEP":"AYACUCHO"},"geometry":{"type":"Polygon","coordinates":[[[-73.9774,-13.1731],[-74.0313,-13.2072],[-74.0924,-13.1605],[-74.1271,-13.1308],[-74.1054,-13.0675],[-74.0657,-13.0319],[-73.9774,-13.1731]]]}},{"type":"Feature","properties":{"IDDIST":"050111","NOMBDIST":"SANTIAGO DE PISCHA","NOMBPROV":"HUAMANGA","NOMBDEP":"AYACUCHO"},"geometry":{"type":"Polygon","coordinates":[[[-74.2992,-13.0635],[-74.3329,-13.1049],[-74.3663,-13.1154],[-74.3896,-13.1517],[-74.4099,-13.0884],[-74.3895,-13.0419],[-74.3799,-13.0245],[-74.3459,-13.0258],[-74.2992,-13.0635]]]}},{"type":"Feature","properties":{"IDDIST":"090312","NOMBDIST":"SECCLLA","NOMBPROV":"ANGARAES","NOMBDEP":"HUANCAVELICA"},"geometry":{"type":"Polygon","coordinates":[[[-74.4703,-13.0326],[-74.4542,-13.05],[-74.4625,-13.0802],[-74.5027,-13.1225],[-74.5522,-13.1533],[-74.5805,-13.1342],[-74.6348,-13.0622],[-74.5742,-13.0576],[-74.5267,-13.0162],[-74.4703,-13.0326]]]}},{"type":"Feature","properties":{"IDDIST":"150514","NOMBDIST":"SAN LUIS","NOMBPROV":"CAÑETE","NOMBDEP":"LIMA"},"geometry":{"type":"Polygon","coordinates":[[[-76.3893,-13.0601],[-76.4381,-13.0865],[-76.468,-13.0558],[-76.4301,-13.0109],[-76.3893,-13.0601]]]}},{"type":"Feature","properties":{"IDDIST":"090402","NOMBDIST":"ARMA","NOMBPROV":"CASTROVIRREYNA","NOMBDEP":"HUANCAVELICA"},"geometry":{"type":"Polygon","coordinates":[[[-75.4005,-13.0314],[-75.4308,-13.093],[-75.4301,-13.1266],[-75.4507,-13.1665],[-75.5208,-13.181],[-75.6104,-13.2311],[-75.6104,-13.2304],[-75.6035,-13.1557],[-75.569,-13.1168],[-75.5894,-13.0639],[-75.5498,-13.0558],[-75.5035,-13.008],[-75.4493,-13.031],[-75.4005,-13.0314]]]}},{"type":"Feature","properties":{"IDDIST":"080908","NOMBDIST":"SANTA TERESA","NOMBPROV":"LA CONVENCION","NOMBDEP":"CUSCO"},"geometry":{"type":"Polygon","coordinates":[[[-72.6007,-13.1067],[-72.5544,-13.2301],[-72.5467,-13.3326],[-72.6164,-13.3821],[-72.6853,-13.4067],[-72.7221,-13.4047],[-72.7729,-13.4489],[-72.7934,-13.4261],[-72.8591,-13.4186],[-72.8981,-13.3879],[-72.9304,-13.3592],[-72.9646,-13.2796],[-72.9106,-13.2287],[-72.8461,-13.2132],[-72.8173,-13.2423],[-72.7741,-13.1772],[-72.8315,-13.1121],[-72.8239,-13.0384],[-72.7933,-13.0439],[-72.7251,-13.0241],[-72.7023,-13.0412],[-72.6464,-13.0072],[-72.6258,-13.0045],[-72.6193,-13.0852],[-72.6007,-13.1067]]]}},{"type":"Feature","properties":{"IDDIST":"211210","NOMBDIST":"SAN PEDRO DE PUTINA PUNCO","NOMBPROV":"SANDIA","NOMBDEP":"PUNO"},"geometry":{"type":"Polygon","coordinates":[[[-68.9696,-14.2254],[-68.9914,-14.1616],[-69.0495,-14.1643],[-69.1327,-14.1406],[-69.1265,-14.095],[-69.0877,-14.0917],[-69.0844,-14.0236],[-69.1441,-13.9681],[-69.3073,-13.9036],[-69.3664,-13.8676],[-69.3303,-13.7868],[-69.3554,-13.6864],[-69.3968,-13.6328],[-69.4735,-13.6022],[-69.4548,-13.5341],[-69.4742,-13.508],[-69.4581,-13.4679],[-69.4942,-13.394],[-69.5339,-13.4001],[-69.5572,-13.3665],[-69.6298,-13.364],[-69.6475,-13.3413],[-69.3106,-13.1958],[-68.8719,-13.0039],[-68.8544,-13.0607],[-68.8745,-13.1157],[-68.8455,-13.2459],[-68.8976,-13.4138],[-68.8964,-13.4621],[-68.9172,-13.4865],[-68.9668,-13.6049],[-68.993,-13.6499],[-69.061,-13.657],[-69.0661,-13.6883],[-68.9771,-13.7582],[-68.9806,-13.7833],[-68.9177,-13.8137],[-68.9514,-13.8791],[-68.9821,-13.8941],[-68.9781,-13.978],[-68.9374,-14.0254],[-68.8956,-14.0413],[-68.8562,-14.1627],[-68.8278,-14.2194],[-68.9696,-14.2254]]]}},{"type":"Feature","properties":{"IDDIST":"050107","NOMBDIST":"PACAYCASA","NOMBPROV":"HUAMANGA","NOMBDEP":"AYACUCHO"},"geometry":{"type":"Polygon","coordinates":[[[-74.217,-13.0113],[-74.1634,-13.0417],[-74.1746,-13.0663],[-74.2292,-13.0844],[-74.2523,-13.0736],[-74.2707,-13.0675],[-74.217,-13.0113]]]}},{"type":"Feature","properties":{"IDDIST":"110203","NOMBDIST":"CHAVIN","NOMBPROV":"CHINCHA","NOMBDEP":"ICA"},"geometry":{"type":"Polygon","coordinates":[[[-75.8788,-13.016],[-75.8216,-13.0332],[-75.8021,-13.0604],[-75.8046,-13.0782],[-75.86,-13.1075],[-75.9021,-13.1517],[-75.9056,-13.2153],[-75.9466,-13.2784],[-75.9953,-13.2158],[-76.05,-13.1791],[-76.0834,-13.1381],[-76.0119,-13.0855],[-75.9692,-13.0416],[-75.9614,-13.0014],[-75.9377,-12.9913],[-75.8788,-13.016]]]}},{"type":"Feature","properties":{"IDDIST":"150507","NOMBDIST":"IMPERIAL","NOMBPROV":"CAÑETE","NOMBDEP":"LIMA"},"geometry":{"type":"Polygon","coordinates":[[[-76.3506,-12.9848],[-76.336,-13.034],[-76.337,-13.1021],[-76.3451,-13.0661],[-76.3893,-13.0601],[-76.4301,-13.0109],[-76.4289,-13.0069],[-76.3506,-12.9848]]]}},{"type":"Feature","properties":{"IDDIST":"050108","NOMBDIST":"QUINUA","NOMBPROV":"HUAMANGA","NOMBDEP":"AYACUCHO"},"geometry":{"type":"Polygon","coordinates":[[[-74.0774,-12.9847],[-74.0657,-13.0319],[-74.1054,-13.0675],[-74.1271,-13.1308],[-74.195,-13.1078],[-74.2292,-13.0844],[-74.1746,-13.0663],[-74.1634,-13.0417],[-74.104,-12.9821],[-74.0774,-12.9847]]]}},{"type":"Feature","properties":{"IDDIST":"110209","NOMBDIST":"SAN PEDRO DE HUACARPANA","NOMBPROV":"CHINCHA","NOMBDEP":"ICA"},"geometry":{"type":"Polygon","coordinates":[[[-75.6286,-13.0571],[-75.6525,-13.0705],[-75.695,-13.0748],[-75.7188,-13.1098],[-75.7078,-13.1427],[-75.7754,-13.1738],[-75.8154,-13.148],[-75.8046,-13.0782],[-75.8021,-13.0604],[-75.7646,-13.0182],[-75.7255,-13.0381],[-75.6704,-13.0226],[-75.6632,-12.994],[-75.6144,-12.9649],[-75.6286,-13.0571]]]}},{"type":"Feature","properties":{"IDDIST":"151005","NOMBDIST":"AZANGARO","NOMBPROV":"YAUYOS","NOMBDEP":"LIMA"},"geometry":{"type":"Polygon","coordinates":[[[-75.792,-12.9891],[-75.7646,-13.0182],[-75.8021,-13.0604],[-75.8216,-13.0332],[-75.8788,-13.016],[-75.876,-12.9672],[-75.8474,-12.9626],[-75.792,-12.9891]]]}},{"type":"Feature","properties":{"IDDIST":"090309","NOMBDIST":"JULCAMARCA","NOMBPROV":"ANGARAES","NOMBDEP":"HUANCAVELICA"},"geometry":{"type":"Polygon","coordinates":[[[-74.3799,-13.0245],[-74.3895,-13.0419],[-74.4542,-13.05],[-74.4703,-13.0326],[-74.4465,-12.9651],[-74.439,-12.9572],[-74.4217,-12.9935],[-74.3799,-13.0245]]]}},{"type":"Feature","properties":{"IDDIST":"090301","NOMBDIST":"LIRCAY","NOMBPROV":"ANGARAES","NOMBDEP":"HUANCAVELICA"},"geometry":{"type":"Polygon","coordinates":[[[-74.667,-12.961],[-74.6617,-13.0526],[-74.6348,-13.0622],[-74.5805,-13.1342],[-74.5522,-13.1533],[-74.5532,-13.189],[-74.571,-13.1847],[-74.6447,-13.2741],[-74.6861,-13.2864],[-74.7221,-13.2896],[-74.7308,-13.2311],[-74.7216,-13.1792],[-74.8414,-13.1437],[-74.9133,-13.1675],[-74.9171,-13.0966],[-74.9033,-13.0254],[-74.8383,-12.9749],[-74.7954,-12.9549],[-74.749,-12.9652],[-74.7185,-12.9458],[-74.7066,-12.937],[-74.667,-12.961]]]}},{"type":"Feature","properties":{"IDDIST":"080903","NOMBDIST":"HUAYOPATA","NOMBPROV":"LA CONVENCION","NOMBDEP":"CUSCO"},"geometry":{"type":"Polygon","coordinates":[[[-72.3056,-13.1172],[-72.3035,-13.1424],[-72.4006,-13.1727],[-72.4903,-13.0997],[-72.5421,-13.0823],[-72.6007,-13.1067],[-72.6193,-13.0852],[-72.6258,-13.0045],[-72.5892,-12.9479],[-72.5586,-12.9316],[-72.4737,-12.9452],[-72.4475,-12.9762],[-72.3728,-13.0118],[-72.3293,-13.1035],[-72.3056,-13.1172]]]}},{"type":"Feature","properties":{"IDDIST":"081103","NOMBDIST":"CHALLABAMBA","NOMBPROV":"PAUCARTAMBO","NOMBDEP":"CUSCO"},"geometry":{"type":"Polygon","coordinates":[[[-71.5776,-13.2305],[-71.5939,-13.2495],[-71.6749,-13.2621],[-71.7052,-13.2884],[-71.7181,-13.3123],[-71.7719,-13.2667],[-71.8475,-13.2508],[-71.8715,-13.1874],[-71.8889,-13.0535],[-71.9064,-13.0208],[-71.8494,-12.9841],[-71.8239,-12.9302],[-71.7673,-12.9819],[-71.7806,-13.0012],[-71.7369,-13.0427],[-71.701,-13.0996],[-71.6463,-13.1523],[-71.6169,-13.2157],[-71.5776,-13.2305]]]}},{"type":"Feature","properties":{"IDDIST":"050404","NOMBDIST":"IGUAIN","NOMBPROV":"HUANTA","NOMBDEP":"AYACUCHO"},"geometry":{"type":"Polygon","coordinates":[[[-74.1445,-12.9288],[-74.1631,-12.9759],[-74.217,-13.0113],[-74.2707,-13.0675],[-74.2717,-13.067],[-74.2702,-13.0256],[-74.2927,-12.9824],[-74.2041,-12.9677],[-74.1445,-12.9288]]]}},{"type":"Feature","properties":{"IDDIST":"090106","NOMBDIST":"HUACHOCOLPA","NOMBPROV":"HUANCAVELICA","NOMBDEP":"HUANCAVELICA"},"geometry":{"type":"Polygon","coordinates":[[[-74.887,-12.929],[-74.8904,-12.9684],[-74.8383,-12.9749],[-74.9033,-13.0254],[-74.9171,-13.0966],[-74.9133,-13.1675],[-74.9551,-13.1819],[-74.989,-13.1415],[-75.0292,-13.1059],[-75.0398,-13.0503],[-75.0343,-12.9733],[-74.9945,-12.9692],[-74.9627,-12.9266],[-74.9319,-12.9402],[-74.887,-12.929]]]}},{"type":"Feature","properties":{"IDDIST":"080404","NOMBDIST":"LARES","NOMBPROV":"CALCA","NOMBDEP":"CUSCO"},"geometry":{"type":"Polygon","coordinates":[[[-71.9064,-13.0208],[-71.8889,-13.0535],[-71.8715,-13.1874],[-71.9289,-13.1743],[-71.9495,-13.2106],[-72.0235,-13.1993],[-72.0596,-13.215],[-72.1501,-13.175],[-72.1524,-13.1386],[-72.1906,-13.0962],[-72.17,-13.0232],[-72.1212,-13.0159],[-72.0659,-12.9468],[-72.0274,-12.9236],[-71.9715,-12.9624],[-71.9552,-12.9932],[-71.9064,-13.0208]]]}},{"type":"Feature","properties":{"IDDIST":"050403","NOMBDIST":"HUAMANGUILLA","NOMBPROV":"HUANTA","NOMBDEP":"AYACUCHO"},"geometry":{"type":"Polygon","coordinates":[[[-74.104,-12.9821],[-74.1634,-13.0417],[-74.217,-13.0113],[-74.1631,-12.9759],[-74.1445,-12.9288],[-74.1308,-12.9146],[-74.104,-12.9821]]]}},{"type":"Feature","properties":{"IDDIST":"090411","NOMBDIST":"SANTA ANA","NOMBPROV":"CASTROVIRREYNA","NOMBDEP":"HUANCAVELICA"},"geometry":{"type":"Polygon","coordinates":[[[-75.0343,-12.9733],[-75.0398,-13.0503],[-75.0292,-13.1059],[-74.989,-13.1415],[-75.0491,-13.1866],[-75.168,-13.2245],[-75.1685,-13.2549],[-75.2194,-13.2421],[-75.2185,-13.1715],[-75.2518,-13.1455],[-75.2564,-13.0742],[-75.241,-13.0285],[-75.2069,-13.0246],[-75.1581,-12.9795],[-75.1207,-12.9318],[-75.0572,-12.9143],[-75.0343,-12.9733]]]}},{"type":"Feature","properties":{"IDDIST":"090306","NOMBDIST":"CONGALLA","NOMBPROV":"ANGARAES","NOMBDEP":"HUANCAVELICA"},"geometry":{"type":"Polygon","coordinates":[[[-74.5418,-12.8987],[-74.5041,-12.9226],[-74.4465,-12.9651],[-74.4703,-13.0326],[-74.5267,-13.0162],[-74.5742,-13.0576],[-74.6348,-13.0622],[-74.6126,-12.9806],[-74.5742,-12.9398],[-74.5748,-12.9141],[-74.5418,-12.8987]]]}},{"type":"Feature","properties":{"IDDIST":"090307","NOMBDIST":"HUANCA-HUANCA","NOMBPROV":"ANGARAES","NOMBDEP":"HUANCAVELICA"},"geometry":{"type":"Polygon","coordinates":[[[-74.5968,-12.8884],[-74.5748,-12.9141],[-74.5742,-12.9398],[-74.6126,-12.9806],[-74.6348,-13.0622],[-74.6617,-13.0526],[-74.667,-12.961],[-74.6491,-12.9213],[-74.5968,-12.8884]]]}},{"type":"Feature","properties":{"IDDIST":"090305","NOMBDIST":"CHINCHO","NOMBPROV":"ANGARAES","NOMBDEP":"HUANCAVELICA"},"geometry":{"type":"Polygon","coordinates":[[[-74.296,-12.9361],[-74.2927,-12.9824],[-74.2702,-13.0256],[-74.2717,-13.067],[-74.2992,-13.0635],[-74.3459,-13.0258],[-74.3799,-13.0245],[-74.4217,-12.9935],[-74.439,-12.9572],[-74.3741,-12.9354],[-74.3194,-12.8873],[-74.296,-12.9361]]]}},{"type":"Feature","properties":{"IDDIST":"150508","NOMBDIST":"LUNAHUANA","NOMBPROV":"CAÑETE","NOMBDEP":"LIMA"},"geometry":{"type":"Polygon","coordinates":[[[-75.9614,-13.0014],[-75.9692,-13.0416],[-76.0119,-13.0855],[-76.0834,-13.1381],[-76.1193,-13.1016],[-76.1632,-13.0902],[-76.2003,-13.1071],[-76.2506,-13.0949],[-76.2219,-13.0523],[-76.2369,-13.0142],[-76.2257,-12.9681],[-76.1793,-12.8946],[-76.1488,-12.8895],[-76.0523,-12.9474],[-76.0455,-12.9861],[-75.9614,-13.0014]]]}},{"type":"Feature","properties":{"IDDIST":"090308","NOMBDIST":"HUAYLLAY GRANDE","NOMBPROV":"ANGARAES","NOMBDEP":"HUANCAVELICA"},"geometry":{"type":"Polygon","coordinates":[[[-74.6491,-12.9213],[-74.667,-12.961],[-74.7066,-12.937],[-74.6805,-12.8999],[-74.6497,-12.8819],[-74.6491,-12.9213]]]}},{"type":"Feature","properties":{"IDDIST":"151015","NOMBDIST":"HUANGASCAR","NOMBPROV":"YAUYOS","NOMBDEP":"LIMA"},"geometry":{"type":"Polygon","coordinates":[[[-75.7862,-12.9357],[-75.792,-12.9891],[-75.8474,-12.9626],[-75.8403,-12.9264],[-75.8646,-12.8819],[-75.8304,-12.8917],[-75.7862,-12.9357]]]}},{"type":"Feature","properties":{"IDDIST":"090401","NOMBDIST":"CASTROVIRREYNA","NOMBPROV":"CASTROVIRREYNA","NOMBDEP":"HUANCAVELICA"},"geometry":{"type":"Polygon","coordinates":[[[-75.2134,-12.916],[-75.1581,-12.9795],[-75.2069,-13.0246],[-75.241,-13.0285],[-75.2564,-13.0742],[-75.2518,-13.1455],[-75.2185,-13.1715],[-75.2194,-13.2421],[-75.1685,-13.2549],[-75.2042,-13.312],[-75.2176,-13.3769],[-75.2558,-13.4175],[-75.2911,-13.4017],[-75.3176,-13.4559],[-75.3667,-13.3535],[-75.3322,-13.2871],[-75.3273,-13.2079],[-75.364,-13.1913],[-75.359,-13.1658],[-75.4063,-13.1485],[-75.4301,-13.1266],[-75.4308,-13.093],[-75.4005,-13.0314],[-75.3739,-13.0289],[-75.3348,-12.9362],[-75.3049,-12.9042],[-75.277,-12.9142],[-75.2498,-12.8792],[-75.2134,-12.916]]]}},{"type":"Feature","properties":{"IDDIST":"150504","NOMBDIST":"CERRO AZUL","NOMBPROV":"CAÑETE","NOMBDEP":"LIMA"},"geometry":{"type":"Polygon","coordinates":[[[-76.4289,-12.8808],[-76.4415,-12.9538],[-76.4289,-13.0069],[-76.4301,-13.0109],[-76.468,-13.0558],[-76.5138,-12.9521],[-76.5064,-12.9236],[-76.4289,-12.8808]]]}},{"type":"Feature","properties":{"IDDIST":"050405","NOMBDIST":"LURICOCHA","NOMBPROV":"HUANTA","NOMBDEP":"AYACUCHO"},"geometry":{"type":"Polygon","coordinates":[[[-74.2115,-12.8206],[-74.2311,-12.8973],[-74.296,-12.9361],[-74.3194,-12.8873],[-74.3236,-12.8325],[-74.2924,-12.8248],[-74.2872,-12.7731],[-74.2115,-12.8206]]]}},{"type":"Feature","properties":{"IDDIST":"150516","NOMBDIST":"ZUÑIGA","NOMBPROV":"CAÑETE","NOMBDEP":"LIMA"},"geometry":{"type":"Polygon","coordinates":[[[-75.9594,-12.849],[-76.0085,-12.8539],[-76.0039,-12.9224],[-76.0372,-12.9018],[-76.0555,-12.8367],[-76.0972,-12.8013],[-76.0452,-12.782],[-75.9839,-12.7823],[-75.9425,-12.8021],[-75.9594,-12.849]]]}},{"type":"Feature","properties":{"IDDIST":"090508","NOMBDIST":"SAN MIGUEL DE MAYOCC","NOMBPROV":"CHURCAMPA","NOMBDEP":"HUANCAVELICA"},"geometry":{"type":"Polygon","coordinates":[[[-74.3793,-12.7997],[-74.3808,-12.8145],[-74.4328,-12.8023],[-74.4269,-12.7573],[-74.3793,-12.7997]]]}},{"type":"Feature","properties":{"IDDIST":"090203","NOMBDIST":"ANTA","NOMBPROV":"ACOBAMBA","NOMBDEP":"HUANCAVELICA"},"geometry":{"type":"Polygon","coordinates":[[[-74.6166,-12.7879],[-74.6144,-12.851],[-74.6497,-12.8819],[-74.6805,-12.8999],[-74.6541,-12.8552],[-74.6992,-12.8436],[-74.7298,-12.8374],[-74.7081,-12.7884],[-74.6621,-12.7541],[-74.6166,-12.7879]]]}},{"type":"Feature","properties":{"IDDIST":"090201","NOMBDIST":"ACOBAMBA","NOMBPROV":"ACOBAMBA","NOMBDEP":"HUANCAVELICA"},"geometry":{"type":"Polygon","coordinates":[[[-74.5391,-12.7463],[-74.499,-12.7708],[-74.4972,-12.7882],[-74.5061,-12.7988],[-74.5459,-12.835],[-74.5418,-12.8987],[-74.5748,-12.9141],[-74.5968,-12.8884],[-74.6144,-12.851],[-74.6166,-12.7879],[-74.5524,-12.7772],[-74.5391,-12.7463]]]}},{"type":"Feature","properties":{"IDDIST":"050501","NOMBDIST":"SAN MIGUEL","NOMBPROV":"LA MAR","NOMBDEP":"AYACUCHO"},"geometry":{"type":"Polygon","coordinates":[[[-73.5887,-12.8331],[-73.6275,-12.8559],[-73.6549,-12.9217],[-73.7338,-12.9466],[-73.8136,-12.9371],[-73.8543,-12.9588],[-73.8346,-12.9992],[-73.8547,-13.0663],[-73.8363,-13.1114],[-73.8532,-13.1342],[-73.9173,-13.1155],[-73.9689,-13.1729],[-73.9774,-13.1731],[-74.0657,-13.0319],[-74.0774,-12.9847],[-74.0082,-12.9896],[-73.9822,-12.959],[-73.9289,-12.9468],[-73.8863,-12.8764],[-73.7471,-12.8711],[-73.7153,-12.854],[-73.6619,-12.7907],[-73.6471,-12.743],[-73.5887,-12.8331]]]}},{"type":"Feature","properties":{"IDDIST":"090505","NOMBDIST":"LA MERCED","NOMBPROV":"CHURCAMPA","NOMBDEP":"HUANCAVELICA"},"geometry":{"type":"Polygon","coordinates":[[[-74.2872,-12.7731],[-74.2924,-12.8248],[-74.3236,-12.8325],[-74.3808,-12.8145],[-74.3793,-12.7997],[-74.3617,-12.7648],[-74.3174,-12.7378],[-74.2872,-12.7731]]]}},{"type":"Feature","properties":{"IDDIST":"080901","NOMBDIST":"SANTA ANA","NOMBPROV":"LA CONVENCION","NOMBDEP":"CUSCO"},"geometry":{"type":"Polygon","coordinates":[[[-72.6364,-12.8584],[-72.6862,-12.8776],[-72.7214,-12.9779],[-72.7468,-12.9865],[-72.842,-12.9774],[-72.8571,-12.964],[-72.8642,-12.9248],[-72.8187,-12.8284],[-72.7636,-12.8047],[-72.7374,-12.8114],[-72.6655,-12.7333],[-72.6227,-12.809],[-72.6364,-12.8584]]]}},{"type":"Feature","properties":{"IDDIST":"150512","NOMBDIST":"QUILMANA","NOMBPROV":"CAÑETE","NOMBDEP":"LIMA"},"geometry":{"type":"Polygon","coordinates":[[[-76.2425,-12.7879],[-76.257,-12.8544],[-76.3212,-12.9994],[-76.3506,-12.9848],[-76.4289,-13.0069],[-76.4415,-12.9538],[-76.4289,-12.8808],[-76.4279,-12.8408],[-76.4021,-12.7694],[-76.2959,-12.7253],[-76.2462,-12.7567],[-76.2425,-12.7879]]]}},{"type":"Feature","properties":{"IDDIST":"151019","NOMBDIST":"LINCHA","NOMBPROV":"YAUYOS","NOMBDEP":"LIMA"},"geometry":{"type":"Polygon","coordinates":[[[-75.5707,-12.7252],[-75.5139,-12.7887],[-75.5311,-12.8222],[-75.6129,-12.8595],[-75.6642,-12.8459],[-75.7025,-12.877],[-75.7808,-12.8604],[-75.7863,-12.8227],[-75.7617,-12.8332],[-75.7011,-12.8173],[-75.6383,-12.784],[-75.5707,-12.7252]]]}},{"type":"Feature","properties":{"IDDIST":"090118","NOMBDIST":"ASCENSION","NOMBPROV":"HUANCAVELICA","NOMBDEP":"HUANCAVELICA"},"geometry":{"type":"Polygon","coordinates":[[[-74.9771,-12.7187],[-74.98,-12.787],[-75.023,-12.7743],[-75.1147,-12.8583],[-75.2134,-12.916],[-75.2498,-12.8792],[-75.277,-12.9142],[-75.3049,-12.9042],[-75.3348,-12.9362],[-75.3805,-12.8439],[-75.3713,-12.8257],[-75.2803,-12.7999],[-75.2305,-12.8132],[-75.1736,-12.822],[-75.1206,-12.7967],[-75.1328,-12.7461],[-75.1022,-12.7202],[-75.0128,-12.7213],[-74.9771,-12.7187]]]}},{"type":"Feature","properties":{"IDDIST":"090101","NOMBDIST":"HUANCAVELICA","NOMBPROV":"HUANCAVELICA","NOMBDEP":"HUANCAVELICA"},"geometry":{"type":"Polygon","coordinates":[[[-74.9568,-12.7056],[-74.9429,-12.7204],[-74.8977,-12.7502],[-74.9024,-12.8572],[-74.877,-12.919],[-74.887,-12.929],[-74.9319,-12.9402],[-74.9627,-12.9266],[-74.9945,-12.9692],[-75.0343,-12.9733],[-75.0572,-12.9143],[-75.1207,-12.9318],[-75.1581,-12.9795],[-75.2134,-12.916],[-75.1147,-12.8583],[-75.023,-12.7743],[-74.98,-12.787],[-74.9771,-12.7187],[-74.9568,-12.7056]]]}},{"type":"Feature","properties":{"IDDIST":"081106","NOMBDIST":"KOSÑIPATA","NOMBPROV":"PAUCARTAMBO","NOMBDEP":"CUSCO"},"geometry":{"type":"Polygon","coordinates":[[[-71.265,-12.9629],[-71.1951,-12.96],[-71.173,-12.9833],[-71.1682,-13.0941],[-71.1511,-13.1241],[-71.122,-13.2335],[-71.0642,-13.2567],[-71.1435,-13.3579],[-71.1617,-13.4034],[-71.149,-13.4851],[-71.1844,-13.5141],[-71.2196,-13.5172],[-71.2941,-13.4553],[-71.3361,-13.4594],[-71.3424,-13.3921],[-71.3109,-13.3869],[-71.3047,-13.2616],[-71.3392,-13.2395],[-71.3503,-13.1789],[-71.4252,-13.1014],[-71.5024,-13.1013],[-71.5483,-13.1593],[-71.543,-13.202],[-71.5776,-13.2305],[-71.6169,-13.2157],[-71.6463,-13.1523],[-71.701,-13.0996],[-71.7369,-13.0427],[-71.7806,-13.0012],[-71.7673,-12.9819],[-71.8239,-12.9302],[-71.8412,-12.9192],[-71.8914,-12.8332],[-71.9004,-12.7334],[-71.8106,-12.745],[-71.7647,-12.7675],[-71.7469,-12.7961],[-71.6983,-12.762],[-71.695,-12.7388],[-71.6003,-12.7001],[-71.5521,-12.7093],[-71.5473,-12.7345],[-71.5026,-12.7562],[-71.451,-12.825],[-71.4489,-12.8633],[-71.4152,-12.8943],[-71.3549,-12.884],[-71.265,-12.9629]]]}},{"type":"Feature","properties":{"IDDIST":"090117","NOMBDIST":"YAULI","NOMBPROV":"HUANCAVELICA","NOMBDEP":"HUANCAVELICA"},"geometry":{"type":"Polygon","coordinates":[[[-74.7733,-12.7077],[-74.786,-12.7841],[-74.7298,-12.8374],[-74.6992,-12.8436],[-74.7564,-12.8691],[-74.7829,-12.878],[-74.8271,-12.9431],[-74.877,-12.919],[-74.9024,-12.8572],[-74.8977,-12.7502],[-74.9429,-12.7204],[-74.8018,-12.721],[-74.7733,-12.7077]]]}},{"type":"Feature","properties":{"IDDIST":"090208","NOMBDIST":"ROSARIO","NOMBPROV":"ACOBAMBA","NOMBDEP":"HUANCAVELICA"},"geometry":{"type":"Polygon","coordinates":[[[-74.5406,-12.733],[-74.5391,-12.7463],[-74.5524,-12.7772],[-74.6166,-12.7879],[-74.6621,-12.7541],[-74.6534,-12.716],[-74.5893,-12.691],[-74.5406,-12.733]]]}},{"type":"Feature","properties":{"IDDIST":"151012","NOMBDIST":"HONGOS","NOMBPROV":"YAUYOS","NOMBDEP":"LIMA"},"geometry":{"type":"Polygon","coordinates":[[[-75.5771,-12.7157],[-75.5707,-12.7252],[-75.6383,-12.784],[-75.7011,-12.8173],[-75.7617,-12.8332],[-75.7863,-12.8227],[-75.7285,-12.7799],[-75.7036,-12.7409],[-75.6565,-12.7402],[-75.6261,-12.7033],[-75.5771,-12.7157]]]}},{"type":"Feature","properties":{"IDDIST":"150502","NOMBDIST":"ASIA","NOMBPROV":"CAÑETE","NOMBDEP":"LIMA"},"geometry":{"type":"Polygon","coordinates":[[[-76.4021,-12.7694],[-76.4279,-12.8408],[-76.4289,-12.8808],[-76.5064,-12.9236],[-76.5299,-12.8397],[-76.6357,-12.7433],[-76.6301,-12.7218],[-76.6046,-12.7371],[-76.5646,-12.6838],[-76.5172,-12.7015],[-76.5018,-12.7684],[-76.4021,-12.7694]]]}},{"type":"Feature","properties":{"IDDIST":"151008","NOMBDIST":"CATAHUASI","NOMBPROV":"YAUYOS","NOMBDEP":"LIMA"},"geometry":{"type":"Polygon","coordinates":[[[-75.8273,-12.6802],[-75.8881,-12.732],[-75.8548,-12.7829],[-75.7381,-12.7517],[-75.8415,-12.8055],[-75.9005,-12.8099],[-75.9407,-12.7724],[-75.9678,-12.705],[-75.8792,-12.694],[-75.8496,-12.6769],[-75.8273,-12.6802]]]}},{"type":"Feature","properties":{"IDDIST":"151006","NOMBDIST":"CACRA","NOMBPROV":"YAUYOS","NOMBDEP":"LIMA"},"geometry":{"type":"Polygon","coordinates":[[[-75.5611,-12.6776],[-75.5771,-12.7157],[-75.6261,-12.7033],[-75.6565,-12.7402],[-75.7036,-12.7409],[-75.7285,-12.7799],[-75.7863,-12.8227],[-75.7808,-12.8604],[-75.8292,-12.8634],[-75.8821,-12.8426],[-75.9456,-12.842],[-75.9005,-12.8099],[-75.8415,-12.8055],[-75.7381,-12.7517],[-75.6932,-12.6965],[-75.6444,-12.6767],[-75.5611,-12.6776]]]}},{"type":"Feature","properties":{"IDDIST":"080909","NOMBDIST":"VILCABAMBA","NOMBPROV":"LA CONVENCION","NOMBDEP":"CUSCO"},"geometry":{"type":"Polygon","coordinates":[[[-72.8571,-12.964],[-72.842,-12.9774],[-72.7468,-12.9865],[-72.7214,-12.9779],[-72.6464,-13.0072],[-72.7023,-13.0412],[-72.7251,-13.0241],[-72.7933,-13.0439],[-72.8239,-13.0384],[-72.8315,-13.1121],[-72.7741,-13.1772],[-72.8173,-13.2423],[-72.8461,-13.2132],[-72.9106,-13.2287],[-72.9646,-13.2796],[-72.9304,-13.3592],[-72.8981,-13.3879],[-72.9715,-13.3902],[-73.0151,-13.4267],[-73.1034,-13.4486],[-73.1602,-13.4433],[-73.2119,-13.4191],[-73.2874,-13.3719],[-73.3484,-13.2982],[-73.4219,-13.1324],[-73.4537,-13.0977],[-73.478,-13.0323],[-73.5218,-12.9983],[-73.4938,-12.9761],[-73.4319,-12.9926],[-73.3713,-12.957],[-73.3554,-12.989],[-73.3194,-12.9963],[-73.2948,-12.9077],[-73.2527,-12.9016],[-73.2202,-12.8165],[-73.189,-12.7965],[-73.1791,-12.7402],[-73.0819,-12.6589],[-73.0638,-12.6692],[-73.0701,-12.7291],[-73.0591,-12.824],[-72.9938,-12.8641],[-72.9666,-12.8962],[-72.989,-13.0145],[-72.8963,-12.9902],[-72.8571,-12.964]]]}},{"type":"Feature","properties":{"IDDIST":"090506","NOMBDIST":"LOCROJA","NOMBPROV":"CHURCAMPA","NOMBDEP":"HUANCAVELICA"},"geometry":{"type":"Polygon","coordinates":[[[-74.4269,-12.7573],[-74.4328,-12.8023],[-74.4574,-12.8023],[-74.4972,-12.7882],[-74.499,-12.7708],[-74.4603,-12.7199],[-74.4709,-12.6507],[-74.4423,-12.665],[-74.4216,-12.7203],[-74.4269,-12.7573]]]}},{"type":"Feature","properties":{"IDDIST":"050401","NOMBDIST":"HUANTA","NOMBPROV":"HUANTA","NOMBDEP":"AYACUCHO"},"geometry":{"type":"Polygon","coordinates":[[[-73.9739,-12.7413],[-73.9965,-12.7742],[-73.9956,-12.8378],[-74.0971,-12.8666],[-74.1367,-12.8603],[-74.1308,-12.9146],[-74.1445,-12.9288],[-74.2041,-12.9677],[-74.2927,-12.9824],[-74.296,-12.9361],[-74.2311,-12.8973],[-74.2115,-12.8206],[-74.1495,-12.8457],[-74.1387,-12.7932],[-74.1854,-12.7079],[-74.1482,-12.6825],[-74.1123,-12.6515],[-74.0567,-12.6806],[-74.0191,-12.7383],[-73.9739,-12.7413]]]}},{"type":"Feature","properties":{"IDDIST":"080905","NOMBDIST":"OCOBAMBA","NOMBPROV":"LA CONVENCION","NOMBDEP":"CUSCO"},"geometry":{"type":"Polygon","coordinates":[[[-72.17,-13.0232],[-72.1906,-13.0962],[-72.2317,-13.1263],[-72.3056,-13.1172],[-72.3293,-13.1035],[-72.3728,-13.0118],[-72.4475,-12.9762],[-72.4737,-12.9452],[-72.5586,-12.9316],[-72.5654,-12.9189],[-72.5341,-12.902],[-72.4957,-12.8306],[-72.4579,-12.7941],[-72.4311,-12.7169],[-72.444,-12.6898],[-72.4186,-12.6588],[-72.3699,-12.6393],[-72.324,-12.6719],[-72.3629,-12.7186],[-72.3623,-12.8244],[-72.3119,-12.9236],[-72.2262,-12.9531],[-72.2159,-12.9913],[-72.17,-13.0232]]]}},{"type":"Feature","properties":{"IDDIST":"050507","NOMBDIST":"SANTA ROSA","NOMBPROV":"LA MAR","NOMBDEP":"AYACUCHO"},"geometry":{"type":"Polygon","coordinates":[[[-73.6471,-12.743],[-73.6619,-12.7907],[-73.7153,-12.854],[-73.7471,-12.8711],[-73.8863,-12.8764],[-73.9003,-12.8603],[-73.8888,-12.7918],[-73.8507,-12.7406],[-73.8392,-12.6919],[-73.7637,-12.6523],[-73.7254,-12.6407],[-73.6471,-12.743]]]}},{"type":"Feature","properties":{"IDDIST":"090504","NOMBDIST":"EL CARMEN","NOMBPROV":"CHURCAMPA","NOMBDEP":"HUANCAVELICA"},"geometry":{"type":"Polygon","coordinates":[[[-74.4708,-12.645],[-74.4709,-12.6507],[-74.4603,-12.7199],[-74.499,-12.7708],[-74.5391,-12.7463],[-74.5406,-12.733],[-74.5115,-12.6917],[-74.5032,-12.632],[-74.4708,-12.645]]]}},{"type":"Feature","properties":{"IDDIST":"151023","NOMBDIST":"PUTINZA","NOMBPROV":"YAUYOS","NOMBDEP":"LIMA"},"geometry":{"type":"Polygon","coordinates":[[[-75.8496,-12.6769],[-75.8792,-12.694],[-75.9678,-12.705],[-75.9573,-12.6657],[-75.9781,-12.6319],[-75.9713,-12.6204],[-75.8496,-12.6769]]]}},{"type":"Feature","properties":{"IDDIST":"090501","NOMBDIST":"CHURCAMPA","NOMBPROV":"CHURCAMPA","NOMBDEP":"HUANCAVELICA"},"geometry":{"type":"Polygon","coordinates":[[[-74.3307,-12.686],[-74.3174,-12.7378],[-74.3617,-12.7648],[-74.3793,-12.7997],[-74.4269,-12.7573],[-74.4216,-12.7203],[-74.4423,-12.665],[-74.4709,-12.6507],[-74.4708,-12.645],[-74.4555,-12.6183],[-74.4213,-12.6255],[-74.4044,-12.6702],[-74.3307,-12.686]]]}},{"type":"Feature","properties":{"IDDIST":"090206","NOMBDIST":"PAUCARA","NOMBPROV":"ACOBAMBA","NOMBDEP":"HUANCAVELICA"},"geometry":{"type":"Polygon","coordinates":[[[-74.7116,-12.6343],[-74.6664,-12.6804],[-74.6534,-12.716],[-74.6621,-12.7541],[-74.7081,-12.7884],[-74.7298,-12.8374],[-74.786,-12.7841],[-74.7733,-12.7077],[-74.7787,-12.6327],[-74.7452,-12.6158],[-74.7116,-12.6343]]]}},{"type":"Feature","properties":{"IDDIST":"090114","NOMBDIST":"PALCA","NOMBPROV":"HUANCAVELICA","NOMBDEP":"HUANCAVELICA"},"geometry":{"type":"Polygon","coordinates":[[[-74.9434,-12.6238],[-74.9379,-12.6804],[-74.9568,-12.7056],[-74.9771,-12.7187],[-75.0128,-12.7213],[-75.0156,-12.6406],[-74.969,-12.6155],[-74.9434,-12.6238]]]}},{"type":"Feature","properties":{"IDDIST":"170102","NOMBDIST":"INAMBARI","NOMBPROV":"TAMBOPATA","NOMBDEP":"MADRE DE DIOS"},"geometry":{"type":"Polygon","coordinates":[[[-69.4886,-12.7612],[-69.4475,-12.8461],[-69.4981,-12.8688],[-69.5189,-12.9021],[-69.4983,-13.0035],[-69.5794,-13.0856],[-69.5947,-13.1373],[-69.6314,-13.1994],[-69.6353,-13.2959],[-69.6475,-13.3413],[-69.6499,-13.3417],[-69.9742,-13.2451],[-70.1089,-13.2011],[-70.4029,-13.1144],[-70.3593,-13.0084],[-70.3553,-12.9178],[-70.333,-12.8704],[-70.294,-12.8458],[-70.2569,-12.7828],[-70.2525,-12.7496],[-70.1959,-12.7209],[-70.1615,-12.6787],[-70.075,-12.6394],[-70.0384,-12.6087],[-70.0094,-12.6515],[-69.8919,-12.6409],[-69.8517,-12.6699],[-69.7478,-12.7078],[-69.7917,-12.7883],[-69.8311,-12.8404],[-69.7484,-12.844],[-69.6748,-12.8941],[-69.6144,-12.8644],[-69.5941,-12.8804],[-69.5602,-12.7768],[-69.4886,-12.7612]]]}},{"type":"Feature","properties":{"IDDIST":"090202","NOMBDIST":"ANDABAMBA","NOMBPROV":"ACOBAMBA","NOMBDEP":"HUANCAVELICA"},"geometry":{"type":"Polygon","coordinates":[[[-74.5893,-12.691],[-74.6534,-12.716],[-74.6664,-12.6804],[-74.7116,-12.6343],[-74.6865,-12.5899],[-74.5893,-12.691]]]}},{"type":"Feature","properties":{"IDDIST":"090102","NOMBDIST":"ACOBAMBILLA","NOMBPROV":"HUANCAVELICA","NOMBDEP":"HUANCAVELICA"},"geometry":{"type":"Polygon","coordinates":[[[-75.2091,-12.5806],[-75.2141,-12.6354],[-75.2018,-12.689],[-75.2399,-12.7738],[-75.2305,-12.8132],[-75.2803,-12.7999],[-75.3713,-12.8257],[-75.442,-12.7752],[-75.5139,-12.7887],[-75.5707,-12.7252],[-75.5771,-12.7157],[-75.5611,-12.6776],[-75.5796,-12.6415],[-75.5387,-12.6217],[-75.4526,-12.6577],[-75.4154,-12.6284],[-75.3848,-12.6372],[-75.3422,-12.5893],[-75.2892,-12.6135],[-75.2091,-12.5806]]]}},{"type":"Feature","properties":{"IDDIST":"150509","NOMBDIST":"MALA","NOMBPROV":"CAÑETE","NOMBDEP":"LIMA"},"geometry":{"type":"Polygon","coordinates":[[[-76.5451,-12.6145],[-76.5646,-12.6838],[-76.6046,-12.7371],[-76.6301,-12.7218],[-76.6593,-12.6764],[-76.6386,-12.6357],[-76.61,-12.5728],[-76.5451,-12.6145]]]}},{"type":"Feature","properties":{"IDDIST":"151031","NOMBDIST":"TUPE","NOMBPROV":"YAUYOS","NOMBDEP":"LIMA"},"geometry":{"type":"Polygon","coordinates":[[[-75.5721,-12.5836],[-75.5796,-12.6415],[-75.5611,-12.6776],[-75.6444,-12.6767],[-75.6932,-12.6965],[-75.7381,-12.7517],[-75.8548,-12.7829],[-75.8881,-12.732],[-75.8273,-12.6802],[-75.7641,-12.6339],[-75.6945,-12.6455],[-75.6533,-12.6367],[-75.6155,-12.5792],[-75.5721,-12.5836]]]}},{"type":"Feature","properties":{"IDDIST":"150513","NOMBDIST":"SAN ANTONIO","NOMBPROV":"CAÑETE","NOMBDEP":"LIMA"},"geometry":{"type":"Polygon","coordinates":[[[-76.7038,-12.5559],[-76.6626,-12.5885],[-76.6386,-12.6357],[-76.6593,-12.6764],[-76.6724,-12.6278],[-76.7261,-12.5615],[-76.7038,-12.5559]]]}},{"type":"Feature","properties":{"IDDIST":"090113","NOMBDIST":"NUEVO OCCORO","NOMBPROV":"HUANCAVELICA","NOMBDEP":"HUANCAVELICA"},"geometry":{"type":"Polygon","coordinates":[[[-75.0125,-12.5463],[-75.0254,-12.6174],[-75.0825,-12.6466],[-75.1144,-12.7017],[-75.1022,-12.7202],[-75.1328,-12.7461],[-75.1206,-12.7967],[-75.1736,-12.822],[-75.2305,-12.8132],[-75.2399,-12.7738],[-75.2018,-12.689],[-75.1306,-12.6861],[-75.1382,-12.6494],[-75.1023,-12.5998],[-75.0125,-12.5463]]]}},{"type":"Feature","properties":{"IDDIST":"050406","NOMBDIST":"SANTILLANA","NOMBPROV":"HUANTA","NOMBDEP":"AYACUCHO"},"geometry":{"type":"Polygon","coordinates":[[[-74.143,-12.5791],[-74.1685,-12.6434],[-74.1482,-12.6825],[-74.1854,-12.7079],[-74.1387,-12.7932],[-74.1495,-12.8457],[-74.2115,-12.8206],[-74.2872,-12.7731],[-74.3174,-12.7378],[-74.3307,-12.686],[-74.3416,-12.6302],[-74.303,-12.6419],[-74.2363,-12.6387],[-74.2289,-12.5898],[-74.1925,-12.5367],[-74.143,-12.5791]]]}},{"type":"Feature","properties":{"IDDIST":"090111","NOMBDIST":"MARISCAL CACERES","NOMBPROV":"HUANCAVELICA","NOMBDEP":"HUANCAVELICA"},"geometry":{"type":"Polygon","coordinates":[[[-74.9293,-12.5341],[-74.9288,-12.5648],[-74.9391,-12.5327],[-74.9293,-12.5341]]]}},{"type":"Feature","properties":{"IDDIST":"050503","NOMBDIST":"AYNA","NOMBPROV":"LA MAR","NOMBDEP":"AYACUCHO"},"geometry":{"type":"Polygon","coordinates":[[[-73.8051,-12.5753],[-73.8012,-12.613],[-73.7637,-12.6523],[-73.8392,-12.6919],[-73.8507,-12.7406],[-73.8888,-12.7918],[-73.9003,-12.8603],[-73.9591,-12.8559],[-73.9956,-12.8378],[-73.9965,-12.7742],[-73.9739,-12.7413],[-73.8881,-12.711],[-73.8538,-12.6455],[-73.8308,-12.5305],[-73.8051,-12.5753]]]}},{"type":"Feature","properties":{"IDDIST":"150506","NOMBDIST":"COAYLLO","NOMBPROV":"CAÑETE","NOMBDEP":"LIMA"},"geometry":{"type":"Polygon","coordinates":[[[-76.2525,-12.5955],[-76.2959,-12.7253],[-76.4021,-12.7694],[-76.5018,-12.7684],[-76.5172,-12.7015],[-76.5646,-12.6838],[-76.5451,-12.6145],[-76.4792,-12.5696],[-76.4631,-12.5866],[-76.393,-12.5803],[-76.3675,-12.5326],[-76.3183,-12.5348],[-76.2871,-12.5875],[-76.2525,-12.5955]]]}},{"type":"Feature","properties":{"IDDIST":"090509","NOMBDIST":"SAN PEDRO DE CORIS","NOMBPROV":"CHURCAMPA","NOMBDEP":"HUANCAVELICA"},"geometry":{"type":"Polygon","coordinates":[[[-74.3416,-12.6302],[-74.3307,-12.686],[-74.4044,-12.6702],[-74.4213,-12.6255],[-74.4555,-12.6183],[-74.4576,-12.5801],[-74.4221,-12.5704],[-74.3999,-12.5236],[-74.3835,-12.5708],[-74.3416,-12.6302]]]}},{"type":"Feature","properties":{"IDDIST":"151029","NOMBDIST":"TAURIPAMPA","NOMBPROV":"YAUYOS","NOMBDEP":"LIMA"},"geometry":{"type":"Polygon","coordinates":[[[-76.1254,-12.7866],[-76.1773,-12.8544],[-76.1994,-12.8135],[-76.2425,-12.7879],[-76.2462,-12.7567],[-76.2959,-12.7253],[-76.2525,-12.5955],[-76.1983,-12.5476],[-76.1389,-12.5233],[-76.1096,-12.5659],[-76.0952,-12.6674],[-76.0731,-12.7045],[-76.0894,-12.7534],[-76.1254,-12.7866]]]}},{"type":"Feature","properties":{"IDDIST":"090110","NOMBDIST":"MANTA","NOMBPROV":"HUANCAVELICA","NOMBDEP":"HUANCAVELICA"},"geometry":{"type":"Polygon","coordinates":[[[-75.1208,-12.5347],[-75.1023,-12.5998],[-75.1382,-12.6494],[-75.1306,-12.6861],[-75.2018,-12.689],[-75.2141,-12.6354],[-75.2091,-12.5806],[-75.1907,-12.5498],[-75.1417,-12.5201],[-75.1208,-12.5347]]]}},{"type":"Feature","properties":{"IDDIST":"090109","NOMBDIST":"LARIA","NOMBPROV":"HUANCAVELICA","NOMBDEP":"HUANCAVELICA"},"geometry":{"type":"Polygon","coordinates":[[[-75.0075,-12.543],[-75.0125,-12.5463],[-75.1023,-12.5998],[-75.1208,-12.5347],[-75.0943,-12.5085],[-75.0405,-12.5531],[-75.0075,-12.543]]]}},{"type":"Feature","properties":{"IDDIST":"090507","NOMBDIST":"PAUCARBAMBA","NOMBPROV":"CHURCAMPA","NOMBDEP":"HUANCAVELICA"},"geometry":{"type":"Polygon","coordinates":[[[-74.5323,-12.5086],[-74.5012,-12.5521],[-74.4576,-12.5801],[-74.4555,-12.6183],[-74.4708,-12.645],[-74.5032,-12.632],[-74.5617,-12.589],[-74.5997,-12.5412],[-74.5323,-12.5086]]]}},{"type":"Feature","properties":{"IDDIST":"080408","NOMBDIST":"YANATILE","NOMBPROV":"CALCA","NOMBDEP":"CUSCO"},"geometry":{"type":"Polygon","coordinates":[[[-71.9004,-12.7334],[-71.8914,-12.8332],[-71.8412,-12.9192],[-71.8239,-12.9302],[-71.8494,-12.9841],[-71.9064,-13.0208],[-71.9552,-12.9932],[-71.9715,-12.9624],[-72.0274,-12.9236],[-72.0659,-12.9468],[-72.1212,-13.0159],[-72.17,-13.0232],[-72.2159,-12.9913],[-72.2262,-12.9531],[-72.3119,-12.9236],[-72.3623,-12.8244],[-72.3629,-12.7186],[-72.324,-12.6719],[-72.3699,-12.6393],[-72.2266,-12.6648],[-72.1858,-12.6571],[-72.1354,-12.617],[-72.1245,-12.5485],[-72.0711,-12.5115],[-72.0315,-12.5248],[-71.9814,-12.5805],[-71.9564,-12.6549],[-71.9786,-12.6833],[-71.9165,-12.7033],[-71.9004,-12.7334]]]}},{"type":"Feature","properties":{"IDDIST":"090119","NOMBDIST":"HUANDO","NOMBPROV":"HUANCAVELICA","NOMBDEP":"HUANCAVELICA"},"geometry":{"type":"Polygon","coordinates":[[[-74.9833,-12.5054],[-74.9483,-12.5155],[-74.9391,-12.5327],[-74.9288,-12.5648],[-74.9434,-12.6238],[-74.969,-12.6155],[-75.0156,-12.6406],[-75.0128,-12.7213],[-75.1022,-12.7202],[-75.1144,-12.7017],[-75.0825,-12.6466],[-75.0254,-12.6174],[-75.0125,-12.5463],[-75.0075,-12.543],[-74.9903,-12.5172],[-74.9833,-12.5054]]]}},{"type":"Feature","properties":{"IDDIST":"090502","NOMBDIST":"ANCO","NOMBPROV":"CHURCAMPA","NOMBDEP":"HUANCAVELICA"},"geometry":{"type":"Polygon","coordinates":[[[-74.6386,-12.4926],[-74.5997,-12.5412],[-74.5617,-12.589],[-74.5032,-12.632],[-74.5115,-12.6917],[-74.5406,-12.733],[-74.5893,-12.691],[-74.6865,-12.5899],[-74.6921,-12.5219],[-74.6386,-12.4926]]]}},{"type":"Feature","properties":{"IDDIST":"090104","NOMBDIST":"CONAYCA","NOMBPROV":"HUANCAVELICA","NOMBDEP":"HUANCAVELICA"},"geometry":{"type":"Polygon","coordinates":[[[-75.0397,-12.4979],[-74.9903,-12.5172],[-75.0075,-12.543],[-75.0405,-12.5531],[-75.0943,-12.5085],[-75.0965,-12.5013],[-75.0397,-12.4979]]]}},{"type":"Feature","properties":{"IDDIST":"150515","NOMBDIST":"SANTA CRUZ DE FLORES","NOMBPROV":"CAÑETE","NOMBDEP":"LIMA"},"geometry":{"type":"Polygon","coordinates":[[[-76.5989,-12.4965],[-76.626,-12.5464],[-76.61,-12.5728],[-76.6386,-12.6357],[-76.6626,-12.5885],[-76.7038,-12.5559],[-76.6698,-12.5023],[-76.6282,-12.4848],[-76.5989,-12.4965]]]}},{"type":"Feature","properties":{"IDDIST":"090108","NOMBDIST":"IZCUCHACA","NOMBPROV":"HUANCAVELICA","NOMBDEP":"HUANCAVELICA"},"geometry":{"type":"Polygon","coordinates":[[[-75.0095,-12.4769],[-74.9833,-12.5054],[-74.9903,-12.5172],[-75.0397,-12.4979],[-75.0095,-12.4769]]]}},{"type":"Feature","properties":{"IDDIST":"151011","NOMBDIST":"COLONIA","NOMBPROV":"YAUYOS","NOMBDEP":"LIMA"},"geometry":{"type":"Polygon","coordinates":[[[-75.8328,-12.4789],[-75.7902,-12.5198],[-75.764,-12.6057],[-75.7281,-12.6018],[-75.6945,-12.6455],[-75.7641,-12.6339],[-75.8273,-12.6802],[-75.8496,-12.6769],[-75.9713,-12.6204],[-75.9142,-12.5457],[-75.9162,-12.5094],[-75.8328,-12.4789]]]}},{"type":"Feature","properties":{"IDDIST":"090103","NOMBDIST":"ACORIA","NOMBPROV":"HUANCAVELICA","NOMBDEP":"HUANCAVELICA"},"geometry":{"type":"Polygon","coordinates":[[[-74.6921,-12.5219],[-74.6865,-12.5899],[-74.7116,-12.6343],[-74.7452,-12.6158],[-74.7787,-12.6327],[-74.7733,-12.7077],[-74.8018,-12.721],[-74.9429,-12.7204],[-74.9568,-12.7056],[-74.9379,-12.6804],[-74.9434,-12.6238],[-74.9288,-12.5648],[-74.9293,-12.5341],[-74.8658,-12.5237],[-74.8029,-12.4697],[-74.7219,-12.4875],[-74.6921,-12.5219]]]}},{"type":"Feature","properties":{"IDDIST":"090510","NOMBDIST":"PACHAMARCA","NOMBPROV":"CHURCAMPA","NOMBDEP":"HUANCAVELICA"},"geometry":{"type":"Polygon","coordinates":[[[-74.3999,-12.5236],[-74.4221,-12.5704],[-74.4576,-12.5801],[-74.5012,-12.5521],[-74.5323,-12.5086],[-74.5072,-12.4481],[-74.4224,-12.4452],[-74.3999,-12.5236]]]}},{"type":"Feature","properties":{"IDDIST":"151027","NOMBDIST":"SAN PEDRO DE PILAS","NOMBPROV":"YAUYOS","NOMBDEP":"LIMA"},"geometry":{"type":"Polygon","coordinates":[[[-76.1273,-12.4695],[-76.1389,-12.5233],[-76.1983,-12.5476],[-76.2427,-12.4966],[-76.206,-12.4444],[-76.1273,-12.4695]]]}},{"type":"Feature","properties":{"IDDIST":"050407","NOMBDIST":"SIVIA","NOMBPROV":"HUANTA","NOMBDEP":"AYACUCHO"},"geometry":{"type":"Polygon","coordinates":[[[-73.8775,-12.4373],[-73.8308,-12.5305],[-73.8538,-12.6455],[-73.8881,-12.711],[-73.9739,-12.7413],[-74.0191,-12.7383],[-74.0567,-12.6806],[-74.1123,-12.6515],[-74.1482,-12.6825],[-74.1685,-12.6434],[-74.143,-12.5791],[-74.0632,-12.4628],[-74.0281,-12.4444],[-73.9764,-12.4874],[-73.8775,-12.4373]]]}},{"type":"Feature","properties":{"IDDIST":"151003","NOMBDIST":"AYAUCA","NOMBPROV":"YAUYOS","NOMBDEP":"LIMA"},"geometry":{"type":"Polygon","coordinates":[[[-76.0164,-12.4225],[-76.0448,-12.5225],[-76.0099,-12.5555],[-75.9781,-12.6319],[-75.9573,-12.6657],[-75.9678,-12.705],[-75.9407,-12.7724],[-75.9005,-12.8099],[-75.9456,-12.842],[-75.9594,-12.849],[-75.9425,-12.8021],[-75.9839,-12.7823],[-76.0452,-12.782],[-76.0972,-12.8013],[-76.1254,-12.7866],[-76.0894,-12.7534],[-76.0731,-12.7045],[-76.0952,-12.6674],[-76.1096,-12.5659],[-76.1389,-12.5233],[-76.1273,-12.4695],[-76.106,-12.4525],[-76.0949,-12.467],[-76.0164,-12.4225]]]}},{"type":"Feature","properties":{"IDDIST":"150124","NOMBDIST":"PUCUSANA","NOMBPROV":"LIMA","NOMBDEP":"LIMA"},"geometry":{"type":"Polygon","coordinates":[[[-76.7533,-12.4289],[-76.7517,-12.4627],[-76.7842,-12.5199],[-76.8025,-12.5043],[-76.7801,-12.4171],[-76.7533,-12.4289]]]}},{"type":"Feature","properties":{"IDDIST":"150138","NOMBDIST":"SANTA MARIA DEL MAR","NOMBPROV":"LIMA","NOMBDEP":"LIMA"},"geometry":{"type":"Polygon","coordinates":[[[-76.7569,-12.4015],[-76.7533,-12.4289],[-76.7801,-12.4171],[-76.7799,-12.3994],[-76.7569,-12.4015]]]}},{"type":"Feature","properties":{"IDDIST":"090116","NOMBDIST":"VILCA","NOMBPROV":"HUANCAVELICA","NOMBDEP":"HUANCAVELICA"},"geometry":{"type":"Polygon","coordinates":[[[-75.157,-12.4229],[-75.1777,-12.4624],[-75.1417,-12.5201],[-75.1907,-12.5498],[-75.2091,-12.5806],[-75.2892,-12.6135],[-75.3422,-12.5893],[-75.3848,-12.6372],[-75.4154,-12.6284],[-75.3991,-12.5825],[-75.3624,-12.5396],[-75.3193,-12.5145],[-75.3247,-12.4855],[-75.2784,-12.4678],[-75.2155,-12.4634],[-75.2155,-12.4093],[-75.157,-12.4229]]]}},{"type":"Feature","properties":{"IDDIST":"090105","NOMBDIST":"CUENCA","NOMBPROV":"HUANCAVELICA","NOMBDEP":"HUANCAVELICA"},"geometry":{"type":"Polygon","coordinates":[[[-75.0095,-12.4769],[-75.0397,-12.4979],[-75.0965,-12.5013],[-75.0835,-12.4446],[-75.061,-12.4015],[-75.0243,-12.4347],[-75.0095,-12.4769]]]}},{"type":"Feature","properties":{"IDDIST":"090112","NOMBDIST":"MOYA","NOMBPROV":"HUANCAVELICA","NOMBDEP":"HUANCAVELICA"},"geometry":{"type":"Polygon","coordinates":[[[-75.0835,-12.4446],[-75.0965,-12.5013],[-75.0943,-12.5085],[-75.1208,-12.5347],[-75.1417,-12.5201],[-75.1777,-12.4624],[-75.157,-12.4229],[-75.1469,-12.3955],[-75.131,-12.3785],[-75.0835,-12.4446]]]}},{"type":"Feature","properties":{"IDDIST":"090115","NOMBDIST":"PILCHACA","NOMBPROV":"HUANCAVELICA","NOMBDEP":"HUANCAVELICA"},"geometry":{"type":"Polygon","coordinates":[[[-75.061,-12.4015],[-75.0835,-12.4446],[-75.131,-12.3785],[-75.104,-12.3791],[-75.061,-12.4015]]]}},{"type":"Feature","properties":{"IDDIST":"151022","NOMBDIST":"OMAS","NOMBPROV":"YAUYOS","NOMBDEP":"LIMA"},"geometry":{"type":"Polygon","coordinates":[[[-76.1481,-12.4162],[-76.106,-12.4525],[-76.1273,-12.4695],[-76.206,-12.4444],[-76.2427,-12.4966],[-76.1983,-12.5476],[-76.2525,-12.5955],[-76.2871,-12.5875],[-76.3183,-12.5348],[-76.3675,-12.5326],[-76.3155,-12.4228],[-76.2792,-12.396],[-76.2013,-12.3768],[-76.1481,-12.4162]]]}},{"type":"Feature","properties":{"IDDIST":"151016","NOMBDIST":"HUANTAN","NOMBPROV":"YAUYOS","NOMBDEP":"LIMA"},"geometry":{"type":"Polygon","coordinates":[[[-75.5501,-12.4739],[-75.5362,-12.5173],[-75.5721,-12.5836],[-75.6155,-12.5792],[-75.6533,-12.6367],[-75.6945,-12.6455],[-75.7281,-12.6018],[-75.764,-12.6057],[-75.7902,-12.5198],[-75.8328,-12.4789],[-75.856,-12.4485],[-75.8493,-12.3935],[-75.8022,-12.3741],[-75.7419,-12.4395],[-75.6645,-12.4208],[-75.6344,-12.4288],[-75.6107,-12.5205],[-75.5501,-12.4739]]]}},{"type":"Feature","properties":{"IDDIST":"080907","NOMBDIST":"KIMBIRI","NOMBPROV":"LA CONVENCION","NOMBDEP":"CUSCO"},"geometry":{"type":"Polygon","coordinates":[[[-73.6038,-12.387],[-73.561,-12.4405],[-73.6251,-12.5372],[-73.5862,-12.5435],[-73.5981,-12.5961],[-73.5588,-12.6745],[-73.5192,-12.6993],[-73.5172,-12.7353],[-73.4817,-12.7682],[-73.5068,-12.8065],[-73.4946,-12.8357],[-73.4367,-12.8472],[-73.4147,-12.9521],[-73.3713,-12.957],[-73.4319,-12.9926],[-73.4938,-12.9761],[-73.5218,-12.9983],[-73.508,-12.9719],[-73.5237,-12.8995],[-73.5791,-12.8607],[-73.5887,-12.8331],[-73.6471,-12.743],[-73.7254,-12.6407],[-73.7637,-12.6523],[-73.8012,-12.613],[-73.8051,-12.5753],[-73.7543,-12.5498],[-73.7258,-12.4704],[-73.6445,-12.372],[-73.6038,-12.387]]]}},{"type":"Feature","properties":{"IDDIST":"090107","NOMBDIST":"HUAYLLAHUARA","NOMBPROV":"HUANCAVELICA","NOMBDEP":"HUANCAVELICA"},"geometry":{"type":"Polygon","coordinates":[[[-75.1469,-12.3955],[-75.157,-12.4229],[-75.2155,-12.4093],[-75.211,-12.3853],[-75.1824,-12.3603],[-75.1469,-12.3955]]]}},{"type":"Feature","properties":{"IDDIST":"090503","NOMBDIST":"CHINCHIHUASI","NOMBPROV":"CHURCAMPA","NOMBDEP":"HUANCAVELICA"},"geometry":{"type":"Polygon","coordinates":[[[-74.576,-12.3732],[-74.5484,-12.3751],[-74.5072,-12.4481],[-74.5323,-12.5086],[-74.5997,-12.5412],[-74.6386,-12.4926],[-74.5973,-12.4661],[-74.5973,-12.41],[-74.576,-12.3732]]]}},{"type":"Feature","properties":{"IDDIST":"150129","NOMBDIST":"SAN BARTOLO","NOMBPROV":"LIMA","NOMBDEP":"LIMA"},"geometry":{"type":"Polygon","coordinates":[[[-76.668,-12.3602],[-76.6834,-12.3821],[-76.7569,-12.4015],[-76.7799,-12.3994],[-76.7892,-12.3839],[-76.7254,-12.3413],[-76.6784,-12.3335],[-76.668,-12.3602]]]}},{"type":"Feature","properties":{"IDDIST":"151001","NOMBDIST":"YAUYOS","NOMBPROV":"YAUYOS","NOMBDEP":"LIMA"},"geometry":{"type":"Polygon","coordinates":[[[-75.856,-12.4485],[-75.8328,-12.4789],[-75.9162,-12.5094],[-75.9142,-12.5457],[-75.9713,-12.6204],[-75.9781,-12.6319],[-76.0099,-12.5555],[-76.0448,-12.5225],[-76.0164,-12.4225],[-75.9498,-12.3328],[-75.856,-12.4485]]]}},{"type":"Feature","properties":{"IDDIST":"090702","NOMBDIST":"ACOSTAMBO","NOMBPROV":"TAYACAJA","NOMBDEP":"HUANCAVELICA"},"geometry":{"type":"Polygon","coordinates":[[[-74.9917,-12.3357],[-74.9864,-12.3922],[-74.9357,-12.4629],[-74.9483,-12.5155],[-74.9833,-12.5054],[-75.0095,-12.4769],[-75.0243,-12.4347],[-75.061,-12.4015],[-75.104,-12.3791],[-75.0845,-12.3433],[-75.0303,-12.3305],[-74.9917,-12.3357]]]}},{"type":"Feature","properties":{"IDDIST":"090703","NOMBDIST":"ACRAQUIA","NOMBPROV":"TAYACAJA","NOMBDEP":"HUANCAVELICA"},"geometry":{"type":"Polygon","coordinates":[[[-74.9403,-12.339],[-74.8945,-12.3767],[-74.8928,-12.4541],[-74.9357,-12.4629],[-74.9864,-12.3922],[-74.9917,-12.3357],[-74.9873,-12.3321],[-74.9403,-12.339]]]}},{"type":"Feature","properties":{"IDDIST":"120104","NOMBDIST":"CARHUACALLANGA","NOMBPROV":"HUANCAYO","NOMBDEP":"JUNIN"},"geometry":{"type":"Polygon","coordinates":[[[-75.1824,-12.3603],[-75.211,-12.3853],[-75.2176,-12.3341],[-75.1824,-12.3603]]]}},{"type":"Feature","properties":{"IDDIST":"080906","NOMBDIST":"QUELLOUNO","NOMBPROV":"LA CONVENCION","NOMBDEP":"CUSCO"},"geometry":{"type":"Polygon","coordinates":[[[-72.079,-12.4986],[-72.0711,-12.5115],[-72.1245,-12.5485],[-72.1354,-12.617],[-72.1858,-12.6571],[-72.2266,-12.6648],[-72.3699,-12.6393],[-72.4186,-12.6588],[-72.444,-12.6898],[-72.4737,-12.6803],[-72.5238,-12.6286],[-72.5797,-12.6556],[-72.6352,-12.6539],[-72.6573,-12.6247],[-72.6966,-12.6207],[-72.681,-12.5757],[-72.711,-12.464],[-72.7602,-12.4287],[-72.7699,-12.385],[-72.7596,-12.336],[-72.6928,-12.3275],[-72.5339,-12.3605],[-72.5095,-12.3499],[-72.4308,-12.3741],[-72.2067,-12.4196],[-72.079,-12.4986]]]}},{"type":"Feature","properties":{"IDDIST":"150503","NOMBDIST":"CALANGO","NOMBPROV":"CAÑETE","NOMBDEP":"LIMA"},"geometry":{"type":"Polygon","coordinates":[[[-76.346,-12.3377],[-76.3454,-12.388],[-76.3155,-12.4228],[-76.3675,-12.5326],[-76.393,-12.5803],[-76.4631,-12.5866],[-76.4792,-12.5696],[-76.5451,-12.6145],[-76.61,-12.5728],[-76.626,-12.5464],[-76.5989,-12.4965],[-76.5277,-12.4557],[-76.4641,-12.4397],[-76.4528,-12.4043],[-76.3858,-12.3175],[-76.346,-12.3377]]]}},{"type":"Feature","properties":{"IDDIST":"120120","NOMBDIST":"HUASICANCHA","NOMBPROV":"HUANCAYO","NOMBDEP":"JUNIN"},"geometry":{"type":"Polygon","coordinates":[[[-75.2685,-12.3191],[-75.2594,-12.4022],[-75.3067,-12.4173],[-75.3234,-12.3897],[-75.293,-12.3252],[-75.2685,-12.3191]]]}},{"type":"Feature","properties":{"IDDIST":"120105","NOMBDIST":"CHACAPAMPA","NOMBPROV":"HUANCAYO","NOMBDEP":"JUNIN"},"geometry":{"type":"Polygon","coordinates":[[[-75.2176,-12.3341],[-75.211,-12.3853],[-75.2155,-12.4093],[-75.2155,-12.4634],[-75.2784,-12.4678],[-75.3247,-12.4855],[-75.3067,-12.4173],[-75.2594,-12.4022],[-75.2685,-12.3191],[-75.2472,-12.3095],[-75.2176,-12.3341]]]}},{"type":"Feature","properties":{"IDDIST":"151013","NOMBDIST":"HUAMPARA","NOMBPROV":"YAUYOS","NOMBDEP":"LIMA"},"geometry":{"type":"Polygon","coordinates":[[[-76.2028,-12.309],[-76.1507,-12.3655],[-76.1481,-12.4162],[-76.2013,-12.3768],[-76.2469,-12.309],[-76.2028,-12.309]]]}},{"type":"Feature","properties":{"IDDIST":"120108","NOMBDIST":"CHONGOS ALTO","NOMBPROV":"HUANCAYO","NOMBDEP":"JUNIN"},"geometry":{"type":"Polygon","coordinates":[[[-75.2685,-12.3191],[-75.293,-12.3252],[-75.3234,-12.3897],[-75.3067,-12.4173],[-75.3247,-12.4855],[-75.3193,-12.5145],[-75.3624,-12.5396],[-75.3991,-12.5825],[-75.4154,-12.6284],[-75.4526,-12.6577],[-75.5387,-12.6217],[-75.5796,-12.6415],[-75.5721,-12.5836],[-75.5362,-12.5173],[-75.5501,-12.4739],[-75.5596,-12.4107],[-75.4716,-12.3923],[-75.3525,-12.3276],[-75.3283,-12.2989],[-75.2685,-12.3191]]]}},{"type":"Feature","properties":{"IDDIST":"090704","NOMBDIST":"AHUAYCHA","NOMBPROV":"TAYACAJA","NOMBDEP":"HUANCAVELICA"},"geometry":{"type":"Polygon","coordinates":[[[-74.9033,-12.2985],[-74.9104,-12.3545],[-74.8734,-12.3886],[-74.8819,-12.4758],[-74.8658,-12.5237],[-74.9293,-12.5341],[-74.9391,-12.5327],[-74.9483,-12.5155],[-74.9357,-12.4629],[-74.8928,-12.4541],[-74.8945,-12.3767],[-74.9403,-12.339],[-74.9033,-12.2985]]]}},{"type":"Feature","properties":{"IDDIST":"151018","NOMBDIST":"LARAOS","NOMBPROV":"YAUYOS","NOMBDEP":"LIMA"},"geometry":{"type":"Polygon","coordinates":[[[-75.5925,-12.3156],[-75.5641,-12.3363],[-75.5596,-12.4107],[-75.5501,-12.4739],[-75.6107,-12.5205],[-75.6344,-12.4288],[-75.6645,-12.4208],[-75.7419,-12.4395],[-75.8022,-12.3741],[-75.8493,-12.3935],[-75.8277,-12.3255],[-75.8071,-12.2928],[-75.7137,-12.3388],[-75.6135,-12.2921],[-75.5925,-12.3156]]]}},{"type":"Feature","properties":{"IDDIST":"151007","NOMBDIST":"CARANIA","NOMBPROV":"YAUYOS","NOMBDEP":"LIMA"},"geometry":{"type":"Polygon","coordinates":[[[-75.8277,-12.3255],[-75.8493,-12.3935],[-75.856,-12.4485],[-75.9498,-12.3328],[-75.9442,-12.3227],[-75.8842,-12.2875],[-75.8277,-12.3255]]]}},{"type":"Feature","properties":{"IDDIST":"090706","NOMBDIST":"DANIEL HERNANDEZ","NOMBPROV":"TAYACAJA","NOMBDEP":"HUANCAVELICA"},"geometry":{"type":"Polygon","coordinates":[[[-74.837,-12.2916],[-74.7803,-12.2842],[-74.7683,-12.2881],[-74.7692,-12.2896],[-74.8072,-12.33],[-74.7976,-12.3846],[-74.8264,-12.427],[-74.8597,-12.4056],[-74.8868,-12.3357],[-74.866,-12.2839],[-74.837,-12.2916]]]}},{"type":"Feature","properties":{"IDDIST":"090710","NOMBDIST":"ÑAHUIMPUQUIO","NOMBPROV":"TAYACAJA","NOMBDEP":"HUANCAVELICA"},"geometry":{"type":"Polygon","coordinates":[[[-75.0303,-12.3305],[-75.0845,-12.3433],[-75.104,-12.3791],[-75.131,-12.3785],[-75.1305,-12.3286],[-75.0985,-12.2826],[-75.0402,-12.308],[-75.0303,-12.3305]]]}},{"type":"Feature","properties":{"IDDIST":"150505","NOMBDIST":"CHILCA","NOMBPROV":"CAÑETE","NOMBDEP":"LIMA"},"geometry":{"type":"Polygon","coordinates":[[[-76.4528,-12.4043],[-76.4641,-12.4397],[-76.5277,-12.4557],[-76.5989,-12.4965],[-76.6282,-12.4848],[-76.6698,-12.5023],[-76.7038,-12.5559],[-76.7261,-12.5615],[-76.7842,-12.5199],[-76.7517,-12.4627],[-76.7533,-12.4289],[-76.7569,-12.4015],[-76.6834,-12.3821],[-76.668,-12.3602],[-76.6167,-12.3728],[-76.5958,-12.3149],[-76.5573,-12.2757],[-76.5377,-12.3394],[-76.5012,-12.4006],[-76.4528,-12.4043]]]}},{"type":"Feature","properties":{"IDDIST":"090701","NOMBDIST":"PAMPAS","NOMBPROV":"TAYACAJA","NOMBDEP":"HUANCAVELICA"},"geometry":{"type":"Polygon","coordinates":[[[-74.866,-12.2839],[-74.8868,-12.3357],[-74.8597,-12.4056],[-74.8264,-12.427],[-74.8029,-12.4697],[-74.8658,-12.5237],[-74.8819,-12.4758],[-74.8734,-12.3886],[-74.9104,-12.3545],[-74.9033,-12.2985],[-74.866,-12.2839]]]}},{"type":"Feature","properties":{"IDDIST":"151010","NOMBDIST":"COCHAS","NOMBPROV":"YAUYOS","NOMBDEP":"LIMA"},"geometry":{"type":"Polygon","coordinates":[[[-76.1526,-12.298],[-76.2028,-12.309],[-76.2469,-12.309],[-76.2484,-12.2989],[-76.2169,-12.2643],[-76.1712,-12.2593],[-76.1526,-12.298]]]}},{"type":"Feature","properties":{"IDDIST":"120106","NOMBDIST":"CHICCHE","NOMBPROV":"HUANCAYO","NOMBDEP":"JUNIN"},"geometry":{"type":"Polygon","coordinates":[[[-75.2716,-12.2666],[-75.2472,-12.3095],[-75.2685,-12.3191],[-75.3283,-12.2989],[-75.3525,-12.3276],[-75.2998,-12.2583],[-75.2716,-12.2666]]]}},{"type":"Feature","properties":{"IDDIST":"151004","NOMBDIST":"AYAVIRI","NOMBPROV":"YAUYOS","NOMBDEP":"LIMA"},"geometry":{"type":"Polygon","coordinates":[[[-75.9587,-12.2596],[-75.9442,-12.3227],[-75.9498,-12.3328],[-76.0164,-12.4225],[-76.0949,-12.467],[-76.106,-12.4525],[-76.1481,-12.4162],[-76.1507,-12.3655],[-76.0506,-12.3397],[-75.984,-12.2645],[-75.9587,-12.2596]]]}},{"type":"Feature","properties":{"IDDIST":"151025","NOMBDIST":"QUINOCAY","NOMBPROV":"YAUYOS","NOMBDEP":"LIMA"},"geometry":{"type":"Polygon","coordinates":[[[-76.2484,-12.2989],[-76.2469,-12.309],[-76.2013,-12.3768],[-76.2792,-12.396],[-76.3155,-12.4228],[-76.3454,-12.388],[-76.346,-12.3377],[-76.3005,-12.2574],[-76.2705,-12.3036],[-76.2484,-12.2989]]]}},{"type":"Feature","properties":{"IDDIST":"151024","NOMBDIST":"QUINCHES","NOMBPROV":"YAUYOS","NOMBDEP":"LIMA"},"geometry":{"type":"Polygon","coordinates":[[[-75.984,-12.2645],[-76.0506,-12.3397],[-76.1507,-12.3655],[-76.2028,-12.309],[-76.1526,-12.298],[-76.0741,-12.3024],[-76.0267,-12.2487],[-75.984,-12.2645]]]}},{"type":"Feature","properties":{"IDDIST":"050408","NOMBDIST":"LLOCHEGUA","NOMBPROV":"HUANTA","NOMBDEP":"AYACUCHO"},"geometry":{"type":"Polygon","coordinates":[[[-73.8775,-12.4373],[-73.9764,-12.4874],[-74.0281,-12.4444],[-74.0632,-12.4628],[-74.143,-12.5791],[-74.1925,-12.5367],[-74.2603,-12.4923],[-74.265,-12.4481],[-74.2339,-12.3597],[-74.1873,-12.3066],[-74.1214,-12.3336],[-74.0984,-12.2849],[-74.0378,-12.2623],[-73.9888,-12.274],[-73.9805,-12.2426],[-73.9659,-12.3365],[-73.8868,-12.4054],[-73.8775,-12.4373]]]}},{"type":"Feature","properties":{"IDDIST":"120112","NOMBDIST":"COLCA","NOMBPROV":"HUANCAYO","NOMBDEP":"JUNIN"},"geometry":{"type":"Polygon","coordinates":[[[-75.203,-12.2515],[-75.1305,-12.3286],[-75.131,-12.3785],[-75.1469,-12.3955],[-75.1824,-12.3603],[-75.2176,-12.3341],[-75.2472,-12.3095],[-75.2716,-12.2666],[-75.2444,-12.2418],[-75.203,-12.2515]]]}},{"type":"Feature","properties":{"IDDIST":"090705","NOMBDIST":"COLCABAMBA","NOMBPROV":"TAYACAJA","NOMBDEP":"HUANCAVELICA"},"geometry":{"type":"Polygon","coordinates":[[[-74.6145,-12.2459],[-74.5521,-12.2873],[-74.5812,-12.3327],[-74.576,-12.3732],[-74.5973,-12.41],[-74.5973,-12.4661],[-74.6386,-12.4926],[-74.6921,-12.5219],[-74.7219,-12.4875],[-74.8029,-12.4697],[-74.8264,-12.427],[-74.7976,-12.3846],[-74.8072,-12.33],[-74.7692,-12.2896],[-74.7141,-12.2854],[-74.6616,-12.2438],[-74.6145,-12.2459]]]}},{"type":"Feature","properties":{"IDDIST":"151002","NOMBDIST":"ALIS","NOMBPROV":"YAUYOS","NOMBDEP":"LIMA"},"geometry":{"type":"Polygon","coordinates":[[[-75.7778,-12.2327],[-75.7272,-12.2744],[-75.6625,-12.2657],[-75.6294,-12.246],[-75.5925,-12.3156],[-75.6135,-12.2921],[-75.7137,-12.3388],[-75.8071,-12.2928],[-75.8098,-12.262],[-75.7778,-12.2327]]]}},{"type":"Feature","properties":{"IDDIST":"151017","NOMBDIST":"HUAÑEC","NOMBPROV":"YAUYOS","NOMBDEP":"LIMA"},"geometry":{"type":"Polygon","coordinates":[[[-76.0433,-12.2287],[-76.0267,-12.2487],[-76.0741,-12.3024],[-76.1526,-12.298],[-76.0765,-12.2594],[-76.0433,-12.2287]]]}},{"type":"Feature","properties":{"IDDIST":"080910","NOMBDIST":"PICHARI","NOMBPROV":"LA CONVENCION","NOMBDEP":"CUSCO"},"geometry":{"type":"Polygon","coordinates":[[[-73.6445,-12.372],[-73.7258,-12.4704],[-73.7543,-12.5498],[-73.8051,-12.5753],[-73.8308,-12.5305],[-73.8775,-12.4373],[-73.8868,-12.4054],[-73.9659,-12.3365],[-73.9805,-12.2426],[-73.9238,-12.2247],[-73.8432,-12.2394],[-73.8019,-12.2203],[-73.7369,-12.2668],[-73.7078,-12.2679],[-73.665,-12.3211],[-73.6445,-12.372]]]}},{"type":"Feature","properties":{"IDDIST":"150127","NOMBDIST":"PUNTA NEGRA","NOMBPROV":"LIMA","NOMBDEP":"LIMA"},"geometry":{"type":"Polygon","coordinates":[[[-76.6784,-12.3335],[-76.7254,-12.3413],[-76.7892,-12.3839],[-76.8162,-12.3454],[-76.7273,-12.2953],[-76.6656,-12.2438],[-76.6456,-12.2117],[-76.6211,-12.2269],[-76.6368,-12.2794],[-76.6784,-12.3335]]]}},{"type":"Feature","properties":{"IDDIST":"090713","NOMBDIST":"QUISHUAR","NOMBPROV":"TAYACAJA","NOMBDEP":"HUANCAVELICA"},"geometry":{"type":"Polygon","coordinates":[[[-74.7387,-12.2704],[-74.7683,-12.2881],[-74.7803,-12.2842],[-74.7844,-12.2241],[-74.7572,-12.2087],[-74.7387,-12.2704]]]}},{"type":"Feature","properties":{"IDDIST":"150713","NOMBDIST":"MARIATANA","NOMBPROV":"HUAROCHIRI","NOMBDEP":"LIMA"},"geometry":{"type":"Polygon","coordinates":[[[-76.3212,-12.2025],[-76.3051,-12.2151],[-76.3005,-12.2574],[-76.346,-12.3377],[-76.3858,-12.3175],[-76.4406,-12.2935],[-76.3974,-12.1982],[-76.3212,-12.2025]]]}},{"type":"Feature","properties":{"IDDIST":"151026","NOMBDIST":"SAN JOAQUIN","NOMBPROV":"YAUYOS","NOMBDEP":"LIMA"},"geometry":{"type":"Polygon","coordinates":[[[-76.0433,-12.2287],[-76.0765,-12.2594],[-76.1526,-12.298],[-76.1712,-12.2593],[-76.0669,-12.1907],[-76.0433,-12.2287]]]}},{"type":"Feature","properties":{"IDDIST":"120113","NOMBDIST":"CULLHUAS","NOMBPROV":"HUANCAYO","NOMBDEP":"JUNIN"},"geometry":{"type":"Polygon","coordinates":[[[-75.1004,-12.2511],[-75.0985,-12.2826],[-75.1305,-12.3286],[-75.203,-12.2515],[-75.2277,-12.2073],[-75.1657,-12.1904],[-75.1004,-12.2511]]]}},{"type":"Feature","properties":{"IDDIST":"150142","NOMBDIST":"VILLA EL SALVADOR","NOMBPROV":"LIMA","NOMBDEP":"LIMA"},"geometry":{"type":"Polygon","coordinates":[[[-76.911,-12.2335],[-76.9399,-12.2477],[-76.9759,-12.2307],[-76.9729,-12.1949],[-76.9517,-12.1856],[-76.911,-12.2335]]]}},{"type":"Feature","properties":{"IDDIST":"150126","NOMBDIST":"PUNTA HERMOSA","NOMBPROV":"LIMA","NOMBDEP":"LIMA"},"geometry":{"type":"Polygon","coordinates":[[[-76.6456,-12.2117],[-76.6656,-12.2438],[-76.7273,-12.2953],[-76.8162,-12.3454],[-76.8431,-12.3117],[-76.8192,-12.2828],[-76.7401,-12.2536],[-76.662,-12.178],[-76.6456,-12.2117]]]}},{"type":"Feature","properties":{"IDDIST":"050402","NOMBDIST":"AYAHUANCO","NOMBPROV":"HUANTA","NOMBDEP":"AYACUCHO"},"geometry":{"type":"Polygon","coordinates":[[[-74.3459,-12.1737],[-74.3219,-12.2298],[-74.2973,-12.226],[-74.1873,-12.3066],[-74.2339,-12.3597],[-74.265,-12.4481],[-74.2603,-12.4923],[-74.1925,-12.5367],[-74.2289,-12.5898],[-74.2363,-12.6387],[-74.303,-12.6419],[-74.3416,-12.6302],[-74.3835,-12.5708],[-74.3999,-12.5236],[-74.4224,-12.4452],[-74.5072,-12.4481],[-74.5484,-12.3751],[-74.576,-12.3732],[-74.5812,-12.3327],[-74.5521,-12.2873],[-74.5063,-12.3122],[-74.4921,-12.2811],[-74.444,-12.272],[-74.4163,-12.3048],[-74.3848,-12.2686],[-74.3889,-12.1927],[-74.3459,-12.1737]]]}},{"type":"Feature","properties":{"IDDIST":"150119","NOMBDIST":"LURIN","NOMBPROV":"LIMA","NOMBDEP":"LIMA"},"geometry":{"type":"Polygon","coordinates":[[[-76.662,-12.178],[-76.7401,-12.2536],[-76.8192,-12.2828],[-76.8431,-12.3117],[-76.9399,-12.2477],[-76.911,-12.2335],[-76.891,-12.2078],[-76.8458,-12.2212],[-76.7892,-12.2029],[-76.734,-12.1644],[-76.662,-12.178]]]}},{"type":"Feature","properties":{"IDDIST":"090711","NOMBDIST":"PAZOS","NOMBPROV":"TAYACAJA","NOMBDEP":"HUANCAVELICA"},"geometry":{"type":"Polygon","coordinates":[[[-74.9873,-12.3321],[-74.9917,-12.3357],[-75.0303,-12.3305],[-75.0402,-12.308],[-75.0985,-12.2826],[-75.1004,-12.2511],[-75.0716,-12.2352],[-75.052,-12.1647],[-74.956,-12.2386],[-74.9816,-12.2753],[-74.9873,-12.3321]]]}},{"type":"Feature","properties":{"IDDIST":"120116","NOMBDIST":"HUACRAPUQUIO","NOMBPROV":"HUANCAYO","NOMBDEP":"JUNIN"},"geometry":{"type":"Polygon","coordinates":[[[-75.1657,-12.1904],[-75.2277,-12.2073],[-75.2416,-12.1749],[-75.2088,-12.1565],[-75.1657,-12.1904]]]}},{"type":"Feature","properties":{"IDDIST":"120111","NOMBDIST":"CHUPURO","NOMBPROV":"HUANCAYO","NOMBDEP":"JUNIN"},"geometry":{"type":"Polygon","coordinates":[[[-75.2443,-12.1541],[-75.2416,-12.1749],[-75.2277,-12.2073],[-75.203,-12.2515],[-75.2444,-12.2418],[-75.2677,-12.1832],[-75.2462,-12.1545],[-75.2443,-12.1541]]]}},{"type":"Feature","properties":{"IDDIST":"150108","NOMBDIST":"CHORRILLOS","NOMBPROV":"LIMA","NOMBDEP":"LIMA"},"geometry":{"type":"Polygon","coordinates":[[[-77.016,-12.1556],[-76.9862,-12.1677],[-76.9729,-12.1949],[-76.9759,-12.2307],[-77.0377,-12.2041],[-77.0263,-12.1573],[-77.016,-12.1556]]]}},{"type":"Feature","properties":{"IDDIST":"120136","NOMBDIST":"VIQUES","NOMBPROV":"HUANCAYO","NOMBDEP":"JUNIN"},"geometry":{"type":"Polygon","coordinates":[[[-75.2088,-12.1565],[-75.2416,-12.1749],[-75.2443,-12.1541],[-75.2098,-12.1465],[-75.2088,-12.1565]]]}},{"type":"Feature","properties":{"IDDIST":"150726","NOMBDIST":"SANGALLAYA","NOMBPROV":"HUAROCHIRI","NOMBDEP":"LIMA"},"geometry":{"type":"Polygon","coordinates":[[[-76.2188,-12.1573],[-76.2484,-12.2989],[-76.2705,-12.3036],[-76.3005,-12.2574],[-76.3051,-12.2151],[-76.2708,-12.1958],[-76.2843,-12.1641],[-76.2188,-12.1573]]]}},{"type":"Feature","properties":{"IDDIST":"150104","NOMBDIST":"BARRANCO","NOMBPROV":"LIMA","NOMBDEP":"LIMA"},"geometry":{"type":"Polygon","coordinates":[[[-77.018,-12.1312],[-77.016,-12.1556],[-77.0263,-12.1573],[-77.0294,-12.1401],[-77.018,-12.1312]]]}},{"type":"Feature","properties":{"IDDIST":"150731","NOMBDIST":"SANTO DOMINGO DE LOS OLLEROS","NOMBPROV":"HUAROCHIRI","NOMBDEP":"LIMA"},"geometry":{"type":"Polygon","coordinates":[[[-76.517,-12.1661],[-76.4595,-12.1886],[-76.4093,-12.1849],[-76.3974,-12.1982],[-76.4406,-12.2935],[-76.3858,-12.3175],[-76.4528,-12.4043],[-76.5012,-12.4006],[-76.5377,-12.3394],[-76.5573,-12.2757],[-76.5958,-12.3149],[-76.6167,-12.3728],[-76.668,-12.3602],[-76.6784,-12.3335],[-76.6368,-12.2794],[-76.6211,-12.2269],[-76.6456,-12.2117],[-76.662,-12.178],[-76.6793,-12.131],[-76.6125,-12.1441],[-76.5512,-12.1283],[-76.517,-12.1661]]]}},{"type":"Feature","properties":{"IDDIST":"150143","NOMBDIST":"VILLA MARIA DEL TRIUNFO","NOMBPROV":"LIMA","NOMBDEP":"LIMA"},"geometry":{"type":"Polygon","coordinates":[[[-76.9108,-12.1223],[-76.8812,-12.1679],[-76.891,-12.2078],[-76.911,-12.2335],[-76.9517,-12.1856],[-76.9408,-12.1222],[-76.9108,-12.1223]]]}},{"type":"Feature","properties":{"IDDIST":"150133","NOMBDIST":"SAN JUAN DE MIRAFLORES","NOMBPROV":"LIMA","NOMBDEP":"LIMA"},"geometry":{"type":"Polygon","coordinates":[[[-76.9477,-12.1175],[-76.9408,-12.1222],[-76.9517,-12.1856],[-76.9729,-12.1949],[-76.9862,-12.1677],[-76.9477,-12.1175]]]}},{"type":"Feature","properties":{"IDDIST":"120121","NOMBDIST":"HUAYUCACHI","NOMBPROV":"HUANCAYO","NOMBDEP":"JUNIN"},"geometry":{"type":"Polygon","coordinates":[[[-75.1973,-12.1258],[-75.2098,-12.1465],[-75.2443,-12.1541],[-75.2321,-12.1165],[-75.1973,-12.1258]]]}},{"type":"Feature","properties":{"IDDIST":"120903","NOMBDIST":"CHONGOS BAJO","NOMBPROV":"CHUPACA","NOMBDEP":"JUNIN"},"geometry":{"type":"Polygon","coordinates":[[[-75.2462,-12.1545],[-75.2677,-12.1832],[-75.2444,-12.2418],[-75.2716,-12.2666],[-75.2998,-12.2583],[-75.338,-12.2265],[-75.3156,-12.1555],[-75.2725,-12.1138],[-75.2462,-12.1545]]]}},{"type":"Feature","properties":{"IDDIST":"150711","NOMBDIST":"LANGA","NOMBPROV":"HUAROCHIRI","NOMBDEP":"LIMA"},"geometry":{"type":"Polygon","coordinates":[[[-76.3475,-12.1269],[-76.3212,-12.2025],[-76.3974,-12.1982],[-76.4093,-12.1849],[-76.4508,-12.1169],[-76.393,-12.1343],[-76.3475,-12.1269]]]}},{"type":"Feature","properties":{"IDDIST":"151021","NOMBDIST":"MIRAFLORES","NOMBPROV":"YAUYOS","NOMBDEP":"LIMA"},"geometry":{"type":"Polygon","coordinates":[[[-75.8098,-12.262],[-75.8071,-12.2928],[-75.8277,-12.3255],[-75.8842,-12.2875],[-75.9442,-12.3227],[-75.9587,-12.2596],[-75.9129,-12.1874],[-75.9656,-12.1274],[-75.9387,-12.1039],[-75.9047,-12.1296],[-75.8837,-12.1737],[-75.8098,-12.262]]]}},{"type":"Feature","properties":{"IDDIST":"150122","NOMBDIST":"MIRAFLORES","NOMBPROV":"LIMA","NOMBDEP":"LIMA"},"geometry":{"type":"Polygon","coordinates":[[[-77.0026,-12.1266],[-77.018,-12.1312],[-77.0294,-12.1401],[-77.056,-12.111],[-77.0273,-12.1028],[-77.0026,-12.1266]]]}},{"type":"Feature","properties":{"IDDIST":"150706","NOMBDIST":"CUENCA","NOMBPROV":"HUAROCHIRI","NOMBDEP":"LIMA"},"geometry":{"type":"Polygon","coordinates":[[[-76.4508,-12.1169],[-76.4093,-12.1849],[-76.4595,-12.1886],[-76.517,-12.1661],[-76.4677,-12.1029],[-76.4508,-12.1169]]]}},{"type":"Feature","properties":{"IDDIST":"090709","NOMBDIST":"HUARIBAMBA","NOMBPROV":"TAYACAJA","NOMBDEP":"HUANCAVELICA"},"geometry":{"type":"Polygon","coordinates":[[[-74.8402,-12.1664],[-74.825,-12.2419],[-74.837,-12.2916],[-74.866,-12.2839],[-74.9033,-12.2985],[-74.9403,-12.339],[-74.9873,-12.3321],[-74.9816,-12.2753],[-74.956,-12.2386],[-75.052,-12.1647],[-75.0688,-12.1062],[-75.0148,-12.1208],[-74.9855,-12.1065],[-74.8943,-12.1393],[-74.886,-12.1651],[-74.8402,-12.1664]]]}},{"type":"Feature","properties":{"IDDIST":"150141","NOMBDIST":"SURQUILLO","NOMBPROV":"LIMA","NOMBDEP":"LIMA"},"geometry":{"type":"Polygon","coordinates":[[[-77.0104,-12.1073],[-76.9936,-12.1113],[-77.0026,-12.1266],[-77.0273,-12.1028],[-77.0104,-12.1073]]]}},{"type":"Feature","properties":{"IDDIST":"090718","NOMBDIST":"TINTAY PUNCU","NOMBPROV":"TAYACAJA","NOMBDEP":"HUANCAVELICA"},"geometry":{"type":"Polygon","coordinates":[[[-74.3459,-12.1737],[-74.3889,-12.1927],[-74.3848,-12.2686],[-74.4163,-12.3048],[-74.444,-12.272],[-74.4921,-12.2811],[-74.5063,-12.3122],[-74.5521,-12.2873],[-74.6145,-12.2459],[-74.6085,-12.1639],[-74.5719,-12.1342],[-74.5223,-12.125],[-74.4959,-12.1375],[-74.412,-12.1019],[-74.3524,-12.1478],[-74.3459,-12.1737]]]}},{"type":"Feature","properties":{"IDDIST":"120126","NOMBDIST":"PUCARA","NOMBPROV":"HUANCAYO","NOMBDEP":"JUNIN"},"geometry":{"type":"Polygon","coordinates":[[[-75.0713,-12.1024],[-75.0688,-12.1062],[-75.052,-12.1647],[-75.0716,-12.2352],[-75.1004,-12.2511],[-75.1657,-12.1904],[-75.1641,-12.1668],[-75.1101,-12.1438],[-75.0713,-12.1024]]]}},{"type":"Feature","properties":{"IDDIST":"120909","NOMBDIST":"YANACANCHA","NOMBPROV":"CHUPACA","NOMBDEP":"JUNIN"},"geometry":{"type":"Polygon","coordinates":[[[-75.3379,-12.14],[-75.3156,-12.1555],[-75.338,-12.2265],[-75.2998,-12.2583],[-75.3525,-12.3276],[-75.4716,-12.3923],[-75.5596,-12.4107],[-75.5641,-12.3363],[-75.5925,-12.3156],[-75.6294,-12.246],[-75.6641,-12.1941],[-75.6275,-12.1417],[-75.5924,-12.1447],[-75.5276,-12.1944],[-75.4827,-12.1548],[-75.4179,-12.16],[-75.4181,-12.1228],[-75.3767,-12.0972],[-75.3379,-12.14]]]}},{"type":"Feature","properties":{"IDDIST":"120908","NOMBDIST":"TRES DE DICIEMBRE","NOMBPROV":"CHUPACA","NOMBDEP":"JUNIN"},"geometry":{"type":"Polygon","coordinates":[[[-75.232,-12.0968],[-75.2333,-12.1008],[-75.2321,-12.1165],[-75.2443,-12.1541],[-75.2462,-12.1545],[-75.2725,-12.1138],[-75.2781,-12.0964],[-75.232,-12.0968]]]}},{"type":"Feature","properties":{"IDDIST":"120119","NOMBDIST":"HUANCAN","NOMBPROV":"HUANCAYO","NOMBDEP":"JUNIN"},"geometry":{"type":"Polygon","coordinates":[[[-75.1859,-12.1081],[-75.1973,-12.1258],[-75.2321,-12.1165],[-75.2333,-12.1008],[-75.1859,-12.1081]]]}},{"type":"Feature","properties":{"IDDIST":"150131","NOMBDIST":"SAN ISIDRO","NOMBPROV":"LIMA","NOMBDEP":"LIMA"},"geometry":{"type":"Polygon","coordinates":[[[-77.0228,-12.0908],[-77.0098,-12.0892],[-77.0104,-12.1073],[-77.0273,-12.1028],[-77.056,-12.111],[-77.0607,-12.1077],[-77.055,-12.0919],[-77.0486,-12.085],[-77.0228,-12.0908]]]}},{"type":"Feature","properties":{"IDDIST":"150120","NOMBDIST":"MAGDALENA DEL MAR","NOMBPROV":"LIMA","NOMBDEP":"LIMA"},"geometry":{"type":"Polygon","coordinates":[[[-77.0631,-12.0865],[-77.055,-12.0919],[-77.0607,-12.1077],[-77.0777,-12.0956],[-77.0721,-12.0836],[-77.0631,-12.0865]]]}},{"type":"Feature","properties":{"IDDIST":"120906","NOMBDIST":"SAN JUAN DE YSCOS","NOMBPROV":"CHUPACA","NOMBDEP":"JUNIN"},"geometry":{"type":"Polygon","coordinates":[[[-75.2781,-12.0964],[-75.2725,-12.1138],[-75.3156,-12.1555],[-75.3379,-12.14],[-75.2968,-12.0808],[-75.2781,-12.0964]]]}},{"type":"Feature","properties":{"IDDIST":"150130","NOMBDIST":"SAN BORJA","NOMBPROV":"LIMA","NOMBDEP":"LIMA"},"geometry":{"type":"Polygon","coordinates":[[[-76.9817,-12.0846],[-76.9936,-12.1113],[-77.0104,-12.1073],[-77.0098,-12.0892],[-77.0041,-12.0841],[-76.9873,-12.0799],[-76.9817,-12.0846]]]}},{"type":"Feature","properties":{"IDDIST":"150116","NOMBDIST":"LINCE","NOMBPROV":"LIMA","NOMBDEP":"LIMA"},"geometry":{"type":"Polygon","coordinates":[[[-77.0228,-12.0908],[-77.0486,-12.085],[-77.0363,-12.0798],[-77.0281,-12.0787],[-77.0228,-12.0908]]]}},{"type":"Feature","properties":{"IDDIST":"150140","NOMBDIST":"SANTIAGO DE SURCO","NOMBPROV":"LIMA","NOMBDEP":"LIMA"},"geometry":{"type":"Polygon","coordinates":[[[-76.9477,-12.1175],[-76.9862,-12.1677],[-77.016,-12.1556],[-77.018,-12.1312],[-77.0026,-12.1266],[-76.9936,-12.1113],[-76.9817,-12.0846],[-76.9763,-12.0781],[-76.9477,-12.1175]]]}},{"type":"Feature","properties":{"IDDIST":"090714","NOMBDIST":"SALCABAMBA","NOMBPROV":"TAYACAJA","NOMBDEP":"HUANCAVELICA"},"geometry":{"type":"Polygon","coordinates":[[[-74.7045,-12.1498],[-74.6981,-12.2321],[-74.7387,-12.2704],[-74.7572,-12.2087],[-74.7844,-12.2241],[-74.7803,-12.2842],[-74.837,-12.2916],[-74.825,-12.2419],[-74.8402,-12.1664],[-74.8172,-12.0755],[-74.7773,-12.1328],[-74.7588,-12.1824],[-74.7045,-12.1498]]]}},{"type":"Feature","properties":{"IDDIST":"151033","NOMBDIST":"VITIS","NOMBPROV":"YAUYOS","NOMBDEP":"LIMA"},"geometry":{"type":"Polygon","coordinates":[[[-75.777,-12.2185],[-75.7778,-12.2327],[-75.8098,-12.262],[-75.8837,-12.1737],[-75.9047,-12.1296],[-75.9387,-12.1039],[-75.9298,-12.0702],[-75.8214,-12.1744],[-75.8288,-12.2044],[-75.777,-12.2185]]]}},{"type":"Feature","properties":{"IDDIST":"150121","NOMBDIST":"MAGDALENA VIEJA","NOMBPROV":"LIMA","NOMBDEP":"LIMA"},"geometry":{"type":"Polygon","coordinates":[[[-77.0497,-12.0703],[-77.0631,-12.0865],[-77.0721,-12.0836],[-77.0777,-12.0685],[-77.0612,-12.0675],[-77.0497,-12.0703]]]}},{"type":"Feature","properties":{"IDDIST":"150113","NOMBDIST":"JESUS MARIA","NOMBPROV":"LIMA","NOMBDEP":"LIMA"},"geometry":{"type":"Polygon","coordinates":[[[-77.0363,-12.0798],[-77.0486,-12.085],[-77.055,-12.0919],[-77.0631,-12.0865],[-77.0497,-12.0703],[-77.0457,-12.0653],[-77.0363,-12.0798]]]}},{"type":"Feature","properties":{"IDDIST":"170203","NOMBDIST":"MADRE DE DIOS","NOMBPROV":"MANU","NOMBDEP":"MADRE DE DIOS"},"geometry":{"type":"Polygon","coordinates":[[[-70.5362,-12.1136],[-70.4989,-12.1068],[-70.4358,-12.1544],[-70.4034,-12.1508],[-70.3475,-12.2044],[-70.2756,-12.3131],[-70.247,-12.3853],[-70.2568,-12.4212],[-70.2296,-12.4669],[-70.1034,-12.5083],[-70.092,-12.5455],[-70.0384,-12.6087],[-70.075,-12.6394],[-70.1615,-12.6787],[-70.1959,-12.7209],[-70.2525,-12.7496],[-70.2569,-12.7828],[-70.294,-12.8458],[-70.333,-12.8704],[-70.3553,-12.9178],[-70.4194,-12.9301],[-70.4741,-12.8787],[-70.5082,-12.8167],[-70.5623,-12.8585],[-70.6359,-12.975],[-70.7245,-12.9537],[-70.7875,-12.9049],[-70.8254,-12.9256],[-70.8329,-12.8349],[-70.9051,-12.8529],[-70.9539,-12.8865],[-70.9606,-12.9416],[-70.9911,-13.0016],[-70.9715,-13.0533],[-70.9384,-13.0624],[-70.8899,-13.1029],[-70.9214,-13.1108],[-70.9422,-13.1565],[-70.9745,-13.1683],[-71.014,-13.2672],[-71.0642,-13.2567],[-71.122,-13.2335],[-71.1511,-13.1241],[-71.1682,-13.0941],[-71.173,-12.9833],[-71.1951,-12.96],[-71.265,-12.9629],[-71.2449,-12.9075],[-71.2702,-12.8902],[-71.2826,-12.8278],[-71.1903,-12.7692],[-71.185,-12.7175],[-71.1287,-12.6694],[-71.1011,-12.5943],[-71.0414,-12.5618],[-71.0097,-12.565],[-70.9759,-12.5291],[-70.8826,-12.4887],[-70.7826,-12.3969],[-70.7294,-12.3965],[-70.7274,-12.2404],[-70.8267,-12.1599],[-70.8459,-12.1085],[-70.837,-12.0782],[-70.7306,-12.0721],[-70.6922,-12.0932],[-70.6489,-12.0833],[-70.5765,-12.1297],[-70.5362,-12.1136]]]}},{"type":"Feature","properties":{"IDDIST":"070104","NOMBDIST":"LA PERLA","NOMBPROV":"CALLAO","NOMBDEP":"CALLAO"},"geometry":{"type":"Polygon","coordinates":[[[-77.1046,-12.0634],[-77.1115,-12.0795],[-77.1326,-12.0705],[-77.1329,-12.0679],[-77.1046,-12.0634]]]}},{"type":"Feature","properties":{"IDDIST":"150134","NOMBDIST":"SAN LUIS","NOMBPROV":"LIMA","NOMBDEP":"LIMA"},"geometry":{"type":"Polygon","coordinates":[[[-76.9978,-12.0608],[-76.9873,-12.0799],[-77.0041,-12.0841],[-77.0032,-12.0626],[-77.0018,-12.0617],[-76.9978,-12.0608]]]}},{"type":"Feature","properties":{"IDDIST":"150136","NOMBDIST":"SAN MIGUEL","NOMBPROV":"LIMA","NOMBDEP":"LIMA"},"geometry":{"type":"Polygon","coordinates":[[[-77.0777,-12.0685],[-77.0721,-12.0836],[-77.0777,-12.0956],[-77.1115,-12.0795],[-77.1046,-12.0634],[-77.0873,-12.0615],[-77.0777,-12.0685]]]}},{"type":"Feature","properties":{"IDDIST":"150710","NOMBDIST":"LAHUAYTAMBO","NOMBPROV":"HUAROCHIRI","NOMBDEP":"LIMA"},"geometry":{"type":"Polygon","coordinates":[[[-76.3341,-12.0611],[-76.3475,-12.1269],[-76.393,-12.1343],[-76.4508,-12.1169],[-76.4677,-12.1029],[-76.4438,-12.0656],[-76.3341,-12.0611]]]}},{"type":"Feature","properties":{"IDDIST":"150123","NOMBDIST":"PACHACAMAC","NOMBPROV":"LIMA","NOMBDEP":"LIMA"},"geometry":{"type":"Polygon","coordinates":[[[-76.7073,-12.114],[-76.6793,-12.131],[-76.662,-12.178],[-76.734,-12.1644],[-76.7892,-12.2029],[-76.8458,-12.2212],[-76.891,-12.2078],[-76.8812,-12.1679],[-76.9108,-12.1223],[-76.884,-12.0898],[-76.8891,-12.0594],[-76.833,-12.1451],[-76.7515,-12.1356],[-76.7073,-12.114]]]}},{"type":"Feature","properties":{"IDDIST":"120905","NOMBDIST":"HUAMANCACA CHICO","NOMBPROV":"CHUPACA","NOMBDEP":"JUNIN"},"geometry":{"type":"Polygon","coordinates":[[[-75.2388,-12.0631],[-75.2362,-12.0696],[-75.2322,-12.0877],[-75.232,-12.0968],[-75.2781,-12.0964],[-75.2602,-12.0592],[-75.2388,-12.0631]]]}},{"type":"Feature","properties":{"IDDIST":"150115","NOMBDIST":"LA VICTORIA","NOMBPROV":"LIMA","NOMBDEP":"LIMA"},"geometry":{"type":"Polygon","coordinates":[[[-77.0032,-12.0626],[-77.0041,-12.0841],[-77.0098,-12.0892],[-77.0228,-12.0908],[-77.0281,-12.0787],[-77.0032,-12.0626]]]}},{"type":"Feature","properties":{"IDDIST":"150114","NOMBDIST":"LA MOLINA","NOMBPROV":"LIMA","NOMBDEP":"LIMA"},"geometry":{"type":"Polygon","coordinates":[[[-76.8891,-12.0594],[-76.884,-12.0898],[-76.9108,-12.1223],[-76.9408,-12.1222],[-76.9477,-12.1175],[-76.9763,-12.0781],[-76.8891,-12.0594]]]}},{"type":"Feature","properties":{"IDDIST":"070102","NOMBDIST":"BELLAVISTA","NOMBPROV":"CALLAO","NOMBDEP":"CALLAO"},"geometry":{"type":"Polygon","coordinates":[[[-77.0873,-12.0615],[-77.1046,-12.0634],[-77.1329,-12.0679],[-77.0876,-12.0519],[-77.0873,-12.0615]]]}},{"type":"Feature","properties":{"IDDIST":"150105","NOMBDIST":"BREÑA","NOMBPROV":"LIMA","NOMBDEP":"LIMA"},"geometry":{"type":"Polygon","coordinates":[[[-77.0457,-12.0653],[-77.0497,-12.0703],[-77.0612,-12.0675],[-77.0457,-12.0653]]]}},{"type":"Feature","properties":{"IDDIST":"120107","NOMBDIST":"CHILCA","NOMBPROV":"HUANCAYO","NOMBDEP":"JUNIN"},"geometry":{"type":"Polygon","coordinates":[[[-75.1247,-12.0479],[-75.1859,-12.1081],[-75.2333,-12.1008],[-75.232,-12.0968],[-75.2322,-12.0877],[-75.1508,-12.0491],[-75.1247,-12.0479]]]}},{"type":"Feature","properties":{"IDDIST":"120133","NOMBDIST":"SAPALLANGA","NOMBPROV":"HUANCAYO","NOMBDEP":"JUNIN"},"geometry":{"type":"Polygon","coordinates":[[[-75.0846,-12.0562],[-75.0713,-12.1024],[-75.1101,-12.1438],[-75.1641,-12.1668],[-75.1657,-12.1904],[-75.2088,-12.1565],[-75.2098,-12.1465],[-75.1973,-12.1258],[-75.1859,-12.1081],[-75.1247,-12.0479],[-75.0846,-12.0562]]]}},{"type":"Feature","properties":{"IDDIST":"120901","NOMBDIST":"CHUPACA","NOMBPROV":"CHUPACA","NOMBDEP":"JUNIN"},"geometry":{"type":"Polygon","coordinates":[[[-75.2757,-12.0508],[-75.2602,-12.0592],[-75.2781,-12.0964],[-75.2968,-12.0808],[-75.3351,-12.0524],[-75.3022,-12.0479],[-75.2757,-12.0508]]]}},{"type":"Feature","properties":{"IDDIST":"150725","NOMBDIST":"SAN PEDRO DE HUANCAYRE","NOMBPROV":"HUAROCHIRI","NOMBDEP":"LIMA"},"geometry":{"type":"Polygon","coordinates":[[[-76.1488,-12.0423],[-76.2031,-12.1123],[-76.1952,-12.1327],[-76.2141,-12.1449],[-76.2285,-12.1089],[-76.1909,-12.0449],[-76.1488,-12.0423]]]}},{"type":"Feature","properties":{"IDDIST":"090715","NOMBDIST":"SALCAHUASI","NOMBPROV":"TAYACAJA","NOMBDEP":"HUANCAVELICA"},"geometry":{"type":"Polygon","coordinates":[[[-74.7201,-12.0591],[-74.6963,-12.1111],[-74.7045,-12.1498],[-74.7588,-12.1824],[-74.7773,-12.1328],[-74.8172,-12.0755],[-74.7943,-12.0583],[-74.7486,-12.0414],[-74.7201,-12.0591]]]}},{"type":"Feature","properties":{"IDDIST":"120907","NOMBDIST":"SAN JUAN DE JARPA","NOMBPROV":"CHUPACA","NOMBDEP":"JUNIN"},"geometry":{"type":"Polygon","coordinates":[[[-75.4235,-12.0431],[-75.3767,-12.0972],[-75.4181,-12.1228],[-75.4179,-12.16],[-75.4827,-12.1548],[-75.5276,-12.1944],[-75.5324,-12.1457],[-75.4584,-12.0784],[-75.4628,-12.057],[-75.4235,-12.0431]]]}},{"type":"Feature","properties":{"IDDIST":"120902","NOMBDIST":"AHUAC","NOMBPROV":"CHUPACA","NOMBDEP":"JUNIN"},"geometry":{"type":"Polygon","coordinates":[[[-75.3351,-12.0524],[-75.2968,-12.0808],[-75.3379,-12.14],[-75.3767,-12.0972],[-75.4235,-12.0431],[-75.3918,-12.0399],[-75.3351,-12.0524]]]}},{"type":"Feature","properties":{"IDDIST":"151030","NOMBDIST":"TOMAS","NOMBPROV":"YAUYOS","NOMBDEP":"LIMA"},"geometry":{"type":"Polygon","coordinates":[[[-75.6943,-12.0427],[-75.6275,-12.1417],[-75.6641,-12.1941],[-75.6294,-12.246],[-75.6625,-12.2657],[-75.7272,-12.2744],[-75.7778,-12.2327],[-75.777,-12.2185],[-75.7491,-12.1189],[-75.7657,-12.0596],[-75.6943,-12.0427]]]}},{"type":"Feature","properties":{"IDDIST":"070103","NOMBDIST":"CARMEN DE LA LEGUA REYNOSO","NOMBPROV":"CALLAO","NOMBDEP":"CALLAO"},"geometry":{"type":"Polygon","coordinates":[[[-77.0815,-12.047],[-77.0935,-12.0381],[-77.0829,-12.0364],[-77.0815,-12.047]]]}},{"type":"Feature","properties":{"IDDIST":"150101","NOMBDIST":"LIMA","NOMBPROV":"LIMA","NOMBDEP":"LIMA"},"geometry":{"type":"Polygon","coordinates":[[[-77.0018,-12.0617],[-77.0032,-12.0626],[-77.0281,-12.0787],[-77.0363,-12.0798],[-77.0457,-12.0653],[-77.0612,-12.0675],[-77.0777,-12.0685],[-77.0873,-12.0615],[-77.0876,-12.0519],[-77.0815,-12.047],[-77.0829,-12.0364],[-77.0435,-12.0389],[-77.0126,-12.0373],[-77.0095,-12.0309],[-77.0018,-12.0617]]]}},{"type":"Feature","properties":{"IDDIST":"090717","NOMBDIST":"SURCUBAMBA","NOMBPROV":"TAYACAJA","NOMBDEP":"HUANCAVELICA"},"geometry":{"type":"Polygon","coordinates":[[[-74.5223,-12.125],[-74.5719,-12.1342],[-74.6085,-12.1639],[-74.6145,-12.2459],[-74.6616,-12.2438],[-74.7141,-12.2854],[-74.7692,-12.2896],[-74.7683,-12.2881],[-74.7387,-12.2704],[-74.6981,-12.2321],[-74.7045,-12.1498],[-74.6963,-12.1111],[-74.7201,-12.0591],[-74.6816,-12.0295],[-74.5966,-12.1057],[-74.5306,-12.1082],[-74.5223,-12.125]]]}},{"type":"Feature","properties":{"IDDIST":"120125","NOMBDIST":"PILCOMAYO","NOMBPROV":"HUANCAYO","NOMBDEP":"JUNIN"},"geometry":{"type":"Polygon","coordinates":[[[-75.2471,-12.033],[-75.2388,-12.0631],[-75.2602,-12.0592],[-75.2757,-12.0508],[-75.2557,-12.0227],[-75.2471,-12.033]]]}},{"type":"Feature","properties":{"IDDIST":"150111","NOMBDIST":"EL AGUSTINO","NOMBPROV":"LIMA","NOMBDEP":"LIMA"},"geometry":{"type":"Polygon","coordinates":[[[-76.9369,-12.022],[-76.9552,-12.0293],[-76.9734,-12.0585],[-76.9978,-12.0608],[-77.0018,-12.0617],[-77.0095,-12.0309],[-76.9531,-12.0223],[-76.9369,-12.022]]]}},{"type":"Feature","properties":{"IDDIST":"120904","NOMBDIST":"HUACHAC","NOMBPROV":"CHUPACA","NOMBDEP":"JUNIN"},"geometry":{"type":"Polygon","coordinates":[[[-75.3307,-12.0103],[-75.3022,-12.0479],[-75.3351,-12.0524],[-75.3918,-12.0399],[-75.3554,-12.0278],[-75.3307,-12.0103]]]}},{"type":"Feature","properties":{"IDDIST":"150109","NOMBDIST":"CIENEGUILLA","NOMBPROV":"LIMA","NOMBDEP":"LIMA"},"geometry":{"type":"Polygon","coordinates":[[[-76.7223,-11.9996],[-76.6781,-12.053],[-76.7073,-12.114],[-76.7515,-12.1356],[-76.833,-12.1451],[-76.8891,-12.0594],[-76.8247,-12.0475],[-76.7829,-12.0232],[-76.7223,-11.9996]]]}},{"type":"Feature","properties":{"IDDIST":"090716","NOMBDIST":"SAN MARCOS DE ROCCHAC","NOMBPROV":"TAYACAJA","NOMBDEP":"HUANCAVELICA"},"geometry":{"type":"Polygon","coordinates":[[[-74.9526,-12.0158],[-74.8708,-12.066],[-74.7943,-12.0583],[-74.8172,-12.0755],[-74.8402,-12.1664],[-74.886,-12.1651],[-74.8943,-12.1393],[-74.9855,-12.1065],[-75.0148,-12.1208],[-75.0688,-12.1062],[-75.0713,-12.1024],[-75.0846,-12.0562],[-75.0471,-12.0116],[-74.9526,-12.0158]]]}},{"type":"Feature","properties":{"IDDIST":"150128","NOMBDIST":"RIMAC","NOMBPROV":"LIMA","NOMBDEP":"LIMA"},"geometry":{"type":"Polygon","coordinates":[[[-77.0126,-12.0373],[-77.0435,-12.0389],[-77.053,-12.011],[-77.0307,-11.9964],[-77.0126,-12.0373]]]}},{"type":"Feature","properties":{"IDDIST":"120214","NOMBDIST":"SAN JOSE DE QUERO","NOMBPROV":"CONCEPCION","NOMBDEP":"JUNIN"},"geometry":{"type":"Polygon","coordinates":[[[-75.473,-11.9962],[-75.4628,-12.057],[-75.4584,-12.0784],[-75.5324,-12.1457],[-75.5276,-12.1944],[-75.5924,-12.1447],[-75.6275,-12.1417],[-75.6943,-12.0427],[-75.6565,-12.0087],[-75.6228,-12.0223],[-75.5797,-12.002],[-75.5434,-12.0273],[-75.473,-11.9962]]]}},{"type":"Feature","properties":{"IDDIST":"150103","NOMBDIST":"ATE","NOMBPROV":"LIMA","NOMBDEP":"LIMA"},"geometry":{"type":"Polygon","coordinates":[[[-76.7829,-12.0232],[-76.8247,-12.0475],[-76.8891,-12.0594],[-76.9763,-12.0781],[-76.9817,-12.0846],[-76.9873,-12.0799],[-76.9978,-12.0608],[-76.9734,-12.0585],[-76.9552,-12.0293],[-76.9369,-12.022],[-76.8372,-11.9926],[-76.7829,-12.0232]]]}},{"type":"Feature","properties":{"IDDIST":"090707","NOMBDIST":"HUACHOCOLPA","NOMBPROV":"TAYACAJA","NOMBDEP":"HUANCAVELICA"},"geometry":{"type":"Polygon","coordinates":[[[-74.549,-11.997],[-74.4884,-12.0332],[-74.4555,-12.0336],[-74.412,-12.1019],[-74.4959,-12.1375],[-74.5223,-12.125],[-74.5306,-12.1082],[-74.5966,-12.1057],[-74.6816,-12.0295],[-74.6709,-12.0121],[-74.6242,-11.9852],[-74.549,-11.997]]]}},{"type":"Feature","properties":{"IDDIST":"151014","NOMBDIST":"HUANCAYA","NOMBPROV":"YAUYOS","NOMBDEP":"LIMA"},"geometry":{"type":"Polygon","coordinates":[[[-75.7657,-12.0596],[-75.7491,-12.1189],[-75.777,-12.2185],[-75.8288,-12.2044],[-75.8214,-12.1744],[-75.9298,-12.0702],[-75.9162,-12.0271],[-75.9477,-11.9943],[-75.926,-11.9843],[-75.8241,-12.0157],[-75.7657,-12.0596]]]}},{"type":"Feature","properties":{"IDDIST":"151028","NOMBDIST":"TANTA","NOMBPROV":"YAUYOS","NOMBDEP":"LIMA"},"geometry":{"type":"Polygon","coordinates":[[[-75.9477,-11.9943],[-75.9162,-12.0271],[-75.9298,-12.0702],[-75.9387,-12.1039],[-75.9656,-12.1274],[-75.9129,-12.1874],[-75.9587,-12.2596],[-75.984,-12.2645],[-76.0267,-12.2487],[-76.0433,-12.2287],[-76.0669,-12.1907],[-76.0862,-12.1604],[-76.0568,-12.1327],[-76.0614,-12.0885],[-76.0198,-12.0628],[-75.9932,-11.9947],[-75.9477,-11.9943]]]}},{"type":"Feature","properties":{"IDDIST":"120134","NOMBDIST":"SICAYA","NOMBPROV":"HUANCAYO","NOMBDEP":"JUNIN"},"geometry":{"type":"Polygon","coordinates":[[[-75.2667,-11.982],[-75.2629,-11.9916],[-75.2557,-12.0227],[-75.2757,-12.0508],[-75.3022,-12.0479],[-75.3307,-12.0103],[-75.2801,-11.9775],[-75.2667,-11.982]]]}},{"type":"Feature","properties":{"IDDIST":"150729","NOMBDIST":"SANTIAGO DE ANCHUCAYA","NOMBPROV":"HUAROCHIRI","NOMBDEP":"LIMA"},"geometry":{"type":"Polygon","coordinates":[[[-76.1488,-12.0423],[-76.1909,-12.0449],[-76.2285,-12.1089],[-76.256,-12.0464],[-76.2252,-11.9964],[-76.1828,-11.996],[-76.1357,-11.9745],[-76.1488,-12.0423]]]}},{"type":"Feature","properties":{"IDDIST":"120208","NOMBDIST":"MANZANARES","NOMBPROV":"CONCEPCION","NOMBDEP":"JUNIN"},"geometry":{"type":"Polygon","coordinates":[[[-75.3788,-11.9807],[-75.3307,-12.0103],[-75.3554,-12.0278],[-75.3994,-11.9727],[-75.3788,-11.9807]]]}},{"type":"Feature","properties":{"IDDIST":"150107","NOMBDIST":"CHACLACAYO","NOMBPROV":"LIMA","NOMBDEP":"LIMA"},"geometry":{"type":"Polygon","coordinates":[[[-76.7148,-11.9924],[-76.7223,-11.9996],[-76.7829,-12.0232],[-76.8372,-11.9926],[-76.7312,-11.9616],[-76.7148,-11.9924]]]}},{"type":"Feature","properties":{"IDDIST":"150112","NOMBDIST":"INDEPENDENCIA","NOMBPROV":"LIMA","NOMBDEP":"LIMA"},"geometry":{"type":"Polygon","coordinates":[[[-77.0307,-11.9964],[-77.053,-12.011],[-77.0614,-12.0084],[-77.0598,-11.9769],[-77.0283,-11.9607],[-77.0307,-11.9964]]]}},{"type":"Feature","properties":{"IDDIST":"150702","NOMBDIST":"ANTIOQUIA","NOMBPROV":"HUAROCHIRI","NOMBDEP":"LIMA"},"geometry":{"type":"Polygon","coordinates":[[[-76.5817,-11.9496],[-76.5729,-11.9609],[-76.5146,-12.017],[-76.5015,-12.0383],[-76.4439,-12.0377],[-76.4438,-12.0656],[-76.4677,-12.1029],[-76.517,-12.1661],[-76.5512,-12.1283],[-76.6125,-12.1441],[-76.6793,-12.131],[-76.7073,-12.114],[-76.6781,-12.053],[-76.7223,-11.9996],[-76.7148,-11.9924],[-76.6483,-11.9674],[-76.5817,-11.9496]]]}},{"type":"Feature","properties":{"IDDIST":"120129","NOMBDIST":"SAN AGUSTIN","NOMBPROV":"HUANCAYO","NOMBDEP":"JUNIN"},"geometry":{"type":"Polygon","coordinates":[[[-75.2471,-12.033],[-75.2557,-12.0227],[-75.2629,-11.9916],[-75.2103,-11.9457],[-75.1987,-11.9592],[-75.2471,-12.033]]]}},{"type":"Feature","properties":{"IDDIST":"120117","NOMBDIST":"HUALHUAS","NOMBPROV":"HUANCAYO","NOMBDEP":"JUNIN"},"geometry":{"type":"Polygon","coordinates":[[[-75.2103,-11.9457],[-75.2629,-11.9916],[-75.2667,-11.982],[-75.2129,-11.9411],[-75.2103,-11.9457]]]}},{"type":"Feature","properties":{"IDDIST":"120213","NOMBDIST":"ORCOTUNA","NOMBPROV":"CONCEPCION","NOMBDEP":"JUNIN"},"geometry":{"type":"Polygon","coordinates":[[[-75.281,-11.9757],[-75.2801,-11.9775],[-75.3307,-12.0103],[-75.3788,-11.9807],[-75.3482,-11.9472],[-75.3128,-11.938],[-75.281,-11.9757]]]}},{"type":"Feature","properties":{"IDDIST":"070101","NOMBDIST":"CALLAO","NOMBPROV":"CALLAO","NOMBDEP":"CALLAO"},"geometry":{"type":"Polygon","coordinates":[[[-77.1287,-11.9372],[-77.0879,-12.0162],[-77.0935,-12.0381],[-77.0815,-12.047],[-77.0876,-12.0519],[-77.1329,-12.0679],[-77.1326,-12.0705],[-77.1564,-12.0679],[-77.1584,-12.0666],[-77.1375,-12.0109],[-77.1381,-11.9393],[-77.1287,-11.9372]]]}},{"type":"Feature","properties":{"IDDIST":"120204","NOMBDIST":"CHAMBARA","NOMBPROV":"CONCEPCION","NOMBDEP":"JUNIN"},"geometry":{"type":"Polygon","coordinates":[[[-75.4523,-11.9586],[-75.3994,-11.9727],[-75.3554,-12.0278],[-75.3918,-12.0399],[-75.4235,-12.0431],[-75.4628,-12.057],[-75.473,-11.9962],[-75.4523,-11.9586]]]}},{"type":"Feature","properties":{"IDDIST":"150135","NOMBDIST":"SAN MARTIN DE PORRES","NOMBPROV":"LIMA","NOMBDEP":"LIMA"},"geometry":{"type":"Polygon","coordinates":[[[-77.0614,-12.0084],[-77.053,-12.011],[-77.0435,-12.0389],[-77.0829,-12.0364],[-77.0935,-12.0381],[-77.0879,-12.0162],[-77.1287,-11.9372],[-77.0959,-11.9501],[-77.0842,-11.9343],[-77.0614,-12.0084]]]}},{"type":"Feature","properties":{"IDDIST":"120132","NOMBDIST":"SAÑO","NOMBPROV":"HUANCAYO","NOMBDEP":"JUNIN"},"geometry":{"type":"Polygon","coordinates":[[[-75.2119,-11.9365],[-75.2129,-11.9411],[-75.2667,-11.982],[-75.2801,-11.9775],[-75.281,-11.9757],[-75.2655,-11.9508],[-75.2119,-11.9365]]]}},{"type":"Feature","properties":{"IDDIST":"150730","NOMBDIST":"SANTIAGO DE TUNA","NOMBPROV":"HUAROCHIRI","NOMBDEP":"LIMA"},"geometry":{"type":"Polygon","coordinates":[[[-76.4905,-11.9359],[-76.4945,-11.9897],[-76.5146,-12.017],[-76.5729,-11.9609],[-76.5306,-11.9269],[-76.4905,-11.9359]]]}},{"type":"Feature","properties":{"IDDIST":"150715","NOMBDIST":"SAN ANDRES DE TUPICOCHA","NOMBPROV":"HUAROCHIRI","NOMBDEP":"LIMA"},"geometry":{"type":"Polygon","coordinates":[[[-76.4156,-11.9446],[-76.4231,-12.0223],[-76.4439,-12.0377],[-76.5015,-12.0383],[-76.5146,-12.017],[-76.4945,-11.9897],[-76.4905,-11.9359],[-76.4527,-11.9262],[-76.4156,-11.9446]]]}},{"type":"Feature","properties":{"IDDIST":"120202","NOMBDIST":"ACO","NOMBPROV":"CONCEPCION","NOMBDEP":"JUNIN"},"geometry":{"type":"Polygon","coordinates":[[[-75.3931,-11.9261],[-75.3482,-11.9472],[-75.3788,-11.9807],[-75.3994,-11.9727],[-75.4523,-11.9586],[-75.3931,-11.9261]]]}},{"type":"Feature","properties":{"IDDIST":"150117","NOMBDIST":"LOS OLIVOS","NOMBPROV":"LIMA","NOMBDEP":"LIMA"},"geometry":{"type":"Polygon","coordinates":[[[-77.0598,-11.9769],[-77.0614,-12.0084],[-77.0842,-11.9343],[-77.0735,-11.9184],[-77.0598,-11.9769]]]}},{"type":"Feature","properties":{"IDDIST":"150721","NOMBDIST":"SAN LORENZO DE QUINTI","NOMBPROV":"HUAROCHIRI","NOMBDEP":"LIMA"},"geometry":{"type":"Polygon","coordinates":[[[-76.0571,-11.9248],[-76.0519,-11.939],[-75.9932,-11.9947],[-76.0198,-12.0628],[-76.0614,-12.0885],[-76.0568,-12.1327],[-76.0862,-12.1604],[-76.0669,-12.1907],[-76.1712,-12.2593],[-76.2169,-12.2643],[-76.2484,-12.2989],[-76.2188,-12.1573],[-76.2141,-12.1449],[-76.1952,-12.1327],[-76.137,-12.0891],[-76.1192,-12.0206],[-76.1097,-11.9207],[-76.0571,-11.9248]]]}},{"type":"Feature","properties":{"IDDIST":"150714","NOMBDIST":"RICARDO PALMA","NOMBPROV":"HUAROCHIRI","NOMBDEP":"LIMA"},"geometry":{"type":"Polygon","coordinates":[[[-76.5938,-11.908],[-76.5817,-11.9496],[-76.6483,-11.9674],[-76.6688,-11.9235],[-76.5938,-11.908]]]}},{"type":"Feature","properties":{"IDDIST":"120101","NOMBDIST":"HUANCAYO","NOMBPROV":"HUANCAYO","NOMBDEP":"JUNIN"},"geometry":{"type":"Polygon","coordinates":[[[-75.0535,-11.9036],[-75.0111,-11.921],[-74.9466,-11.9938],[-74.9526,-12.0158],[-75.0471,-12.0116],[-75.0846,-12.0562],[-75.1247,-12.0479],[-75.1508,-12.0491],[-75.2322,-12.0877],[-75.2362,-12.0696],[-75.1617,-12.0043],[-75.1293,-12.0099],[-75.0806,-11.97],[-75.0956,-11.9234],[-75.0535,-11.9036]]]}},{"type":"Feature","properties":{"IDDIST":"120211","NOMBDIST":"MITO","NOMBPROV":"CONCEPCION","NOMBDEP":"JUNIN"},"geometry":{"type":"Polygon","coordinates":[[[-75.3451,-11.9092],[-75.3128,-11.938],[-75.3482,-11.9472],[-75.3931,-11.9261],[-75.3579,-11.9003],[-75.3451,-11.9092]]]}},{"type":"Feature","properties":{"IDDIST":"170104","NOMBDIST":"LABERINTO","NOMBPROV":"TAMBOPATA","NOMBDEP":"MADRE DE DIOS"},"geometry":{"type":"Polygon","coordinates":[[[-69.4886,-12.7612],[-69.5602,-12.7768],[-69.5941,-12.8804],[-69.6144,-12.8644],[-69.6748,-12.8941],[-69.7484,-12.844],[-69.8311,-12.8404],[-69.7917,-12.7883],[-69.7478,-12.7078],[-69.8517,-12.6699],[-69.8919,-12.6409],[-70.0094,-12.6515],[-70.0384,-12.6087],[-70.092,-12.5455],[-70.1034,-12.5083],[-70.2296,-12.4669],[-70.2568,-12.4212],[-70.247,-12.3853],[-70.2756,-12.3131],[-70.3475,-12.2044],[-70.4034,-12.1508],[-70.487,-12.1103],[-70.5177,-12.0865],[-70.5476,-12.0863],[-70.5865,-12.0513],[-70.5974,-12.0115],[-70.6601,-11.9533],[-70.7209,-11.9332],[-70.6904,-11.898],[-70.5781,-11.9287],[-70.4406,-12.052],[-70.3979,-12.0711],[-70.3459,-12.1145],[-70.3474,-12.1612],[-70.3125,-12.1867],[-70.24,-12.327],[-70.1649,-12.3576],[-70.0948,-12.3495],[-70.0439,-12.3774],[-70.0063,-12.425],[-69.9388,-12.4301],[-69.8918,-12.4747],[-69.8079,-12.4807],[-69.7234,-12.5225],[-69.6592,-12.4991],[-69.5971,-12.5142],[-69.5701,-12.491],[-69.5404,-12.5693],[-69.5007,-12.572],[-69.5042,-12.6219],[-69.4531,-12.6163],[-69.459,-12.6977],[-69.4368,-12.7258],[-69.4886,-12.7612]]]}},{"type":"Feature","properties":{"IDDIST":"150727","NOMBDIST":"SANTA CRUZ DE COCACHACRA","NOMBPROV":"HUAROCHIRI","NOMBDEP":"LIMA"},"geometry":{"type":"Polygon","coordinates":[[[-76.5306,-11.9269],[-76.5729,-11.9609],[-76.5817,-11.9496],[-76.5938,-11.908],[-76.5373,-11.8935],[-76.5306,-11.9269]]]}},{"type":"Feature","properties":{"IDDIST":"120130","NOMBDIST":"SAN JERONIMO DE TUNAN","NOMBPROV":"HUANCAYO","NOMBDEP":"JUNIN"},"geometry":{"type":"Polygon","coordinates":[[[-75.2792,-11.9291],[-75.2655,-11.9508],[-75.281,-11.9757],[-75.3128,-11.938],[-75.2905,-11.8982],[-75.279,-11.8921],[-75.2792,-11.9291]]]}},{"type":"Feature","properties":{"IDDIST":"150110","NOMBDIST":"COMAS","NOMBPROV":"LIMA","NOMBDEP":"LIMA"},"geometry":{"type":"Polygon","coordinates":[[[-76.988,-11.8971],[-77.0283,-11.9607],[-77.0598,-11.9769],[-77.0735,-11.9184],[-77.0541,-11.8898],[-77.0255,-11.9093],[-76.988,-11.8971]]]}},{"type":"Feature","properties":{"IDDIST":"150720","NOMBDIST":"SAN JUAN DE TANTARANCHE","NOMBPROV":"HUAROCHIRI","NOMBDEP":"LIMA"},"geometry":{"type":"Polygon","coordinates":[[[-76.1097,-11.9207],[-76.1192,-12.0206],[-76.137,-12.0891],[-76.1952,-12.1327],[-76.2031,-12.1123],[-76.1488,-12.0423],[-76.1357,-11.9745],[-76.1828,-11.996],[-76.2252,-11.9964],[-76.1945,-11.9292],[-76.1622,-11.8869],[-76.1097,-11.9207]]]}},{"type":"Feature","properties":{"IDDIST":"120201","NOMBDIST":"CONCEPCION","NOMBPROV":"CONCEPCION","NOMBDEP":"JUNIN"},"geometry":{"type":"Polygon","coordinates":[[[-75.2922,-11.8862],[-75.2905,-11.8982],[-75.3128,-11.938],[-75.3451,-11.9092],[-75.328,-11.8952],[-75.2957,-11.8818],[-75.2922,-11.8862]]]}},{"type":"Feature","properties":{"IDDIST":"150709","NOMBDIST":"HUAROCHIRI","NOMBPROV":"HUAROCHIRI","NOMBDEP":"LIMA"},"geometry":{"type":"Polygon","coordinates":[[[-76.1622,-11.8869],[-76.1945,-11.9292],[-76.2252,-11.9964],[-76.256,-12.0464],[-76.2285,-12.1089],[-76.2141,-12.1449],[-76.2188,-12.1573],[-76.2843,-12.1641],[-76.2708,-12.1958],[-76.3051,-12.2151],[-76.3212,-12.2025],[-76.3475,-12.1269],[-76.3341,-12.0611],[-76.3245,-12.0283],[-76.262,-11.9944],[-76.2249,-11.9499],[-76.2186,-11.9127],[-76.1622,-11.8869]]]}},{"type":"Feature","properties":{"IDDIST":"120212","NOMBDIST":"NUEVE DE JULIO","NOMBPROV":"CONCEPCION","NOMBDEP":"JUNIN"},"geometry":{"type":"Polygon","coordinates":[[[-75.2957,-11.8818],[-75.328,-11.8952],[-75.3276,-11.8826],[-75.2957,-11.8818]]]}},{"type":"Feature","properties":{"IDDIST":"150118","NOMBDIST":"LURIGANCHO","NOMBPROV":"LIMA","NOMBDEP":"LIMA"},"geometry":{"type":"Polygon","coordinates":[[[-76.704,-11.8914],[-76.6688,-11.9235],[-76.6483,-11.9674],[-76.7148,-11.9924],[-76.7312,-11.9616],[-76.8372,-11.9926],[-76.9369,-12.022],[-76.9531,-12.0223],[-76.9694,-11.9949],[-76.9314,-11.9422],[-76.8937,-11.9562],[-76.7917,-11.9276],[-76.7279,-11.8757],[-76.704,-11.8914]]]}},{"type":"Feature","properties":{"IDDIST":"120431","NOMBDIST":"SINCOS","NOMBPROV":"JAUJA","NOMBDEP":"JUNIN"},"geometry":{"type":"Polygon","coordinates":[[[-75.3579,-11.9003],[-75.3931,-11.9261],[-75.4523,-11.9586],[-75.473,-11.9962],[-75.5434,-12.0273],[-75.5797,-12.002],[-75.6188,-11.9537],[-75.6408,-11.8898],[-75.6148,-11.8903],[-75.5729,-11.9271],[-75.5317,-11.8996],[-75.4984,-11.9206],[-75.4696,-11.8839],[-75.401,-11.8742],[-75.3579,-11.9003]]]}},{"type":"Feature","properties":{"IDDIST":"120114","NOMBDIST":"EL TAMBO","NOMBPROV":"HUANCAYO","NOMBDEP":"JUNIN"},"geometry":{"type":"Polygon","coordinates":[[[-75.0625,-11.889],[-75.0535,-11.9036],[-75.0956,-11.9234],[-75.0806,-11.97],[-75.1293,-12.0099],[-75.1617,-12.0043],[-75.2362,-12.0696],[-75.2388,-12.0631],[-75.2471,-12.033],[-75.1987,-11.9592],[-75.2103,-11.9457],[-75.2129,-11.9411],[-75.2119,-11.9365],[-75.171,-11.9098],[-75.1105,-11.9261],[-75.0735,-11.8726],[-75.0625,-11.889]]]}},{"type":"Feature","properties":{"IDDIST":"150717","NOMBDIST":"SAN BARTOLOME","NOMBPROV":"HUAROCHIRI","NOMBDEP":"LIMA"},"geometry":{"type":"Polygon","coordinates":[[[-76.4527,-11.9262],[-76.4905,-11.9359],[-76.5306,-11.9269],[-76.5373,-11.8935],[-76.4985,-11.8635],[-76.4527,-11.9262]]]}},{"type":"Feature","properties":{"IDDIST":"150132","NOMBDIST":"SAN JUAN DE LURIGANCHO","NOMBPROV":"LIMA","NOMBDEP":"LIMA"},"geometry":{"type":"Polygon","coordinates":[[[-76.9314,-11.9422],[-76.9694,-11.9949],[-76.9531,-12.0223],[-77.0095,-12.0309],[-77.0126,-12.0373],[-77.0307,-11.9964],[-77.0283,-11.9607],[-76.988,-11.8971],[-76.9423,-11.8609],[-76.9121,-11.8893],[-76.9314,-11.9422]]]}},{"type":"Feature","properties":{"IDDIST":"120210","NOMBDIST":"MATAHUASI","NOMBPROV":"CONCEPCION","NOMBDEP":"JUNIN"},"geometry":{"type":"Polygon","coordinates":[[[-75.3366,-11.8568],[-75.3276,-11.8826],[-75.328,-11.8952],[-75.3451,-11.9092],[-75.3579,-11.9003],[-75.401,-11.8742],[-75.3743,-11.8638],[-75.3366,-11.8568]]]}},{"type":"Feature","properties":{"IDDIST":"120215","NOMBDIST":"SANTA ROSA DE OCOPA","NOMBPROV":"CONCEPCION","NOMBDEP":"JUNIN"},"geometry":{"type":"Polygon","coordinates":[[[-75.3109,-11.8576],[-75.2746,-11.8635],[-75.2922,-11.8862],[-75.2957,-11.8818],[-75.3276,-11.8826],[-75.3366,-11.8568],[-75.3109,-11.8576]]]}},{"type":"Feature","properties":{"IDDIST":"150718","NOMBDIST":"SAN DAMIAN","NOMBPROV":"HUAROCHIRI","NOMBDEP":"LIMA"},"geometry":{"type":"Polygon","coordinates":[[[-76.2186,-11.9127],[-76.2249,-11.9499],[-76.262,-11.9944],[-76.3245,-12.0283],[-76.3341,-12.0611],[-76.4438,-12.0656],[-76.4439,-12.0377],[-76.4231,-12.0223],[-76.4156,-11.9446],[-76.3967,-11.9215],[-76.3228,-11.875],[-76.3106,-11.8419],[-76.2824,-11.8421],[-76.2625,-11.8878],[-76.2186,-11.9127]]]}},{"type":"Feature","properties":{"IDDIST":"120413","NOMBDIST":"LEONOR ORDOÑEZ","NOMBPROV":"JAUJA","NOMBDEP":"JUNIN"},"geometry":{"type":"Polygon","coordinates":[[[-75.4123,-11.841],[-75.401,-11.8742],[-75.4696,-11.8839],[-75.4653,-11.8743],[-75.4425,-11.8618],[-75.4168,-11.8379],[-75.4123,-11.841]]]}},{"type":"Feature","properties":{"IDDIST":"120423","NOMBDIST":"PACCHA","NOMBPROV":"JAUJA","NOMBDEP":"JUNIN"},"geometry":{"type":"Polygon","coordinates":[[[-75.4973,-11.8245],[-75.4819,-11.8559],[-75.4653,-11.8743],[-75.4696,-11.8839],[-75.4984,-11.9206],[-75.5317,-11.8996],[-75.5729,-11.9271],[-75.6148,-11.8903],[-75.5459,-11.8538],[-75.4994,-11.8242],[-75.4973,-11.8245]]]}},{"type":"Feature","properties":{"IDDIST":"120128","NOMBDIST":"QUILCAS","NOMBPROV":"HUANCAYO","NOMBDEP":"JUNIN"},"geometry":{"type":"Polygon","coordinates":[[[-75.0735,-11.8726],[-75.1105,-11.9261],[-75.171,-11.9098],[-75.2119,-11.9365],[-75.2655,-11.9508],[-75.2792,-11.9291],[-75.2242,-11.8881],[-75.2105,-11.8425],[-75.1605,-11.8207],[-75.1293,-11.8422],[-75.0922,-11.8341],[-75.0735,-11.8726]]]}},{"type":"Feature","properties":{"IDDIST":"070106","NOMBDIST":"VENTANILLA","NOMBPROV":"CALLAO","NOMBDEP":"CALLAO"},"geometry":{"type":"Polygon","coordinates":[[[-77.126,-11.8208],[-77.0942,-11.8752],[-77.0959,-11.9501],[-77.1287,-11.9372],[-77.1381,-11.9393],[-77.1568,-11.8743],[-77.1871,-11.8284],[-77.1471,-11.8193],[-77.126,-11.8208]]]}},{"type":"Feature","properties":{"IDDIST":"120124","NOMBDIST":"PARIAHUANCA","NOMBPROV":"HUANCAYO","NOMBDEP":"JUNIN"},"geometry":{"type":"Polygon","coordinates":[[[-74.9929,-11.8169],[-74.9215,-11.8461],[-74.8879,-11.8463],[-74.8178,-11.9357],[-74.7613,-11.9407],[-74.6709,-12.0121],[-74.6816,-12.0295],[-74.7201,-12.0591],[-74.7486,-12.0414],[-74.7943,-12.0583],[-74.8708,-12.066],[-74.9526,-12.0158],[-74.9466,-11.9938],[-75.0111,-11.921],[-75.0535,-11.9036],[-75.0625,-11.889],[-75.0156,-11.8213],[-74.9929,-11.8169]]]}},{"type":"Feature","properties":{"IDDIST":"120420","NOMBDIST":"MUQUI","NOMBPROV":"JAUJA","NOMBDEP":"JUNIN"},"geometry":{"type":"Polygon","coordinates":[[[-75.4231,-11.8302],[-75.4168,-11.8379],[-75.4425,-11.8618],[-75.4354,-11.8133],[-75.4231,-11.8302]]]}},{"type":"Feature","properties":{"IDDIST":"170201","NOMBDIST":"MANU","NOMBPROV":"MANU","NOMBDEP":"MADRE DE DIOS"},"geometry":{"type":"Polygon","coordinates":[[[-71.185,-12.7175],[-71.1903,-12.7692],[-71.2826,-12.8278],[-71.2702,-12.8902],[-71.2449,-12.9075],[-71.265,-12.9629],[-71.3549,-12.884],[-71.4152,-12.8943],[-71.4489,-12.8633],[-71.451,-12.825],[-71.5026,-12.7562],[-71.5473,-12.7345],[-71.5521,-12.7093],[-71.6003,-12.7001],[-71.695,-12.7388],[-71.6983,-12.762],[-71.7469,-12.7961],[-71.7647,-12.7675],[-71.8106,-12.745],[-71.9004,-12.7334],[-71.9165,-12.7033],[-71.9786,-12.6833],[-71.9564,-12.6549],[-71.9814,-12.5805],[-72.0315,-12.5248],[-72.0711,-12.5115],[-72.079,-12.4986],[-72.0615,-12.4404],[-72.0098,-12.4042],[-71.976,-12.3988],[-71.9588,-12.3201],[-71.9719,-12.3004],[-71.9678,-12.1975],[-71.9499,-12.1743],[-71.9292,-12.0979],[-71.8878,-12.059],[-71.7503,-12.0192],[-71.719,-11.9808],[-71.682,-11.9881],[-71.6322,-11.9479],[-71.632,-11.8643],[-71.5246,-11.8153],[-71.4811,-11.8123],[-71.4273,-11.8936],[-71.3566,-11.9084],[-71.3455,-11.9301],[-71.2871,-11.9426],[-71.1349,-12.0605],[-71.1011,-12.1232],[-71.0246,-12.1665],[-70.9996,-12.2231],[-70.9215,-12.2792],[-70.9623,-12.3392],[-71.0348,-12.3576],[-71.1533,-12.4865],[-71.2049,-12.5739],[-71.2113,-12.6161],[-71.185,-12.7175]]]}},{"type":"Feature","properties":{"IDDIST":"120207","NOMBDIST":"HEROINAS TOLEDO","NOMBPROV":"CONCEPCION","NOMBDEP":"JUNIN"},"geometry":{"type":"Polygon","coordinates":[[[-75.2507,-11.8099],[-75.2746,-11.8635],[-75.3109,-11.8576],[-75.2662,-11.8125],[-75.2507,-11.8099]]]}},{"type":"Feature","properties":{"IDDIST":"120127","NOMBDIST":"QUICHUAY","NOMBPROV":"HUANCAYO","NOMBDEP":"JUNIN"},"geometry":{"type":"Polygon","coordinates":[[[-75.279,-11.8921],[-75.2905,-11.8982],[-75.2922,-11.8862],[-75.2746,-11.8635],[-75.2507,-11.8099],[-75.221,-11.8045],[-75.2294,-11.8656],[-75.279,-11.8921]]]}},{"type":"Feature","properties":{"IDDIST":"150125","NOMBDIST":"PUENTE PIEDRA","NOMBPROV":"LIMA","NOMBDEP":"LIMA"},"geometry":{"type":"Polygon","coordinates":[[[-77.0541,-11.8898],[-77.0735,-11.9184],[-77.0842,-11.9343],[-77.0959,-11.9501],[-77.0942,-11.8752],[-77.126,-11.8208],[-77.0922,-11.8036],[-77.0541,-11.8898]]]}},{"type":"Feature","properties":{"IDDIST":"120421","NOMBDIST":"MUQUIYAUYO","NOMBPROV":"JAUJA","NOMBDEP":"JUNIN"},"geometry":{"type":"Polygon","coordinates":[[[-75.4354,-11.8133],[-75.4425,-11.8618],[-75.4653,-11.8743],[-75.4819,-11.8559],[-75.4587,-11.7975],[-75.4354,-11.8133]]]}},{"type":"Feature","properties":{"IDDIST":"120409","NOMBDIST":"HUARIPAMPA","NOMBPROV":"JAUJA","NOMBDEP":"JUNIN"},"geometry":{"type":"Polygon","coordinates":[[[-75.4665,-11.7976],[-75.4587,-11.7975],[-75.4819,-11.8559],[-75.4973,-11.8245],[-75.4876,-11.8019],[-75.4665,-11.7976]]]}},{"type":"Feature","properties":{"IDDIST":"120122","NOMBDIST":"INGENIO","NOMBPROV":"HUANCAYO","NOMBDEP":"JUNIN"},"geometry":{"type":"Polygon","coordinates":[[[-75.1605,-11.8207],[-75.2105,-11.8425],[-75.2242,-11.8881],[-75.2792,-11.9291],[-75.279,-11.8921],[-75.2294,-11.8656],[-75.221,-11.8045],[-75.1724,-11.7977],[-75.1605,-11.8207]]]}},{"type":"Feature","properties":{"IDDIST":"120428","NOMBDIST":"SAN LORENZO","NOMBPROV":"JAUJA","NOMBDEP":"JUNIN"},"geometry":{"type":"Polygon","coordinates":[[[-75.331,-11.811],[-75.3568,-11.8155],[-75.3743,-11.8638],[-75.401,-11.8742],[-75.4123,-11.841],[-75.3541,-11.7919],[-75.331,-11.811]]]}},{"type":"Feature","properties":{"IDDIST":"120407","NOMBDIST":"EL MANTARO","NOMBPROV":"JAUJA","NOMBDEP":"JUNIN"},"geometry":{"type":"Polygon","coordinates":[[[-75.3541,-11.7919],[-75.4123,-11.841],[-75.4168,-11.8379],[-75.4231,-11.8302],[-75.3948,-11.7983],[-75.3541,-11.7919]]]}},{"type":"Feature","properties":{"IDDIST":"150732","NOMBDIST":"SURCO","NOMBPROV":"HUAROCHIRI","NOMBDEP":"LIMA"},"geometry":{"type":"Polygon","coordinates":[[[-76.3967,-11.9215],[-76.4156,-11.9446],[-76.4527,-11.9262],[-76.4985,-11.8635],[-76.4411,-11.7905],[-76.4269,-11.8553],[-76.3956,-11.8915],[-76.3967,-11.9215]]]}},{"type":"Feature","properties":{"IDDIST":"120430","NOMBDIST":"SAUSA","NOMBPROV":"JAUJA","NOMBDEP":"JUNIN"},"geometry":{"type":"Polygon","coordinates":[[[-75.4634,-11.7921],[-75.4665,-11.7976],[-75.4876,-11.8019],[-75.4925,-11.7853],[-75.4634,-11.7921]]]}},{"type":"Feature","properties":{"IDDIST":"120425","NOMBDIST":"PARCO","NOMBPROV":"JAUJA","NOMBDEP":"JUNIN"},"geometry":{"type":"Polygon","coordinates":[[[-75.5486,-11.7912],[-75.4994,-11.8242],[-75.5459,-11.8538],[-75.5762,-11.7827],[-75.5486,-11.7912]]]}},{"type":"Feature","properties":{"IDDIST":"150139","NOMBDIST":"SANTA ROSA","NOMBPROV":"LIMA","NOMBDEP":"LIMA"},"geometry":{"type":"Polygon","coordinates":[[[-77.1471,-11.8193],[-77.1871,-11.8284],[-77.1855,-11.7889],[-77.1471,-11.8193]]]}},{"type":"Feature","properties":{"IDDIST":"120404","NOMBDIST":"ATAURA","NOMBPROV":"JAUJA","NOMBDEP":"JUNIN"},"geometry":{"type":"Polygon","coordinates":[[[-75.4313,-11.7978],[-75.4354,-11.8133],[-75.4587,-11.7975],[-75.4665,-11.7976],[-75.4634,-11.7921],[-75.4582,-11.7876],[-75.451,-11.7808],[-75.4313,-11.7978]]]}},{"type":"Feature","properties":{"IDDIST":"150703","NOMBDIST":"CALLAHUANCA","NOMBPROV":"HUAROCHIRI","NOMBDEP":"LIMA"},"geometry":{"type":"Polygon","coordinates":[[[-76.5142,-11.7799],[-76.5402,-11.8201],[-76.6333,-11.8516],[-76.6273,-11.8157],[-76.5441,-11.7773],[-76.5142,-11.7799]]]}},{"type":"Feature","properties":{"IDDIST":"120434","NOMBDIST":"YAUYOS","NOMBPROV":"JAUJA","NOMBDEP":"JUNIN"},"geometry":{"type":"Polygon","coordinates":[[[-75.4925,-11.7853],[-75.4876,-11.8019],[-75.4973,-11.8245],[-75.4994,-11.8242],[-75.5486,-11.7912],[-75.537,-11.7796],[-75.515,-11.7743],[-75.4925,-11.7853]]]}},{"type":"Feature","properties":{"IDDIST":"120414","NOMBDIST":"LLOCLLAPAMPA","NOMBPROV":"JAUJA","NOMBDEP":"JUNIN"},"geometry":{"type":"Polygon","coordinates":[[[-75.5896,-11.7956],[-75.5762,-11.7827],[-75.5459,-11.8538],[-75.6148,-11.8903],[-75.6408,-11.8898],[-75.6858,-11.843],[-75.7078,-11.7703],[-75.6296,-11.8158],[-75.5896,-11.7956]]]}},{"type":"Feature","properties":{"IDDIST":"150723","NOMBDIST":"SAN MATEO DE OTAO","NOMBPROV":"HUAROCHIRI","NOMBDEP":"LIMA"},"geometry":{"type":"Polygon","coordinates":[[[-76.447,-11.7777],[-76.4411,-11.7905],[-76.4985,-11.8635],[-76.5373,-11.8935],[-76.5938,-11.908],[-76.5989,-11.8697],[-76.6333,-11.8516],[-76.5402,-11.8201],[-76.5142,-11.7799],[-76.473,-11.7651],[-76.447,-11.7777]]]}},{"type":"Feature","properties":{"IDDIST":"150728","NOMBDIST":"SANTA EULALIA","NOMBPROV":"HUAROCHIRI","NOMBDEP":"LIMA"},"geometry":{"type":"Polygon","coordinates":[[[-76.6173,-11.7805],[-76.6273,-11.8157],[-76.6333,-11.8516],[-76.5989,-11.8697],[-76.5938,-11.908],[-76.6688,-11.9235],[-76.704,-11.8914],[-76.6629,-11.7956],[-76.6173,-11.7805]]]}},{"type":"Feature","properties":{"IDDIST":"120401","NOMBDIST":"JAUJA","NOMBPROV":"JAUJA","NOMBDEP":"JUNIN"},"geometry":{"type":"Polygon","coordinates":[[[-75.4854,-11.7674],[-75.4582,-11.7876],[-75.4634,-11.7921],[-75.4925,-11.7853],[-75.515,-11.7743],[-75.5128,-11.7601],[-75.4854,-11.7674]]]}},{"type":"Feature","properties":{"IDDIST":"120809","NOMBDIST":"SUITUCANCHA","NOMBPROV":"YAULI","NOMBDEP":"JUNIN"},"geometry":{"type":"Polygon","coordinates":[[[-75.9084,-11.7739],[-75.8931,-11.7836],[-75.9067,-11.8736],[-75.9557,-11.8705],[-75.9935,-11.8996],[-76.0243,-11.8976],[-76.0519,-11.939],[-76.0571,-11.9248],[-76.0519,-11.8996],[-76.0564,-11.8344],[-76.0404,-11.7743],[-76.0127,-11.7951],[-75.9779,-11.7666],[-75.9292,-11.7559],[-75.9084,-11.7739]]]}},{"type":"Feature","properties":{"IDDIST":"120416","NOMBDIST":"MASMA","NOMBPROV":"JAUJA","NOMBDEP":"JUNIN"},"geometry":{"type":"Polygon","coordinates":[[[-75.4313,-11.7978],[-75.451,-11.7808],[-75.451,-11.7704],[-75.4029,-11.7497],[-75.4313,-11.7978]]]}},{"type":"Feature","properties":{"IDDIST":"120408","NOMBDIST":"HUAMALI","NOMBPROV":"JAUJA","NOMBDEP":"JUNIN"},"geometry":{"type":"Polygon","coordinates":[[[-75.3948,-11.7983],[-75.4231,-11.8302],[-75.4354,-11.8133],[-75.4313,-11.7978],[-75.4029,-11.7497],[-75.3948,-11.7983]]]}},{"type":"Feature","properties":{"IDDIST":"120405","NOMBDIST":"CANCHAYLLO","NOMBPROV":"JAUJA","NOMBDEP":"JUNIN"},"geometry":{"type":"Polygon","coordinates":[[[-75.7078,-11.7703],[-75.6858,-11.843],[-75.6408,-11.8898],[-75.6188,-11.9537],[-75.5797,-12.002],[-75.6228,-12.0223],[-75.6565,-12.0087],[-75.6943,-12.0427],[-75.7657,-12.0596],[-75.8241,-12.0157],[-75.926,-11.9843],[-75.9477,-11.9943],[-75.9932,-11.9947],[-76.0519,-11.939],[-76.0243,-11.8976],[-75.9935,-11.8996],[-75.9557,-11.8705],[-75.9067,-11.8736],[-75.8931,-11.7836],[-75.8323,-11.7698],[-75.815,-11.7896],[-75.7546,-11.7747],[-75.7345,-11.7468],[-75.7078,-11.7703]]]}},{"type":"Feature","properties":{"IDDIST":"120410","NOMBDIST":"HUERTAS","NOMBPROV":"JAUJA","NOMBDEP":"JUNIN"},"geometry":{"type":"Polygon","coordinates":[[[-75.4478,-11.7463],[-75.451,-11.7704],[-75.451,-11.7808],[-75.4582,-11.7876],[-75.4854,-11.7674],[-75.4807,-11.7522],[-75.4704,-11.7473],[-75.4478,-11.7463]]]}},{"type":"Feature","properties":{"IDDIST":"120411","NOMBDIST":"JANJAILLO","NOMBPROV":"JAUJA","NOMBDEP":"JUNIN"},"geometry":{"type":"Polygon","coordinates":[[[-75.6049,-11.7369],[-75.606,-11.7403],[-75.5762,-11.7827],[-75.5896,-11.7956],[-75.6236,-11.7923],[-75.6681,-11.7417],[-75.6049,-11.7369]]]}},{"type":"Feature","properties":{"IDDIST":"120417","NOMBDIST":"MASMA CHICCHE","NOMBPROV":"JAUJA","NOMBDEP":"JUNIN"},"geometry":{"type":"Polygon","coordinates":[[[-75.3864,-11.735],[-75.3357,-11.7747],[-75.331,-11.811],[-75.3541,-11.7919],[-75.3948,-11.7983],[-75.4029,-11.7497],[-75.4022,-11.7349],[-75.3864,-11.735]]]}},{"type":"Feature","properties":{"IDDIST":"120412","NOMBDIST":"JULCAN","NOMBPROV":"JAUJA","NOMBDEP":"JUNIN"},"geometry":{"type":"Polygon","coordinates":[[[-75.4022,-11.7349],[-75.4029,-11.7497],[-75.451,-11.7704],[-75.4478,-11.7463],[-75.4022,-11.7349]]]}},{"type":"Feature","properties":{"IDDIST":"150724","NOMBDIST":"SAN PEDRO DE CASTA","NOMBPROV":"HUAROCHIRI","NOMBDEP":"LIMA"},"geometry":{"type":"Polygon","coordinates":[[[-76.473,-11.7651],[-76.5142,-11.7799],[-76.5441,-11.7773],[-76.6273,-11.8157],[-76.6173,-11.7805],[-76.6088,-11.7394],[-76.543,-11.7316],[-76.4943,-11.7347],[-76.473,-11.7651]]]}},{"type":"Feature","properties":{"IDDIST":"120415","NOMBDIST":"MARCO","NOMBPROV":"JAUJA","NOMBDEP":"JUNIN"},"geometry":{"type":"Polygon","coordinates":[[[-75.537,-11.7796],[-75.5486,-11.7912],[-75.5762,-11.7827],[-75.606,-11.7403],[-75.5592,-11.7309],[-75.537,-11.7796]]]}},{"type":"Feature","properties":{"IDDIST":"120424","NOMBDIST":"PANCAN","NOMBPROV":"JAUJA","NOMBDEP":"JUNIN"},"geometry":{"type":"Polygon","coordinates":[[[-75.4801,-11.7386],[-75.4807,-11.7522],[-75.4854,-11.7674],[-75.5128,-11.7601],[-75.5154,-11.7435],[-75.4981,-11.7288],[-75.4801,-11.7386]]]}},{"type":"Feature","properties":{"IDDIST":"120406","NOMBDIST":"CURICACA","NOMBPROV":"JAUJA","NOMBDEP":"JUNIN"},"geometry":{"type":"Polygon","coordinates":[[[-75.6681,-11.7417],[-75.6236,-11.7923],[-75.5896,-11.7956],[-75.6296,-11.8158],[-75.7078,-11.7703],[-75.7345,-11.7468],[-75.7003,-11.713],[-75.6681,-11.7417]]]}},{"type":"Feature","properties":{"IDDIST":"150701","NOMBDIST":"MATUCANA","NOMBPROV":"HUAROCHIRI","NOMBDEP":"LIMA"},"geometry":{"type":"Polygon","coordinates":[[[-76.3284,-11.7126],[-76.3567,-11.7422],[-76.3552,-11.8111],[-76.3106,-11.8419],[-76.3228,-11.875],[-76.3967,-11.9215],[-76.3956,-11.8915],[-76.4269,-11.8553],[-76.4411,-11.7905],[-76.447,-11.7777],[-76.4091,-11.7665],[-76.3835,-11.7128],[-76.3284,-11.7126]]]}},{"type":"Feature","properties":{"IDDIST":"120429","NOMBDIST":"SAN PEDRO DE CHUNAN","NOMBPROV":"JAUJA","NOMBDEP":"JUNIN"},"geometry":{"type":"Polygon","coordinates":[[[-75.4801,-11.7386],[-75.4981,-11.7288],[-75.5069,-11.696],[-75.4801,-11.7386]]]}},{"type":"Feature","properties":{"IDDIST":"150106","NOMBDIST":"CARABAYLLO","NOMBPROV":"LIMA","NOMBDEP":"LIMA"},"geometry":{"type":"Polygon","coordinates":[[[-76.9761,-11.6854],[-76.9803,-11.7244],[-76.9327,-11.7553],[-76.8969,-11.7294],[-76.8049,-11.7559],[-76.8512,-11.7981],[-76.9066,-11.7961],[-76.9423,-11.8609],[-76.988,-11.8971],[-77.0255,-11.9093],[-77.0541,-11.8898],[-77.0922,-11.8036],[-77.057,-11.7858],[-77.0317,-11.7395],[-77.0248,-11.681],[-76.9761,-11.6854]]]}},{"type":"Feature","properties":{"IDDIST":"150722","NOMBDIST":"SAN MATEO","NOMBPROV":"HUAROCHIRI","NOMBDEP":"LIMA"},"geometry":{"type":"Polygon","coordinates":[[[-76.1861,-11.7392],[-76.1369,-11.781],[-76.0519,-11.8996],[-76.0571,-11.9248],[-76.1097,-11.9207],[-76.1622,-11.8869],[-76.2186,-11.9127],[-76.2625,-11.8878],[-76.2824,-11.8421],[-76.3106,-11.8419],[-76.3552,-11.8111],[-76.3567,-11.7422],[-76.3284,-11.7126],[-76.3058,-11.6801],[-76.2582,-11.7349],[-76.2376,-11.7795],[-76.2035,-11.793],[-76.1861,-11.7392]]]}},{"type":"Feature","properties":{"IDDIST":"150719","NOMBDIST":"SAN JUAN DE IRIS","NOMBPROV":"HUAROCHIRI","NOMBDEP":"LIMA"},"geometry":{"type":"Polygon","coordinates":[[[-76.3835,-11.7128],[-76.4091,-11.7665],[-76.447,-11.7777],[-76.473,-11.7651],[-76.4943,-11.7347],[-76.543,-11.7316],[-76.5564,-11.692],[-76.5169,-11.6726],[-76.463,-11.6766],[-76.3835,-11.7128]]]}},{"type":"Feature","properties":{"IDDIST":"120135","NOMBDIST":"SANTO DOMINGO DE ACOBAMBA","NOMBPROV":"HUANCAYO","NOMBDEP":"JUNIN"},"geometry":{"type":"Polygon","coordinates":[[[-74.549,-11.997],[-74.6242,-11.9852],[-74.6709,-12.0121],[-74.7613,-11.9407],[-74.8178,-11.9357],[-74.8879,-11.8463],[-74.851,-11.8023],[-74.8386,-11.7629],[-74.77,-11.7623],[-74.7653,-11.7076],[-74.721,-11.6647],[-74.6757,-11.6718],[-74.6425,-11.701],[-74.6485,-11.7379],[-74.5967,-11.8185],[-74.5779,-11.8824],[-74.536,-11.8784],[-74.4867,-11.9422],[-74.5076,-11.9871],[-74.549,-11.997]]]}},{"type":"Feature","properties":{"IDDIST":"150716","NOMBDIST":"SAN ANTONIO","NOMBPROV":"HUAROCHIRI","NOMBDEP":"LIMA"},"geometry":{"type":"Polygon","coordinates":[[[-76.6088,-11.7394],[-76.6173,-11.7805],[-76.6629,-11.7956],[-76.704,-11.8914],[-76.7279,-11.8757],[-76.7917,-11.9276],[-76.8937,-11.9562],[-76.9314,-11.9422],[-76.9121,-11.8893],[-76.9423,-11.8609],[-76.9066,-11.7961],[-76.8512,-11.7981],[-76.8049,-11.7559],[-76.7497,-11.712],[-76.6655,-11.6588],[-76.6159,-11.6528],[-76.6458,-11.6967],[-76.6088,-11.7394]]]}},{"type":"Feature","properties":{"IDDIST":"120432","NOMBDIST":"TUNAN MARCA","NOMBPROV":"JAUJA","NOMBDEP":"JUNIN"},"geometry":{"type":"Polygon","coordinates":[[[-75.5592,-11.7309],[-75.606,-11.7403],[-75.6049,-11.7369],[-75.6222,-11.702],[-75.6139,-11.6479],[-75.5901,-11.7004],[-75.5592,-11.7309]]]}},{"type":"Feature","properties":{"IDDIST":"120802","NOMBDIST":"CHACAPALPA","NOMBPROV":"YAULI","NOMBDEP":"JUNIN"},"geometry":{"type":"Polygon","coordinates":[[[-75.7345,-11.7468],[-75.7546,-11.7747],[-75.815,-11.7896],[-75.8323,-11.7698],[-75.8931,-11.7836],[-75.9084,-11.7739],[-75.9054,-11.7267],[-75.8561,-11.6818],[-75.8475,-11.6546],[-75.7958,-11.651],[-75.7523,-11.7028],[-75.7345,-11.7468]]]}},{"type":"Feature","properties":{"IDDIST":"120803","NOMBDIST":"HUAY-HUAY","NOMBPROV":"YAULI","NOMBDEP":"JUNIN"},"geometry":{"type":"Polygon","coordinates":[[[-75.8561,-11.6818],[-75.9054,-11.7267],[-75.9084,-11.7739],[-75.9292,-11.7559],[-75.9779,-11.7666],[-76.0127,-11.7951],[-76.0404,-11.7743],[-76.0467,-11.714],[-76.0176,-11.7061],[-76.0071,-11.6612],[-75.9816,-11.6399],[-75.9271,-11.6783],[-75.8561,-11.6818]]]}},{"type":"Feature","properties":{"IDDIST":"120422","NOMBDIST":"PACA","NOMBPROV":"JAUJA","NOMBDEP":"JUNIN"},"geometry":{"type":"Polygon","coordinates":[[[-75.5249,-11.6352],[-75.5069,-11.696],[-75.4981,-11.7288],[-75.5154,-11.7435],[-75.5577,-11.6472],[-75.5249,-11.6352]]]}},{"type":"Feature","properties":{"IDDIST":"150707","NOMBDIST":"HUACHUPAMPA","NOMBPROV":"HUAROCHIRI","NOMBDEP":"LIMA"},"geometry":{"type":"Polygon","coordinates":[[[-76.5745,-11.6324],[-76.5564,-11.692],[-76.543,-11.7316],[-76.6088,-11.7394],[-76.6458,-11.6967],[-76.6159,-11.6528],[-76.5745,-11.6324]]]}},{"type":"Feature","properties":{"IDDIST":"120433","NOMBDIST":"YAULI","NOMBPROV":"JAUJA","NOMBDEP":"JUNIN"},"geometry":{"type":"Polygon","coordinates":[[[-75.4177,-11.652],[-75.4353,-11.7202],[-75.4704,-11.7473],[-75.4807,-11.7522],[-75.4801,-11.7386],[-75.5069,-11.696],[-75.5249,-11.6352],[-75.5204,-11.6187],[-75.4878,-11.6426],[-75.4177,-11.652]]]}},{"type":"Feature","properties":{"IDDIST":"150402","NOMBDIST":"ARAHUAY","NOMBPROV":"CANTA","NOMBDEP":"LIMA"},"geometry":{"type":"Polygon","coordinates":[[[-76.6591,-11.6008],[-76.6353,-11.609],[-76.5596,-11.5943],[-76.5745,-11.6324],[-76.6159,-11.6528],[-76.6655,-11.6588],[-76.7497,-11.712],[-76.7631,-11.6887],[-76.7485,-11.6353],[-76.6982,-11.6009],[-76.6591,-11.6008]]]}},{"type":"Feature","properties":{"IDDIST":"120810","NOMBDIST":"YAULI","NOMBPROV":"YAULI","NOMBDEP":"JUNIN"},"geometry":{"type":"Polygon","coordinates":[[[-75.9863,-11.6233],[-75.9816,-11.6399],[-76.0071,-11.6612],[-76.0176,-11.7061],[-76.0467,-11.714],[-76.0404,-11.7743],[-76.0564,-11.8344],[-76.0519,-11.8996],[-76.1369,-11.781],[-76.1861,-11.7392],[-76.2023,-11.728],[-76.2049,-11.6595],[-76.1807,-11.6144],[-76.1035,-11.6268],[-76.0333,-11.5809],[-75.9863,-11.6233]]]}},{"type":"Feature","properties":{"IDDIST":"120402","NOMBDIST":"ACOLLA","NOMBPROV":"JAUJA","NOMBDEP":"JUNIN"},"geometry":{"type":"Polygon","coordinates":[[[-75.5491,-11.5983],[-75.5204,-11.6187],[-75.5249,-11.6352],[-75.5577,-11.6472],[-75.5154,-11.7435],[-75.5128,-11.7601],[-75.515,-11.7743],[-75.537,-11.7796],[-75.5592,-11.7309],[-75.5901,-11.7004],[-75.6139,-11.6479],[-75.6228,-11.5886],[-75.6008,-11.5776],[-75.5491,-11.5983]]]}},{"type":"Feature","properties":{"IDDIST":"150102","NOMBDIST":"ANCON","NOMBPROV":"LIMA","NOMBDEP":"LIMA"},"geometry":{"type":"Polygon","coordinates":[[[-77.0049,-11.6135],[-77.035,-11.6524],[-77.0248,-11.681],[-77.0317,-11.7395],[-77.057,-11.7858],[-77.0922,-11.8036],[-77.126,-11.8208],[-77.1471,-11.8193],[-77.1855,-11.7889],[-77.1682,-11.7391],[-77.1935,-11.6783],[-77.1239,-11.6555],[-77.0518,-11.5761],[-77.0049,-11.6135]]]}},{"type":"Feature","properties":{"IDDIST":"150705","NOMBDIST":"CHICLA","NOMBPROV":"HUAROCHIRI","NOMBDEP":"LIMA"},"geometry":{"type":"Polygon","coordinates":[[[-76.2273,-11.5539],[-76.1807,-11.6144],[-76.2049,-11.6595],[-76.2023,-11.728],[-76.1861,-11.7392],[-76.2035,-11.793],[-76.2376,-11.7795],[-76.2582,-11.7349],[-76.3058,-11.6801],[-76.3251,-11.6542],[-76.2977,-11.5962],[-76.2273,-11.5539]]]}},{"type":"Feature","properties":{"IDDIST":"150704","NOMBDIST":"CARAMPOMA","NOMBPROV":"HUAROCHIRI","NOMBDEP":"LIMA"},"geometry":{"type":"Polygon","coordinates":[[[-76.2977,-11.5962],[-76.3251,-11.6542],[-76.3058,-11.6801],[-76.3284,-11.7126],[-76.3835,-11.7128],[-76.463,-11.6766],[-76.5169,-11.6726],[-76.5311,-11.6513],[-76.5139,-11.6297],[-76.5227,-11.6114],[-76.5038,-11.5579],[-76.5151,-11.5921],[-76.5058,-11.6287],[-76.5089,-11.6635],[-76.4008,-11.6085],[-76.35,-11.5423],[-76.3279,-11.5443],[-76.2977,-11.5962]]]}},{"type":"Feature","properties":{"IDDIST":"150407","NOMBDIST":"SANTA ROSA DE QUIVES","NOMBPROV":"CANTA","NOMBDEP":"LIMA"},"geometry":{"type":"Polygon","coordinates":[[[-76.6591,-11.6008],[-76.6982,-11.6009],[-76.7485,-11.6353],[-76.7631,-11.6887],[-76.7497,-11.712],[-76.8049,-11.7559],[-76.8969,-11.7294],[-76.9327,-11.7553],[-76.9803,-11.7244],[-76.9761,-11.6854],[-76.9269,-11.6396],[-76.8877,-11.6514],[-76.8079,-11.6209],[-76.7946,-11.5627],[-76.7542,-11.5853],[-76.71,-11.5415],[-76.6602,-11.5539],[-76.6591,-11.6008]]]}},{"type":"Feature","properties":{"IDDIST":"120205","NOMBDIST":"COCHAS","NOMBPROV":"CONCEPCION","NOMBDEP":"JUNIN"},"geometry":{"type":"Polygon","coordinates":[[[-75.0879,-11.6531],[-75.1789,-11.6496],[-75.1949,-11.6253],[-75.1517,-11.5287],[-75.0879,-11.6531]]]}},{"type":"Feature","properties":{"IDDIST":"120203","NOMBDIST":"ANDAMARCA","NOMBPROV":"CONCEPCION","NOMBDEP":"JUNIN"},"geometry":{"type":"Polygon","coordinates":[[[-74.766,-11.5984],[-74.7297,-11.611],[-74.721,-11.6647],[-74.7653,-11.7076],[-74.77,-11.7623],[-74.8386,-11.7629],[-74.851,-11.8023],[-74.8879,-11.8463],[-74.9215,-11.8461],[-74.9929,-11.8169],[-74.9608,-11.7802],[-74.9377,-11.6869],[-74.8975,-11.6851],[-74.9095,-11.5682],[-74.9327,-11.5559],[-74.8869,-11.5387],[-74.8202,-11.5884],[-74.766,-11.5984]]]}},{"type":"Feature","properties":{"IDDIST":"120209","NOMBDIST":"MARISCAL CASTILLA","NOMBPROV":"CONCEPCION","NOMBDEP":"JUNIN"},"geometry":{"type":"Polygon","coordinates":[[[-75.1328,-11.5243],[-75.1002,-11.5585],[-75.0732,-11.6157],[-75.0879,-11.6531],[-75.1517,-11.5287],[-75.1328,-11.5243]]]}},{"type":"Feature","properties":{"IDDIST":"120426","NOMBDIST":"POMACANCHA","NOMBPROV":"JAUJA","NOMBDEP":"JUNIN"},"geometry":{"type":"Polygon","coordinates":[[[-75.6894,-11.5564],[-75.6228,-11.5886],[-75.6139,-11.6479],[-75.6222,-11.702],[-75.6049,-11.7369],[-75.6681,-11.7417],[-75.7003,-11.713],[-75.7564,-11.6396],[-75.8018,-11.5448],[-75.7706,-11.5369],[-75.6894,-11.5564]]]}},{"type":"Feature","properties":{"IDDIST":"150405","NOMBDIST":"LACHAQUI","NOMBPROV":"CANTA","NOMBDEP":"LIMA"},"geometry":{"type":"Polygon","coordinates":[[[-76.545,-11.5222],[-76.5361,-11.5591],[-76.5596,-11.5943],[-76.6353,-11.609],[-76.6591,-11.6008],[-76.6602,-11.5539],[-76.71,-11.5415],[-76.6727,-11.5084],[-76.6275,-11.527],[-76.5906,-11.5131],[-76.545,-11.5222]]]}},{"type":"Feature","properties":{"IDDIST":"120808","NOMBDIST":"SANTA ROSA DE SACCO","NOMBPROV":"YAULI","NOMBDEP":"JUNIN"},"geometry":{"type":"Polygon","coordinates":[[[-75.9863,-11.6233],[-76.0333,-11.5809],[-76.0574,-11.5437],[-75.9314,-11.504],[-75.9096,-11.5213],[-75.9576,-11.5696],[-75.9863,-11.6233]]]}},{"type":"Feature","properties":{"IDDIST":"150708","NOMBDIST":"HUANZA","NOMBPROV":"HUAROCHIRI","NOMBDEP":"LIMA"},"geometry":{"type":"Polygon","coordinates":[[[-76.3768,-11.5015],[-76.35,-11.5423],[-76.4008,-11.6085],[-76.5089,-11.6635],[-76.5058,-11.6287],[-76.5151,-11.5921],[-76.5038,-11.5579],[-76.5049,-11.5202],[-76.4661,-11.5032],[-76.4753,-11.4671],[-76.4006,-11.5072],[-76.3768,-11.5015]]]}},{"type":"Feature","properties":{"IDDIST":"190301","NOMBDIST":"OXAPAMPA","NOMBPROV":"OXAPAMPA","NOMBDEP":"PASCO"},"geometry":{"type":"Polygon","coordinates":[[[-75.3047,-10.5777],[-75.284,-10.633],[-75.3428,-10.7006],[-75.3182,-10.7432],[-75.3787,-10.7719],[-75.386,-10.83],[-75.4092,-10.8578],[-75.4534,-10.9003],[-75.4652,-10.9011],[-75.4808,-10.8498],[-75.469,-10.7739],[-75.4306,-10.7366],[-75.3994,-10.6385],[-75.407,-10.575],[-75.4345,-10.5434],[-75.3844,-10.5416],[-75.3694,-10.5189],[-75.3047,-10.5777]]]}},{"type":"Feature","properties":{"IDDIST":"190113","NOMBDIST":"YANACANCHA","NOMBPROV":"PASCO","NOMBDEP":"PASCO"},"geometry":{"type":"Polygon","coordinates":[[[-76.179,-10.5261],[-76.1675,-10.5783],[-76.1333,-10.6127],[-76.168,-10.6554],[-76.1689,-10.7374],[-76.1843,-10.7567],[-76.2227,-10.7175],[-76.2569,-10.6746],[-76.2646,-10.636],[-76.2042,-10.6286],[-76.2132,-10.5305],[-76.179,-10.5261]]]}},{"type":"Feature","properties":{"IDDIST":"190102","NOMBDIST":"HUACHON","NOMBPROV":"PASCO","NOMBDEP":"PASCO"},"geometry":{"type":"Polygon","coordinates":[[[-75.6775,-10.6037],[-75.6234,-10.6223],[-75.5734,-10.6806],[-75.5792,-10.7236],[-75.6823,-10.7195],[-75.7774,-10.6473],[-75.8697,-10.6434],[-75.9226,-10.6462],[-75.9642,-10.6694],[-75.9701,-10.6356],[-76.0193,-10.602],[-75.9266,-10.5263],[-75.9068,-10.5148],[-75.889,-10.508],[-75.8016,-10.5731],[-75.7135,-10.6063],[-75.6775,-10.6037]]]}},{"type":"Feature","properties":{"IDDIST":"190307","NOMBDIST":"VILLA RICA","NOMBPROV":"OXAPAMPA","NOMBDEP":"PASCO"},"geometry":{"type":"Polygon","coordinates":[[[-75.0278,-10.5841],[-75.0558,-10.6012],[-75.0646,-10.6534],[-75.1198,-10.7302],[-75.191,-10.7157],[-75.2043,-10.7647],[-75.244,-10.7669],[-75.2624,-10.8253],[-75.3173,-10.8636],[-75.3857,-10.8649],[-75.4092,-10.8578],[-75.386,-10.83],[-75.3787,-10.7719],[-75.3182,-10.7432],[-75.3428,-10.7006],[-75.284,-10.633],[-75.3047,-10.5777],[-75.2511,-10.5606],[-75.2354,-10.5349],[-75.16,-10.5112],[-75.1047,-10.4805],[-75.0278,-10.5841]]]}},{"type":"Feature","properties":{"IDDIST":"190208","NOMBDIST":"VILCABAMBA","NOMBPROV":"DANIEL ALCIDES CARRION","NOMBDEP":"PASCO"},"geometry":{"type":"Polygon","coordinates":[[[-76.4158,-10.6052],[-76.4752,-10.575],[-76.491,-10.5239],[-76.466,-10.4711],[-76.4432,-10.463],[-76.419,-10.5487],[-76.4158,-10.6052]]]}},{"type":"Feature","properties":{"IDDIST":"150304","NOMBDIST":"HUANCAPON","NOMBPROV":"CAJATAMBO","NOMBDEP":"LIMA"},"geometry":{"type":"Polygon","coordinates":[[[-77.0366,-10.5436],[-77.1068,-10.5856],[-77.1888,-10.5422],[-77.176,-10.4831],[-77.1029,-10.4639],[-77.0809,-10.4855],[-77.0291,-10.4948],[-77.0366,-10.5436]]]}},{"type":"Feature","properties":{"IDDIST":"190110","NOMBDIST":"TICLACAYAN","NOMBPROV":"PASCO","NOMBDEP":"PASCO"},"geometry":{"type":"Polygon","coordinates":[[[-76.0317,-10.4559],[-75.9855,-10.4828],[-75.9358,-10.4847],[-75.9266,-10.5263],[-76.0193,-10.602],[-75.9701,-10.6356],[-75.9642,-10.6694],[-76.0595,-10.6981],[-76.0969,-10.745],[-76.1689,-10.7374],[-76.168,-10.6554],[-76.1333,-10.6127],[-76.1675,-10.5783],[-76.179,-10.5261],[-76.1821,-10.4803],[-76.1396,-10.5225],[-76.0783,-10.452],[-76.0317,-10.4559]]]}},{"type":"Feature","properties":{"IDDIST":"190108","NOMBDIST":"SAN FRANCISCO DE ASIS DE YARUSYACAN","NOMBPROV":"PASCO","NOMBDEP":"PASCO"},"geometry":{"type":"Polygon","coordinates":[[[-76.1821,-10.4803],[-76.179,-10.5261],[-76.2132,-10.5305],[-76.2042,-10.6286],[-76.2646,-10.636],[-76.2731,-10.578],[-76.236,-10.5237],[-76.2451,-10.4809],[-76.216,-10.4438],[-76.1821,-10.4803]]]}},{"type":"Feature","properties":{"IDDIST":"021404","NOMBDIST":"CARHUAPAMPA","NOMBPROV":"OCROS","NOMBDEP":"ANCASH"},"geometry":{"type":"Polygon","coordinates":[[[-77.1894,-10.4605],[-77.176,-10.4831],[-77.1888,-10.5422],[-77.2708,-10.5606],[-77.2631,-10.4354],[-77.1894,-10.4605]]]}},{"type":"Feature","properties":{"IDDIST":"150901","NOMBDIST":"OYON","NOMBPROV":"OYON","NOMBDEP":"LIMA"},"geometry":{"type":"Polygon","coordinates":[[[-76.7251,-10.4857],[-76.7018,-10.5935],[-76.6557,-10.6468],[-76.6691,-10.6807],[-76.6475,-10.7309],[-76.6203,-10.8117],[-76.5882,-10.8451],[-76.6542,-10.882],[-76.707,-10.8885],[-76.746,-10.8492],[-76.7331,-10.7947],[-76.7853,-10.7482],[-76.8188,-10.7482],[-76.8795,-10.8026],[-76.9059,-10.6674],[-76.8795,-10.6562],[-76.865,-10.5845],[-76.8572,-10.4934],[-76.8282,-10.429],[-76.7999,-10.4191],[-76.77,-10.4648],[-76.7251,-10.4857]]]}},{"type":"Feature","properties":{"IDDIST":"190201","NOMBDIST":"YANAHUANCA","NOMBPROV":"DANIEL ALCIDES CARRION","NOMBDEP":"PASCO"},"geometry":{"type":"Polygon","coordinates":[[[-76.4861,-10.4608],[-76.466,-10.4711],[-76.491,-10.5239],[-76.4752,-10.575],[-76.4158,-10.6052],[-76.3679,-10.6227],[-76.4196,-10.6532],[-76.4564,-10.6474],[-76.4754,-10.6944],[-76.5162,-10.743],[-76.5385,-10.7044],[-76.6557,-10.6468],[-76.7018,-10.5935],[-76.7251,-10.4857],[-76.6968,-10.4425],[-76.6074,-10.4052],[-76.5873,-10.4296],[-76.535,-10.4319],[-76.4861,-10.4608]]]}},{"type":"Feature","properties":{"IDDIST":"021402","NOMBDIST":"ACAS","NOMBPROV":"OCROS","NOMBDEP":"ANCASH"},"geometry":{"type":"Polygon","coordinates":[[[-77.2631,-10.4354],[-77.2708,-10.5606],[-77.2923,-10.5566],[-77.3447,-10.608],[-77.3469,-10.6064],[-77.4242,-10.6096],[-77.4198,-10.5429],[-77.4123,-10.5],[-77.2799,-10.4127],[-77.2727,-10.3908],[-77.2631,-10.4354]]]}},{"type":"Feature","properties":{"IDDIST":"190103","NOMBDIST":"HUARIACA","NOMBPROV":"PASCO","NOMBDEP":"PASCO"},"geometry":{"type":"Polygon","coordinates":[[[-76.0783,-10.452],[-76.1396,-10.5225],[-76.1821,-10.4803],[-76.216,-10.4438],[-76.2072,-10.3887],[-76.0783,-10.452]]]}},{"type":"Feature","properties":{"IDDIST":"021410","NOMBDIST":"SANTIAGO DE CHILCAS","NOMBPROV":"OCROS","NOMBDEP":"ANCASH"},"geometry":{"type":"Polygon","coordinates":[[[-77.281,-10.3878],[-77.2727,-10.3908],[-77.2799,-10.4127],[-77.4123,-10.5],[-77.4198,-10.5429],[-77.42,-10.5291],[-77.4179,-10.4549],[-77.3831,-10.4148],[-77.281,-10.3878]]]}},{"type":"Feature","properties":{"IDDIST":"190205","NOMBDIST":"SAN PEDRO DE PILLAO","NOMBPROV":"DANIEL ALCIDES CARRION","NOMBDEP":"PASCO"},"geometry":{"type":"Polygon","coordinates":[[[-76.4968,-10.3803],[-76.4861,-10.4608],[-76.535,-10.4319],[-76.5873,-10.4296],[-76.6074,-10.4052],[-76.4968,-10.3803]]]}},{"type":"Feature","properties":{"IDDIST":"190106","NOMBDIST":"PALLANCHACRA","NOMBPROV":"PASCO","NOMBDEP":"PASCO"},"geometry":{"type":"Polygon","coordinates":[[[-76.2309,-10.3718],[-76.2072,-10.3887],[-76.216,-10.4438],[-76.2451,-10.4809],[-76.3059,-10.4122],[-76.2711,-10.3711],[-76.2309,-10.3718]]]}},{"type":"Feature","properties":{"IDDIST":"190207","NOMBDIST":"TAPUC","NOMBPROV":"DANIEL ALCIDES CARRION","NOMBDEP":"PASCO"},"geometry":{"type":"Polygon","coordinates":[[[-76.4365,-10.4173],[-76.4432,-10.463],[-76.466,-10.4711],[-76.4861,-10.4608],[-76.4968,-10.3803],[-76.4865,-10.3667],[-76.4365,-10.4173]]]}},{"type":"Feature","properties":{"IDDIST":"021408","NOMBDIST":"SAN CRISTOBAL DE RAJAN","NOMBPROV":"OCROS","NOMBDEP":"ANCASH"},"geometry":{"type":"Polygon","coordinates":[[[-77.1735,-10.4453],[-77.1894,-10.4605],[-77.2631,-10.4354],[-77.2727,-10.3908],[-77.281,-10.3878],[-77.2569,-10.3578],[-77.1931,-10.4069],[-77.1735,-10.4453]]]}},{"type":"Feature","properties":{"IDDIST":"021409","NOMBDIST":"SAN PEDRO","NOMBPROV":"OCROS","NOMBDEP":"ANCASH"},"geometry":{"type":"Polygon","coordinates":[[[-77.4815,-10.3462],[-77.4279,-10.3646],[-77.4677,-10.5379],[-77.4995,-10.5659],[-77.539,-10.5557],[-77.5767,-10.5837],[-77.6407,-10.5963],[-77.6443,-10.5274],[-77.6878,-10.5373],[-77.7363,-10.5685],[-77.7446,-10.5323],[-77.7113,-10.5049],[-77.6839,-10.4314],[-77.5994,-10.3833],[-77.5236,-10.3874],[-77.4815,-10.3462]]]}},{"type":"Feature","properties":{"IDDIST":"021407","NOMBDIST":"LLIPA","NOMBPROV":"OCROS","NOMBDEP":"ANCASH"},"geometry":{"type":"Polygon","coordinates":[[[-77.1665,-10.391],[-77.1735,-10.4453],[-77.1931,-10.4069],[-77.2569,-10.3578],[-77.2692,-10.3264],[-77.2211,-10.3741],[-77.1665,-10.391]]]}},{"type":"Feature","properties":{"IDDIST":"150202","NOMBDIST":"PARAMONGA","NOMBPROV":"BARRANCA","NOMBDEP":"LIMA"},"geometry":{"type":"Polygon","coordinates":[[[-77.6988,-10.3221],[-77.6492,-10.3435],[-77.6194,-10.3278],[-77.5994,-10.3833],[-77.6839,-10.4314],[-77.7113,-10.5049],[-77.7446,-10.5323],[-77.7363,-10.5685],[-77.7261,-10.6233],[-77.7825,-10.6432],[-77.8165,-10.6937],[-77.8863,-10.6119],[-77.833,-10.5675],[-77.7714,-10.5716],[-77.7724,-10.5125],[-77.7962,-10.4833],[-77.7602,-10.4302],[-77.757,-10.3442],[-77.6988,-10.3221]]]}},{"type":"Feature","properties":{"IDDIST":"190206","NOMBDIST":"SANTA ANA DE TUSI","NOMBPROV":"DANIEL ALCIDES CARRION","NOMBDEP":"PASCO"},"geometry":{"type":"Polygon","coordinates":[[[-76.3059,-10.4122],[-76.2451,-10.4809],[-76.236,-10.5237],[-76.2731,-10.578],[-76.2937,-10.6019],[-76.3331,-10.59],[-76.3885,-10.5068],[-76.3932,-10.4695],[-76.3863,-10.3749],[-76.3357,-10.3526],[-76.3305,-10.3163],[-76.3059,-10.4122]]]}},{"type":"Feature","properties":{"IDDIST":"190202","NOMBDIST":"CHACAYAN","NOMBPROV":"DANIEL ALCIDES CARRION","NOMBDEP":"PASCO"},"geometry":{"type":"Polygon","coordinates":[[[-76.3305,-10.3163],[-76.3357,-10.3526],[-76.3863,-10.3749],[-76.3932,-10.4695],[-76.3885,-10.5068],[-76.3331,-10.59],[-76.3679,-10.6227],[-76.4158,-10.6052],[-76.419,-10.5487],[-76.4432,-10.463],[-76.4365,-10.4173],[-76.4082,-10.3479],[-76.3416,-10.3357],[-76.3306,-10.3163],[-76.3305,-10.3163]]]}},{"type":"Feature","properties":{"IDDIST":"020506","NOMBDIST":"CANIS","NOMBPROV":"BOLOGNESI","NOMBDEP":"ANCASH"},"geometry":{"type":"Polygon","coordinates":[[[-77.1639,-10.3334],[-77.1545,-10.3361],[-77.1556,-10.3466],[-77.1582,-10.3619],[-77.2297,-10.33],[-77.241,-10.3059],[-77.1639,-10.3334]]]}},{"type":"Feature","properties":{"IDDIST":"150301","NOMBDIST":"CAJATAMBO","NOMBPROV":"CAJATAMBO","NOMBDEP":"LIMA"},"geometry":{"type":"Polygon","coordinates":[[[-76.8057,-10.3923],[-76.7999,-10.4191],[-76.8282,-10.429],[-76.8572,-10.4934],[-76.865,-10.5845],[-76.875,-10.5614],[-77.011,-10.5695],[-77.0366,-10.5436],[-77.0291,-10.4948],[-77.0809,-10.4855],[-77.1029,-10.4639],[-77.0718,-10.4184],[-76.9977,-10.358],[-76.9253,-10.3531],[-76.8945,-10.3043],[-76.8564,-10.3773],[-76.8057,-10.3923]]]}},{"type":"Feature","properties":{"IDDIST":"020502","NOMBDIST":"ABELARDO PARDO LEZAMETA","NOMBPROV":"BOLOGNESI","NOMBDEP":"ANCASH"},"geometry":{"type":"Polygon","coordinates":[[[-77.1474,-10.2968],[-77.1404,-10.308],[-77.1545,-10.3361],[-77.1639,-10.3334],[-77.1719,-10.2903],[-77.1474,-10.2968]]]}},{"type":"Feature","properties":{"IDDIST":"190204","NOMBDIST":"PAUCAR","NOMBPROV":"DANIEL ALCIDES CARRION","NOMBDEP":"PASCO"},"geometry":{"type":"Polygon","coordinates":[[[-76.3358,-10.2863],[-76.3306,-10.3163],[-76.3416,-10.3357],[-76.4082,-10.3479],[-76.4365,-10.4173],[-76.4865,-10.3667],[-76.494,-10.3105],[-76.4439,-10.3205],[-76.3872,-10.2893],[-76.3358,-10.2863]]]}},{"type":"Feature","properties":{"IDDIST":"150302","NOMBDIST":"COPA","NOMBPROV":"CAJATAMBO","NOMBDEP":"LIMA"},"geometry":{"type":"Polygon","coordinates":[[[-76.8945,-10.3043],[-76.9253,-10.3531],[-76.9977,-10.358],[-77.0718,-10.4184],[-77.1029,-10.4639],[-77.176,-10.4831],[-77.111,-10.4033],[-77.0716,-10.3381],[-77.0247,-10.3275],[-77.0077,-10.2865],[-76.9655,-10.3054],[-76.9062,-10.2742],[-76.8945,-10.3043]]]}},{"type":"Feature","properties":{"IDDIST":"021406","NOMBDIST":"CONGAS","NOMBPROV":"OCROS","NOMBDEP":"ANCASH"},"geometry":{"type":"Polygon","coordinates":[[[-77.3595,-10.292],[-77.366,-10.3238],[-77.4044,-10.3648],[-77.4279,-10.3646],[-77.4815,-10.3462],[-77.4625,-10.2757],[-77.3991,-10.272],[-77.3595,-10.292]]]}},{"type":"Feature","properties":{"IDDIST":"020512","NOMBDIST":"MANGAS","NOMBPROV":"BOLOGNESI","NOMBDEP":"ANCASH"},"geometry":{"type":"Polygon","coordinates":[[[-77.0077,-10.2865],[-77.0247,-10.3275],[-77.0716,-10.3381],[-77.111,-10.4033],[-77.176,-10.4831],[-77.1894,-10.4605],[-77.1735,-10.4453],[-77.1665,-10.391],[-77.1582,-10.3619],[-77.1556,-10.3466],[-77.111,-10.3474],[-77.0703,-10.2828],[-77.0314,-10.264],[-77.0077,-10.2865]]]}},{"type":"Feature","properties":{"IDDIST":"021401","NOMBDIST":"OCROS","NOMBPROV":"OCROS","NOMBDEP":"ANCASH"},"geometry":{"type":"Polygon","coordinates":[[[-77.3001,-10.2846],[-77.2692,-10.3264],[-77.2569,-10.3578],[-77.281,-10.3878],[-77.3831,-10.4148],[-77.4179,-10.4549],[-77.42,-10.5291],[-77.4677,-10.5379],[-77.4279,-10.3646],[-77.4044,-10.3648],[-77.366,-10.3238],[-77.3595,-10.292],[-77.3271,-10.2562],[-77.3001,-10.2846]]]}},{"type":"Feature","properties":{"IDDIST":"020511","NOMBDIST":"LA PRIMAVERA","NOMBPROV":"BOLOGNESI","NOMBDEP":"ANCASH"},"geometry":{"type":"Polygon","coordinates":[[[-77.0703,-10.2828],[-77.111,-10.3474],[-77.1556,-10.3466],[-77.1545,-10.3361],[-77.1404,-10.308],[-77.1382,-10.2636],[-77.0907,-10.2605],[-77.0703,-10.2828]]]}},{"type":"Feature","properties":{"IDDIST":"021403","NOMBDIST":"CAJAMARQUILLA","NOMBPROV":"OCROS","NOMBDEP":"ANCASH"},"geometry":{"type":"Polygon","coordinates":[[[-77.2555,-10.2538],[-77.241,-10.3059],[-77.2297,-10.33],[-77.1582,-10.3619],[-77.1665,-10.391],[-77.2211,-10.3741],[-77.2692,-10.3264],[-77.3001,-10.2846],[-77.2698,-10.2575],[-77.2555,-10.2538]]]}},{"type":"Feature","properties":{"IDDIST":"020514","NOMBDIST":"SAN MIGUEL DE CORPANQUI","NOMBPROV":"BOLOGNESI","NOMBDEP":"ANCASH"},"geometry":{"type":"Polygon","coordinates":[[[-77.1719,-10.2903],[-77.1639,-10.3334],[-77.241,-10.3059],[-77.2555,-10.2538],[-77.1719,-10.2903]]]}},{"type":"Feature","properties":{"IDDIST":"100206","NOMBDIST":"SAN FRANCISCO","NOMBPROV":"AMBO","NOMBDEP":"HUANUCO"},"geometry":{"type":"Polygon","coordinates":[[[-76.3066,-10.2533],[-76.2444,-10.3096],[-76.2544,-10.3438],[-76.2309,-10.3718],[-76.2711,-10.3711],[-76.3059,-10.4122],[-76.3305,-10.3163],[-76.3306,-10.3163],[-76.3358,-10.2863],[-76.3066,-10.2533]]]}},{"type":"Feature","properties":{"IDDIST":"100207","NOMBDIST":"SAN RAFAEL","NOMBPROV":"AMBO","NOMBDEP":"HUANUCO"},"geometry":{"type":"Polygon","coordinates":[[[-76.0531,-10.2235],[-76.0434,-10.3297],[-76.026,-10.4261],[-76.0317,-10.4559],[-76.0783,-10.452],[-76.2072,-10.3887],[-76.2309,-10.3718],[-76.2544,-10.3438],[-76.2444,-10.3096],[-76.2019,-10.2667],[-76.2026,-10.2345],[-76.0708,-10.2096],[-76.0531,-10.2235]]]}},{"type":"Feature","properties":{"IDDIST":"020507","NOMBDIST":"COLQUIOC","NOMBPROV":"BOLOGNESI","NOMBDEP":"ANCASH"},"geometry":{"type":"Polygon","coordinates":[[[-77.5677,-10.2362],[-77.5283,-10.2627],[-77.4625,-10.2757],[-77.4815,-10.3462],[-77.5236,-10.3874],[-77.5994,-10.3833],[-77.6194,-10.3278],[-77.6492,-10.3435],[-77.6988,-10.3221],[-77.6964,-10.2569],[-77.6744,-10.2067],[-77.608,-10.2405],[-77.5677,-10.2362]]]}},{"type":"Feature","properties":{"IDDIST":"020510","NOMBDIST":"HUAYLLACAYAN","NOMBPROV":"BOLOGNESI","NOMBDEP":"ANCASH"},"geometry":{"type":"Polygon","coordinates":[[[-77.4142,-10.2057],[-77.3703,-10.2099],[-77.3271,-10.2562],[-77.3595,-10.292],[-77.3991,-10.272],[-77.4625,-10.2757],[-77.5283,-10.2627],[-77.4691,-10.225],[-77.4142,-10.2057]]]}},{"type":"Feature","properties":{"IDDIST":"020513","NOMBDIST":"PACLLON","NOMBPROV":"BOLOGNESI","NOMBDEP":"ANCASH"},"geometry":{"type":"Polygon","coordinates":[[[-76.9119,-10.1851],[-76.905,-10.269],[-76.9062,-10.2742],[-76.9655,-10.3054],[-77.0077,-10.2865],[-77.0314,-10.264],[-77.0703,-10.2828],[-77.0907,-10.2605],[-77.1382,-10.2636],[-77.1054,-10.2011],[-76.9119,-10.1851]]]}},{"type":"Feature","properties":{"IDDIST":"020515","NOMBDIST":"TICLLOS","NOMBPROV":"BOLOGNESI","NOMBDEP":"ANCASH"},"geometry":{"type":"Polygon","coordinates":[[[-77.1474,-10.2968],[-77.1719,-10.2903],[-77.2555,-10.2538],[-77.2698,-10.2575],[-77.2571,-10.2031],[-77.1807,-10.1776],[-77.1731,-10.242],[-77.1474,-10.2968]]]}},{"type":"Feature","properties":{"IDDIST":"190303","NOMBDIST":"HUANCABAMBA","NOMBPROV":"OXAPAMPA","NOMBDEP":"PASCO"},"geometry":{"type":"Polygon","coordinates":[[[-75.51,-10.2108],[-75.4911,-10.2421],[-75.511,-10.2806],[-75.4945,-10.3498],[-75.4463,-10.4179],[-75.3775,-10.4615],[-75.3694,-10.5189],[-75.3844,-10.5416],[-75.4345,-10.5434],[-75.5048,-10.569],[-75.5677,-10.5381],[-75.634,-10.5894],[-75.6775,-10.6037],[-75.7135,-10.6063],[-75.8016,-10.5731],[-75.889,-10.508],[-75.9068,-10.5148],[-75.8868,-10.4539],[-75.8367,-10.4406],[-75.8037,-10.4519],[-75.7109,-10.4314],[-75.6785,-10.4025],[-75.6429,-10.3353],[-75.6083,-10.3169],[-75.6065,-10.2814],[-75.5789,-10.2369],[-75.593,-10.2042],[-75.5718,-10.1712],[-75.5399,-10.1756],[-75.51,-10.2108]]]}},{"type":"Feature","properties":{"IDDIST":"020503","NOMBDIST":"ANTONIO RAYMONDI","NOMBPROV":"BOLOGNESI","NOMBDEP":"ANCASH"},"geometry":{"type":"Polygon","coordinates":[[[-77.4709,-10.1554],[-77.4142,-10.2057],[-77.4691,-10.225],[-77.5283,-10.2627],[-77.5677,-10.2362],[-77.5482,-10.1805],[-77.546,-10.1754],[-77.5153,-10.1474],[-77.4709,-10.1554]]]}},{"type":"Feature","properties":{"IDDIST":"100203","NOMBDIST":"COLPAS","NOMBPROV":"AMBO","NOMBDEP":"HUANUCO"},"geometry":{"type":"Polygon","coordinates":[[[-76.4361,-10.2335],[-76.3872,-10.2893],[-76.4439,-10.3205],[-76.494,-10.3105],[-76.5129,-10.2918],[-76.5209,-10.1949],[-76.51,-10.1523],[-76.4409,-10.1358],[-76.4495,-10.1946],[-76.4361,-10.2335]]]}},{"type":"Feature","properties":{"IDDIST":"020505","NOMBDIST":"CAJACAY","NOMBPROV":"BOLOGNESI","NOMBDEP":"ANCASH"},"geometry":{"type":"Polygon","coordinates":[[[-77.32,-10.1274],[-77.2804,-10.1603],[-77.2571,-10.2031],[-77.2698,-10.2575],[-77.3001,-10.2846],[-77.3271,-10.2562],[-77.3703,-10.2099],[-77.4142,-10.2057],[-77.4709,-10.1554],[-77.4442,-10.1472],[-77.4006,-10.1322],[-77.3458,-10.1605],[-77.32,-10.1274]]]}},{"type":"Feature","properties":{"IDDIST":"250201","NOMBDIST":"RAYMONDI","NOMBPROV":"ATALAYA","NOMBDEP":"UCAYALI"},"geometry":{"type":"Polygon","coordinates":[[[-72.4778,-10.3661],[-72.4224,-10.4465],[-72.4079,-10.517],[-72.3808,-10.5378],[-72.4061,-10.6495],[-72.4434,-10.6365],[-72.4692,-10.7583],[-72.4843,-10.7922],[-72.5559,-10.7637],[-72.6086,-10.7569],[-72.6578,-10.7155],[-72.701,-10.7047],[-72.7749,-10.7433],[-72.7821,-10.7647],[-72.8396,-10.7896],[-72.8694,-10.7701],[-72.9523,-10.7904],[-73.0052,-10.8303],[-73.0384,-10.7988],[-73.0876,-10.7984],[-73.2297,-10.7757],[-73.3108,-10.8033],[-73.3235,-10.8408],[-73.3068,-10.9166],[-73.3242,-11.0068],[-73.3583,-11.0417],[-73.4675,-11.0225],[-73.4826,-11.0652],[-73.5426,-11.0474],[-73.5715,-10.9581],[-73.5603,-10.8606],[-73.6104,-10.8466],[-73.6962,-10.773],[-73.7572,-10.7359],[-73.8142,-10.7999],[-73.8234,-10.9211],[-73.8541,-10.9549],[-73.8666,-11.0374],[-73.8613,-11.1455],[-73.8887,-11.1701],[-73.9165,-11.1431],[-73.9783,-11.1206],[-73.9787,-11.07],[-74.0055,-10.9932],[-74.0918,-10.9868],[-74.148,-10.9988],[-74.1909,-10.986],[-74.2015,-11.0197],[-74.2564,-11.0182],[-74.3737,-11.0565],[-74.4454,-11.0049],[-74.5001,-10.996],[-74.5084,-10.9503],[-74.573,-10.9126],[-74.51,-10.8803],[-74.4849,-10.8365],[-74.4296,-10.8127],[-74.3857,-10.8118],[-74.3743,-10.7581],[-74.3173,-10.7267],[-74.2811,-10.6749],[-74.2299,-10.6355],[-74.165,-10.6384],[-74.1327,-10.6049],[-74.1818,-10.504],[-74.2187,-10.4521],[-74.2552,-10.4525],[-74.2767,-10.3741],[-74.2406,-10.3281],[-74.2243,-10.2792],[-74.1947,-10.3107],[-74.1611,-10.314],[-74.128,-10.3549],[-74.06,-10.3585],[-74.0283,-10.2934],[-73.8865,-10.2907],[-73.6358,-10.3081],[-73.5914,-10.2814],[-73.5677,-10.2395],[-73.5173,-10.2138],[-73.362,-10.1579],[-73.3467,-10.1447],[-73.2527,-10.165],[-73.206,-10.1638],[-73.1519,-10.1261],[-73.1053,-10.1228],[-73.0635,-10.1495],[-73.0379,-10.1923],[-72.8617,-10.1678],[-72.7211,-10.1925],[-72.6821,-10.2233],[-72.644,-10.2225],[-72.5891,-10.2705],[-72.5643,-10.2648],[-72.5397,-10.3354],[-72.4778,-10.3661]]]}},{"type":"Feature","properties":{"IDDIST":"100202","NOMBDIST":"CAYNA","NOMBPROV":"AMBO","NOMBDEP":"HUANUCO"},"geometry":{"type":"Polygon","coordinates":[[[-76.3474,-10.1262],[-76.3464,-10.1952],[-76.3066,-10.2533],[-76.3358,-10.2863],[-76.3872,-10.2893],[-76.4361,-10.2335],[-76.411,-10.1787],[-76.3474,-10.1262]]]}},{"type":"Feature","properties":{"IDDIST":"101004","NOMBDIST":"QUEROPALCA","NOMBPROV":"LAURICOCHA","NOMBDEP":"HUANUCO"},"geometry":{"type":"Polygon","coordinates":[[[-76.9039,-10.1154],[-76.9012,-10.1319],[-76.8242,-10.1394],[-76.7824,-10.1776],[-76.905,-10.269],[-76.9119,-10.1851],[-76.9155,-10.1199],[-76.9039,-10.1154]]]}},{"type":"Feature","properties":{"IDDIST":"100205","NOMBDIST":"HUACAR","NOMBPROV":"AMBO","NOMBDEP":"HUANUCO"},"geometry":{"type":"Polygon","coordinates":[[[-76.2556,-10.0993],[-76.2098,-10.1562],[-76.2026,-10.2345],[-76.2019,-10.2667],[-76.2444,-10.3096],[-76.3066,-10.2533],[-76.3464,-10.1952],[-76.3474,-10.1262],[-76.3453,-10.1228],[-76.3406,-10.1198],[-76.2556,-10.0993]]]}},{"type":"Feature","properties":{"IDDIST":"101007","NOMBDIST":"SAN MIGUEL DE CAURI","NOMBPROV":"LAURICOCHA","NOMBDEP":"HUANUCO"},"geometry":{"type":"Polygon","coordinates":[[[-76.5209,-10.1949],[-76.5129,-10.2918],[-76.494,-10.3105],[-76.4865,-10.3667],[-76.4968,-10.3803],[-76.6074,-10.4052],[-76.6968,-10.4425],[-76.7251,-10.4857],[-76.77,-10.4648],[-76.7999,-10.4191],[-76.8057,-10.3923],[-76.7774,-10.3703],[-76.783,-10.3291],[-76.7348,-10.2846],[-76.7216,-10.2194],[-76.6925,-10.2241],[-76.644,-10.1236],[-76.5958,-10.1019],[-76.5468,-10.1117],[-76.5209,-10.1949]]]}},{"type":"Feature","properties":{"IDDIST":"020501","NOMBDIST":"CHIQUIAN","NOMBPROV":"BOLOGNESI","NOMBDEP":"ANCASH"},"geometry":{"type":"Polygon","coordinates":[[[-77.1536,-10.0888],[-77.162,-10.1136],[-77.105,-10.1812],[-77.1054,-10.2011],[-77.1382,-10.2636],[-77.1404,-10.308],[-77.1474,-10.2968],[-77.1731,-10.242],[-77.1807,-10.1776],[-77.2571,-10.2031],[-77.2804,-10.1603],[-77.2128,-10.1337],[-77.2016,-10.0922],[-77.1536,-10.0888]]]}},{"type":"Feature","properties":{"IDDIST":"100201","NOMBDIST":"AMBO","NOMBPROV":"AMBO","NOMBDEP":"HUANUCO"},"geometry":{"type":"Polygon","coordinates":[[[-76.0525,-10.0952],[-76.0406,-10.1066],[-76.0674,-10.1946],[-76.0531,-10.2235],[-76.0708,-10.2096],[-76.2026,-10.2345],[-76.2098,-10.1562],[-76.2556,-10.0993],[-76.2151,-10.0848],[-76.1254,-10.0679],[-76.0525,-10.0952]]]}},{"type":"Feature","properties":{"IDDIST":"021705","NOMBDIST":"LLACLLIN","NOMBPROV":"RECUAY","NOMBDEP":"ANCASH"},"geometry":{"type":"Polygon","coordinates":[[[-77.5644,-10.0481],[-77.5482,-10.1805],[-77.5677,-10.2362],[-77.5669,-10.1653],[-77.5907,-10.1223],[-77.646,-10.0752],[-77.6269,-10.0447],[-77.5644,-10.0481]]]}},{"type":"Feature","properties":{"IDDIST":"101001","NOMBDIST":"JESUS","NOMBPROV":"LAURICOCHA","NOMBDEP":"HUANUCO"},"geometry":{"type":"Polygon","coordinates":[[[-76.5965,-10.0403],[-76.5958,-10.1019],[-76.644,-10.1236],[-76.6925,-10.2241],[-76.7216,-10.2194],[-76.7348,-10.2846],[-76.783,-10.3291],[-76.7774,-10.3703],[-76.8057,-10.3923],[-76.8564,-10.3773],[-76.8945,-10.3043],[-76.9062,-10.2742],[-76.905,-10.269],[-76.7824,-10.1776],[-76.7666,-10.1968],[-76.7203,-10.1374],[-76.7329,-10.0719],[-76.719,-10.0513],[-76.5965,-10.0403]]]}},{"type":"Feature","properties":{"IDDIST":"100208","NOMBDIST":"TOMAY KICHWA","NOMBPROV":"AMBO","NOMBDEP":"HUANUCO"},"geometry":{"type":"Polygon","coordinates":[[[-76.1275,-10.0344],[-76.1254,-10.0679],[-76.2151,-10.0848],[-76.2234,-10.0513],[-76.1722,-10.0305],[-76.1275,-10.0344]]]}},{"type":"Feature","properties":{"IDDIST":"101002","NOMBDIST":"BAÑOS","NOMBPROV":"LAURICOCHA","NOMBDEP":"HUANUCO"},"geometry":{"type":"Polygon","coordinates":[[[-76.7123,-10.0374],[-76.719,-10.0513],[-76.7329,-10.0719],[-76.7203,-10.1374],[-76.7666,-10.1968],[-76.7824,-10.1776],[-76.8242,-10.1394],[-76.9012,-10.1319],[-76.9039,-10.1154],[-76.8799,-10.1166],[-76.812,-10.0509],[-76.7485,-10.0245],[-76.7123,-10.0374]]]}},{"type":"Feature","properties":{"IDDIST":"021707","NOMBDIST":"PAMPAS CHICO","NOMBPROV":"RECUAY","NOMBDEP":"ANCASH"},"geometry":{"type":"Polygon","coordinates":[[[-77.32,-10.1274],[-77.3458,-10.1605],[-77.4006,-10.1322],[-77.4442,-10.1472],[-77.409,-10.1079],[-77.3852,-10.0114],[-77.32,-10.1274]]]}},{"type":"Feature","properties":{"IDDIST":"021708","NOMBDIST":"PARARIN","NOMBPROV":"RECUAY","NOMBDEP":"ANCASH"},"geometry":{"type":"Polygon","coordinates":[[[-77.6314,-10.022],[-77.621,-10.0253],[-77.6269,-10.0447],[-77.646,-10.0752],[-77.5907,-10.1223],[-77.5669,-10.1653],[-77.5677,-10.2362],[-77.608,-10.2405],[-77.6744,-10.2067],[-77.6563,-10.152],[-77.6988,-10.1414],[-77.7219,-10.0787],[-77.7559,-10.0397],[-77.7639,-9.9899],[-77.7506,-10.0062],[-77.6314,-10.022]]]}},{"type":"Feature","properties":{"IDDIST":"101003","NOMBDIST":"JIVIA","NOMBPROV":"LAURICOCHA","NOMBDEP":"HUANUCO"},"geometry":{"type":"Polygon","coordinates":[[[-76.5815,-9.9911],[-76.5965,-10.0403],[-76.719,-10.0513],[-76.7123,-10.0374],[-76.6822,-9.9879],[-76.6777,-10.0263],[-76.6277,-10.0247],[-76.5815,-9.9911]]]}},{"type":"Feature","properties":{"IDDIST":"100204","NOMBDIST":"CONCHAMARCA","NOMBPROV":"AMBO","NOMBDEP":"HUANUCO"},"geometry":{"type":"Polygon","coordinates":[[[-76.1362,-9.9863],[-76.1275,-10.0344],[-76.1722,-10.0305],[-76.2234,-10.0513],[-76.2151,-10.0848],[-76.2556,-10.0993],[-76.3406,-10.1198],[-76.2265,-10.0228],[-76.1704,-9.9853],[-76.1362,-9.9863]]]}},{"type":"Feature","properties":{"IDDIST":"020509","NOMBDIST":"HUASTA","NOMBPROV":"BOLOGNESI","NOMBDEP":"ANCASH"},"geometry":{"type":"Polygon","coordinates":[[[-76.9155,-10.1199],[-76.9119,-10.1851],[-77.1054,-10.2011],[-77.105,-10.1812],[-77.162,-10.1136],[-77.1536,-10.0888],[-77.0905,-10.0897],[-77.0727,-10.0038],[-77.0235,-9.9773],[-76.9616,-10.1059],[-76.9155,-10.1199]]]}},{"type":"Feature","properties":{"IDDIST":"021706","NOMBDIST":"MARCA","NOMBPROV":"RECUAY","NOMBDEP":"ANCASH"},"geometry":{"type":"Polygon","coordinates":[[[-77.3852,-10.0114],[-77.409,-10.1079],[-77.4442,-10.1472],[-77.4709,-10.1554],[-77.5153,-10.1474],[-77.546,-10.1754],[-77.5183,-10.105],[-77.4827,-10.0643],[-77.4553,-9.9763],[-77.4341,-9.968],[-77.3852,-10.0114]]]}},{"type":"Feature","properties":{"IDDIST":"021704","NOMBDIST":"HUAYLLAPAMPA","NOMBPROV":"RECUAY","NOMBDEP":"ANCASH"},"geometry":{"type":"Polygon","coordinates":[[[-77.4436,-9.9532],[-77.4341,-9.968],[-77.4553,-9.9763],[-77.4827,-10.0643],[-77.5183,-10.105],[-77.546,-10.1754],[-77.5482,-10.1805],[-77.5644,-10.0481],[-77.5341,-10.0393],[-77.4752,-9.9717],[-77.4436,-9.9532]]]}},{"type":"Feature","properties":{"IDDIST":"100107","NOMBDIST":"SAN FRANCISCO DE CAYRAN","NOMBPROV":"HUANUCO","NOMBDEP":"HUANUCO"},"geometry":{"type":"Polygon","coordinates":[[[-76.2715,-9.96],[-76.2843,-10.0335],[-76.3229,-10.0676],[-76.3751,-10.0349],[-76.3471,-9.9701],[-76.3205,-9.9598],[-76.2715,-9.96]]]}},{"type":"Feature","properties":{"IDDIST":"190305","NOMBDIST":"POZUZO","NOMBPROV":"OXAPAMPA","NOMBDEP":"PASCO"},"geometry":{"type":"Polygon","coordinates":[[[-75.4641,-9.9943],[-75.4624,-10.0937],[-75.4882,-10.1361],[-75.51,-10.2108],[-75.5399,-10.1756],[-75.5718,-10.1712],[-75.593,-10.2042],[-75.5789,-10.2369],[-75.6065,-10.2814],[-75.6083,-10.3169],[-75.6429,-10.3353],[-75.6785,-10.4025],[-75.7109,-10.4314],[-75.8037,-10.4519],[-75.8367,-10.4406],[-75.8868,-10.4539],[-75.9068,-10.5148],[-75.9266,-10.5263],[-75.9358,-10.4847],[-75.9855,-10.4828],[-75.9251,-10.4068],[-75.9244,-10.356],[-75.8564,-10.3017],[-75.8401,-10.2583],[-75.7856,-10.2524],[-75.7215,-10.2274],[-75.704,-10.2067],[-75.7031,-10.133],[-75.6749,-10.0471],[-75.647,-10.0256],[-75.6086,-10.0229],[-75.5937,-9.9518],[-75.5486,-9.9836],[-75.4641,-9.9943]]]}},{"type":"Feature","properties":{"IDDIST":"100108","NOMBDIST":"SAN PEDRO DE CHAULAN","NOMBPROV":"HUANUCO","NOMBDEP":"HUANUCO"},"geometry":{"type":"Polygon","coordinates":[[[-76.3471,-9.9701],[-76.3751,-10.0349],[-76.3229,-10.0676],[-76.3453,-10.1228],[-76.3474,-10.1262],[-76.411,-10.1787],[-76.4361,-10.2335],[-76.4495,-10.1946],[-76.4409,-10.1358],[-76.4731,-10.1091],[-76.4915,-10.0616],[-76.466,-10.0066],[-76.4293,-9.9647],[-76.3756,-9.9471],[-76.3471,-9.9701]]]}},{"type":"Feature","properties":{"IDDIST":"100111","NOMBDIST":"PILLCO MARCA","NOMBPROV":"HUANUCO","NOMBDEP":"HUANUCO"},"geometry":{"type":"Polygon","coordinates":[[[-76.2514,-9.943],[-76.2265,-10.0228],[-76.3406,-10.1198],[-76.3453,-10.1228],[-76.3229,-10.0676],[-76.2843,-10.0335],[-76.2715,-9.96],[-76.2514,-9.943]]]}},{"type":"Feature","properties":{"IDDIST":"021709","NOMBDIST":"TAPACOCHA","NOMBPROV":"RECUAY","NOMBDEP":"ANCASH"},"geometry":{"type":"Polygon","coordinates":[[[-77.4436,-9.9532],[-77.4752,-9.9717],[-77.5341,-10.0393],[-77.5644,-10.0481],[-77.6269,-10.0447],[-77.621,-10.0253],[-77.5832,-9.9953],[-77.5157,-9.979],[-77.4887,-9.9428],[-77.4547,-9.9398],[-77.4436,-9.9532]]]}},{"type":"Feature","properties":{"IDDIST":"021102","NOMBDIST":"COCHAPETI","NOMBPROV":"HUARMEY","NOMBDEP":"ANCASH"},"geometry":{"type":"Polygon","coordinates":[[[-77.6314,-10.022],[-77.7506,-10.0062],[-77.7639,-9.9899],[-77.78,-9.9661],[-77.7489,-9.9486],[-77.6512,-9.9721],[-77.5981,-9.9374],[-77.6314,-10.022]]]}},{"type":"Feature","properties":{"IDDIST":"101006","NOMBDIST":"SAN FRANCISCO DE ASIS","NOMBPROV":"LAURICOCHA","NOMBDEP":"HUANUCO"},"geometry":{"type":"Polygon","coordinates":[[[-76.5705,-9.9592],[-76.5815,-9.9911],[-76.6277,-10.0247],[-76.6777,-10.0263],[-76.6822,-9.9879],[-76.6358,-9.9315],[-76.5705,-9.9592]]]}},{"type":"Feature","properties":{"IDDIST":"100110","NOMBDIST":"YARUMAYO","NOMBPROV":"HUANUCO","NOMBDEP":"HUANUCO"},"geometry":{"type":"Polygon","coordinates":[[[-76.3756,-9.9471],[-76.4293,-9.9647],[-76.466,-10.0066],[-76.4869,-9.9927],[-76.4808,-9.9362],[-76.4257,-9.9178],[-76.3756,-9.9471]]]}},{"type":"Feature","properties":{"IDDIST":"170301","NOMBDIST":"IÑAPARI","NOMBPROV":"TAHUAMANU","NOMBDEP":"MADRE DE DIOS"},"geometry":{"type":"Polygon","coordinates":[[[-70.6139,-9.9169],[-70.6136,-10.5003],[-70.6138,-11.0002],[-70.5278,-10.9343],[-70.4551,-10.9956],[-70.4243,-11.0383],[-70.3731,-11.0605],[-70.3078,-11.0705],[-70.2446,-11.0494],[-70.1991,-11.054],[-70.1412,-11.0301],[-70.0946,-10.9899],[-70.028,-10.9776],[-69.954,-10.9286],[-69.9005,-10.9206],[-69.7882,-10.9296],[-69.7393,-10.965],[-69.6347,-10.9573],[-69.5969,-10.9417],[-69.5629,-10.9668],[-69.3366,-11.3281],[-69.4179,-11.3018],[-69.4917,-11.2437],[-69.5005,-11.2204],[-69.5718,-11.2157],[-69.647,-11.2374],[-69.692,-11.2062],[-69.7297,-11.2035],[-70.1302,-11.5047],[-70.231,-11.4744],[-70.2763,-11.4403],[-70.3727,-11.4371],[-70.4161,-11.4285],[-70.4757,-11.3525],[-70.7441,-11.3816],[-70.9304,-11.2754],[-71.063,-11.2502],[-71.1031,-11.2209],[-71.1536,-11.2271],[-71.307,-11.1853],[-71.4077,-11.1479],[-71.4599,-11.1046],[-71.4999,-11.1052],[-71.5481,-11.0819],[-71.5869,-11.0959],[-71.7067,-11.0899],[-71.8116,-11.0705],[-71.8511,-11.043],[-71.9007,-11.0666],[-71.9866,-11.054],[-72.0884,-11.0678],[-72.1368,-11.083],[-72.1754,-11.0443],[-72.1818,-11.0097],[-72.1303,-10.9903],[-72.0517,-11.0109],[-72.0161,-10.9897],[-71.8357,-11.0005],[-71.7781,-10.9897],[-71.7202,-10.9966],[-71.5905,-10.972],[-71.5316,-10.9522],[-71.3573,-10.9515],[-71.2734,-10.8474],[-71.2573,-10.7845],[-71.2212,-10.7614],[-71.2296,-10.689],[-71.1962,-10.5799],[-71.1665,-10.5716],[-71.1646,-10.5313],[-71.1274,-10.5044],[-71.0785,-10.5014],[-71.0245,-10.4782],[-70.9672,-10.3813],[-70.9659,-10.3398],[-70.9229,-10.3275],[-70.8792,-10.2842],[-70.8174,-10.2569],[-70.7051,-10.1587],[-70.7079,-10.1356],[-70.6505,-10.0803],[-70.6728,-10.0352],[-70.6676,-9.9725],[-70.633,-9.9069],[-70.6139,-9.9169]]]}},{"type":"Feature","properties":{"IDDIST":"100105","NOMBDIST":"MARGOS","NOMBPROV":"HUANUCO","NOMBDEP":"HUANUCO"},"geometry":{"type":"Polygon","coordinates":[[[-76.493,-9.9063],[-76.4808,-9.9362],[-76.4869,-9.9927],[-76.466,-10.0066],[-76.4915,-10.0616],[-76.4731,-10.1091],[-76.4409,-10.1358],[-76.51,-10.1523],[-76.5209,-10.1949],[-76.5468,-10.1117],[-76.5958,-10.1019],[-76.5965,-10.0403],[-76.5815,-9.9911],[-76.5705,-9.9592],[-76.5223,-9.9135],[-76.493,-9.9063]]]}},{"type":"Feature","properties":{"IDDIST":"100803","NOMBDIST":"MOLINO","NOMBPROV":"PACHITEA","NOMBDEP":"HUANUCO"},"geometry":{"type":"Polygon","coordinates":[[[-76.0157,-9.9064],[-75.9714,-9.9906],[-76.0074,-10.0494],[-76.0363,-10.0395],[-76.0525,-10.0952],[-76.1254,-10.0679],[-76.1275,-10.0344],[-76.1362,-9.9863],[-76.1154,-9.9401],[-76.0157,-9.9064]]]}},{"type":"Feature","properties":{"IDDIST":"100102","NOMBDIST":"AMARILIS","NOMBPROV":"HUANUCO","NOMBDEP":"HUANUCO"},"geometry":{"type":"Polygon","coordinates":[[[-76.2086,-9.8863],[-76.1245,-9.9254],[-76.1154,-9.9401],[-76.1362,-9.9863],[-76.1704,-9.9853],[-76.2265,-10.0228],[-76.2514,-9.943],[-76.2086,-9.8863]]]}},{"type":"Feature","properties":{"IDDIST":"101103","NOMBDIST":"CHACABAMBA","NOMBPROV":"YAROWILCA","NOMBDEP":"HUANUCO"},"geometry":{"type":"Polygon","coordinates":[[[-76.6078,-9.8836],[-76.6265,-9.9192],[-76.6411,-9.8817],[-76.6078,-9.8836]]]}},{"type":"Feature","properties":{"IDDIST":"190304","NOMBDIST":"PALCAZU","NOMBPROV":"OXAPAMPA","NOMBDEP":"PASCO"},"geometry":{"type":"Polygon","coordinates":[[[-75.2882,-9.8707],[-75.25,-9.8998],[-75.1671,-9.9887],[-75.1445,-10.1115],[-75.0887,-10.2033],[-75.0638,-10.2204],[-75.0227,-10.3098],[-75.0193,-10.3923],[-74.9932,-10.4784],[-75.0102,-10.5089],[-74.9993,-10.5637],[-75.0278,-10.5841],[-75.1047,-10.4805],[-75.16,-10.5112],[-75.2354,-10.5349],[-75.2511,-10.5606],[-75.3047,-10.5777],[-75.3694,-10.5189],[-75.3775,-10.4615],[-75.4463,-10.4179],[-75.4945,-10.3498],[-75.511,-10.2806],[-75.4911,-10.2421],[-75.51,-10.2108],[-75.4882,-10.1361],[-75.4624,-10.0937],[-75.4641,-9.9943],[-75.4417,-9.9363],[-75.3957,-9.914],[-75.3694,-9.8708],[-75.2882,-9.8707]]]}},{"type":"Feature","properties":{"IDDIST":"101005","NOMBDIST":"RONDOS","NOMBPROV":"LAURICOCHA","NOMBDEP":"HUANUCO"},"geometry":{"type":"Polygon","coordinates":[[[-76.6411,-9.8817],[-76.6265,-9.9192],[-76.6358,-9.9315],[-76.6822,-9.9879],[-76.7123,-10.0374],[-76.7485,-10.0245],[-76.812,-10.0509],[-76.824,-10.011],[-76.7732,-9.9941],[-76.7799,-9.957],[-76.7359,-9.9339],[-76.7201,-9.8984],[-76.6801,-9.9053],[-76.6411,-9.8817]]]}},{"type":"Feature","properties":{"IDDIST":"101108","NOMBDIST":"CHORAS","NOMBPROV":"YAROWILCA","NOMBDEP":"HUANUCO"},"geometry":{"type":"Polygon","coordinates":[[[-76.5223,-9.9135],[-76.5705,-9.9592],[-76.6358,-9.9315],[-76.6265,-9.9192],[-76.6078,-9.8836],[-76.6061,-9.882],[-76.5702,-9.8898],[-76.5311,-9.8676],[-76.5223,-9.9135]]]}},{"type":"Feature","properties":{"IDDIST":"021703","NOMBDIST":"COTAPARACO","NOMBPROV":"RECUAY","NOMBDEP":"ANCASH"},"geometry":{"type":"Polygon","coordinates":[[[-77.4789,-9.8738],[-77.4547,-9.9398],[-77.4887,-9.9428],[-77.5157,-9.979],[-77.5832,-9.9953],[-77.621,-10.0253],[-77.6314,-10.022],[-77.5981,-9.9374],[-77.5525,-9.8722],[-77.4789,-9.8738]]]}},{"type":"Feature","properties":{"IDDIST":"021105","NOMBDIST":"MALVAS","NOMBPROV":"HUARMEY","NOMBDEP":"ANCASH"},"geometry":{"type":"Polygon","coordinates":[[[-77.5574,-9.8691],[-77.5525,-9.8722],[-77.5981,-9.9374],[-77.6512,-9.9721],[-77.7489,-9.9486],[-77.78,-9.9661],[-77.806,-9.9611],[-77.7242,-9.8958],[-77.6813,-9.9054],[-77.6169,-9.8681],[-77.5574,-9.8691]]]}},{"type":"Feature","properties":{"IDDIST":"100101","NOMBDIST":"HUANUCO","NOMBPROV":"HUANUCO","NOMBDEP":"HUANUCO"},"geometry":{"type":"Polygon","coordinates":[[[-76.2086,-9.8863],[-76.2514,-9.943],[-76.2715,-9.96],[-76.3205,-9.9598],[-76.3436,-9.8743],[-76.3117,-9.8826],[-76.2131,-9.8705],[-76.2086,-9.8863]]]}},{"type":"Feature","properties":{"IDDIST":"021104","NOMBDIST":"HUAYAN","NOMBPROV":"HUARMEY","NOMBDEP":"ANCASH"},"geometry":{"type":"Polygon","coordinates":[[[-77.7095,-9.8372],[-77.6589,-9.8646],[-77.6169,-9.8681],[-77.6813,-9.9054],[-77.7242,-9.8958],[-77.806,-9.9611],[-77.8539,-9.9633],[-77.8259,-9.9143],[-77.7798,-9.9051],[-77.7637,-9.8724],[-77.7095,-9.8372]]]}},{"type":"Feature","properties":{"IDDIST":"100801","NOMBDIST":"PANAO","NOMBPROV":"PACHITEA","NOMBDEP":"HUANUCO"},"geometry":{"type":"Polygon","coordinates":[[[-75.647,-10.0256],[-75.6749,-10.0471],[-75.7031,-10.133],[-75.704,-10.2067],[-75.7215,-10.2274],[-75.7856,-10.2524],[-75.8401,-10.2583],[-75.8564,-10.3017],[-75.9244,-10.356],[-75.9251,-10.4068],[-75.9855,-10.4828],[-76.0317,-10.4559],[-76.026,-10.4261],[-76.0434,-10.3297],[-76.0531,-10.2235],[-76.0674,-10.1946],[-76.0406,-10.1066],[-76.0525,-10.0952],[-76.0363,-10.0395],[-76.0074,-10.0494],[-75.9714,-9.9906],[-76.0157,-9.9064],[-75.97,-9.8783],[-75.9311,-9.8317],[-75.8928,-9.8979],[-75.8684,-9.9159],[-75.8797,-9.983],[-75.7636,-9.9985],[-75.6813,-9.9938],[-75.647,-10.0256]]]}},{"type":"Feature","properties":{"IDDIST":"101102","NOMBDIST":"CAHUAC","NOMBPROV":"YAROWILCA","NOMBDEP":"HUANUCO"},"geometry":{"type":"Polygon","coordinates":[[[-76.6061,-9.882],[-76.6078,-9.8836],[-76.6411,-9.8817],[-76.6801,-9.9053],[-76.6847,-9.8517],[-76.6411,-9.8279],[-76.6061,-9.882]]]}},{"type":"Feature","properties":{"IDDIST":"020504","NOMBDIST":"AQUIA","NOMBPROV":"BOLOGNESI","NOMBDEP":"ANCASH"},"geometry":{"type":"Polygon","coordinates":[[[-77.1417,-9.8332],[-77.0949,-9.8408],[-77.0367,-9.9163],[-77.0235,-9.9773],[-77.0727,-10.0038],[-77.0905,-10.0897],[-77.1536,-10.0888],[-77.2016,-10.0922],[-77.2239,-10.0394],[-77.2056,-9.967],[-77.1738,-9.9131],[-77.1871,-9.8362],[-77.1417,-9.8332]]]}},{"type":"Feature","properties":{"IDDIST":"100106","NOMBDIST":"QUISQUI","NOMBPROV":"HUANUCO","NOMBDEP":"HUANUCO"},"geometry":{"type":"Polygon","coordinates":[[[-76.3436,-9.8743],[-76.3205,-9.9598],[-76.3471,-9.9701],[-76.3756,-9.9471],[-76.4257,-9.9178],[-76.4808,-9.9362],[-76.493,-9.9063],[-76.4551,-9.8816],[-76.4444,-9.8244],[-76.4028,-9.8168],[-76.3436,-9.8743]]]}},{"type":"Feature","properties":{"IDDIST":"021101","NOMBDIST":"HUARMEY","NOMBPROV":"HUARMEY","NOMBDEP":"ANCASH"},"geometry":{"type":"Polygon","coordinates":[[[-77.8259,-9.9143],[-77.8539,-9.9633],[-77.806,-9.9611],[-77.78,-9.9661],[-77.7639,-9.9899],[-77.7559,-10.0397],[-77.7219,-10.0787],[-77.6988,-10.1414],[-77.6563,-10.152],[-77.6744,-10.2067],[-77.6964,-10.2569],[-77.6988,-10.3221],[-77.757,-10.3442],[-77.7602,-10.4302],[-77.7962,-10.4833],[-77.7724,-10.5125],[-77.7714,-10.5716],[-77.833,-10.5675],[-77.8863,-10.6119],[-77.9082,-10.5443],[-77.9606,-10.4925],[-77.9803,-10.4395],[-78.0148,-10.4096],[-78.0106,-10.3747],[-78.0545,-10.346],[-78.0579,-10.3014],[-78.0851,-10.2677],[-78.1023,-10.2002],[-78.1636,-10.1472],[-78.1753,-10.0458],[-78.1961,-9.9949],[-78.1233,-9.9148],[-78.088,-9.9208],[-78.0783,-9.8818],[-78.0329,-9.8554],[-77.9402,-9.8459],[-77.9155,-9.8184],[-77.8539,-9.8171],[-77.8269,-9.8781],[-77.8259,-9.9143]]]}},{"type":"Feature","properties":{"IDDIST":"101105","NOMBDIST":"JACAS CHICO","NOMBPROV":"YAROWILCA","NOMBDEP":"HUANUCO"},"geometry":{"type":"Polygon","coordinates":[[[-76.4444,-9.8244],[-76.4551,-9.8816],[-76.493,-9.9063],[-76.5223,-9.9135],[-76.5311,-9.8676],[-76.4705,-9.8095],[-76.4444,-9.8244]]]}},{"type":"Feature","properties":{"IDDIST":"100804","NOMBDIST":"UMARI","NOMBPROV":"PACHITEA","NOMBDEP":"HUANUCO"},"geometry":{"type":"Polygon","coordinates":[[[-75.9311,-9.8317],[-75.97,-9.8783],[-76.0157,-9.9064],[-76.1154,-9.9401],[-76.1245,-9.9254],[-76.1217,-9.8858],[-76.0868,-9.8813],[-76.0625,-9.82],[-75.9395,-9.8057],[-75.9311,-9.8317]]]}},{"type":"Feature","properties":{"IDDIST":"100301","NOMBDIST":"LA UNION","NOMBPROV":"DOS DE MAYO","NOMBDEP":"HUANUCO"},"geometry":{"type":"Polygon","coordinates":[[[-76.7425,-9.8636],[-76.7201,-9.8984],[-76.7359,-9.9339],[-76.7799,-9.957],[-76.7732,-9.9941],[-76.824,-10.011],[-76.8137,-9.9616],[-76.8389,-9.9346],[-76.8693,-9.8604],[-76.8061,-9.8393],[-76.801,-9.8023],[-76.785,-9.8505],[-76.7425,-9.8636]]]}},{"type":"Feature","properties":{"IDDIST":"020205","NOMBDIST":"SUCCHA","NOMBPROV":"AIJA","NOMBDEP":"ANCASH"},"geometry":{"type":"Polygon","coordinates":[[[-77.5574,-9.8691],[-77.6169,-9.8681],[-77.6589,-9.8646],[-77.7095,-9.8372],[-77.698,-9.8264],[-77.6475,-9.7935],[-77.5791,-9.8354],[-77.5574,-9.8691]]]}},{"type":"Feature","properties":{"IDDIST":"101106","NOMBDIST":"OBAS","NOMBPROV":"YAROWILCA","NOMBDEP":"HUANUCO"},"geometry":{"type":"Polygon","coordinates":[[[-76.6557,-9.7447],[-76.6508,-9.7794],[-76.5961,-9.7619],[-76.6411,-9.8279],[-76.6847,-9.8517],[-76.6801,-9.9053],[-76.7201,-9.8984],[-76.7425,-9.8636],[-76.758,-9.8425],[-76.7207,-9.8447],[-76.6945,-9.8088],[-76.6896,-9.7491],[-76.6557,-9.7447]]]}},{"type":"Feature","properties":{"IDDIST":"020203","NOMBDIST":"HUACLLAN","NOMBPROV":"AIJA","NOMBDEP":"ANCASH"},"geometry":{"type":"Polygon","coordinates":[[[-77.6475,-9.7935],[-77.698,-9.8264],[-77.7067,-9.7858],[-77.6883,-9.7424],[-77.6475,-9.7935]]]}},{"type":"Feature","properties":{"IDDIST":"120801","NOMBDIST":"LA OROYA","NOMBPROV":"YAULI","NOMBDEP":"JUNIN"},"geometry":{"type":"Polygon","coordinates":[[[-75.8018,-11.5448],[-75.7564,-11.6396],[-75.7003,-11.713],[-75.7345,-11.7468],[-75.7523,-11.7028],[-75.7958,-11.651],[-75.8475,-11.6546],[-75.8561,-11.6818],[-75.9271,-11.6783],[-75.9816,-11.6399],[-75.9863,-11.6233],[-75.9576,-11.5696],[-75.9096,-11.5213],[-75.9314,-11.504],[-75.8943,-11.4576],[-75.8268,-11.5371],[-75.8018,-11.5448]]]}},{"type":"Feature","properties":{"IDDIST":"150712","NOMBDIST":"LARAOS","NOMBPROV":"HUAROCHIRI","NOMBDEP":"LIMA"},"geometry":{"type":"Polygon","coordinates":[[[-76.4753,-11.4671],[-76.4661,-11.5032],[-76.5049,-11.5202],[-76.5038,-11.5579],[-76.5227,-11.6114],[-76.5139,-11.6297],[-76.5311,-11.6513],[-76.5169,-11.6726],[-76.5564,-11.692],[-76.5745,-11.6324],[-76.5596,-11.5943],[-76.5361,-11.5591],[-76.545,-11.5222],[-76.5027,-11.4662],[-76.4753,-11.4671]]]}},{"type":"Feature","properties":{"IDDIST":"120427","NOMBDIST":"RICRAN","NOMBPROV":"JAUJA","NOMBDEP":"JUNIN"},"geometry":{"type":"Polygon","coordinates":[[[-75.3652,-11.5105],[-75.3863,-11.5191],[-75.3671,-11.5818],[-75.3813,-11.6298],[-75.4177,-11.652],[-75.4878,-11.6426],[-75.5204,-11.6187],[-75.5491,-11.5983],[-75.5685,-11.557],[-75.5472,-11.5036],[-75.4708,-11.5121],[-75.4772,-11.483],[-75.4136,-11.4571],[-75.3652,-11.5105]]]}},{"type":"Feature","properties":{"IDDIST":"120703","NOMBDIST":"HUARICOLCA","NOMBPROV":"TARMA","NOMBDEP":"JUNIN"},"geometry":{"type":"Polygon","coordinates":[[[-75.5472,-11.5036],[-75.5685,-11.557],[-75.5491,-11.5983],[-75.6008,-11.5776],[-75.6228,-11.5886],[-75.6894,-11.5564],[-75.6954,-11.5004],[-75.6172,-11.4678],[-75.6011,-11.4427],[-75.5472,-11.5036]]]}},{"type":"Feature","properties":{"IDDIST":"120418","NOMBDIST":"MOLINOS","NOMBPROV":"JAUJA","NOMBDEP":"JUNIN"},"geometry":{"type":"Polygon","coordinates":[[[-75.2584,-11.4428],[-75.2575,-11.5145],[-75.2837,-11.5582],[-75.2701,-11.6138],[-75.3231,-11.6539],[-75.3323,-11.7034],[-75.3864,-11.735],[-75.4022,-11.7349],[-75.4478,-11.7463],[-75.4704,-11.7473],[-75.4353,-11.7202],[-75.4177,-11.652],[-75.3813,-11.6298],[-75.3671,-11.5818],[-75.3863,-11.5191],[-75.3652,-11.5105],[-75.3133,-11.4519],[-75.2584,-11.4428]]]}},{"type":"Feature","properties":{"IDDIST":"120403","NOMBDIST":"APATA","NOMBPROV":"JAUJA","NOMBDEP":"JUNIN"},"geometry":{"type":"Polygon","coordinates":[[[-75.2116,-11.6249],[-75.2241,-11.6612],[-75.1923,-11.7076],[-75.2002,-11.7506],[-75.2624,-11.7906],[-75.2662,-11.8125],[-75.3109,-11.8576],[-75.3366,-11.8568],[-75.3743,-11.8638],[-75.3568,-11.8155],[-75.331,-11.811],[-75.3357,-11.7747],[-75.3864,-11.735],[-75.3323,-11.7034],[-75.3231,-11.6539],[-75.2701,-11.6138],[-75.2837,-11.5582],[-75.2575,-11.5145],[-75.2584,-11.4428],[-75.2291,-11.449],[-75.1955,-11.5233],[-75.226,-11.5557],[-75.231,-11.6151],[-75.2116,-11.6249]]]}},{"type":"Feature","properties":{"IDDIST":"120206","NOMBDIST":"COMAS","NOMBPROV":"CONCEPCION","NOMBDEP":"JUNIN"},"geometry":{"type":"Polygon","coordinates":[[[-74.9729,-11.4382],[-74.916,-11.4882],[-74.9541,-11.5039],[-74.975,-11.5508],[-74.9327,-11.5559],[-74.9095,-11.5682],[-74.8975,-11.6851],[-74.9377,-11.6869],[-74.9608,-11.7802],[-74.9929,-11.8169],[-75.0156,-11.8213],[-75.0625,-11.889],[-75.0735,-11.8726],[-75.0922,-11.8341],[-75.1293,-11.8422],[-75.1605,-11.8207],[-75.1724,-11.7977],[-75.221,-11.8045],[-75.2507,-11.8099],[-75.2662,-11.8125],[-75.2624,-11.7906],[-75.2002,-11.7506],[-75.1923,-11.7076],[-75.2241,-11.6612],[-75.2116,-11.6249],[-75.1949,-11.6253],[-75.1789,-11.6496],[-75.0879,-11.6531],[-75.0732,-11.6157],[-75.1002,-11.5585],[-75.1328,-11.5243],[-75.0983,-11.4967],[-75.0356,-11.4728],[-74.999,-11.427],[-74.9729,-11.4382]]]}},{"type":"Feature","properties":{"IDDIST":"150403","NOMBDIST":"HUAMANTANGA","NOMBPROV":"CANTA","NOMBDEP":"LIMA"},"geometry":{"type":"Polygon","coordinates":[[[-76.6946,-11.4293],[-76.71,-11.5415],[-76.7542,-11.5853],[-76.7946,-11.5627],[-76.8079,-11.6209],[-76.8877,-11.6514],[-76.9269,-11.6396],[-76.9761,-11.6854],[-77.0248,-11.681],[-77.035,-11.6524],[-77.0049,-11.6135],[-76.8591,-11.5083],[-76.8937,-11.4615],[-76.8561,-11.4678],[-76.7683,-11.4204],[-76.6946,-11.4293]]]}},{"type":"Feature","properties":{"IDDIST":"150401","NOMBDIST":"CANTA","NOMBPROV":"CANTA","NOMBDEP":"LIMA"},"geometry":{"type":"Polygon","coordinates":[[[-76.5027,-11.4662],[-76.545,-11.5222],[-76.5906,-11.5131],[-76.6275,-11.527],[-76.6727,-11.5084],[-76.6159,-11.4432],[-76.5911,-11.4129],[-76.5481,-11.4059],[-76.5438,-11.4491],[-76.5027,-11.4662]]]}},{"type":"Feature","properties":{"IDDIST":"120805","NOMBDIST":"MOROCOCHA","NOMBPROV":"YAULI","NOMBDEP":"JUNIN"},"geometry":{"type":"Polygon","coordinates":[[[-76.0574,-11.5437],[-76.0333,-11.5809],[-76.1035,-11.6268],[-76.1807,-11.6144],[-76.2273,-11.5539],[-76.1951,-11.5143],[-76.1048,-11.4383],[-76.0824,-11.388],[-76.0939,-11.4402],[-76.068,-11.4696],[-76.0574,-11.5437]]]}},{"type":"Feature","properties":{"IDDIST":"150605","NOMBDIST":"CHANCAY","NOMBPROV":"HUARAL","NOMBDEP":"LIMA"},"geometry":{"type":"Polygon","coordinates":[[[-77.204,-11.5635],[-77.2482,-11.6143],[-77.3048,-11.5122],[-77.3827,-11.4472],[-77.37,-11.4147],[-77.324,-11.3855],[-77.2872,-11.4657],[-77.204,-11.5635]]]}},{"type":"Feature","properties":{"IDDIST":"170103","NOMBDIST":"LAS PIEDRAS","NOMBPROV":"TAMBOPATA","NOMBDEP":"MADRE DE DIOS"},"geometry":{"type":"Polygon","coordinates":[[[-70.3727,-11.4371],[-70.3044,-11.4521],[-70.2793,-11.4749],[-70.2393,-11.5591],[-70.1668,-11.6331],[-70.1165,-11.6662],[-69.9275,-11.7259],[-69.8986,-11.7593],[-69.8277,-11.79],[-69.7645,-11.8037],[-69.6939,-11.7716],[-69.6286,-11.7601],[-69.5875,-11.7777],[-69.523,-11.8412],[-69.4611,-11.875],[-69.4208,-11.8659],[-69.3353,-11.9065],[-69.2726,-11.9016],[-69.2442,-11.8826],[-69.1912,-11.91],[-69.1301,-11.9183],[-69.0811,-11.9062],[-68.9703,-11.9131],[-68.6545,-12.4999],[-68.7446,-12.4497],[-68.7631,-12.4983],[-68.8178,-12.5064],[-68.8633,-12.4784],[-68.8959,-12.5325],[-68.9512,-12.5345],[-68.9981,-12.5153],[-69.0442,-12.5392],[-69.0691,-12.5937],[-69.0959,-12.6057],[-69.1655,-12.595],[-69.1693,-12.5147],[-69.1826,-12.4853],[-69.2405,-12.504],[-69.273,-12.4318],[-69.2427,-12.4068],[-69.2678,-12.3383],[-69.2515,-12.296],[-69.273,-12.265],[-69.3507,-12.2304],[-69.3707,-12.188],[-69.4141,-12.1574],[-69.4926,-12.0644],[-69.5308,-12.0342],[-69.6253,-12.0381],[-69.6556,-12.0653],[-69.7349,-12.0333],[-69.7573,-12.0668],[-69.816,-12.0444],[-69.8853,-12.0601],[-69.9597,-12.0453],[-70.0018,-12.0141],[-70.0068,-11.9761],[-70.0485,-11.9474],[-70.083,-11.9464],[-70.1046,-11.8997],[-70.1591,-11.8941],[-70.2237,-11.8619],[-70.2361,-11.8151],[-70.3113,-11.7376],[-70.3662,-11.7306],[-70.4107,-11.7051],[-70.4973,-11.5592],[-70.5528,-11.538],[-70.6358,-11.464],[-70.7261,-11.4261],[-70.7441,-11.3816],[-70.4757,-11.3525],[-70.4161,-11.4285],[-70.3727,-11.4371]]]}},{"type":"Feature","properties":{"IDDIST":"120701","NOMBDIST":"TARMA","NOMBPROV":"TARMA","NOMBDEP":"JUNIN"},"geometry":{"type":"Polygon","coordinates":[[[-75.5952,-11.4071],[-75.6011,-11.4427],[-75.6172,-11.4678],[-75.6954,-11.5004],[-75.6894,-11.5564],[-75.7706,-11.5369],[-75.8018,-11.5448],[-75.8268,-11.5371],[-75.8943,-11.4576],[-75.9164,-11.4158],[-75.8827,-11.4032],[-75.8316,-11.3779],[-75.7326,-11.3987],[-75.719,-11.3513],[-75.6719,-11.3919],[-75.5952,-11.4071]]]}},{"type":"Feature","properties":{"IDDIST":"150604","NOMBDIST":"AUCALLAMA","NOMBPROV":"HUARAL","NOMBDEP":"LIMA"},"geometry":{"type":"Polygon","coordinates":[[[-76.8937,-11.4615],[-76.8591,-11.5083],[-77.0049,-11.6135],[-77.0518,-11.5761],[-77.1239,-11.6555],[-77.1935,-11.6783],[-77.2482,-11.6143],[-77.204,-11.5635],[-77.1766,-11.506],[-77.0892,-11.4399],[-77.0511,-11.3848],[-76.9894,-11.3498],[-76.9721,-11.3842],[-76.9169,-11.3996],[-76.8937,-11.4615]]]}},{"type":"Feature","properties":{"IDDIST":"120709","NOMBDIST":"TAPO","NOMBPROV":"TARMA","NOMBDEP":"JUNIN"},"geometry":{"type":"Polygon","coordinates":[[[-75.4613,-11.4289],[-75.4772,-11.483],[-75.4708,-11.5121],[-75.5472,-11.5036],[-75.6011,-11.4427],[-75.5952,-11.4071],[-75.5979,-11.391],[-75.5484,-11.345],[-75.4756,-11.3805],[-75.4613,-11.4289]]]}},{"type":"Feature","properties":{"IDDIST":"120603","NOMBDIST":"LLAYLLA","NOMBPROV":"SATIPO","NOMBDEP":"JUNIN"},"geometry":{"type":"Polygon","coordinates":[[[-74.5281,-11.3504],[-74.5336,-11.4121],[-74.6161,-11.4705],[-74.6121,-11.4999],[-74.6554,-11.5312],[-74.6503,-11.5633],[-74.7217,-11.5932],[-74.7297,-11.611],[-74.766,-11.5984],[-74.738,-11.5496],[-74.6913,-11.3995],[-74.6621,-11.3582],[-74.6121,-11.3575],[-74.5281,-11.3504]]]}},{"type":"Feature","properties":{"IDDIST":"150406","NOMBDIST":"SAN BUENAVENTURA","NOMBPROV":"CANTA","NOMBDEP":"LIMA"},"geometry":{"type":"Polygon","coordinates":[[[-76.6311,-11.3537],[-76.6405,-11.4146],[-76.6159,-11.4432],[-76.6727,-11.5084],[-76.71,-11.5415],[-76.6946,-11.4293],[-76.6884,-11.4178],[-76.668,-11.346],[-76.6311,-11.3537]]]}},{"type":"Feature","properties":{"IDDIST":"120806","NOMBDIST":"PACCHA","NOMBPROV":"YAULI","NOMBDEP":"JUNIN"},"geometry":{"type":"Polygon","coordinates":[[[-75.8827,-11.4032],[-75.9164,-11.4158],[-75.8943,-11.4576],[-75.9314,-11.504],[-76.0574,-11.5437],[-76.068,-11.4696],[-76.0939,-11.4402],[-76.0824,-11.388],[-76.0133,-11.3757],[-75.9602,-11.3333],[-75.8827,-11.4032]]]}},{"type":"Feature","properties":{"IDDIST":"170303","NOMBDIST":"TAHUAMANU","NOMBPROV":"TAHUAMANU","NOMBDEP":"MADRE DE DIOS"},"geometry":{"type":"Polygon","coordinates":[[[-68.9703,-11.9131],[-69.0811,-11.9062],[-69.1301,-11.9183],[-69.1912,-11.91],[-69.2442,-11.8826],[-69.2726,-11.9016],[-69.3353,-11.9065],[-69.4208,-11.8659],[-69.4611,-11.875],[-69.523,-11.8412],[-69.5875,-11.7777],[-69.6286,-11.7601],[-69.6939,-11.7716],[-69.7645,-11.8037],[-69.8277,-11.79],[-69.8986,-11.7593],[-69.9275,-11.7259],[-70.1165,-11.6662],[-70.1668,-11.6331],[-70.2393,-11.5591],[-70.2793,-11.4749],[-70.3044,-11.4521],[-70.3727,-11.4371],[-70.2763,-11.4403],[-70.231,-11.4744],[-70.1302,-11.5047],[-70.0131,-11.5066],[-69.954,-11.5351],[-69.9392,-11.5609],[-69.8784,-11.5641],[-69.85,-11.6158],[-69.7829,-11.6051],[-69.7381,-11.6354],[-69.6654,-11.6278],[-69.5076,-11.6789],[-69.3366,-11.3281],[-69.2283,-11.4998],[-69.1034,-11.6813],[-68.9703,-11.9131]]]}},{"type":"Feature","properties":{"IDDIST":"120705","NOMBDIST":"LA UNION","NOMBPROV":"TARMA","NOMBDEP":"JUNIN"},"geometry":{"type":"Polygon","coordinates":[[[-75.7375,-11.3429],[-75.719,-11.3513],[-75.7326,-11.3987],[-75.8316,-11.3779],[-75.8827,-11.4032],[-75.9602,-11.3333],[-75.8901,-11.3332],[-75.8575,-11.3269],[-75.8004,-11.3265],[-75.7375,-11.3429]]]}},{"type":"Feature","properties":{"IDDIST":"150611","NOMBDIST":"SUMBILCA","NOMBPROV":"HUARAL","NOMBDEP":"LIMA"},"geometry":{"type":"Polygon","coordinates":[[[-76.6884,-11.4178],[-76.6946,-11.4293],[-76.7683,-11.4204],[-76.8561,-11.4678],[-76.8937,-11.4615],[-76.9169,-11.3996],[-76.9721,-11.3842],[-76.9894,-11.3498],[-76.9518,-11.3486],[-76.9464,-11.3425],[-76.8766,-11.3197],[-76.8362,-11.3538],[-76.6884,-11.4178]]]}},{"type":"Feature","properties":{"IDDIST":"120606","NOMBDIST":"PANGOA","NOMBPROV":"SATIPO","NOMBDEP":"JUNIN"},"geometry":{"type":"Polygon","coordinates":[[[-73.9859,-11.9338],[-74.0162,-11.9927],[-74.0549,-12.0186],[-74.0661,-12.1027],[-74.0593,-12.1717],[-74.0275,-12.174],[-74.0127,-12.2178],[-73.9805,-12.2426],[-73.9888,-12.274],[-74.0378,-12.2623],[-74.0984,-12.2849],[-74.1214,-12.3336],[-74.1873,-12.3066],[-74.2973,-12.226],[-74.3219,-12.2298],[-74.3459,-12.1737],[-74.3524,-12.1478],[-74.412,-12.1019],[-74.4555,-12.0336],[-74.4884,-12.0332],[-74.549,-11.997],[-74.5076,-11.9871],[-74.4867,-11.9422],[-74.536,-11.8784],[-74.5779,-11.8824],[-74.5967,-11.8185],[-74.6485,-11.7379],[-74.6425,-11.701],[-74.6757,-11.6718],[-74.721,-11.6647],[-74.7297,-11.611],[-74.7217,-11.5932],[-74.6503,-11.5633],[-74.6554,-11.5312],[-74.6121,-11.4999],[-74.6161,-11.4705],[-74.5336,-11.4121],[-74.5281,-11.3504],[-74.4852,-11.3777],[-74.4393,-11.346],[-74.3977,-11.3991],[-74.391,-11.4894],[-74.3576,-11.526],[-74.3446,-11.5735],[-74.299,-11.6519],[-74.217,-11.7198],[-74.1184,-11.7669],[-74.1076,-11.806],[-74.0707,-11.8357],[-73.9859,-11.9338]]]}},{"type":"Feature","properties":{"IDDIST":"170202","NOMBDIST":"FITZCARRALD","NOMBPROV":"MANU","NOMBDEP":"MADRE DE DIOS"},"geometry":{"type":"Polygon","coordinates":[[[-70.5362,-12.1136],[-70.5765,-12.1297],[-70.6489,-12.0833],[-70.6922,-12.0932],[-70.7306,-12.0721],[-70.837,-12.0782],[-70.8459,-12.1085],[-70.8267,-12.1599],[-70.7274,-12.2404],[-70.7294,-12.3965],[-70.7826,-12.3969],[-70.8826,-12.4887],[-70.9759,-12.5291],[-71.0097,-12.565],[-71.0414,-12.5618],[-71.1011,-12.5943],[-71.1287,-12.6694],[-71.185,-12.7175],[-71.2113,-12.6161],[-71.2049,-12.5739],[-71.1533,-12.4865],[-71.0348,-12.3576],[-70.9623,-12.3392],[-70.9215,-12.2792],[-70.9996,-12.2231],[-71.0246,-12.1665],[-71.1011,-12.1232],[-71.1349,-12.0605],[-71.2871,-11.9426],[-71.3455,-11.9301],[-71.3566,-11.9084],[-71.4273,-11.8936],[-71.4811,-11.8123],[-71.5246,-11.8153],[-71.632,-11.8643],[-71.6322,-11.9479],[-71.682,-11.9881],[-71.719,-11.9808],[-71.7503,-12.0192],[-71.8878,-12.059],[-71.9292,-12.0979],[-71.9499,-12.1743],[-71.9678,-12.1975],[-71.9719,-12.3004],[-71.9588,-12.3201],[-72.03,-12.2863],[-72.0338,-12.265],[-72.1055,-12.2381],[-72.0876,-12.1427],[-72.0944,-12.0852],[-72.1737,-12.0598],[-72.2689,-12.0544],[-72.2593,-12.0063],[-72.2846,-11.9764],[-72.3375,-11.9681],[-72.3475,-11.8913],[-72.3322,-11.8555],[-72.3913,-11.8263],[-72.3708,-11.785],[-72.4251,-11.7332],[-72.4287,-11.709],[-72.3509,-11.6218],[-72.3155,-11.5956],[-72.2926,-11.4333],[-72.2479,-11.385],[-72.2393,-11.3451],[-72.2046,-11.3474],[-72.1631,-11.3201],[-72.1121,-11.3311],[-72.0969,-11.3776],[-71.9994,-11.3705],[-71.9456,-11.3863],[-71.8936,-11.3529],[-71.8539,-11.3682],[-71.8261,-11.3151],[-71.7502,-11.3299],[-71.6486,-11.3777],[-71.6647,-11.4194],[-71.5911,-11.4311],[-71.5787,-11.4696],[-71.4938,-11.489],[-71.4157,-11.5288],[-71.3394,-11.6387],[-71.3207,-11.6792],[-71.2514,-11.7082],[-71.2064,-11.7555],[-71.1263,-11.7533],[-71.0764,-11.7796],[-71.0262,-11.885],[-70.9818,-11.9183],[-70.8906,-11.9242],[-70.8592,-11.9657],[-70.7467,-11.998],[-70.6444,-12.0057],[-70.6404,-12.0372],[-70.5736,-12.0775],[-70.5362,-12.1136]]]}},{"type":"Feature","properties":{"IDDIST":"150404","NOMBDIST":"HUAROS","NOMBPROV":"CANTA","NOMBDEP":"LIMA"},"geometry":{"type":"Polygon","coordinates":[[[-76.457,-11.3344],[-76.4227,-11.3549],[-76.4118,-11.4146],[-76.3715,-11.4755],[-76.3768,-11.5015],[-76.4006,-11.5072],[-76.4753,-11.4671],[-76.5027,-11.4662],[-76.5438,-11.4491],[-76.5481,-11.4059],[-76.5911,-11.4129],[-76.6159,-11.4432],[-76.6405,-11.4146],[-76.6311,-11.3537],[-76.5982,-11.3266],[-76.5461,-11.3161],[-76.4835,-11.3444],[-76.457,-11.3344]]]}},{"type":"Feature","properties":{"IDDIST":"120702","NOMBDIST":"ACOBAMBA","NOMBPROV":"TARMA","NOMBDEP":"JUNIN"},"geometry":{"type":"Polygon","coordinates":[[[-75.6222,-11.3101],[-75.5979,-11.391],[-75.5952,-11.4071],[-75.6719,-11.3919],[-75.719,-11.3513],[-75.7375,-11.3429],[-75.7055,-11.3307],[-75.6992,-11.2903],[-75.6533,-11.3183],[-75.6222,-11.3101]]]}},{"type":"Feature","properties":{"IDDIST":"150603","NOMBDIST":"ATAVILLOS BAJO","NOMBPROV":"HUARAL","NOMBDEP":"LIMA"},"geometry":{"type":"Polygon","coordinates":[[[-76.7001,-11.3179],[-76.668,-11.346],[-76.6884,-11.4178],[-76.8362,-11.3538],[-76.8766,-11.3197],[-76.8337,-11.2816],[-76.7169,-11.3294],[-76.7001,-11.3179]]]}},{"type":"Feature","properties":{"IDDIST":"120605","NOMBDIST":"PAMPA HERMOSA","NOMBPROV":"SATIPO","NOMBDEP":"JUNIN"},"geometry":{"type":"Polygon","coordinates":[[[-74.6974,-11.3008],[-74.7154,-11.3301],[-74.6621,-11.3582],[-74.6913,-11.3995],[-74.738,-11.5496],[-74.766,-11.5984],[-74.8202,-11.5884],[-74.8869,-11.5387],[-74.9327,-11.5559],[-74.975,-11.5508],[-74.9541,-11.5039],[-74.916,-11.4882],[-74.9729,-11.4382],[-75.0284,-11.3502],[-75.0442,-11.2976],[-74.9682,-11.3003],[-74.8901,-11.2697],[-74.7664,-11.2689],[-74.7441,-11.3021],[-74.6974,-11.3008]]]}},{"type":"Feature","properties":{"IDDIST":"120602","NOMBDIST":"COVIRIALI","NOMBPROV":"SATIPO","NOMBDEP":"JUNIN"},"geometry":{"type":"Polygon","coordinates":[[[-74.596,-11.2971],[-74.6121,-11.3575],[-74.6621,-11.3582],[-74.7154,-11.3301],[-74.6974,-11.3008],[-74.637,-11.2636],[-74.596,-11.2971]]]}},{"type":"Feature","properties":{"IDDIST":"120419","NOMBDIST":"MONOBAMBA","NOMBPROV":"JAUJA","NOMBDEP":"JUNIN"},"geometry":{"type":"Polygon","coordinates":[[[-75.0284,-11.3502],[-74.9729,-11.4382],[-74.999,-11.427],[-75.0356,-11.4728],[-75.0983,-11.4967],[-75.1328,-11.5243],[-75.1517,-11.5287],[-75.1949,-11.6253],[-75.2116,-11.6249],[-75.231,-11.6151],[-75.226,-11.5557],[-75.1955,-11.5233],[-75.2291,-11.449],[-75.2584,-11.4428],[-75.3133,-11.4519],[-75.3652,-11.5105],[-75.4136,-11.4571],[-75.4772,-11.483],[-75.4613,-11.4289],[-75.4097,-11.3878],[-75.4021,-11.3457],[-75.431,-11.3323],[-75.4348,-11.2582],[-75.3066,-11.3008],[-75.0284,-11.3502]]]}},{"type":"Feature","properties":{"IDDIST":"150609","NOMBDIST":"SAN MIGUEL DE ACOS","NOMBPROV":"HUARAL","NOMBDEP":"LIMA"},"geometry":{"type":"Polygon","coordinates":[[[-76.7775,-11.2658],[-76.7001,-11.3179],[-76.7169,-11.3294],[-76.8337,-11.2816],[-76.8184,-11.2575],[-76.7775,-11.2658]]]}},{"type":"Feature","properties":{"IDDIST":"150601","NOMBDIST":"HUARAL","NOMBPROV":"HUARAL","NOMBDEP":"LIMA"},"geometry":{"type":"Polygon","coordinates":[[[-76.9518,-11.3486],[-76.9894,-11.3498],[-77.0511,-11.3848],[-77.0892,-11.4399],[-77.1766,-11.506],[-77.204,-11.5635],[-77.2872,-11.4657],[-77.324,-11.3855],[-77.3223,-11.3174],[-77.3035,-11.2741],[-77.2418,-11.3043],[-77.2254,-11.3415],[-77.1645,-11.3662],[-77.1313,-11.2982],[-77.0714,-11.2684],[-77.0657,-11.2455],[-77.0216,-11.2868],[-76.9675,-11.3048],[-76.9518,-11.3486]]]}},{"type":"Feature","properties":{"IDDIST":"120804","NOMBDIST":"MARCAPOMACOCHA","NOMBPROV":"YAULI","NOMBDEP":"JUNIN"},"geometry":{"type":"Polygon","coordinates":[[[-76.1774,-11.2424],[-76.1361,-11.3154],[-76.1081,-11.3355],[-76.0824,-11.388],[-76.1048,-11.4383],[-76.1951,-11.5143],[-76.2273,-11.5539],[-76.2977,-11.5962],[-76.3279,-11.5443],[-76.35,-11.5423],[-76.3768,-11.5015],[-76.3715,-11.4755],[-76.4118,-11.4146],[-76.4227,-11.3549],[-76.457,-11.3344],[-76.4573,-11.3326],[-76.2886,-11.3035],[-76.2528,-11.2625],[-76.1774,-11.2424]]]}},{"type":"Feature","properties":{"IDDIST":"120706","NOMBDIST":"PALCA","NOMBPROV":"TARMA","NOMBDEP":"JUNIN"},"geometry":{"type":"Polygon","coordinates":[[[-75.4348,-11.2582],[-75.431,-11.3323],[-75.4021,-11.3457],[-75.4097,-11.3878],[-75.4613,-11.4289],[-75.4756,-11.3805],[-75.5484,-11.345],[-75.5979,-11.391],[-75.6222,-11.3101],[-75.5067,-11.2241],[-75.4348,-11.2582]]]}},{"type":"Feature","properties":{"IDDIST":"150602","NOMBDIST":"ATAVILLOS ALTO","NOMBPROV":"HUARAL","NOMBDEP":"LIMA"},"geometry":{"type":"Polygon","coordinates":[[[-76.4941,-11.2079],[-76.4777,-11.2935],[-76.4573,-11.3326],[-76.457,-11.3344],[-76.4835,-11.3444],[-76.5461,-11.3161],[-76.5982,-11.3266],[-76.6311,-11.3537],[-76.668,-11.346],[-76.7001,-11.3179],[-76.7775,-11.2658],[-76.7316,-11.2622],[-76.6558,-11.2225],[-76.5368,-11.2032],[-76.4941,-11.2079]]]}},{"type":"Feature","properties":{"IDDIST":"170302","NOMBDIST":"IBERIA","NOMBPROV":"TAHUAMANU","NOMBDEP":"MADRE DE DIOS"},"geometry":{"type":"Polygon","coordinates":[[[-69.3366,-11.3281],[-69.5076,-11.6789],[-69.6654,-11.6278],[-69.7381,-11.6354],[-69.7829,-11.6051],[-69.85,-11.6158],[-69.8784,-11.5641],[-69.9392,-11.5609],[-69.954,-11.5351],[-70.0131,-11.5066],[-70.1302,-11.5047],[-69.7297,-11.2035],[-69.692,-11.2062],[-69.647,-11.2374],[-69.5718,-11.2157],[-69.5005,-11.2204],[-69.4917,-11.2437],[-69.4179,-11.3018],[-69.3366,-11.3281]]]}},{"type":"Feature","properties":{"IDDIST":"080902","NOMBDIST":"ECHARATE","NOMBPROV":"LA CONVENCION","NOMBDEP":"CUSCO"},"geometry":{"type":"Polygon","coordinates":[[[-72.2393,-11.3451],[-72.2479,-11.385],[-72.2926,-11.4333],[-72.3155,-11.5956],[-72.3509,-11.6218],[-72.4287,-11.709],[-72.4251,-11.7332],[-72.3708,-11.785],[-72.3913,-11.8263],[-72.3322,-11.8555],[-72.3475,-11.8913],[-72.3375,-11.9681],[-72.2846,-11.9764],[-72.2593,-12.0063],[-72.2689,-12.0544],[-72.1737,-12.0598],[-72.0944,-12.0852],[-72.0876,-12.1427],[-72.1055,-12.2381],[-72.0338,-12.265],[-72.03,-12.2863],[-71.9588,-12.3201],[-71.976,-12.3988],[-72.0098,-12.4042],[-72.0615,-12.4404],[-72.079,-12.4986],[-72.2067,-12.4196],[-72.4308,-12.3741],[-72.5095,-12.3499],[-72.5339,-12.3605],[-72.6928,-12.3275],[-72.7596,-12.336],[-72.7699,-12.385],[-72.7602,-12.4287],[-72.711,-12.464],[-72.681,-12.5757],[-72.6966,-12.6207],[-72.6573,-12.6247],[-72.6352,-12.6539],[-72.5797,-12.6556],[-72.5238,-12.6286],[-72.4737,-12.6803],[-72.444,-12.6898],[-72.4311,-12.7169],[-72.4579,-12.7941],[-72.4957,-12.8306],[-72.5341,-12.902],[-72.5654,-12.9189],[-72.6143,-12.8923],[-72.6364,-12.8584],[-72.6227,-12.809],[-72.6655,-12.7333],[-72.7374,-12.8114],[-72.7636,-12.8047],[-72.8187,-12.8284],[-72.8642,-12.9248],[-72.8571,-12.964],[-72.8963,-12.9902],[-72.989,-13.0145],[-72.9666,-12.8962],[-72.9938,-12.8641],[-73.0591,-12.824],[-73.0701,-12.7291],[-73.0638,-12.6692],[-73.0819,-12.6589],[-73.1791,-12.7402],[-73.189,-12.7965],[-73.2202,-12.8165],[-73.2527,-12.9016],[-73.2948,-12.9077],[-73.3194,-12.9963],[-73.3554,-12.989],[-73.3713,-12.957],[-73.4147,-12.9521],[-73.4367,-12.8472],[-73.4946,-12.8357],[-73.5068,-12.8065],[-73.4817,-12.7682],[-73.5172,-12.7353],[-73.5192,-12.6993],[-73.5588,-12.6745],[-73.5981,-12.5961],[-73.5862,-12.5435],[-73.6251,-12.5372],[-73.561,-12.4405],[-73.6038,-12.387],[-73.5905,-12.3769],[-73.5743,-12.2768],[-73.4696,-12.22],[-73.4461,-12.1603],[-73.3619,-12.136],[-73.4077,-12.066],[-73.3979,-12.0209],[-73.4377,-11.9896],[-73.4411,-11.9442],[-73.4905,-11.8782],[-73.5775,-11.8365],[-73.5745,-11.7341],[-73.6083,-11.6602],[-73.5597,-11.5921],[-73.4497,-11.5319],[-73.4797,-11.4714],[-73.4197,-11.3839],[-73.3313,-11.3113],[-73.2574,-11.3127],[-73.2033,-11.29],[-73.1374,-11.2938],[-73.0265,-11.2641],[-72.9897,-11.1988],[-72.9686,-11.2641],[-72.9391,-11.2821],[-72.9519,-11.3306],[-72.897,-11.3579],[-72.7943,-11.3843],[-72.7382,-11.3474],[-72.7066,-11.3815],[-72.6321,-11.4064],[-72.61,-11.4282],[-72.5351,-11.4351],[-72.4799,-11.3874],[-72.4251,-11.3685],[-72.3788,-11.3326],[-72.3077,-11.307],[-72.2807,-11.3366],[-72.2393,-11.3451]]]}},{"type":"Feature","properties":{"IDDIST":"120707","NOMBDIST":"PALCAMAYO","NOMBPROV":"TARMA","NOMBDEP":"JUNIN"},"geometry":{"type":"Polygon","coordinates":[[[-75.6992,-11.2903],[-75.7055,-11.3307],[-75.7375,-11.3429],[-75.8004,-11.3265],[-75.8575,-11.3269],[-75.7968,-11.2861],[-75.8469,-11.2052],[-75.8136,-11.1789],[-75.7832,-11.2119],[-75.7325,-11.2383],[-75.6992,-11.2903]]]}},{"type":"Feature","properties":{"IDDIST":"120306","NOMBDIST":"VITOC","NOMBPROV":"CHANCHAMAYO","NOMBDEP":"JUNIN"},"geometry":{"type":"Polygon","coordinates":[[[-75.1223,-11.2496],[-75.0947,-11.2535],[-75.0759,-11.2676],[-75.0442,-11.2976],[-75.0284,-11.3502],[-75.3066,-11.3008],[-75.4348,-11.2582],[-75.3797,-11.22],[-75.3493,-11.1712],[-75.306,-11.175],[-75.2558,-11.2041],[-75.1939,-11.2159],[-75.1599,-11.2684],[-75.1223,-11.2496]]]}},{"type":"Feature","properties":{"IDDIST":"120604","NOMBDIST":"MAZAMARI","NOMBPROV":"SATIPO","NOMBDEP":"JUNIN"},"geometry":{"type":"Polygon","coordinates":[[[-73.9859,-11.9338],[-74.0707,-11.8357],[-74.1076,-11.806],[-74.1184,-11.7669],[-74.217,-11.7198],[-74.299,-11.6519],[-74.3446,-11.5735],[-74.3576,-11.526],[-74.391,-11.4894],[-74.3977,-11.3991],[-74.4393,-11.346],[-74.4852,-11.3777],[-74.5281,-11.3504],[-74.6121,-11.3575],[-74.596,-11.2971],[-74.5454,-11.2774],[-74.4814,-11.2243],[-74.4239,-11.2161],[-74.394,-11.2145],[-74.3161,-11.1547],[-74.2306,-11.1645],[-74.2422,-11.2035],[-74.2198,-11.3111],[-74.1835,-11.3655],[-74.061,-11.5119],[-74.0667,-11.5772],[-74.0257,-11.6216],[-74.0241,-11.6947],[-73.9779,-11.7573],[-73.9572,-11.8124],[-73.9669,-11.8415],[-73.9244,-11.8834],[-73.9859,-11.9338]]]}},{"type":"Feature","properties":{"IDDIST":"150607","NOMBDIST":"LAMPIAN","NOMBPROV":"HUARAL","NOMBDEP":"LIMA"},"geometry":{"type":"Polygon","coordinates":[[[-76.8184,-11.2575],[-76.8337,-11.2816],[-76.8766,-11.3197],[-76.9464,-11.3425],[-76.9,-11.2623],[-76.8969,-11.2244],[-76.8368,-11.1417],[-76.8128,-11.1583],[-76.8041,-11.2213],[-76.8184,-11.2575]]]}},{"type":"Feature","properties":{"IDDIST":"150801","NOMBDIST":"HUACHO","NOMBPROV":"HUAURA","NOMBDEP":"LIMA"},"geometry":{"type":"Polygon","coordinates":[[[-77.417,-11.1579],[-77.4423,-11.2028],[-77.4437,-11.246],[-77.3935,-11.275],[-77.3739,-11.3171],[-77.3223,-11.3174],[-77.324,-11.3855],[-77.37,-11.4147],[-77.3827,-11.4472],[-77.4981,-11.3772],[-77.6429,-11.3045],[-77.6417,-11.2145],[-77.5923,-11.1821],[-77.6174,-11.1071],[-77.596,-11.0999],[-77.5934,-11.1234],[-77.4855,-11.1124],[-77.4489,-11.1502],[-77.417,-11.1579]]]}},{"type":"Feature","properties":{"IDDIST":"150606","NOMBDIST":"IHUARI","NOMBPROV":"HUARAL","NOMBDEP":"LIMA"},"geometry":{"type":"Polygon","coordinates":[[[-76.829,-11.1034],[-76.8368,-11.1417],[-76.8969,-11.2244],[-76.9,-11.2623],[-76.9464,-11.3425],[-76.9518,-11.3486],[-76.9675,-11.3048],[-77.0216,-11.2868],[-77.0657,-11.2455],[-77.06,-11.1951],[-77.0851,-11.1846],[-77.0755,-11.1034],[-77.052,-11.0958],[-77.0204,-11.1352],[-76.9427,-11.0782],[-76.8785,-11.0828],[-76.829,-11.1034]]]}},{"type":"Feature","properties":{"IDDIST":"150803","NOMBDIST":"CALETA DE CARQUIN","NOMBPROV":"HUAURA","NOMBDEP":"LIMA"},"geometry":{"type":"Polygon","coordinates":[[[-77.6254,-11.0989],[-77.6283,-11.0844],[-77.6087,-11.0772],[-77.6254,-11.0989]]]}},{"type":"Feature","properties":{"IDDIST":"150805","NOMBDIST":"HUALMAY","NOMBPROV":"HUAURA","NOMBDEP":"LIMA"},"geometry":{"type":"Polygon","coordinates":[[[-77.596,-11.0999],[-77.6174,-11.1071],[-77.6254,-11.0989],[-77.6087,-11.0772],[-77.5982,-11.0755],[-77.596,-11.0999]]]}},{"type":"Feature","properties":{"IDDIST":"120807","NOMBDIST":"SANTA BARBARA DE CARHUACAYAN","NOMBPROV":"YAULI","NOMBDEP":"JUNIN"},"geometry":{"type":"Polygon","coordinates":[[[-76.2146,-11.1503],[-76.1851,-11.1856],[-76.1774,-11.2424],[-76.2528,-11.2625],[-76.2886,-11.3035],[-76.4573,-11.3326],[-76.4777,-11.2935],[-76.4941,-11.2079],[-76.5184,-11.1161],[-76.4912,-11.0894],[-76.3972,-11.0758],[-76.3181,-11.0916],[-76.3079,-11.1327],[-76.2146,-11.1503]]]}},{"type":"Feature","properties":{"IDDIST":"150810","NOMBDIST":"SANTA MARIA","NOMBPROV":"HUAURA","NOMBDEP":"LIMA"},"geometry":{"type":"Polygon","coordinates":[[[-77.3611,-11.1101],[-77.3663,-11.1654],[-77.417,-11.1579],[-77.4489,-11.1502],[-77.4855,-11.1124],[-77.5934,-11.1234],[-77.596,-11.0999],[-77.5982,-11.0755],[-77.5555,-11.0663],[-77.4405,-11.106],[-77.3611,-11.1101]]]}},{"type":"Feature","properties":{"IDDIST":"150610","NOMBDIST":"SANTA CRUZ DE ANDAMARCA","NOMBPROV":"HUARAL","NOMBDEP":"LIMA"},"geometry":{"type":"Polygon","coordinates":[[[-76.4912,-11.0894],[-76.5184,-11.1161],[-76.4941,-11.2079],[-76.5368,-11.2032],[-76.6558,-11.2225],[-76.624,-11.1243],[-76.5857,-11.0793],[-76.5267,-11.051],[-76.4912,-11.0894]]]}},{"type":"Feature","properties":{"IDDIST":"120305","NOMBDIST":"SAN RAMON","NOMBPROV":"CHANCHAMAYO","NOMBDEP":"JUNIN"},"geometry":{"type":"Polygon","coordinates":[[[-75.1223,-11.2496],[-75.1599,-11.2684],[-75.1939,-11.2159],[-75.2558,-11.2041],[-75.306,-11.175],[-75.3493,-11.1712],[-75.3797,-11.22],[-75.4348,-11.2582],[-75.5067,-11.2241],[-75.5793,-11.2287],[-75.5884,-11.1771],[-75.6377,-11.1642],[-75.669,-11.1008],[-75.6202,-11.1049],[-75.5917,-11.1424],[-75.5628,-11.1437],[-75.5035,-11.0971],[-75.379,-11.0505],[-75.3416,-11.0759],[-75.2633,-11.0759],[-75.2433,-11.1077],[-75.2422,-11.1608],[-75.1496,-11.2118],[-75.1223,-11.2496]]]}},{"type":"Feature","properties":{"IDDIST":"150612","NOMBDIST":"VEINTISIETE DE NOVIEMBRE","NOMBPROV":"HUARAL","NOMBDEP":"LIMA"},"geometry":{"type":"Polygon","coordinates":[[[-76.7407,-11.0658],[-76.7227,-11.0901],[-76.7317,-11.1513],[-76.703,-11.175],[-76.7697,-11.2313],[-76.7775,-11.2658],[-76.8184,-11.2575],[-76.8041,-11.2213],[-76.8128,-11.1583],[-76.8368,-11.1417],[-76.829,-11.1034],[-76.7824,-11.0457],[-76.7407,-11.0658]]]}},{"type":"Feature","properties":{"IDDIST":"170101","NOMBDIST":"TAMBOPATA","NOMBPROV":"TAMBOPATA","NOMBDEP":"MADRE DE DIOS"},"geometry":{"type":"Polygon","coordinates":[[[-70.7441,-11.3816],[-70.7261,-11.4261],[-70.6358,-11.464],[-70.5528,-11.538],[-70.4973,-11.5592],[-70.4107,-11.7051],[-70.3662,-11.7306],[-70.3113,-11.7376],[-70.2361,-11.8151],[-70.2237,-11.8619],[-70.1591,-11.8941],[-70.1046,-11.8997],[-70.083,-11.9464],[-70.0485,-11.9474],[-70.0068,-11.9761],[-70.0018,-12.0141],[-69.9597,-12.0453],[-69.8853,-12.0601],[-69.816,-12.0444],[-69.7573,-12.0668],[-69.7349,-12.0333],[-69.6556,-12.0653],[-69.6253,-12.0381],[-69.5308,-12.0342],[-69.4926,-12.0644],[-69.4141,-12.1574],[-69.3707,-12.188],[-69.3507,-12.2304],[-69.273,-12.265],[-69.2515,-12.296],[-69.2678,-12.3383],[-69.2427,-12.4068],[-69.273,-12.4318],[-69.2405,-12.504],[-69.1826,-12.4853],[-69.1693,-12.5147],[-69.1655,-12.595],[-69.0959,-12.6057],[-69.0691,-12.5937],[-69.0442,-12.5392],[-68.9981,-12.5153],[-68.9512,-12.5345],[-68.8959,-12.5325],[-68.8633,-12.4784],[-68.8178,-12.5064],[-68.7631,-12.4983],[-68.7446,-12.4497],[-68.6545,-12.4999],[-68.6922,-12.5836],[-68.7324,-12.6109],[-68.7189,-12.6618],[-68.7417,-12.7249],[-68.7882,-12.7569],[-68.8347,-12.8132],[-68.8358,-12.859],[-68.8716,-12.8855],[-68.8719,-13.0039],[-69.3106,-13.1958],[-69.6475,-13.3413],[-69.6353,-13.2959],[-69.6314,-13.1994],[-69.5947,-13.1373],[-69.5794,-13.0856],[-69.4983,-13.0035],[-69.5189,-12.9021],[-69.4981,-12.8688],[-69.4475,-12.8461],[-69.4886,-12.7612],[-69.4368,-12.7258],[-69.459,-12.6977],[-69.4531,-12.6163],[-69.5042,-12.6219],[-69.5007,-12.572],[-69.5404,-12.5693],[-69.5701,-12.491],[-69.5971,-12.5142],[-69.6592,-12.4991],[-69.7234,-12.5225],[-69.8079,-12.4807],[-69.8918,-12.4747],[-69.9388,-12.4301],[-70.0063,-12.425],[-70.0439,-12.3774],[-70.0948,-12.3495],[-70.1649,-12.3576],[-70.24,-12.327],[-70.3125,-12.1867],[-70.3474,-12.1612],[-70.3459,-12.1145],[-70.3979,-12.0711],[-70.4406,-12.052],[-70.5781,-11.9287],[-70.6904,-11.898],[-70.7209,-11.9332],[-70.6601,-11.9533],[-70.5974,-12.0115],[-70.5865,-12.0513],[-70.5476,-12.0863],[-70.5177,-12.0865],[-70.487,-12.1103],[-70.4034,-12.1508],[-70.4358,-12.1544],[-70.4989,-12.1068],[-70.5362,-12.1136],[-70.5736,-12.0775],[-70.6404,-12.0372],[-70.6444,-12.0057],[-70.7467,-11.998],[-70.8592,-11.9657],[-70.8906,-11.9242],[-70.9818,-11.9183],[-71.0262,-11.885],[-71.0764,-11.7796],[-71.1263,-11.7533],[-71.2064,-11.7555],[-71.2514,-11.7082],[-71.3207,-11.6792],[-71.3394,-11.6387],[-71.4157,-11.5288],[-71.4938,-11.489],[-71.5787,-11.4696],[-71.5911,-11.4311],[-71.6647,-11.4194],[-71.6486,-11.3777],[-71.7502,-11.3299],[-71.8261,-11.3151],[-71.8539,-11.3682],[-71.8936,-11.3529],[-71.9456,-11.3863],[-71.9994,-11.3705],[-72.0969,-11.3776],[-72.1121,-11.3311],[-72.1631,-11.3201],[-72.2046,-11.3474],[-72.2177,-11.3002],[-72.1982,-11.2617],[-72.2002,-11.2053],[-72.1816,-11.1668],[-72.1456,-11.1491],[-72.1214,-11.1071],[-72.1849,-11.0658],[-72.1754,-11.0443],[-72.1368,-11.083],[-72.0884,-11.0678],[-71.9866,-11.054],[-71.9007,-11.0666],[-71.8511,-11.043],[-71.8116,-11.0705],[-71.7067,-11.0899],[-71.5869,-11.0959],[-71.5481,-11.0819],[-71.4999,-11.1052],[-71.4599,-11.1046],[-71.4077,-11.1479],[-71.307,-11.1853],[-71.1536,-11.2271],[-71.1031,-11.2209],[-71.063,-11.2502],[-70.9304,-11.2754],[-70.7441,-11.3816]]]}},{"type":"Feature","properties":{"IDDIST":"150608","NOMBDIST":"PACARAOS","NOMBPROV":"HUARAL","NOMBDEP":"LIMA"},"geometry":{"type":"Polygon","coordinates":[[[-76.5267,-11.051],[-76.5857,-11.0793],[-76.624,-11.1243],[-76.6558,-11.2225],[-76.7316,-11.2622],[-76.7775,-11.2658],[-76.7697,-11.2313],[-76.703,-11.175],[-76.7317,-11.1513],[-76.7227,-11.0901],[-76.7407,-11.0658],[-76.6578,-11.0344],[-76.5769,-11.0165],[-76.5267,-11.051]]]}},{"type":"Feature","properties":{"IDDIST":"120601","NOMBDIST":"SATIPO","NOMBPROV":"SATIPO","NOMBDEP":"JUNIN"},"geometry":{"type":"Polygon","coordinates":[[[-74.4239,-11.2161],[-74.4814,-11.2243],[-74.5454,-11.2774],[-74.596,-11.2971],[-74.637,-11.2636],[-74.6974,-11.3008],[-74.7441,-11.3021],[-74.7664,-11.2689],[-74.8901,-11.2697],[-74.911,-11.2131],[-74.8769,-11.1557],[-74.8559,-11.1484],[-74.8231,-11.2004],[-74.7476,-11.1805],[-74.7032,-11.2307],[-74.663,-11.2368],[-74.6335,-11.2087],[-74.6582,-11.1101],[-74.6366,-11.0791],[-74.5333,-11.0544],[-74.5311,-11.006],[-74.4721,-11.0372],[-74.3977,-11.1015],[-74.3835,-11.1365],[-74.418,-11.1549],[-74.4239,-11.2161]]]}},{"type":"Feature","properties":{"IDDIST":"150807","NOMBDIST":"LEONCIO PRADO","NOMBPROV":"HUAURA","NOMBDEP":"LIMA"},"geometry":{"type":"Polygon","coordinates":[[[-76.8646,-10.9817],[-76.8201,-10.9783],[-76.7876,-11.0225],[-76.7824,-11.0457],[-76.829,-11.1034],[-76.8785,-11.0828],[-76.9427,-11.0782],[-77.0204,-11.1352],[-77.052,-11.0958],[-77.0479,-11.0583],[-77.0843,-11.016],[-76.9866,-11.0433],[-76.9058,-10.9823],[-76.8646,-10.9817]]]}},{"type":"Feature","properties":{"IDDIST":"120607","NOMBDIST":"RIO NEGRO","NOMBPROV":"SATIPO","NOMBDEP":"JUNIN"},"geometry":{"type":"Polygon","coordinates":[[[-74.5311,-11.006],[-74.5333,-11.0544],[-74.6366,-11.0791],[-74.6582,-11.1101],[-74.6335,-11.2087],[-74.663,-11.2368],[-74.7032,-11.2307],[-74.7476,-11.1805],[-74.8231,-11.2004],[-74.8559,-11.1484],[-74.7459,-11.0674],[-74.7296,-11.0172],[-74.6474,-11.009],[-74.6226,-10.9764],[-74.5946,-10.9703],[-74.5311,-11.006]]]}},{"type":"Feature","properties":{"IDDIST":"120708","NOMBDIST":"SAN PEDRO DE CAJAS","NOMBPROV":"TARMA","NOMBDEP":"JUNIN"},"geometry":{"type":"Polygon","coordinates":[[[-75.6002,-10.9545],[-75.6156,-11.0455],[-75.6681,-11.0777],[-75.7119,-11.0821],[-75.7803,-11.1158],[-75.7739,-11.1495],[-75.8136,-11.1789],[-75.8469,-11.2052],[-75.7968,-11.2861],[-75.8575,-11.3269],[-75.8901,-11.3332],[-75.9601,-11.2174],[-75.922,-11.2197],[-75.8804,-11.1415],[-75.8389,-11.1194],[-75.8323,-11.0513],[-75.8026,-11.0149],[-75.7277,-10.9994],[-75.6655,-10.9496],[-75.6002,-10.9545]]]}},{"type":"Feature","properties":{"IDDIST":"120501","NOMBDIST":"JUNIN","NOMBPROV":"JUNIN","NOMBDEP":"JUNIN"},"geometry":{"type":"Polygon","coordinates":[[[-75.8804,-11.1415],[-75.922,-11.2197],[-75.9601,-11.2174],[-75.8901,-11.3332],[-75.9602,-11.3333],[-76.0133,-11.3757],[-76.0824,-11.388],[-76.1081,-11.3355],[-76.1361,-11.3154],[-76.1774,-11.2424],[-76.1851,-11.1856],[-76.13,-11.2069],[-76.0651,-11.1128],[-76.0297,-11.0872],[-76.0119,-11.046],[-76.0489,-11.0044],[-76.0402,-10.9831],[-75.9604,-10.9474],[-75.9081,-11.0182],[-75.8889,-11.0627],[-75.8804,-11.1415]]]}},{"type":"Feature","properties":{"IDDIST":"120503","NOMBDIST":"ONDORES","NOMBPROV":"JUNIN","NOMBDEP":"JUNIN"},"geometry":{"type":"Polygon","coordinates":[[[-76.0651,-11.1128],[-76.13,-11.2069],[-76.1851,-11.1856],[-76.2146,-11.1503],[-76.2494,-11.1073],[-76.2412,-11.0611],[-76.2778,-10.9404],[-76.2789,-10.9235],[-76.2598,-10.9214],[-76.248,-10.9332],[-76.2482,-10.9386],[-76.2368,-10.9578],[-76.1763,-11.0442],[-76.1144,-11.1095],[-76.0651,-11.1128]]]}},{"type":"Feature","properties":{"IDDIST":"120704","NOMBDIST":"HUASAHUASI","NOMBPROV":"TARMA","NOMBDEP":"JUNIN"},"geometry":{"type":"Polygon","coordinates":[[[-75.669,-11.1008],[-75.6377,-11.1642],[-75.5884,-11.1771],[-75.5793,-11.2287],[-75.5067,-11.2241],[-75.6222,-11.3101],[-75.6533,-11.3183],[-75.6992,-11.2903],[-75.7325,-11.2383],[-75.7832,-11.2119],[-75.8136,-11.1789],[-75.7739,-11.1495],[-75.7803,-11.1158],[-75.7119,-11.0821],[-75.6681,-11.0777],[-75.6156,-11.0455],[-75.6002,-10.9545],[-75.4964,-10.9518],[-75.4652,-10.9011],[-75.4534,-10.9003],[-75.4235,-10.9369],[-75.4641,-11.0242],[-75.5278,-11.0501],[-75.5844,-11.0514],[-75.6043,-11.0751],[-75.669,-11.1008]]]}},{"type":"Feature","properties":{"IDDIST":"150811","NOMBDIST":"SAYAN","NOMBPROV":"HUAURA","NOMBDEP":"LIMA"},"geometry":{"type":"Polygon","coordinates":[[[-77.1942,-10.9575],[-77.1388,-11.0112],[-77.0843,-11.016],[-77.0479,-11.0583],[-77.052,-11.0958],[-77.0755,-11.1034],[-77.0851,-11.1846],[-77.06,-11.1951],[-77.0657,-11.2455],[-77.0714,-11.2684],[-77.1313,-11.2982],[-77.1645,-11.3662],[-77.2254,-11.3415],[-77.2418,-11.3043],[-77.3035,-11.2741],[-77.3223,-11.3174],[-77.3739,-11.3171],[-77.3935,-11.275],[-77.4437,-11.246],[-77.4423,-11.2028],[-77.417,-11.1579],[-77.3663,-11.1654],[-77.3611,-11.1101],[-77.3597,-11.0464],[-77.3243,-10.9579],[-77.3263,-10.9066],[-77.2527,-10.9252],[-77.2213,-10.9642],[-77.1942,-10.9575]]]}},{"type":"Feature","properties":{"IDDIST":"150806","NOMBDIST":"HUAURA","NOMBPROV":"HUAURA","NOMBDEP":"LIMA"},"geometry":{"type":"Polygon","coordinates":[[[-77.3263,-10.9066],[-77.3243,-10.9579],[-77.3597,-11.0464],[-77.3611,-11.1101],[-77.4405,-11.106],[-77.5555,-11.0663],[-77.5982,-11.0755],[-77.6087,-11.0772],[-77.6283,-11.0844],[-77.6323,-11.0611],[-77.6048,-11.0319],[-77.5439,-11.0172],[-77.5257,-10.932],[-77.4443,-10.9161],[-77.398,-10.8781],[-77.3263,-10.9066]]]}},{"type":"Feature","properties":{"IDDIST":"150808","NOMBDIST":"PACCHO","NOMBPROV":"HUAURA","NOMBDEP":"LIMA"},"geometry":{"type":"Polygon","coordinates":[[[-76.8646,-10.9817],[-76.9058,-10.9823],[-76.9866,-11.0433],[-77.0843,-11.016],[-77.063,-10.9912],[-76.9729,-10.8758],[-76.9134,-10.9034],[-76.8695,-10.9485],[-76.8646,-10.9817]]]}},{"type":"Feature","properties":{"IDDIST":"150812","NOMBDIST":"VEGUETA","NOMBPROV":"HUAURA","NOMBDEP":"LIMA"},"geometry":{"type":"Polygon","coordinates":[[[-77.5257,-10.932],[-77.5439,-11.0172],[-77.6048,-11.0319],[-77.6323,-11.0611],[-77.6617,-11.0127],[-77.6578,-10.9465],[-77.7015,-10.8861],[-77.6604,-10.8668],[-77.5995,-10.86],[-77.5614,-10.8784],[-77.5257,-10.932]]]}},{"type":"Feature","properties":{"IDDIST":"120301","NOMBDIST":"CHANCHAMAYO","NOMBPROV":"CHANCHAMAYO","NOMBDEP":"JUNIN"},"geometry":{"type":"Polygon","coordinates":[[[-75.3857,-10.8649],[-75.369,-10.8959],[-75.3248,-10.9231],[-75.2789,-10.9005],[-75.2452,-10.8602],[-75.2516,-10.922],[-75.2317,-10.9506],[-75.266,-10.9783],[-75.2293,-11.0065],[-75.238,-11.0461],[-75.2268,-11.0979],[-75.1764,-11.1201],[-75.1197,-11.1649],[-75.1212,-11.236],[-75.0947,-11.2535],[-75.1223,-11.2496],[-75.1496,-11.2118],[-75.2422,-11.1608],[-75.2433,-11.1077],[-75.2633,-11.0759],[-75.3416,-11.0759],[-75.379,-11.0505],[-75.5035,-11.0971],[-75.5628,-11.1437],[-75.5917,-11.1424],[-75.6202,-11.1049],[-75.669,-11.1008],[-75.6043,-11.0751],[-75.5844,-11.0514],[-75.5278,-11.0501],[-75.4641,-11.0242],[-75.4235,-10.9369],[-75.4534,-10.9003],[-75.4092,-10.8578],[-75.3857,-10.8649]]]}},{"type":"Feature","properties":{"IDDIST":"150809","NOMBDIST":"SANTA LEONOR","NOMBPROV":"HUAURA","NOMBDEP":"LIMA"},"geometry":{"type":"Polygon","coordinates":[[[-76.5769,-11.0165],[-76.6578,-11.0344],[-76.7407,-11.0658],[-76.7824,-11.0457],[-76.7876,-11.0225],[-76.7772,-11.0048],[-76.782,-10.9261],[-76.7431,-10.9343],[-76.707,-10.8885],[-76.6542,-10.882],[-76.5882,-10.8451],[-76.5651,-10.9662],[-76.5769,-11.0165]]]}},{"type":"Feature","properties":{"IDDIST":"150804","NOMBDIST":"CHECRAS","NOMBPROV":"HUAURA","NOMBDEP":"LIMA"},"geometry":{"type":"Polygon","coordinates":[[[-76.782,-10.9261],[-76.7772,-11.0048],[-76.7876,-11.0225],[-76.8201,-10.9783],[-76.8646,-10.9817],[-76.8695,-10.9485],[-76.9134,-10.9034],[-76.9729,-10.8758],[-76.9548,-10.8617],[-76.8921,-10.8435],[-76.782,-10.9261]]]}},{"type":"Feature","properties":{"IDDIST":"120502","NOMBDIST":"CARHUAMAYO","NOMBPROV":"JUNIN","NOMBDEP":"JUNIN"},"geometry":{"type":"Polygon","coordinates":[[[-75.9933,-10.8208],[-75.9371,-10.8715],[-75.9359,-10.8897],[-75.9604,-10.9474],[-76.0402,-10.9831],[-76.0489,-11.0044],[-76.071,-10.976],[-76.1229,-10.9626],[-76.0913,-10.9066],[-76.0445,-10.8795],[-75.9933,-10.8208]]]}},{"type":"Feature","properties":{"IDDIST":"190112","NOMBDIST":"VICCO","NOMBPROV":"PASCO","NOMBDEP":"PASCO"},"geometry":{"type":"Polygon","coordinates":[[[-76.1892,-10.7952],[-76.1743,-10.8381],[-76.1897,-10.8956],[-76.1887,-10.96],[-76.2098,-10.919],[-76.2237,-10.915],[-76.2491,-10.9246],[-76.2589,-10.9201],[-76.2658,-10.9202],[-76.2789,-10.9235],[-76.2778,-10.9404],[-76.3049,-10.9293],[-76.2937,-10.8524],[-76.2753,-10.8054],[-76.1892,-10.7952]]]}},{"type":"Feature","properties":{"IDDIST":"120304","NOMBDIST":"SAN LUIS DE SHUARO","NOMBPROV":"CHANCHAMAYO","NOMBDEP":"JUNIN"},"geometry":{"type":"Polygon","coordinates":[[[-75.2452,-10.8602],[-75.2789,-10.9005],[-75.3248,-10.9231],[-75.369,-10.8959],[-75.3857,-10.8649],[-75.3173,-10.8636],[-75.2624,-10.8253],[-75.244,-10.7669],[-75.2043,-10.7647],[-75.1621,-10.8312],[-75.1982,-10.8612],[-75.2452,-10.8602]]]}},{"type":"Feature","properties":{"IDDIST":"150205","NOMBDIST":"SUPE PUERTO","NOMBPROV":"BARRANCA","NOMBDEP":"LIMA"},"geometry":{"type":"Polygon","coordinates":[[[-77.7509,-10.8187],[-77.7509,-10.7826],[-77.6899,-10.7577],[-77.7509,-10.8187]]]}},{"type":"Feature","properties":{"IDDIST":"150904","NOMBDIST":"COCHAMARCA","NOMBPROV":"OYON","NOMBDEP":"LIMA"},"geometry":{"type":"Polygon","coordinates":[[[-77.0861,-10.7535],[-77.0768,-10.8202],[-77.118,-10.886],[-77.0803,-10.9413],[-77.063,-10.9912],[-77.0843,-11.016],[-77.1388,-11.0112],[-77.1942,-10.9575],[-77.168,-10.9185],[-77.1565,-10.8492],[-77.1766,-10.7781],[-77.1403,-10.7561],[-77.0861,-10.7535]]]}},{"type":"Feature","properties":{"IDDIST":"150906","NOMBDIST":"PACHANGARA","NOMBPROV":"OYON","NOMBDEP":"LIMA"},"geometry":{"type":"Polygon","coordinates":[[[-76.707,-10.8885],[-76.7431,-10.9343],[-76.782,-10.9261],[-76.8921,-10.8435],[-76.8795,-10.8026],[-76.8188,-10.7482],[-76.7853,-10.7482],[-76.7331,-10.7947],[-76.746,-10.8492],[-76.707,-10.8885]]]}},{"type":"Feature","properties":{"IDDIST":"120608","NOMBDIST":"RIO TAMBO","NOMBPROV":"SATIPO","NOMBDEP":"JUNIN"},"geometry":{"type":"Polygon","coordinates":[[[-73.4826,-11.0652],[-73.4752,-11.1284],[-73.4501,-11.2247],[-73.4601,-11.3027],[-73.4841,-11.3193],[-73.4498,-11.3681],[-73.4197,-11.3839],[-73.4797,-11.4714],[-73.4497,-11.5319],[-73.5597,-11.5921],[-73.6083,-11.6602],[-73.5745,-11.7341],[-73.5775,-11.8365],[-73.4905,-11.8782],[-73.4411,-11.9442],[-73.4377,-11.9896],[-73.3979,-12.0209],[-73.4077,-12.066],[-73.3619,-12.136],[-73.4461,-12.1603],[-73.4696,-12.22],[-73.5743,-12.2768],[-73.5905,-12.3769],[-73.6038,-12.387],[-73.6445,-12.372],[-73.665,-12.3211],[-73.7078,-12.2679],[-73.7369,-12.2668],[-73.8019,-12.2203],[-73.8432,-12.2394],[-73.9238,-12.2247],[-73.9805,-12.2426],[-74.0127,-12.2178],[-74.0275,-12.174],[-74.0593,-12.1717],[-74.0661,-12.1027],[-74.0549,-12.0186],[-74.0162,-11.9927],[-73.9859,-11.9338],[-73.9244,-11.8834],[-73.9669,-11.8415],[-73.9572,-11.8124],[-73.9779,-11.7573],[-74.0241,-11.6947],[-74.0257,-11.6216],[-74.0667,-11.5772],[-74.061,-11.5119],[-74.1835,-11.3655],[-74.2198,-11.3111],[-74.2422,-11.2035],[-74.2306,-11.1645],[-74.3161,-11.1547],[-74.394,-11.2145],[-74.4239,-11.2161],[-74.418,-11.1549],[-74.3835,-11.1365],[-74.3977,-11.1015],[-74.4721,-11.0372],[-74.5311,-11.006],[-74.5946,-10.9703],[-74.6226,-10.9764],[-74.6612,-10.9528],[-74.6974,-10.9554],[-74.7002,-10.8779],[-74.6493,-10.8671],[-74.6141,-10.9046],[-74.573,-10.9126],[-74.5084,-10.9503],[-74.5001,-10.996],[-74.4454,-11.0049],[-74.3737,-11.0565],[-74.2564,-11.0182],[-74.2015,-11.0197],[-74.1909,-10.986],[-74.148,-10.9988],[-74.0918,-10.9868],[-74.0055,-10.9932],[-73.9787,-11.07],[-73.9783,-11.1206],[-73.9165,-11.1431],[-73.8887,-11.1701],[-73.8613,-11.1455],[-73.8666,-11.0374],[-73.8541,-10.9549],[-73.8234,-10.9211],[-73.8142,-10.7999],[-73.7572,-10.7359],[-73.6962,-10.773],[-73.6104,-10.8466],[-73.5603,-10.8606],[-73.5715,-10.9581],[-73.5426,-11.0474],[-73.4826,-11.0652]]]}},{"type":"Feature","properties":{"IDDIST":"150905","NOMBDIST":"NAVAN","NOMBPROV":"OYON","NOMBDEP":"LIMA"},"geometry":{"type":"Polygon","coordinates":[[[-76.9729,-10.8758],[-77.063,-10.9912],[-77.0803,-10.9413],[-77.118,-10.886],[-77.0768,-10.8202],[-77.0861,-10.7535],[-77.0348,-10.7328],[-77.0246,-10.7382],[-76.9907,-10.8553],[-76.9729,-10.8758]]]}},{"type":"Feature","properties":{"IDDIST":"190104","NOMBDIST":"HUAYLLAY","NOMBPROV":"PASCO","NOMBDEP":"PASCO"},"geometry":{"type":"Polygon","coordinates":[[[-76.2937,-10.8524],[-76.3049,-10.9293],[-76.2778,-10.9404],[-76.2412,-11.0611],[-76.2494,-11.1073],[-76.2146,-11.1503],[-76.3079,-11.1327],[-76.3181,-11.0916],[-76.3972,-11.0758],[-76.4912,-11.0894],[-76.5267,-11.051],[-76.5769,-11.0165],[-76.5651,-10.9662],[-76.5882,-10.8451],[-76.6203,-10.8117],[-76.6475,-10.7309],[-76.6119,-10.7371],[-76.5757,-10.775],[-76.522,-10.7852],[-76.4844,-10.8376],[-76.4493,-10.8188],[-76.4043,-10.8201],[-76.2937,-10.8524]]]}},{"type":"Feature","properties":{"IDDIST":"120504","NOMBDIST":"ULCUMAYO","NOMBPROV":"JUNIN","NOMBDEP":"JUNIN"},"geometry":{"type":"Polygon","coordinates":[[[-75.469,-10.7739],[-75.4808,-10.8498],[-75.4652,-10.9011],[-75.4964,-10.9518],[-75.6002,-10.9545],[-75.6655,-10.9496],[-75.7277,-10.9994],[-75.8026,-11.0149],[-75.8323,-11.0513],[-75.8389,-11.1194],[-75.8804,-11.1415],[-75.8889,-11.0627],[-75.9081,-11.0182],[-75.9604,-10.9474],[-75.9359,-10.8897],[-75.8583,-10.8679],[-75.8384,-10.8863],[-75.786,-10.8246],[-75.7324,-10.8092],[-75.6934,-10.8342],[-75.5897,-10.8109],[-75.5678,-10.7271],[-75.5569,-10.7441],[-75.469,-10.7739]]]}},{"type":"Feature","properties":{"IDDIST":"190111","NOMBDIST":"TINYAHUARCO","NOMBPROV":"PASCO","NOMBDEP":"PASCO"},"geometry":{"type":"Polygon","coordinates":[[[-76.1843,-10.7567],[-76.1892,-10.7952],[-76.2753,-10.8054],[-76.3037,-10.7943],[-76.3018,-10.733],[-76.2544,-10.723],[-76.2227,-10.7175],[-76.1843,-10.7567]]]}},{"type":"Feature","properties":{"IDDIST":"250202","NOMBDIST":"SEPAHUA","NOMBPROV":"ATALAYA","NOMBDEP":"UCAYALI"},"geometry":{"type":"Polygon","coordinates":[[[-72.4843,-10.7922],[-72.4372,-10.8426],[-72.4314,-10.8798],[-72.4001,-10.9298],[-72.3203,-10.9803],[-72.2621,-10.9717],[-72.2103,-11.0133],[-72.1818,-11.0097],[-72.1754,-11.0443],[-72.1849,-11.0658],[-72.1214,-11.1071],[-72.1456,-11.1491],[-72.1816,-11.1668],[-72.2002,-11.2053],[-72.1982,-11.2617],[-72.2177,-11.3002],[-72.2046,-11.3474],[-72.2393,-11.3451],[-72.2807,-11.3366],[-72.3077,-11.307],[-72.3788,-11.3326],[-72.4251,-11.3685],[-72.4799,-11.3874],[-72.5351,-11.4351],[-72.61,-11.4282],[-72.6321,-11.4064],[-72.7066,-11.3815],[-72.7382,-11.3474],[-72.7943,-11.3843],[-72.897,-11.3579],[-72.9519,-11.3306],[-72.9391,-11.2821],[-72.9686,-11.2641],[-72.9897,-11.1988],[-73.0265,-11.2641],[-73.1374,-11.2938],[-73.2033,-11.29],[-73.2574,-11.3127],[-73.3313,-11.3113],[-73.4197,-11.3839],[-73.4498,-11.3681],[-73.4841,-11.3193],[-73.4601,-11.3027],[-73.4501,-11.2247],[-73.4752,-11.1284],[-73.4826,-11.0652],[-73.4675,-11.0225],[-73.3583,-11.0417],[-73.3242,-11.0068],[-73.3068,-10.9166],[-73.3235,-10.8408],[-73.3108,-10.8033],[-73.2297,-10.7757],[-73.0876,-10.7984],[-73.0384,-10.7988],[-73.0052,-10.8303],[-72.9523,-10.7904],[-72.8694,-10.7701],[-72.8396,-10.7896],[-72.7821,-10.7647],[-72.7749,-10.7433],[-72.701,-10.7047],[-72.6578,-10.7155],[-72.6086,-10.7569],[-72.5559,-10.7637],[-72.4843,-10.7922]]]}},{"type":"Feature","properties":{"IDDIST":"150204","NOMBDIST":"SUPE","NOMBPROV":"BARRANCA","NOMBDEP":"LIMA"},"geometry":{"type":"Polygon","coordinates":[[[-77.5786,-10.7237],[-77.5968,-10.7862],[-77.5266,-10.7363],[-77.495,-10.7461],[-77.3856,-10.7076],[-77.4025,-10.768],[-77.4582,-10.81],[-77.4622,-10.8701],[-77.4443,-10.9161],[-77.5257,-10.932],[-77.5614,-10.8784],[-77.5995,-10.86],[-77.6604,-10.8668],[-77.7015,-10.8861],[-77.7037,-10.8577],[-77.7509,-10.8187],[-77.6899,-10.7577],[-77.6105,-10.7026],[-77.5786,-10.7237]]]}},{"type":"Feature","properties":{"IDDIST":"120303","NOMBDIST":"PICHANAQUI","NOMBPROV":"CHANCHAMAYO","NOMBDEP":"JUNIN"},"geometry":{"type":"Polygon","coordinates":[[[-74.7002,-10.8779],[-74.6974,-10.9554],[-74.6612,-10.9528],[-74.6226,-10.9764],[-74.6474,-11.009],[-74.7296,-11.0172],[-74.7459,-11.0674],[-74.8559,-11.1484],[-74.8769,-11.1557],[-74.911,-11.2131],[-74.8901,-11.2697],[-74.9682,-11.3003],[-75.0442,-11.2976],[-75.0759,-11.2676],[-75.0544,-11.2567],[-75.0158,-11.1215],[-74.9906,-11.1009],[-75.0028,-11.0539],[-74.9859,-10.9987],[-74.8688,-10.9184],[-74.9219,-10.8791],[-74.8948,-10.8293],[-74.9205,-10.7695],[-74.9828,-10.7498],[-74.9565,-10.7328],[-74.8933,-10.7691],[-74.8313,-10.7805],[-74.7918,-10.8311],[-74.7327,-10.8357],[-74.7002,-10.8779]]]}},{"type":"Feature","properties":{"IDDIST":"150903","NOMBDIST":"CAUJUL","NOMBPROV":"OYON","NOMBDEP":"LIMA"},"geometry":{"type":"Polygon","coordinates":[[[-76.9528,-10.6975],[-76.9426,-10.7254],[-76.984,-10.7646],[-76.9548,-10.8617],[-76.9729,-10.8758],[-76.9907,-10.8553],[-77.0246,-10.7382],[-77.0348,-10.7328],[-77.011,-10.696],[-76.9528,-10.6975]]]}},{"type":"Feature","properties":{"IDDIST":"190101","NOMBDIST":"CHAUPIMARCA","NOMBPROV":"PASCO","NOMBDEP":"PASCO"},"geometry":{"type":"Polygon","coordinates":[[[-76.2569,-10.6746],[-76.2227,-10.7175],[-76.2544,-10.723],[-76.2569,-10.6746]]]}},{"type":"Feature","properties":{"IDDIST":"150902","NOMBDIST":"ANDAJES","NOMBPROV":"OYON","NOMBDEP":"LIMA"},"geometry":{"type":"Polygon","coordinates":[[[-76.9059,-10.6674],[-76.8795,-10.8026],[-76.8921,-10.8435],[-76.9548,-10.8617],[-76.984,-10.7646],[-76.9426,-10.7254],[-76.9528,-10.6975],[-76.9059,-10.6674]]]}},{"type":"Feature","properties":{"IDDIST":"150201","NOMBDIST":"BARRANCA","NOMBPROV":"BARRANCA","NOMBDEP":"LIMA"},"geometry":{"type":"Polygon","coordinates":[[[-77.5786,-10.7237],[-77.6105,-10.7026],[-77.6899,-10.7577],[-77.7509,-10.7826],[-77.7939,-10.7356],[-77.6946,-10.6745],[-77.5741,-10.6627],[-77.5786,-10.7237]]]}},{"type":"Feature","properties":{"IDDIST":"120302","NOMBDIST":"PERENE","NOMBPROV":"CHANCHAMAYO","NOMBDEP":"JUNIN"},"geometry":{"type":"Polygon","coordinates":[[[-74.9828,-10.7498],[-74.9205,-10.7695],[-74.8948,-10.8293],[-74.9219,-10.8791],[-74.8688,-10.9184],[-74.9859,-10.9987],[-75.0028,-11.0539],[-74.9906,-11.1009],[-75.0158,-11.1215],[-75.0544,-11.2567],[-75.0759,-11.2676],[-75.0947,-11.2535],[-75.1212,-11.236],[-75.1197,-11.1649],[-75.1764,-11.1201],[-75.2268,-11.0979],[-75.238,-11.0461],[-75.2293,-11.0065],[-75.266,-10.9783],[-75.2317,-10.9506],[-75.2516,-10.922],[-75.2452,-10.8602],[-75.1982,-10.8612],[-75.1621,-10.8312],[-75.2043,-10.7647],[-75.191,-10.7157],[-75.1198,-10.7302],[-75.0646,-10.6534],[-75.0167,-10.6771],[-74.9828,-10.7498]]]}},{"type":"Feature","properties":{"IDDIST":"190107","NOMBDIST":"PAUCARTAMBO","NOMBPROV":"PASCO","NOMBDEP":"PASCO"},"geometry":{"type":"Polygon","coordinates":[[[-75.5792,-10.7236],[-75.5678,-10.7271],[-75.5897,-10.8109],[-75.6934,-10.8342],[-75.7324,-10.8092],[-75.786,-10.8246],[-75.8384,-10.8863],[-75.8583,-10.8679],[-75.9359,-10.8897],[-75.9371,-10.8715],[-75.9933,-10.8208],[-75.9654,-10.7505],[-75.8935,-10.7106],[-75.8697,-10.6434],[-75.7774,-10.6473],[-75.6823,-10.7195],[-75.5792,-10.7236]]]}},{"type":"Feature","properties":{"IDDIST":"190105","NOMBDIST":"NINACACA","NOMBPROV":"PASCO","NOMBDEP":"PASCO"},"geometry":{"type":"Polygon","coordinates":[[[-75.8697,-10.6434],[-75.8935,-10.7106],[-75.9654,-10.7505],[-75.9933,-10.8208],[-76.0445,-10.8795],[-76.0913,-10.9066],[-76.1229,-10.9626],[-76.144,-10.9462],[-76.1887,-10.96],[-76.1897,-10.8956],[-76.1743,-10.8381],[-76.1892,-10.7952],[-76.1843,-10.7567],[-76.1689,-10.7374],[-76.0969,-10.745],[-76.0595,-10.6981],[-75.9642,-10.6694],[-75.9226,-10.6462],[-75.8697,-10.6434]]]}},{"type":"Feature","properties":{"IDDIST":"150802","NOMBDIST":"AMBAR","NOMBPROV":"HUAURA","NOMBDEP":"LIMA"},"geometry":{"type":"Polygon","coordinates":[[[-77.3447,-10.608],[-77.2943,-10.6604],[-77.2468,-10.6833],[-77.1972,-10.6868],[-77.126,-10.647],[-77.0551,-10.6914],[-77.011,-10.696],[-77.0348,-10.7328],[-77.0861,-10.7535],[-77.1403,-10.7561],[-77.1766,-10.7781],[-77.1565,-10.8492],[-77.168,-10.9185],[-77.1942,-10.9575],[-77.2213,-10.9642],[-77.2527,-10.9252],[-77.3263,-10.9066],[-77.398,-10.8781],[-77.4443,-10.9161],[-77.4622,-10.8701],[-77.4582,-10.81],[-77.4025,-10.768],[-77.3856,-10.7076],[-77.3953,-10.6615],[-77.3469,-10.6064],[-77.3447,-10.608]]]}},{"type":"Feature","properties":{"IDDIST":"190109","NOMBDIST":"SIMON BOLIVAR","NOMBPROV":"PASCO","NOMBDEP":"PASCO"},"geometry":{"type":"Polygon","coordinates":[[[-76.2646,-10.636],[-76.2569,-10.6746],[-76.2544,-10.723],[-76.3018,-10.733],[-76.3037,-10.7943],[-76.2753,-10.8054],[-76.2937,-10.8524],[-76.4043,-10.8201],[-76.4493,-10.8188],[-76.4844,-10.8376],[-76.522,-10.7852],[-76.5757,-10.775],[-76.6119,-10.7371],[-76.6475,-10.7309],[-76.6691,-10.6807],[-76.6557,-10.6468],[-76.5385,-10.7044],[-76.5162,-10.743],[-76.4754,-10.6944],[-76.4564,-10.6474],[-76.4196,-10.6532],[-76.3679,-10.6227],[-76.3331,-10.59],[-76.2937,-10.6019],[-76.2731,-10.578],[-76.2646,-10.636]]]}},{"type":"Feature","properties":{"IDDIST":"150303","NOMBDIST":"GORGOR","NOMBPROV":"CAJATAMBO","NOMBDEP":"LIMA"},"geometry":{"type":"Polygon","coordinates":[[[-77.0366,-10.5436],[-77.011,-10.5695],[-76.875,-10.5614],[-76.865,-10.5845],[-76.8795,-10.6562],[-76.9059,-10.6674],[-76.9528,-10.6975],[-77.011,-10.696],[-77.0551,-10.6914],[-77.126,-10.647],[-77.1068,-10.5856],[-77.0366,-10.5436]]]}},{"type":"Feature","properties":{"IDDIST":"150305","NOMBDIST":"MANAS","NOMBPROV":"CAJATAMBO","NOMBDEP":"LIMA"},"geometry":{"type":"Polygon","coordinates":[[[-77.1068,-10.5856],[-77.126,-10.647],[-77.1972,-10.6868],[-77.2468,-10.6833],[-77.2943,-10.6604],[-77.3447,-10.608],[-77.2923,-10.5566],[-77.2708,-10.5606],[-77.1888,-10.5422],[-77.1068,-10.5856]]]}},{"type":"Feature","properties":{"IDDIST":"190302","NOMBDIST":"CHONTABAMBA","NOMBPROV":"OXAPAMPA","NOMBDEP":"PASCO"},"geometry":{"type":"Polygon","coordinates":[[[-75.4345,-10.5434],[-75.407,-10.575],[-75.3994,-10.6385],[-75.4306,-10.7366],[-75.469,-10.7739],[-75.5569,-10.7441],[-75.5678,-10.7271],[-75.5792,-10.7236],[-75.5734,-10.6806],[-75.6234,-10.6223],[-75.6775,-10.6037],[-75.634,-10.5894],[-75.5677,-10.5381],[-75.5048,-10.569],[-75.4345,-10.5434]]]}},{"type":"Feature","properties":{"IDDIST":"021405","NOMBDIST":"COCHAS","NOMBPROV":"OCROS","NOMBDEP":"ANCASH"},"geometry":{"type":"Polygon","coordinates":[[[-77.42,-10.5291],[-77.4198,-10.5429],[-77.4242,-10.6096],[-77.3469,-10.6064],[-77.3953,-10.6615],[-77.3856,-10.7076],[-77.495,-10.7461],[-77.5266,-10.7363],[-77.5968,-10.7862],[-77.5786,-10.7237],[-77.5741,-10.6627],[-77.5767,-10.5837],[-77.539,-10.5557],[-77.4995,-10.5659],[-77.4677,-10.5379],[-77.42,-10.5291]]]}},{"type":"Feature","properties":{"IDDIST":"150203","NOMBDIST":"PATIVILCA","NOMBPROV":"BARRANCA","NOMBDEP":"LIMA"},"geometry":{"type":"Polygon","coordinates":[[[-77.5767,-10.5837],[-77.5741,-10.6627],[-77.6946,-10.6745],[-77.7939,-10.7356],[-77.8165,-10.6937],[-77.7825,-10.6432],[-77.7261,-10.6233],[-77.7363,-10.5685],[-77.6878,-10.5373],[-77.6443,-10.5274],[-77.6407,-10.5963],[-77.5767,-10.5837]]]}},{"type":"Feature","properties":{"IDDIST":"100317","NOMBDIST":"RIPAN","NOMBPROV":"DOS DE MAYO","NOMBDEP":"HUANUCO"},"geometry":{"type":"Polygon","coordinates":[[[-76.8452,-9.7528],[-76.8053,-9.7832],[-76.801,-9.8023],[-76.8061,-9.8393],[-76.8693,-9.8604],[-76.8891,-9.8235],[-76.8452,-9.7528]]]}},{"type":"Feature","properties":{"IDDIST":"100322","NOMBDIST":"SILLAPATA","NOMBPROV":"DOS DE MAYO","NOMBDEP":"HUANUCO"},"geometry":{"type":"Polygon","coordinates":[[[-76.7358,-9.753],[-76.758,-9.8425],[-76.7425,-9.8636],[-76.785,-9.8505],[-76.801,-9.8023],[-76.8053,-9.7832],[-76.7741,-9.738],[-76.7633,-9.7312],[-76.7358,-9.753]]]}},{"type":"Feature","properties":{"IDDIST":"101101","NOMBDIST":"CHAVINILLO","NOMBPROV":"YAROWILCA","NOMBDEP":"HUANUCO"},"geometry":{"type":"Polygon","coordinates":[[[-76.484,-9.7404],[-76.4705,-9.8095],[-76.5311,-9.8676],[-76.5702,-9.8898],[-76.6061,-9.882],[-76.6411,-9.8279],[-76.5961,-9.7619],[-76.5247,-9.7273],[-76.484,-9.7404]]]}},{"type":"Feature","properties":{"IDDIST":"020201","NOMBDIST":"AIJA","NOMBPROV":"AIJA","NOMBDEP":"ANCASH"},"geometry":{"type":"Polygon","coordinates":[[[-77.5388,-9.736],[-77.5363,-9.7379],[-77.5253,-9.7655],[-77.489,-9.8198],[-77.4789,-9.8738],[-77.5525,-9.8722],[-77.5574,-9.8691],[-77.5791,-9.8354],[-77.6475,-9.7935],[-77.6883,-9.7424],[-77.6955,-9.7178],[-77.6732,-9.7185],[-77.6326,-9.7675],[-77.5388,-9.736]]]}},{"type":"Feature","properties":{"IDDIST":"100321","NOMBDIST":"SHUNQUI","NOMBPROV":"DOS DE MAYO","NOMBDEP":"HUANUCO"},"geometry":{"type":"Polygon","coordinates":[[[-76.7741,-9.738],[-76.8053,-9.7832],[-76.8452,-9.7528],[-76.801,-9.7146],[-76.7741,-9.738]]]}},{"type":"Feature","properties":{"IDDIST":"020508","NOMBDIST":"HUALLANCA","NOMBPROV":"BOLOGNESI","NOMBDEP":"ANCASH"},"geometry":{"type":"Polygon","coordinates":[[[-76.8891,-9.8235],[-76.8693,-9.8604],[-76.8389,-9.9346],[-76.8137,-9.9616],[-76.824,-10.011],[-76.812,-10.0509],[-76.8799,-10.1166],[-76.9039,-10.1154],[-76.9155,-10.1199],[-76.9616,-10.1059],[-77.0235,-9.9773],[-77.0367,-9.9163],[-77.0949,-9.8408],[-77.0967,-9.8046],[-77.0489,-9.7959],[-77.0278,-9.7641],[-77.0238,-9.7043],[-76.981,-9.7246],[-76.9454,-9.7026],[-76.9014,-9.7705],[-76.8891,-9.8235]]]}},{"type":"Feature","properties":{"IDDIST":"020202","NOMBDIST":"CORIS","NOMBPROV":"AIJA","NOMBDEP":"ANCASH"},"geometry":{"type":"Polygon","coordinates":[[[-77.6986,-9.6972],[-77.6955,-9.7178],[-77.6883,-9.7424],[-77.7067,-9.7858],[-77.698,-9.8264],[-77.7095,-9.8372],[-77.7637,-9.8724],[-77.7798,-9.9051],[-77.8259,-9.9143],[-77.8269,-9.8781],[-77.8539,-9.8171],[-77.9155,-9.8184],[-77.9614,-9.7802],[-77.8679,-9.7638],[-77.7808,-9.8007],[-77.7604,-9.788],[-77.7269,-9.7022],[-77.6986,-9.6972]]]}},{"type":"Feature","properties":{"IDDIST":"101107","NOMBDIST":"PAMPAMARCA","NOMBPROV":"YAROWILCA","NOMBDEP":"HUANUCO"},"geometry":{"type":"Polygon","coordinates":[[[-76.6897,-9.7015],[-76.6557,-9.7447],[-76.6896,-9.7491],[-76.6945,-9.8088],[-76.7207,-9.8447],[-76.758,-9.8425],[-76.7358,-9.753],[-76.7025,-9.748],[-76.7037,-9.6898],[-76.6897,-9.7015]]]}},{"type":"Feature","properties":{"IDDIST":"021103","NOMBDIST":"CULEBRAS","NOMBPROV":"HUARMEY","NOMBDEP":"ANCASH"},"geometry":{"type":"Polygon","coordinates":[[[-78.0419,-9.6899],[-77.9797,-9.7118],[-77.963,-9.7729],[-77.9614,-9.7802],[-77.9155,-9.8184],[-77.9402,-9.8459],[-78.0329,-9.8554],[-78.0783,-9.8818],[-78.088,-9.9208],[-78.1233,-9.9148],[-78.1961,-9.9949],[-78.2268,-9.9537],[-78.2245,-9.9072],[-78.2426,-9.8736],[-78.2262,-9.7953],[-78.2088,-9.7663],[-78.1448,-9.7146],[-78.0874,-9.7205],[-78.0419,-9.6899]]]}},{"type":"Feature","properties":{"IDDIST":"021702","NOMBDIST":"CATAC","NOMBPROV":"RECUAY","NOMBDEP":"ANCASH"},"geometry":{"type":"Polygon","coordinates":[[[-77.1871,-9.8362],[-77.1738,-9.9131],[-77.2056,-9.967],[-77.2239,-10.0394],[-77.2016,-10.0922],[-77.2128,-10.1337],[-77.2804,-10.1603],[-77.32,-10.1274],[-77.3852,-10.0114],[-77.4341,-9.968],[-77.4436,-9.9532],[-77.4547,-9.9398],[-77.4789,-9.8738],[-77.489,-9.8198],[-77.4732,-9.7985],[-77.4096,-9.7724],[-77.381,-9.7792],[-77.3236,-9.7156],[-77.2514,-9.6886],[-77.2278,-9.7134],[-77.2438,-9.8057],[-77.1871,-9.8362]]]}},{"type":"Feature","properties":{"IDDIST":"101104","NOMBDIST":"APARICIO POMARES","NOMBPROV":"YAROWILCA","NOMBDEP":"HUANUCO"},"geometry":{"type":"Polygon","coordinates":[[[-76.526,-9.6657],[-76.477,-9.6739],[-76.463,-9.707],[-76.484,-9.7404],[-76.5247,-9.7273],[-76.5961,-9.7619],[-76.6508,-9.7794],[-76.6557,-9.7447],[-76.6897,-9.7015],[-76.5981,-9.6725],[-76.5589,-9.6827],[-76.526,-9.6657]]]}},{"type":"Feature","properties":{"IDDIST":"020104","NOMBDIST":"HUANCHAY","NOMBPROV":"HUARAZ","NOMBDEP":"ANCASH"},"geometry":{"type":"Polygon","coordinates":[[[-77.7269,-9.7022],[-77.7604,-9.788],[-77.7808,-9.8007],[-77.8679,-9.7638],[-77.9614,-9.7802],[-77.963,-9.7729],[-77.8507,-9.6731],[-77.7694,-9.6658],[-77.7269,-9.7022]]]}},{"type":"Feature","properties":{"IDDIST":"021701","NOMBDIST":"RECUAY","NOMBPROV":"RECUAY","NOMBDEP":"ANCASH"},"geometry":{"type":"Polygon","coordinates":[[[-77.3269,-9.6789],[-77.3459,-9.7092],[-77.4471,-9.7358],[-77.489,-9.7647],[-77.5253,-9.7655],[-77.5363,-9.7379],[-77.5256,-9.6896],[-77.4841,-9.6616],[-77.4244,-9.6797],[-77.3269,-9.6789]]]}},{"type":"Feature","properties":{"IDDIST":"100323","NOMBDIST":"YANAS","NOMBPROV":"DOS DE MAYO","NOMBDEP":"HUANUCO"},"geometry":{"type":"Polygon","coordinates":[[[-76.7187,-9.6538],[-76.7037,-9.6898],[-76.7025,-9.748],[-76.7358,-9.753],[-76.7633,-9.7312],[-76.7187,-9.6538]]]}},{"type":"Feature","properties":{"IDDIST":"100109","NOMBDIST":"SANTA MARIA DEL VALLE","NOMBPROV":"HUANUCO","NOMBDEP":"HUANUCO"},"geometry":{"type":"Polygon","coordinates":[[[-76.1217,-9.8858],[-76.1245,-9.9254],[-76.2086,-9.8863],[-76.2131,-9.8705],[-76.3117,-9.8826],[-76.3436,-9.8743],[-76.4028,-9.8168],[-76.4444,-9.8244],[-76.4705,-9.8095],[-76.484,-9.7404],[-76.463,-9.707],[-76.4304,-9.6921],[-76.3825,-9.7065],[-76.3544,-9.6538],[-76.3191,-9.6649],[-76.3066,-9.7219],[-76.2768,-9.7725],[-76.2095,-9.8218],[-76.1462,-9.8401],[-76.1217,-9.8858]]]}},{"type":"Feature","properties":{"IDDIST":"021710","NOMBDIST":"TICAPAMPA","NOMBPROV":"RECUAY","NOMBDEP":"ANCASH"},"geometry":{"type":"Polygon","coordinates":[[[-77.2514,-9.6886],[-77.3236,-9.7156],[-77.381,-9.7792],[-77.4096,-9.7724],[-77.4732,-9.7985],[-77.489,-9.8198],[-77.5253,-9.7655],[-77.489,-9.7647],[-77.4471,-9.7358],[-77.3459,-9.7092],[-77.3269,-9.6789],[-77.2697,-9.6487],[-77.2514,-9.6886]]]}},{"type":"Feature","properties":{"IDDIST":"020204","NOMBDIST":"LA MERCED","NOMBPROV":"AIJA","NOMBDEP":"ANCASH"},"geometry":{"type":"Polygon","coordinates":[[[-77.5388,-9.736],[-77.6326,-9.7675],[-77.6732,-9.7185],[-77.6955,-9.7178],[-77.6986,-9.6972],[-77.6213,-9.6208],[-77.5416,-9.7059],[-77.5388,-9.736]]]}},{"type":"Feature","properties":{"IDDIST":"100802","NOMBDIST":"CHAGLLA","NOMBPROV":"PACHITEA","NOMBDEP":"HUANUCO"},"geometry":{"type":"Polygon","coordinates":[[[-75.5937,-9.9518],[-75.6086,-10.0229],[-75.647,-10.0256],[-75.6813,-9.9938],[-75.7636,-9.9985],[-75.8797,-9.983],[-75.8684,-9.9159],[-75.8928,-9.8979],[-75.9311,-9.8317],[-75.9395,-9.8057],[-75.874,-9.7929],[-75.8246,-9.832],[-75.7946,-9.8099],[-75.8104,-9.7641],[-75.7978,-9.7028],[-75.7213,-9.6175],[-75.7139,-9.6125],[-75.7115,-9.6908],[-75.7245,-9.74],[-75.7163,-9.8023],[-75.7529,-9.817],[-75.7614,-9.8564],[-75.7271,-9.8927],[-75.6553,-9.9438],[-75.5937,-9.9518]]]}},{"type":"Feature","properties":{"IDDIST":"100307","NOMBDIST":"CHUQUIS","NOMBPROV":"DOS DE MAYO","NOMBDEP":"HUANUCO"},"geometry":{"type":"Polygon","coordinates":[[[-76.526,-9.6657],[-76.5589,-9.6827],[-76.5981,-9.6725],[-76.6897,-9.7015],[-76.7037,-9.6898],[-76.7187,-9.6538],[-76.7172,-9.6183],[-76.6587,-9.6069],[-76.5885,-9.6082],[-76.5385,-9.6341],[-76.526,-9.6657]]]}},{"type":"Feature","properties":{"IDDIST":"100313","NOMBDIST":"PACHAS","NOMBPROV":"DOS DE MAYO","NOMBDEP":"HUANUCO"},"geometry":{"type":"Polygon","coordinates":[[[-76.7276,-9.5957],[-76.719,-9.6122],[-76.7172,-9.6183],[-76.7187,-9.6538],[-76.7633,-9.7312],[-76.7741,-9.738],[-76.801,-9.7146],[-76.8452,-9.7528],[-76.8891,-9.8235],[-76.9014,-9.7705],[-76.9454,-9.7026],[-76.8609,-9.6429],[-76.8106,-9.6179],[-76.7613,-9.6176],[-76.7276,-9.5957]]]}},{"type":"Feature","properties":{"IDDIST":"020107","NOMBDIST":"LA LIBERTAD","NOMBPROV":"HUARAZ","NOMBDEP":"ANCASH"},"geometry":{"type":"Polygon","coordinates":[[[-77.6472,-9.6026],[-77.6213,-9.6208],[-77.6986,-9.6972],[-77.7269,-9.7022],[-77.7694,-9.6658],[-77.7866,-9.6238],[-77.7836,-9.5612],[-77.7275,-9.5986],[-77.6472,-9.6026]]]}},{"type":"Feature","properties":{"IDDIST":"100316","NOMBDIST":"QUIVILLA","NOMBPROV":"DOS DE MAYO","NOMBDEP":"HUANUCO"},"geometry":{"type":"Polygon","coordinates":[[[-76.6087,-9.5508],[-76.719,-9.6122],[-76.7276,-9.5957],[-76.7432,-9.5791],[-76.6968,-9.5577],[-76.6087,-9.5508]]]}},{"type":"Feature","properties":{"IDDIST":"020103","NOMBDIST":"COLCABAMBA","NOMBPROV":"HUARAZ","NOMBDEP":"ANCASH"},"geometry":{"type":"Polygon","coordinates":[[[-77.7941,-9.5511],[-77.7836,-9.5612],[-77.7866,-9.6238],[-77.8461,-9.5764],[-77.8877,-9.562],[-77.8673,-9.5474],[-77.7941,-9.5511]]]}},{"type":"Feature","properties":{"IDDIST":"020108","NOMBDIST":"OLLEROS","NOMBPROV":"HUARAZ","NOMBDEP":"ANCASH"},"geometry":{"type":"Polygon","coordinates":[[[-77.3094,-9.5402],[-77.2697,-9.6487],[-77.3269,-9.6789],[-77.4244,-9.6797],[-77.4841,-9.6616],[-77.4668,-9.6188],[-77.3767,-9.5628],[-77.3094,-9.5402]]]}},{"type":"Feature","properties":{"IDDIST":"020109","NOMBDIST":"PAMPAS","NOMBPROV":"HUARAZ","NOMBDEP":"ANCASH"},"geometry":{"type":"Polygon","coordinates":[[[-77.9468,-9.54],[-77.8877,-9.562],[-77.8461,-9.5764],[-77.7866,-9.6238],[-77.7694,-9.6658],[-77.8507,-9.6731],[-77.963,-9.7729],[-77.9797,-9.7118],[-78.0419,-9.6899],[-78.0061,-9.6806],[-77.9648,-9.621],[-77.9468,-9.54]]]}},{"type":"Feature","properties":{"IDDIST":"250203","NOMBDIST":"TAHUANIA","NOMBPROV":"ATALAYA","NOMBDEP":"UCAYALI"},"geometry":{"type":"Polygon","coordinates":[[[-73.1795,-10.0939],[-73.1519,-10.1261],[-73.206,-10.1638],[-73.2527,-10.165],[-73.3467,-10.1447],[-73.362,-10.1579],[-73.5173,-10.2138],[-73.5677,-10.2395],[-73.5914,-10.2814],[-73.6358,-10.3081],[-73.8865,-10.2907],[-74.0283,-10.2934],[-74.06,-10.3585],[-74.128,-10.3549],[-74.1611,-10.314],[-74.1947,-10.3107],[-74.2243,-10.2792],[-74.2317,-10.1851],[-74.3039,-10.1636],[-74.3278,-10.1097],[-74.367,-10.1129],[-74.4006,-10.0705],[-74.424,-9.9894],[-74.4123,-9.954],[-74.3331,-9.8601],[-74.317,-9.8016],[-74.2534,-9.7717],[-74.184,-9.7638],[-74.1524,-9.7097],[-74.0658,-9.7055],[-74.0476,-9.6558],[-73.9858,-9.6352],[-73.9598,-9.6108],[-73.8755,-9.5966],[-73.821,-9.532],[-73.7434,-9.5403],[-73.6845,-9.5298],[-73.6092,-9.6444],[-73.5701,-9.6574],[-73.5378,-9.7077],[-73.4694,-9.7508],[-73.4593,-9.7956],[-73.3935,-9.8226],[-73.3552,-9.8727],[-73.3092,-9.893],[-73.268,-9.9523],[-73.2261,-9.9679],[-73.1872,-10.0183],[-73.197,-10.0476],[-73.1795,-10.0939]]]}},{"type":"Feature","properties":{"IDDIST":"100501","NOMBDIST":"LLATA","NOMBPROV":"HUAMALIES","NOMBDEP":"HUANUCO"},"geometry":{"type":"Polygon","coordinates":[[[-76.7836,-9.5259],[-76.7432,-9.5791],[-76.7276,-9.5957],[-76.7613,-9.6176],[-76.8106,-9.6179],[-76.8609,-9.6429],[-76.9454,-9.7026],[-76.981,-9.7246],[-77.0238,-9.7043],[-77.0485,-9.6475],[-76.9953,-9.6034],[-76.975,-9.5634],[-76.9531,-9.5473],[-76.8967,-9.5488],[-76.8501,-9.5153],[-76.7836,-9.5259]]]}},{"type":"Feature","properties":{"IDDIST":"100104","NOMBDIST":"CHURUBAMBA","NOMBPROV":"HUANUCO","NOMBDEP":"HUANUCO"},"geometry":{"type":"Polygon","coordinates":[[[-76.0625,-9.82],[-76.0868,-9.8813],[-76.1217,-9.8858],[-76.1462,-9.8401],[-76.2095,-9.8218],[-76.2768,-9.7725],[-76.3066,-9.7219],[-76.3191,-9.6649],[-76.3544,-9.6538],[-76.3825,-9.7065],[-76.4304,-9.6921],[-76.463,-9.707],[-76.477,-9.6739],[-76.4268,-9.65],[-76.365,-9.5778],[-76.3607,-9.5468],[-76.3135,-9.5166],[-76.2389,-9.5124],[-76.2489,-9.6102],[-76.2445,-9.6578],[-76.2103,-9.6843],[-76.192,-9.7309],[-76.1182,-9.7833],[-76.1275,-9.8375],[-76.0625,-9.82]]]}},{"type":"Feature","properties":{"IDDIST":"021004","NOMBDIST":"CHAVIN DE HUANTAR","NOMBPROV":"HUARI","NOMBDEP":"ANCASH"},"geometry":{"type":"Polygon","coordinates":[[[-77.1493,-9.4946],[-77.1835,-9.6185],[-77.1993,-9.6461],[-77.1328,-9.6885],[-77.133,-9.8026],[-77.1417,-9.8332],[-77.1871,-9.8362],[-77.2438,-9.8057],[-77.2278,-9.7134],[-77.2514,-9.6886],[-77.2697,-9.6487],[-77.3094,-9.5402],[-77.3103,-9.5147],[-77.1493,-9.4946]]]}},{"type":"Feature","properties":{"IDDIST":"100504","NOMBDIST":"JACAS GRANDE","NOMBPROV":"HUAMALIES","NOMBDEP":"HUANUCO"},"geometry":{"type":"Polygon","coordinates":[[[-76.6101,-9.4697],[-76.5707,-9.4662],[-76.5522,-9.5402],[-76.6087,-9.5508],[-76.6968,-9.5577],[-76.7432,-9.5791],[-76.7836,-9.5259],[-76.7866,-9.5031],[-76.7866,-9.5024],[-76.7478,-9.491],[-76.704,-9.4516],[-76.6771,-9.4735],[-76.6101,-9.4697]]]}},{"type":"Feature","properties":{"IDDIST":"021014","NOMBDIST":"SAN MARCOS","NOMBPROV":"HUARI","NOMBDEP":"ANCASH"},"geometry":{"type":"Polygon","coordinates":[[[-77.0171,-9.4879],[-76.975,-9.5634],[-76.9953,-9.6034],[-77.0485,-9.6475],[-77.0238,-9.7043],[-77.0278,-9.7641],[-77.0489,-9.7959],[-77.0967,-9.8046],[-77.0949,-9.8408],[-77.1417,-9.8332],[-77.133,-9.8026],[-77.1328,-9.6885],[-77.1993,-9.6461],[-77.1835,-9.6185],[-77.1493,-9.4946],[-77.1582,-9.4285],[-77.0489,-9.5099],[-77.0171,-9.4879]]]}},{"type":"Feature","properties":{"IDDIST":"190306","NOMBDIST":"PUERTO BERMUDEZ","NOMBPROV":"OXAPAMPA","NOMBDEP":"PASCO"},"geometry":{"type":"Polygon","coordinates":[[[-74.4123,-9.954],[-74.424,-9.9894],[-74.4006,-10.0705],[-74.367,-10.1129],[-74.3278,-10.1097],[-74.3039,-10.1636],[-74.2317,-10.1851],[-74.2243,-10.2792],[-74.2406,-10.3281],[-74.2767,-10.3741],[-74.2552,-10.4525],[-74.2187,-10.4521],[-74.1818,-10.504],[-74.1327,-10.6049],[-74.165,-10.6384],[-74.2299,-10.6355],[-74.2811,-10.6749],[-74.3173,-10.7267],[-74.3743,-10.7581],[-74.3857,-10.8118],[-74.4296,-10.8127],[-74.4849,-10.8365],[-74.51,-10.8803],[-74.573,-10.9126],[-74.6141,-10.9046],[-74.6493,-10.8671],[-74.7002,-10.8779],[-74.7327,-10.8357],[-74.7918,-10.8311],[-74.8313,-10.7805],[-74.8933,-10.7691],[-74.9565,-10.7328],[-74.9828,-10.7498],[-75.0167,-10.6771],[-75.0646,-10.6534],[-75.0558,-10.6012],[-75.0278,-10.5841],[-74.9993,-10.5637],[-75.0102,-10.5089],[-74.9932,-10.4784],[-75.0193,-10.3923],[-75.0227,-10.3098],[-75.0638,-10.2204],[-75.0887,-10.2033],[-75.1445,-10.1115],[-75.1671,-9.9887],[-75.25,-9.8998],[-75.2882,-9.8707],[-75.2758,-9.8498],[-75.3106,-9.7747],[-75.2569,-9.7786],[-75.1601,-9.84],[-75.1084,-9.8463],[-75.0599,-9.8197],[-74.9994,-9.8385],[-74.9431,-9.7611],[-74.8977,-9.7371],[-74.8494,-9.7483],[-74.8044,-9.7298],[-74.807,-9.6866],[-74.7352,-9.5727],[-74.7505,-9.5246],[-74.7277,-9.47],[-74.6771,-9.4283],[-74.5846,-9.4956],[-74.5756,-9.5705],[-74.4968,-9.5933],[-74.4856,-9.7022],[-74.4476,-9.78],[-74.4502,-9.8702],[-74.4146,-9.9021],[-74.4123,-9.954]]]}},{"type":"Feature","properties":{"IDDIST":"020101","NOMBDIST":"HUARAZ","NOMBPROV":"HUARAZ","NOMBDEP":"ANCASH"},"geometry":{"type":"Polygon","coordinates":[[[-77.3103,-9.5147],[-77.3094,-9.5402],[-77.3767,-9.5628],[-77.4668,-9.6188],[-77.4841,-9.6616],[-77.5256,-9.6896],[-77.5363,-9.7379],[-77.5388,-9.736],[-77.5416,-9.7059],[-77.6213,-9.6208],[-77.6472,-9.6026],[-77.626,-9.5694],[-77.5756,-9.5825],[-77.5538,-9.5432],[-77.4208,-9.5039],[-77.3197,-9.4271],[-77.3262,-9.4719],[-77.3103,-9.5147]]]}},{"type":"Feature","properties":{"IDDIST":"100509","NOMBDIST":"PUÑOS","NOMBPROV":"HUAMALIES","NOMBDEP":"HUANUCO"},"geometry":{"type":"Polygon","coordinates":[[[-76.7866,-9.5031],[-76.7836,-9.5259],[-76.8501,-9.5153],[-76.8967,-9.5488],[-76.9531,-9.5473],[-76.938,-9.5266],[-76.9523,-9.4697],[-76.9292,-9.4261],[-76.8588,-9.5063],[-76.7866,-9.5031]]]}},{"type":"Feature","properties":{"IDDIST":"250401","NOMBDIST":"PURUS","NOMBPROV":"PURUS","NOMBDEP":"UCAYALI"},"geometry":{"type":"Polygon","coordinates":[[[-70.6139,-9.9169],[-70.633,-9.9069],[-70.6676,-9.9725],[-70.6728,-10.0352],[-70.6505,-10.0803],[-70.7079,-10.1356],[-70.7051,-10.1587],[-70.8174,-10.2569],[-70.8792,-10.2842],[-70.9229,-10.3275],[-70.9659,-10.3398],[-70.9672,-10.3813],[-71.0245,-10.4782],[-71.0785,-10.5014],[-71.1274,-10.5044],[-71.1646,-10.5313],[-71.1665,-10.5716],[-71.1962,-10.5799],[-71.2296,-10.689],[-71.2212,-10.7614],[-71.2573,-10.7845],[-71.2734,-10.8474],[-71.3573,-10.9515],[-71.5316,-10.9522],[-71.5905,-10.972],[-71.7202,-10.9966],[-71.7781,-10.9897],[-71.8357,-11.0005],[-72.0161,-10.9897],[-72.0517,-11.0109],[-72.1303,-10.9903],[-72.1818,-11.0097],[-72.2103,-11.0133],[-72.2621,-10.9717],[-72.3203,-10.9803],[-72.4001,-10.9298],[-72.4314,-10.8798],[-72.4372,-10.8426],[-72.4843,-10.7922],[-72.4692,-10.7583],[-72.4434,-10.6365],[-72.4061,-10.6495],[-72.3808,-10.5378],[-72.4079,-10.517],[-72.4224,-10.4465],[-72.4778,-10.3661],[-72.4731,-10.3017],[-72.4447,-10.255],[-72.3818,-10.2225],[-72.3361,-10.1795],[-72.2425,-10.1888],[-72.2141,-10.1597],[-72.157,-10.1653],[-72.1466,-10.0985],[-72.1894,-10.0209],[-72.1804,-9.9997],[-71.7358,-9.9997],[-71.375,-10.0001],[-71.3428,-9.9668],[-71.2974,-9.9922],[-71.192,-9.9404],[-71.1576,-9.8721],[-71.051,-9.8158],[-70.9984,-9.8182],[-70.974,-9.7607],[-70.9245,-9.7416],[-70.8681,-9.6648],[-70.7992,-9.6419],[-70.7498,-9.5693],[-70.6578,-9.5143],[-70.5626,-9.4304],[-70.5245,-9.4594],[-70.5137,-9.4928],[-70.5393,-9.5353],[-70.5919,-9.5485],[-70.5982,-9.6073],[-70.5512,-9.6698],[-70.5281,-9.726],[-70.5366,-9.7658],[-70.6123,-9.8054],[-70.6211,-9.8561],[-70.6139,-9.9169]]]}},{"type":"Feature","properties":{"IDDIST":"021008","NOMBDIST":"HUANTAR","NOMBPROV":"HUARI","NOMBDEP":"ANCASH"},"geometry":{"type":"Polygon","coordinates":[[[-77.1582,-9.4285],[-77.1493,-9.4946],[-77.3103,-9.5147],[-77.3262,-9.4719],[-77.3197,-9.4271],[-77.3153,-9.412],[-77.2491,-9.4319],[-77.1582,-9.4285]]]}},{"type":"Feature","properties":{"IDDIST":"250204","NOMBDIST":"YURUA","NOMBPROV":"ATALAYA","NOMBDEP":"UCAYALI"},"geometry":{"type":"Polygon","coordinates":[[[-72.1804,-9.9997],[-72.1894,-10.0209],[-72.1466,-10.0985],[-72.157,-10.1653],[-72.2141,-10.1597],[-72.2425,-10.1888],[-72.3361,-10.1795],[-72.3818,-10.2225],[-72.4447,-10.255],[-72.4731,-10.3017],[-72.4778,-10.3661],[-72.5397,-10.3354],[-72.5643,-10.2648],[-72.5891,-10.2705],[-72.644,-10.2225],[-72.6821,-10.2233],[-72.7211,-10.1925],[-72.8617,-10.1678],[-73.0379,-10.1923],[-73.0635,-10.1495],[-73.1053,-10.1228],[-73.1519,-10.1261],[-73.1795,-10.0939],[-73.1527,-10.0395],[-73.1125,-10.0178],[-73.0932,-9.9495],[-73.114,-9.9028],[-73.1032,-9.8752],[-73.2285,-9.8465],[-73.2178,-9.8275],[-73.2441,-9.7653],[-73.2429,-9.7311],[-73.2766,-9.6842],[-73.2271,-9.6568],[-73.2125,-9.5742],[-73.1896,-9.5268],[-73.2062,-9.4843],[-73.2004,-9.4114],[-72.7169,-9.4122],[-72.6977,-9.436],[-72.6423,-9.4423],[-72.5304,-9.4823],[-72.4071,-9.4773],[-72.3408,-9.5066],[-72.318,-9.5441],[-72.2813,-9.5423],[-72.2883,-9.6028],[-72.246,-9.6573],[-72.259,-9.7122],[-72.2149,-9.7788],[-72.1514,-9.7974],[-72.1621,-9.8311],[-72.1507,-9.9057],[-72.1739,-9.9302],[-72.1616,-9.9805],[-72.1804,-9.9997]]]}},{"type":"Feature","properties":{"IDDIST":"020102","NOMBDIST":"COCHABAMBA","NOMBPROV":"HUARAZ","NOMBDEP":"ANCASH"},"geometry":{"type":"Polygon","coordinates":[[[-77.7789,-9.4251],[-77.784,-9.4832],[-77.8484,-9.5175],[-77.9011,-9.5213],[-77.9183,-9.4998],[-77.901,-9.4422],[-77.8924,-9.4294],[-77.7789,-9.4251]]]}},{"type":"Feature","properties":{"IDDIST":"020804","NOMBDIST":"YAUTAN","NOMBPROV":"CASMA","NOMBDEP":"ANCASH"},"geometry":{"type":"Polygon","coordinates":[[[-77.901,-9.4422],[-77.9183,-9.4998],[-77.9468,-9.54],[-77.9648,-9.621],[-78.0736,-9.5747],[-78.1572,-9.4999],[-78.1094,-9.4722],[-78.0862,-9.436],[-78.0339,-9.41],[-77.9929,-9.4466],[-77.9327,-9.3949],[-77.901,-9.4422]]]}},{"type":"Feature","properties":{"IDDIST":"020106","NOMBDIST":"JANGAS","NOMBPROV":"HUARAZ","NOMBDEP":"ANCASH"},"geometry":{"type":"Polygon","coordinates":[[[-77.5504,-9.4414],[-77.5943,-9.4526],[-77.6226,-9.4946],[-77.6493,-9.4528],[-77.5809,-9.3923],[-77.5504,-9.4414]]]}},{"type":"Feature","properties":{"IDDIST":"100103","NOMBDIST":"CHINCHAO","NOMBPROV":"HUANUCO","NOMBDEP":"HUANUCO"},"geometry":{"type":"Polygon","coordinates":[[[-75.7213,-9.6175],[-75.7978,-9.7028],[-75.8104,-9.7641],[-75.7946,-9.8099],[-75.8246,-9.832],[-75.874,-9.7929],[-75.9395,-9.8057],[-76.0625,-9.82],[-76.1275,-9.8375],[-76.1182,-9.7833],[-76.192,-9.7309],[-76.2103,-9.6843],[-76.2445,-9.6578],[-76.2489,-9.6102],[-76.2389,-9.5124],[-76.2034,-9.4992],[-76.1599,-9.4694],[-76.0717,-9.4718],[-76.0114,-9.508],[-75.9421,-9.4879],[-75.8924,-9.4332],[-75.8531,-9.4264],[-75.8157,-9.3925],[-75.7835,-9.4137],[-75.7907,-9.466],[-75.7384,-9.6082],[-75.7213,-9.6175]]]}},{"type":"Feature","properties":{"IDDIST":"020111","NOMBDIST":"PIRA","NOMBPROV":"HUARAZ","NOMBDEP":"ANCASH"},"geometry":{"type":"Polygon","coordinates":[[[-77.6748,-9.4031],[-77.6493,-9.4528],[-77.6226,-9.4946],[-77.626,-9.5694],[-77.6472,-9.6026],[-77.7275,-9.5986],[-77.7836,-9.5612],[-77.7941,-9.5511],[-77.7328,-9.4823],[-77.698,-9.3908],[-77.6748,-9.4031]]]}},{"type":"Feature","properties":{"IDDIST":"100508","NOMBDIST":"PUNCHAO","NOMBPROV":"HUAMALIES","NOMBDEP":"HUANUCO"},"geometry":{"type":"Polygon","coordinates":[[[-76.7893,-9.4456],[-76.7814,-9.4715],[-76.86,-9.4556],[-76.8864,-9.3904],[-76.8489,-9.4283],[-76.7893,-9.4456]]]}},{"type":"Feature","properties":{"IDDIST":"100311","NOMBDIST":"MARIAS","NOMBPROV":"DOS DE MAYO","NOMBDEP":"HUANUCO"},"geometry":{"type":"Polygon","coordinates":[[[-76.2353,-9.4182],[-76.204,-9.4467],[-76.2034,-9.4992],[-76.2389,-9.5124],[-76.3135,-9.5166],[-76.3607,-9.5468],[-76.365,-9.5778],[-76.4268,-9.65],[-76.477,-9.6739],[-76.526,-9.6657],[-76.5385,-9.6341],[-76.5885,-9.6082],[-76.6587,-9.6069],[-76.7172,-9.6183],[-76.719,-9.6122],[-76.6087,-9.5508],[-76.5522,-9.5402],[-76.4936,-9.5261],[-76.4569,-9.4986],[-76.4286,-9.5068],[-76.3778,-9.4879],[-76.3714,-9.4431],[-76.3115,-9.4167],[-76.2974,-9.3885],[-76.2353,-9.4182]]]}},{"type":"Feature","properties":{"IDDIST":"100905","NOMBDIST":"YUYAPICHIS","NOMBPROV":"PUERTO INCA","NOMBDEP":"HUANUCO"},"geometry":{"type":"Polygon","coordinates":[[[-74.6771,-9.4283],[-74.7277,-9.47],[-74.7505,-9.5246],[-74.7352,-9.5727],[-74.807,-9.6866],[-74.8044,-9.7298],[-74.8494,-9.7483],[-74.8977,-9.7371],[-74.9431,-9.7611],[-74.9994,-9.8385],[-75.0599,-9.8197],[-75.1084,-9.8463],[-75.1601,-9.84],[-75.2569,-9.7786],[-75.3106,-9.7747],[-75.3297,-9.7296],[-75.2342,-9.6286],[-75.191,-9.5966],[-75.1732,-9.5462],[-75.0932,-9.4627],[-75.02,-9.4892],[-74.9416,-9.504],[-74.9412,-9.4669],[-74.888,-9.4348],[-74.8297,-9.4539],[-74.7451,-9.3927],[-74.6685,-9.3859],[-74.6771,-9.4283]]]}},{"type":"Feature","properties":{"IDDIST":"021015","NOMBDIST":"SAN PEDRO DE CHANA","NOMBPROV":"HUARI","NOMBDEP":"ANCASH"},"geometry":{"type":"Polygon","coordinates":[[[-76.9361,-9.4059],[-76.9292,-9.4261],[-76.9523,-9.4697],[-76.938,-9.5266],[-76.9531,-9.5473],[-76.975,-9.5634],[-77.0171,-9.4879],[-77.0373,-9.4373],[-77.0307,-9.3823],[-76.9707,-9.4127],[-76.9361,-9.4059]]]}},{"type":"Feature","properties":{"IDDIST":"020110","NOMBDIST":"PARIACOTO","NOMBPROV":"HUARAZ","NOMBDEP":"ANCASH"},"geometry":{"type":"Polygon","coordinates":[[[-77.6839,-9.3836],[-77.6748,-9.4031],[-77.698,-9.3908],[-77.7328,-9.4823],[-77.7941,-9.5511],[-77.8673,-9.5474],[-77.8877,-9.562],[-77.9468,-9.54],[-77.9183,-9.4998],[-77.9011,-9.5213],[-77.8484,-9.5175],[-77.784,-9.4832],[-77.7789,-9.4251],[-77.7442,-9.3707],[-77.6839,-9.3836]]]}},{"type":"Feature","properties":{"IDDIST":"020105","NOMBDIST":"INDEPENDENCIA","NOMBPROV":"HUARAZ","NOMBDEP":"ANCASH"},"geometry":{"type":"Polygon","coordinates":[[[-77.3301,-9.3824],[-77.3153,-9.412],[-77.3197,-9.4271],[-77.4208,-9.5039],[-77.5538,-9.5432],[-77.5756,-9.5825],[-77.626,-9.5694],[-77.6226,-9.4946],[-77.5943,-9.4526],[-77.5504,-9.4414],[-77.5,-9.4157],[-77.4766,-9.435],[-77.4187,-9.4089],[-77.3826,-9.3706],[-77.3301,-9.3824]]]}},{"type":"Feature","properties":{"IDDIST":"100506","NOMBDIST":"MIRAFLORES","NOMBPROV":"HUAMALIES","NOMBDEP":"HUANUCO"},"geometry":{"type":"Polygon","coordinates":[[[-76.9096,-9.3685],[-76.8864,-9.3904],[-76.86,-9.4556],[-76.7814,-9.4715],[-76.7866,-9.5024],[-76.7866,-9.5031],[-76.8588,-9.5063],[-76.9292,-9.4261],[-76.9361,-9.4059],[-76.924,-9.3825],[-76.9096,-9.3685]]]}},{"type":"Feature","properties":{"IDDIST":"020611","NOMBDIST":"YUNGAR","NOMBPROV":"CARHUAZ","NOMBDEP":"ANCASH"},"geometry":{"type":"Polygon","coordinates":[[[-77.5849,-9.3753],[-77.5809,-9.3923],[-77.6493,-9.4528],[-77.6748,-9.4031],[-77.5891,-9.3618],[-77.5849,-9.3753]]]}},{"type":"Feature","properties":{"IDDIST":"020112","NOMBDIST":"TARICA","NOMBPROV":"HUARAZ","NOMBDEP":"ANCASH"},"geometry":{"type":"Polygon","coordinates":[[[-77.3826,-9.3706],[-77.4187,-9.4089],[-77.4766,-9.435],[-77.5,-9.4157],[-77.5504,-9.4414],[-77.5809,-9.3923],[-77.5849,-9.3753],[-77.5667,-9.3792],[-77.4685,-9.3673],[-77.4021,-9.3473],[-77.3826,-9.3706]]]}},{"type":"Feature","properties":{"IDDIST":"100503","NOMBDIST":"CHAVIN DE PARIARCA","NOMBPROV":"HUAMALIES","NOMBDEP":"HUANUCO"},"geometry":{"type":"Polygon","coordinates":[[[-76.704,-9.4516],[-76.7478,-9.491],[-76.7866,-9.5024],[-76.7814,-9.4715],[-76.7893,-9.4456],[-76.7646,-9.3672],[-76.7493,-9.3444],[-76.743,-9.3962],[-76.704,-9.4516]]]}},{"type":"Feature","properties":{"IDDIST":"020803","NOMBDIST":"COMANDANTE NOEL","NOMBPROV":"CASMA","NOMBDEP":"ANCASH"},"geometry":{"type":"Polygon","coordinates":[[[-78.3176,-9.6827],[-78.3649,-9.6205],[-78.368,-9.5553],[-78.3877,-9.5354],[-78.3977,-9.4721],[-78.3801,-9.4455],[-78.4279,-9.4113],[-78.4279,-9.3493],[-78.3978,-9.3361],[-78.3614,-9.4296],[-78.2915,-9.5022],[-78.2936,-9.5487],[-78.3253,-9.5944],[-78.3048,-9.6272],[-78.3176,-9.6827]]]}},{"type":"Feature","properties":{"IDDIST":"020607","NOMBDIST":"PARIAHUANCA","NOMBPROV":"CARHUAZ","NOMBDEP":"ANCASH"},"geometry":{"type":"Polygon","coordinates":[[[-77.5544,-9.3522],[-77.5667,-9.3792],[-77.5849,-9.3753],[-77.5891,-9.3618],[-77.5928,-9.3485],[-77.5544,-9.3522]]]}},{"type":"Feature","properties":{"IDDIST":"021007","NOMBDIST":"HUACHIS","NOMBPROV":"HUARI","NOMBDEP":"ANCASH"},"geometry":{"type":"Polygon","coordinates":[[[-77.0307,-9.3823],[-77.0373,-9.4373],[-77.0171,-9.4879],[-77.0489,-9.5099],[-77.1582,-9.4285],[-77.1408,-9.3939],[-77.0902,-9.3666],[-77.056,-9.364],[-77.0382,-9.3313],[-77.0307,-9.3823]]]}},{"type":"Feature","properties":{"IDDIST":"021012","NOMBDIST":"RAHUAPAMPA","NOMBPROV":"HUARI","NOMBDEP":"ANCASH"},"geometry":{"type":"Polygon","coordinates":[[[-77.0382,-9.3313],[-77.056,-9.364],[-77.0902,-9.3666],[-77.0391,-9.3247],[-77.0382,-9.3313]]]}},{"type":"Feature","properties":{"IDDIST":"020604","NOMBDIST":"ANTA","NOMBPROV":"CARHUAZ","NOMBDEP":"ANCASH"},"geometry":{"type":"Polygon","coordinates":[[[-77.5928,-9.3485],[-77.5891,-9.3618],[-77.6748,-9.4031],[-77.6839,-9.3836],[-77.6487,-9.333],[-77.6117,-9.3226],[-77.5928,-9.3485]]]}},{"type":"Feature","properties":{"IDDIST":"020608","NOMBDIST":"SAN MIGUEL DE ACO","NOMBPROV":"CARHUAZ","NOMBDEP":"ANCASH"},"geometry":{"type":"Polygon","coordinates":[[[-77.3346,-9.3527],[-77.3301,-9.3824],[-77.3826,-9.3706],[-77.4021,-9.3473],[-77.4685,-9.3673],[-77.5667,-9.3792],[-77.5544,-9.3522],[-77.3977,-9.297],[-77.3346,-9.3527]]]}},{"type":"Feature","properties":{"IDDIST":"100902","NOMBDIST":"CODO DEL POZUZO","NOMBPROV":"PUERTO INCA","NOMBDEP":"HUANUCO"},"geometry":{"type":"Polygon","coordinates":[[[-75.281,-9.3045],[-75.2222,-9.3358],[-75.1759,-9.3787],[-75.2067,-9.4728],[-75.1966,-9.5312],[-75.1732,-9.5462],[-75.191,-9.5966],[-75.2342,-9.6286],[-75.3297,-9.7296],[-75.3106,-9.7747],[-75.2758,-9.8498],[-75.2882,-9.8707],[-75.3694,-9.8708],[-75.3957,-9.914],[-75.4417,-9.9363],[-75.4641,-9.9943],[-75.5486,-9.9836],[-75.5937,-9.9518],[-75.6553,-9.9438],[-75.7271,-9.8927],[-75.7614,-9.8564],[-75.7529,-9.817],[-75.7163,-9.8023],[-75.7245,-9.74],[-75.7115,-9.6908],[-75.7139,-9.6125],[-75.6776,-9.5601],[-75.6687,-9.5096],[-75.6336,-9.4502],[-75.6216,-9.3967],[-75.5624,-9.4002],[-75.4944,-9.3774],[-75.4521,-9.2967],[-75.3289,-9.297],[-75.281,-9.3045]]]}},{"type":"Feature","properties":{"IDDIST":"021009","NOMBDIST":"MASIN","NOMBPROV":"HUARI","NOMBDEP":"ANCASH"},"geometry":{"type":"Polygon","coordinates":[[[-77.0146,-9.2997],[-77.0391,-9.3247],[-77.0902,-9.3666],[-77.1408,-9.3939],[-77.1364,-9.3219],[-77.1078,-9.2826],[-77.0809,-9.3055],[-77.0146,-9.2997]]]}},{"type":"Feature","properties":{"IDDIST":"100606","NOMBDIST":"MARIANO DAMASO BERAUN","NOMBPROV":"LEONCIO PRADO","NOMBDEP":"HUANUCO"},"geometry":{"type":"Polygon","coordinates":[[[-75.8536,-9.3302],[-75.8157,-9.3925],[-75.8531,-9.4264],[-75.8924,-9.4332],[-75.9421,-9.4879],[-76.0114,-9.508],[-76.0717,-9.4718],[-76.1599,-9.4694],[-76.2034,-9.4992],[-76.204,-9.4467],[-76.2353,-9.4182],[-76.2277,-9.38],[-76.141,-9.3033],[-76.0832,-9.3045],[-76.0568,-9.2817],[-76.0273,-9.3268],[-75.9343,-9.3157],[-75.9099,-9.2815],[-75.8536,-9.3302]]]}},{"type":"Feature","properties":{"IDDIST":"021011","NOMBDIST":"PONTO","NOMBPROV":"HUARI","NOMBDEP":"ANCASH"},"geometry":{"type":"Polygon","coordinates":[[[-76.924,-9.3825],[-76.9361,-9.4059],[-76.9707,-9.4127],[-77.0307,-9.3823],[-77.0382,-9.3313],[-77.0391,-9.3247],[-77.0146,-9.2997],[-77.0123,-9.2988],[-76.9932,-9.2703],[-76.9484,-9.3209],[-76.924,-9.3825]]]}},{"type":"Feature","properties":{"IDDIST":"100511","NOMBDIST":"TANTAMAYO","NOMBPROV":"HUAMALIES","NOMBDEP":"HUANUCO"},"geometry":{"type":"Polygon","coordinates":[[[-76.6624,-9.2731],[-76.6467,-9.3099],[-76.6076,-9.3242],[-76.5889,-9.3745],[-76.6101,-9.4697],[-76.6771,-9.4735],[-76.704,-9.4516],[-76.743,-9.3962],[-76.7493,-9.3444],[-76.7395,-9.2845],[-76.6964,-9.2961],[-76.6624,-9.2731]]]}},{"type":"Feature","properties":{"IDDIST":"100510","NOMBDIST":"SINGA","NOMBPROV":"HUAMALIES","NOMBDEP":"HUANUCO"},"geometry":{"type":"Polygon","coordinates":[[[-76.8368,-9.2635],[-76.8144,-9.326],[-76.7646,-9.3672],[-76.7893,-9.4456],[-76.8489,-9.4283],[-76.8864,-9.3904],[-76.9096,-9.3685],[-76.8701,-9.3009],[-76.8428,-9.2617],[-76.8368,-9.2635]]]}},{"type":"Feature","properties":{"IDDIST":"020802","NOMBDIST":"BUENA VISTA ALTA","NOMBPROV":"CASMA","NOMBDEP":"ANCASH"},"geometry":{"type":"Polygon","coordinates":[[[-78.0561,-9.2747],[-78.0597,-9.3308],[-78.0033,-9.381],[-78.0339,-9.41],[-78.0862,-9.436],[-78.1094,-9.4722],[-78.1572,-9.4999],[-78.2252,-9.4856],[-78.2437,-9.4614],[-78.2407,-9.406],[-78.2186,-9.3651],[-78.2406,-9.3223],[-78.2317,-9.2937],[-78.1755,-9.247],[-78.1439,-9.2672],[-78.0561,-9.2747]]]}},{"type":"Feature","properties":{"IDDIST":"021005","NOMBDIST":"HUACACHI","NOMBPROV":"HUARI","NOMBDEP":"ANCASH"},"geometry":{"type":"Polygon","coordinates":[[[-76.8701,-9.3009],[-76.9096,-9.3685],[-76.924,-9.3825],[-76.9484,-9.3209],[-76.9932,-9.2703],[-76.9838,-9.2453],[-76.936,-9.2551],[-76.8701,-9.3009]]]}},{"type":"Feature","properties":{"IDDIST":"020610","NOMBDIST":"TINCO","NOMBPROV":"CARHUAZ","NOMBDEP":"ANCASH"},"geometry":{"type":"Polygon","coordinates":[[[-77.6649,-9.2431],[-77.6524,-9.25],[-77.6316,-9.2523],[-77.675,-9.275],[-77.6806,-9.2465],[-77.6649,-9.2431]]]}},{"type":"Feature","properties":{"IDDIST":"020606","NOMBDIST":"MARCARA","NOMBPROV":"CARHUAZ","NOMBDEP":"ANCASH"},"geometry":{"type":"Polygon","coordinates":[[[-77.3192,-9.3241],[-77.3346,-9.3527],[-77.3977,-9.297],[-77.5544,-9.3522],[-77.5928,-9.3485],[-77.6117,-9.3226],[-77.6487,-9.333],[-77.6212,-9.3035],[-77.5874,-9.2924],[-77.5502,-9.2828],[-77.5176,-9.2359],[-77.4321,-9.2755],[-77.3257,-9.31],[-77.3192,-9.3241]]]}},{"type":"Feature","properties":{"IDDIST":"020605","NOMBDIST":"ATAQUERO","NOMBPROV":"CARHUAZ","NOMBDEP":"ANCASH"},"geometry":{"type":"Polygon","coordinates":[[[-77.6806,-9.2465],[-77.675,-9.275],[-77.7202,-9.2856],[-77.7258,-9.3224],[-77.7574,-9.3443],[-77.7656,-9.2923],[-77.7245,-9.2764],[-77.6893,-9.2242],[-77.6806,-9.2465]]]}},{"type":"Feature","properties":{"IDDIST":"022005","NOMBDIST":"QUILLO","NOMBPROV":"YUNGAY","NOMBDEP":"ANCASH"},"geometry":{"type":"Polygon","coordinates":[[[-77.8155,-9.2266],[-77.8047,-9.2867],[-77.9094,-9.3539],[-77.9327,-9.3949],[-77.9929,-9.4466],[-78.0339,-9.41],[-78.0033,-9.381],[-78.0597,-9.3308],[-78.0561,-9.2747],[-78.0372,-9.2437],[-77.8613,-9.2512],[-77.8395,-9.2176],[-77.8155,-9.2266]]]}},{"type":"Feature","properties":{"IDDIST":"021002","NOMBDIST":"ANRA","NOMBPROV":"HUARI","NOMBDEP":"ANCASH"},"geometry":{"type":"Polygon","coordinates":[[[-76.8489,-9.2517],[-76.8428,-9.2617],[-76.8701,-9.3009],[-76.936,-9.2551],[-76.9838,-9.2453],[-76.9692,-9.2203],[-76.9043,-9.2271],[-76.879,-9.2121],[-76.8489,-9.2517]]]}},{"type":"Feature","properties":{"IDDIST":"022002","NOMBDIST":"CASCAPARA","NOMBPROV":"YUNGAY","NOMBDEP":"ANCASH"},"geometry":{"type":"Polygon","coordinates":[[[-77.8924,-9.4294],[-77.901,-9.4422],[-77.9327,-9.3949],[-77.9094,-9.3539],[-77.8047,-9.2867],[-77.8155,-9.2266],[-77.7823,-9.2172],[-77.7232,-9.2068],[-77.7139,-9.2266],[-77.7928,-9.2778],[-77.8053,-9.3388],[-77.8445,-9.3483],[-77.8924,-9.4294]]]}},{"type":"Feature","properties":{"IDDIST":"020801","NOMBDIST":"CASMA","NOMBPROV":"CASMA","NOMBDEP":"ANCASH"},"geometry":{"type":"Polygon","coordinates":[[[-78.2135,-9.2081],[-78.1755,-9.247],[-78.2317,-9.2937],[-78.2406,-9.3223],[-78.2186,-9.3651],[-78.2407,-9.406],[-78.2437,-9.4614],[-78.2252,-9.4856],[-78.1572,-9.4999],[-78.0736,-9.5747],[-77.9648,-9.621],[-78.0061,-9.6806],[-78.0419,-9.6899],[-78.0874,-9.7205],[-78.1448,-9.7146],[-78.2088,-9.7663],[-78.2262,-9.7953],[-78.272,-9.7561],[-78.3176,-9.6827],[-78.3048,-9.6272],[-78.3253,-9.5944],[-78.2936,-9.5487],[-78.2915,-9.5022],[-78.3614,-9.4296],[-78.3978,-9.3361],[-78.3638,-9.2663],[-78.2608,-9.2009],[-78.2135,-9.2081]]]}},{"type":"Feature","properties":{"IDDIST":"020601","NOMBDIST":"CARHUAZ","NOMBPROV":"CARHUAZ","NOMBDEP":"ANCASH"},"geometry":{"type":"Polygon","coordinates":[[[-77.5319,-9.1994],[-77.5176,-9.2359],[-77.5502,-9.2828],[-77.5874,-9.2924],[-77.6212,-9.3035],[-77.6487,-9.333],[-77.6839,-9.3836],[-77.7442,-9.3707],[-77.7574,-9.3443],[-77.7258,-9.3224],[-77.7202,-9.2856],[-77.675,-9.275],[-77.6316,-9.2523],[-77.5879,-9.2174],[-77.5319,-9.1994]]]}},{"type":"Feature","properties":{"IDDIST":"020603","NOMBDIST":"AMASHCA","NOMBPROV":"CARHUAZ","NOMBDEP":"ANCASH"},"geometry":{"type":"Polygon","coordinates":[[[-77.6258,-9.2104],[-77.6524,-9.25],[-77.6649,-9.2431],[-77.6258,-9.2104]]]}},{"type":"Feature","properties":{"IDDIST":"022007","NOMBDIST":"SHUPLUY","NOMBPROV":"YUNGAY","NOMBDEP":"ANCASH"},"geometry":{"type":"Polygon","coordinates":[[[-77.6893,-9.2242],[-77.7245,-9.2764],[-77.7656,-9.2923],[-77.7574,-9.3443],[-77.7442,-9.3707],[-77.7789,-9.4251],[-77.8924,-9.4294],[-77.8445,-9.3483],[-77.8053,-9.3388],[-77.7928,-9.2778],[-77.7139,-9.2266],[-77.7232,-9.2068],[-77.7182,-9.1905],[-77.6893,-9.2242]]]}},{"type":"Feature","properties":{"IDDIST":"021807","NOMBDIST":"SAMANCO","NOMBPROV":"SANTA","NOMBDEP":"ANCASH"},"geometry":{"type":"Polygon","coordinates":[[[-78.3638,-9.2663],[-78.3978,-9.3361],[-78.4279,-9.3493],[-78.4751,-9.3315],[-78.509,-9.2788],[-78.4882,-9.2017],[-78.4677,-9.19],[-78.4484,-9.2392],[-78.3638,-9.2663]]]}},{"type":"Feature","properties":{"IDDIST":"021013","NOMBDIST":"RAPAYAN","NOMBPROV":"HUARI","NOMBDEP":"ANCASH"},"geometry":{"type":"Polygon","coordinates":[[[-76.7443,-9.1937],[-76.7257,-9.2566],[-76.7395,-9.2845],[-76.7493,-9.3444],[-76.7646,-9.3672],[-76.8144,-9.326],[-76.8368,-9.2635],[-76.8095,-9.2243],[-76.7569,-9.1815],[-76.7443,-9.1937]]]}},{"type":"Feature","properties":{"IDDIST":"021001","NOMBDIST":"HUARI","NOMBPROV":"HUARI","NOMBDEP":"ANCASH"},"geometry":{"type":"Polygon","coordinates":[[[-77.1408,-9.3939],[-77.1582,-9.4285],[-77.2491,-9.4319],[-77.3153,-9.412],[-77.3301,-9.3824],[-77.3346,-9.3527],[-77.3192,-9.3241],[-77.309,-9.2833],[-77.2753,-9.2783],[-77.2621,-9.2078],[-77.2083,-9.1652],[-77.1638,-9.2393],[-77.1652,-9.3336],[-77.1408,-9.3939]]]}},{"type":"Feature","properties":{"IDDIST":"100602","NOMBDIST":"DANIEL ALOMIAS ROBLES","NOMBPROV":"LEONCIO PRADO","NOMBDEP":"HUANUCO"},"geometry":{"type":"Polygon","coordinates":[[[-75.785,-9.1917],[-75.7318,-9.2723],[-75.6708,-9.3966],[-75.6216,-9.3967],[-75.6336,-9.4502],[-75.6687,-9.5096],[-75.6776,-9.5601],[-75.7139,-9.6125],[-75.7213,-9.6175],[-75.7384,-9.6082],[-75.7907,-9.466],[-75.7835,-9.4137],[-75.8157,-9.3925],[-75.8536,-9.3302],[-75.8846,-9.2724],[-75.9345,-9.242],[-75.9625,-9.1774],[-75.913,-9.1657],[-75.82,-9.1693],[-75.785,-9.1917]]]}},{"type":"Feature","properties":{"IDDIST":"020306","NOMBDIST":"SAN JUAN DE RONTOY","NOMBPROV":"ANTONIO RAYMONDI","NOMBDEP":"ANCASH"},"geometry":{"type":"Polygon","coordinates":[[[-77.0792,-9.2709],[-77.0935,-9.2125],[-77.0844,-9.1825],[-77.0472,-9.1795],[-77.0269,-9.1683],[-76.9832,-9.1988],[-77.0286,-9.2726],[-77.0792,-9.2709]]]}},{"type":"Feature","properties":{"IDDIST":"021003","NOMBDIST":"CAJAY","NOMBPROV":"HUARI","NOMBDEP":"ANCASH"},"geometry":{"type":"Polygon","coordinates":[[[-77.1739,-9.16],[-77.1422,-9.2024],[-77.0844,-9.1825],[-77.0935,-9.2125],[-77.0792,-9.2709],[-77.0123,-9.2988],[-77.0146,-9.2997],[-77.0809,-9.3055],[-77.1078,-9.2826],[-77.1364,-9.3219],[-77.1408,-9.3939],[-77.1652,-9.3336],[-77.1638,-9.2393],[-77.2083,-9.1652],[-77.2049,-9.1657],[-77.1739,-9.16]]]}},{"type":"Feature","properties":{"IDDIST":"100605","NOMBDIST":"LUYANDO","NOMBPROV":"LEONCIO PRADO","NOMBDEP":"HUANUCO"},"geometry":{"type":"Polygon","coordinates":[[[-76.0003,-9.1584],[-75.9625,-9.1774],[-75.9345,-9.242],[-75.8846,-9.2724],[-75.8536,-9.3302],[-75.9099,-9.2815],[-75.9343,-9.3157],[-75.9584,-9.2603],[-75.9944,-9.229],[-76.0244,-9.1532],[-76.0003,-9.1584]]]}},{"type":"Feature","properties":{"IDDIST":"020302","NOMBDIST":"ACZO","NOMBPROV":"ANTONIO RAYMONDI","NOMBDEP":"ANCASH"},"geometry":{"type":"Polygon","coordinates":[[[-76.9612,-9.1535],[-76.9692,-9.2203],[-76.9838,-9.2453],[-76.9932,-9.2703],[-77.0123,-9.2988],[-77.0792,-9.2709],[-77.0286,-9.2726],[-76.9832,-9.1988],[-77.0269,-9.1683],[-76.9843,-9.1423],[-76.9612,-9.1535]]]}},{"type":"Feature","properties":{"IDDIST":"100507","NOMBDIST":"MONZON","NOMBPROV":"HUAMALIES","NOMBDEP":"HUANUCO"},"geometry":{"type":"Polygon","coordinates":[[[-76.2349,-9.1403],[-76.214,-9.2044],[-76.1335,-9.2011],[-76.0987,-9.2117],[-76.0568,-9.2817],[-76.0832,-9.3045],[-76.141,-9.3033],[-76.2277,-9.38],[-76.2353,-9.4182],[-76.2974,-9.3885],[-76.3115,-9.4167],[-76.3714,-9.4431],[-76.3778,-9.4879],[-76.4286,-9.5068],[-76.4569,-9.4986],[-76.4936,-9.5261],[-76.5522,-9.5402],[-76.5707,-9.4662],[-76.6101,-9.4697],[-76.5889,-9.3745],[-76.6076,-9.3242],[-76.6467,-9.3099],[-76.6624,-9.2731],[-76.5873,-9.258],[-76.5445,-9.232],[-76.5357,-9.2037],[-76.5103,-9.1861],[-76.4384,-9.2295],[-76.3959,-9.2384],[-76.3484,-9.2049],[-76.3101,-9.1964],[-76.2721,-9.214],[-76.2349,-9.1403]]]}},{"type":"Feature","properties":{"IDDIST":"021016","NOMBDIST":"UCO","NOMBPROV":"HUARI","NOMBDEP":"ANCASH"},"geometry":{"type":"Polygon","coordinates":[[[-76.879,-9.2121],[-76.9043,-9.2271],[-76.9692,-9.2203],[-76.9612,-9.1535],[-76.9463,-9.1354],[-76.879,-9.2121]]]}},{"type":"Feature","properties":{"IDDIST":"100505","NOMBDIST":"JIRCAN","NOMBPROV":"HUAMALIES","NOMBDEP":"HUANUCO"},"geometry":{"type":"Polygon","coordinates":[[[-76.5357,-9.2037],[-76.5445,-9.232],[-76.5873,-9.258],[-76.6624,-9.2731],[-76.6964,-9.2961],[-76.7395,-9.2845],[-76.7257,-9.2566],[-76.7443,-9.1937],[-76.6761,-9.1727],[-76.6425,-9.1331],[-76.5357,-9.2037]]]}},{"type":"Feature","properties":{"IDDIST":"022003","NOMBDIST":"MANCOS","NOMBPROV":"YUNGAY","NOMBDEP":"ANCASH"},"geometry":{"type":"Polygon","coordinates":[[[-77.6258,-9.2104],[-77.6649,-9.2431],[-77.6806,-9.2465],[-77.6893,-9.2242],[-77.7182,-9.1905],[-77.7206,-9.1818],[-77.6718,-9.177],[-77.6376,-9.1786],[-77.5943,-9.132],[-77.5956,-9.1842],[-77.6258,-9.2104]]]}},{"type":"Feature","properties":{"IDDIST":"022006","NOMBDIST":"RANRAHIRCA","NOMBPROV":"YUNGAY","NOMBDEP":"ANCASH"},"geometry":{"type":"Polygon","coordinates":[[[-77.6718,-9.177],[-77.7206,-9.1818],[-77.7363,-9.1749],[-77.6835,-9.1394],[-77.6718,-9.177]]]}},{"type":"Feature","properties":{"IDDIST":"021006","NOMBDIST":"HUACCHIS","NOMBPROV":"HUARI","NOMBDEP":"ANCASH"},"geometry":{"type":"Polygon","coordinates":[[[-76.8182,-9.1272],[-76.7886,-9.1362],[-76.7569,-9.1815],[-76.8095,-9.2243],[-76.8368,-9.2635],[-76.8428,-9.2617],[-76.8489,-9.2517],[-76.8271,-9.1878],[-76.8314,-9.1226],[-76.8182,-9.1272]]]}},{"type":"Feature","properties":{"IDDIST":"020304","NOMBDIST":"CHINGAS","NOMBPROV":"ANTONIO RAYMONDI","NOMBDEP":"ANCASH"},"geometry":{"type":"Polygon","coordinates":[[[-76.9447,-9.111],[-76.9463,-9.1354],[-76.9612,-9.1535],[-76.9843,-9.1423],[-77.0269,-9.1683],[-77.0472,-9.1795],[-77.0674,-9.1301],[-76.9447,-9.111]]]}},{"type":"Feature","properties":{"IDDIST":"020401","NOMBDIST":"CHACAS","NOMBPROV":"ASUNCION","NOMBDEP":"ANCASH"},"geometry":{"type":"Polygon","coordinates":[[[-77.366,-9.1139],[-77.2621,-9.2078],[-77.2753,-9.2783],[-77.309,-9.2833],[-77.3192,-9.3241],[-77.3257,-9.31],[-77.4321,-9.2755],[-77.5176,-9.2359],[-77.5319,-9.1994],[-77.5167,-9.1339],[-77.4905,-9.1067],[-77.4497,-9.106],[-77.379,-9.1511],[-77.366,-9.1139]]]}},{"type":"Feature","properties":{"IDDIST":"022004","NOMBDIST":"MATACOTO","NOMBPROV":"YUNGAY","NOMBDEP":"ANCASH"},"geometry":{"type":"Polygon","coordinates":[[[-77.7363,-9.1749],[-77.7206,-9.1818],[-77.7182,-9.1905],[-77.7232,-9.2068],[-77.7823,-9.2172],[-77.7836,-9.1169],[-77.773,-9.1017],[-77.7363,-9.1749]]]}},{"type":"Feature","properties":{"IDDIST":"020609","NOMBDIST":"SHILLA","NOMBPROV":"CARHUAZ","NOMBDEP":"ANCASH"},"geometry":{"type":"Polygon","coordinates":[[[-77.4905,-9.1067],[-77.5167,-9.1339],[-77.5319,-9.1994],[-77.5879,-9.2174],[-77.6316,-9.2523],[-77.6524,-9.25],[-77.6258,-9.2104],[-77.5956,-9.1842],[-77.5943,-9.132],[-77.5738,-9.0865],[-77.5303,-9.0829],[-77.4905,-9.1067]]]}},{"type":"Feature","properties":{"IDDIST":"100603","NOMBDIST":"HERMILIO VALDIZAN","NOMBPROV":"LEONCIO PRADO","NOMBDEP":"HUANUCO"},"geometry":{"type":"Polygon","coordinates":[[[-75.839,-9.0767],[-75.8065,-9.1215],[-75.785,-9.1917],[-75.82,-9.1693],[-75.913,-9.1657],[-75.9625,-9.1774],[-76.0003,-9.1584],[-75.8989,-9.1196],[-75.839,-9.0767]]]}},{"type":"Feature","properties":{"IDDIST":"021207","NOMBDIST":"PUEBLO LIBRE","NOMBPROV":"HUAYLAS","NOMBDEP":"ANCASH"},"geometry":{"type":"Polygon","coordinates":[[[-77.7829,-9.0832],[-77.773,-9.1017],[-77.7836,-9.1169],[-77.7823,-9.2172],[-77.8155,-9.2266],[-77.8395,-9.2176],[-77.8463,-9.1629],[-77.8823,-9.0924],[-77.7829,-9.0832]]]}},{"type":"Feature","properties":{"IDDIST":"100601","NOMBDIST":"RUPA-RUPA","NOMBPROV":"LEONCIO PRADO","NOMBDEP":"HUANUCO"},"geometry":{"type":"Polygon","coordinates":[[[-76.0244,-9.1532],[-75.9944,-9.229],[-75.9584,-9.2603],[-75.9343,-9.3157],[-76.0273,-9.3268],[-76.0568,-9.2817],[-76.0987,-9.2117],[-76.1335,-9.2011],[-76.214,-9.2044],[-76.2349,-9.1403],[-76.182,-9.1001],[-76.1236,-9.1001],[-76.0817,-9.0814],[-76.0664,-9.127],[-76.0244,-9.1532]]]}},{"type":"Feature","properties":{"IDDIST":"021010","NOMBDIST":"PAUCAS","NOMBPROV":"HUARI","NOMBDEP":"ANCASH"},"geometry":{"type":"Polygon","coordinates":[[[-76.9174,-9.0755],[-76.8972,-9.0984],[-76.8314,-9.1226],[-76.8271,-9.1878],[-76.8489,-9.2517],[-76.879,-9.2121],[-76.9463,-9.1354],[-76.9447,-9.111],[-76.945,-9.0744],[-76.9174,-9.0755]]]}},{"type":"Feature","properties":{"IDDIST":"020402","NOMBDIST":"ACOCHACA","NOMBPROV":"ASUNCION","NOMBDEP":"ANCASH"},"geometry":{"type":"Polygon","coordinates":[[[-77.362,-9.065],[-77.366,-9.1139],[-77.379,-9.1511],[-77.4497,-9.106],[-77.4905,-9.1067],[-77.4373,-9.0592],[-77.362,-9.065]]]}},{"type":"Feature","properties":{"IDDIST":"100502","NOMBDIST":"ARANCAY","NOMBPROV":"HUAMALIES","NOMBDEP":"HUANUCO"},"geometry":{"type":"Polygon","coordinates":[[[-76.6425,-9.1331],[-76.6761,-9.1727],[-76.7443,-9.1937],[-76.7569,-9.1815],[-76.7886,-9.1362],[-76.8182,-9.1272],[-76.7921,-9.0857],[-76.763,-9.1071],[-76.7167,-9.1082],[-76.6425,-9.1331]]]}},{"type":"Feature","properties":{"IDDIST":"021805","NOMBDIST":"MORO","NOMBPROV":"SANTA","NOMBDEP":"ANCASH"},"geometry":{"type":"Polygon","coordinates":[[[-78.021,-9.0508],[-78.0593,-9.0861],[-78.0622,-9.1284],[-78.0213,-9.1715],[-78.0668,-9.186],[-78.0372,-9.2437],[-78.0561,-9.2747],[-78.1439,-9.2672],[-78.1755,-9.247],[-78.2135,-9.2081],[-78.2347,-9.1674],[-78.1897,-9.1314],[-78.1845,-9.0452],[-78.1659,-9.0869],[-78.021,-9.0508]]]}},{"type":"Feature","properties":{"IDDIST":"100901","NOMBDIST":"PUERTO INCA","NOMBPROV":"PUERTO INCA","NOMBDEP":"HUANUCO"},"geometry":{"type":"Polygon","coordinates":[[[-74.6066,-9.2482],[-74.5894,-9.3032],[-74.6685,-9.3859],[-74.7451,-9.3927],[-74.8297,-9.4539],[-74.888,-9.4348],[-74.9412,-9.4669],[-74.9416,-9.504],[-75.02,-9.4892],[-75.0932,-9.4627],[-75.1732,-9.5462],[-75.1966,-9.5312],[-75.2067,-9.4728],[-75.1759,-9.3787],[-75.2222,-9.3358],[-75.281,-9.3045],[-75.2623,-9.2704],[-75.2097,-9.2299],[-75.2081,-9.1016],[-75.1789,-9.1149],[-75.0043,-9.1004],[-74.924,-9.1135],[-74.8837,-9.0721],[-74.8313,-9.0595],[-74.837,-9.1099],[-74.8194,-9.1429],[-74.7675,-9.1688],[-74.6966,-9.2342],[-74.6478,-9.2636],[-74.6066,-9.2482]]]}},{"type":"Feature","properties":{"IDDIST":"020305","NOMBDIST":"MIRGAS","NOMBPROV":"ANTONIO RAYMONDI","NOMBDEP":"ANCASH"},"geometry":{"type":"Polygon","coordinates":[[[-77.0609,-9.1008],[-77.0674,-9.1301],[-77.0472,-9.1795],[-77.0844,-9.1825],[-77.1422,-9.2024],[-77.1739,-9.16],[-77.1441,-9.0957],[-77.1524,-9.0337],[-77.1113,-9.0084],[-77.099,-9.055],[-77.0609,-9.1008]]]}},{"type":"Feature","properties":{"IDDIST":"021803","NOMBDIST":"COISHCO","NOMBPROV":"SANTA","NOMBDEP":"ANCASH"},"geometry":{"type":"Polygon","coordinates":[[[-78.5983,-9.0247],[-78.6377,-9.0475],[-78.6214,-9.0163],[-78.5983,-9.0247]]]}},{"type":"Feature","properties":{"IDDIST":"020301","NOMBDIST":"LLAMELLIN","NOMBPROV":"ANTONIO RAYMONDI","NOMBDEP":"ANCASH"},"geometry":{"type":"Polygon","coordinates":[[[-77.0336,-9.0084],[-76.9801,-9.0629],[-76.945,-9.0744],[-76.9447,-9.111],[-77.0674,-9.1301],[-77.0609,-9.1008],[-77.0362,-9.0535],[-77.0336,-9.0084]]]}},{"type":"Feature","properties":{"IDDIST":"021809","NOMBDIST":"NUEVO CHIMBOTE","NOMBPROV":"SANTA","NOMBDEP":"ANCASH"},"geometry":{"type":"Polygon","coordinates":[[[-78.2844,-9.0194],[-78.2906,-9.064],[-78.3342,-9.1057],[-78.3682,-9.1156],[-78.4228,-9.1816],[-78.4677,-9.19],[-78.4882,-9.2017],[-78.5587,-9.147],[-78.5461,-9.0934],[-78.4283,-9.0139],[-78.2844,-9.0194]]]}},{"type":"Feature","properties":{"IDDIST":"022001","NOMBDIST":"YUNGAY","NOMBPROV":"YUNGAY","NOMBDEP":"ANCASH"},"geometry":{"type":"Polygon","coordinates":[[[-77.5738,-9.0865],[-77.5943,-9.132],[-77.6376,-9.1786],[-77.6718,-9.177],[-77.6835,-9.1394],[-77.7363,-9.1749],[-77.773,-9.1017],[-77.7829,-9.0832],[-77.6998,-9.0569],[-77.6146,-8.9938],[-77.5738,-9.0865]]]}},{"type":"Feature","properties":{"IDDIST":"100403","NOMBDIST":"COCHABAMBA","NOMBPROV":"HUACAYBAMBA","NOMBDEP":"HUANUCO"},"geometry":{"type":"Polygon","coordinates":[[[-76.4734,-9.0122],[-76.4802,-9.1721],[-76.4131,-9.1774],[-76.3584,-9.1972],[-76.3105,-9.1769],[-76.2721,-9.214],[-76.3101,-9.1964],[-76.3484,-9.2049],[-76.3959,-9.2384],[-76.4384,-9.2295],[-76.5103,-9.1861],[-76.5357,-9.2037],[-76.6425,-9.1331],[-76.7167,-9.1082],[-76.763,-9.1071],[-76.7921,-9.0857],[-76.8182,-9.1272],[-76.8314,-9.1226],[-76.8972,-9.0984],[-76.9174,-9.0755],[-76.8405,-9.0077],[-76.8122,-9.0192],[-76.7524,-9.0074],[-76.7215,-9.0192],[-76.661,-8.9868],[-76.6322,-9.0454],[-76.5953,-9.0482],[-76.5615,-9.0214],[-76.4734,-9.0122]]]}},{"type":"Feature","properties":{"IDDIST":"021203","NOMBDIST":"HUATA","NOMBPROV":"HUAYLAS","NOMBDEP":"ANCASH"},"geometry":{"type":"Polygon","coordinates":[[[-77.8819,-9.0779],[-77.9192,-9.055],[-77.9208,-9.0109],[-77.8294,-8.9862],[-77.8443,-9.0549],[-77.8819,-9.0779]]]}},{"type":"Feature","properties":{"IDDIST":"021806","NOMBDIST":"NEPEÑA","NOMBPROV":"SANTA","NOMBDEP":"ANCASH"},"geometry":{"type":"Polygon","coordinates":[[[-78.1958,-8.986],[-78.1845,-9.0452],[-78.1897,-9.1314],[-78.2347,-9.1674],[-78.2135,-9.2081],[-78.2608,-9.2009],[-78.3638,-9.2663],[-78.4484,-9.2392],[-78.4677,-9.19],[-78.4228,-9.1816],[-78.3682,-9.1156],[-78.3342,-9.1057],[-78.2906,-9.064],[-78.2844,-9.0194],[-78.1958,-8.986]]]}},{"type":"Feature","properties":{"IDDIST":"021206","NOMBDIST":"PAMPAROMAS","NOMBPROV":"HUAYLAS","NOMBDEP":"ANCASH"},"geometry":{"type":"Polygon","coordinates":[[[-77.9424,-8.9786],[-77.9208,-9.0109],[-77.9192,-9.055],[-77.8819,-9.0779],[-77.8823,-9.0924],[-77.8463,-9.1629],[-77.8395,-9.2176],[-77.8613,-9.2512],[-78.0372,-9.2437],[-78.0668,-9.186],[-78.0213,-9.1715],[-78.0622,-9.1284],[-78.0593,-9.0861],[-78.021,-9.0508],[-77.9972,-9.0172],[-77.9424,-8.9786]]]}},{"type":"Feature","properties":{"IDDIST":"020701","NOMBDIST":"SAN LUIS","NOMBPROV":"CARLOS FERMIN FITZCARRALD","NOMBDEP":"ANCASH"},"geometry":{"type":"Polygon","coordinates":[[[-77.2062,-9.1148],[-77.2049,-9.1657],[-77.2083,-9.1652],[-77.2621,-9.2078],[-77.366,-9.1139],[-77.362,-9.065],[-77.3595,-8.9772],[-77.3136,-8.9934],[-77.2833,-9.0462],[-77.2488,-9.0607],[-77.2062,-9.1148]]]}},{"type":"Feature","properties":{"IDDIST":"020303","NOMBDIST":"CHACCHO","NOMBPROV":"ANTONIO RAYMONDI","NOMBDEP":"ANCASH"},"geometry":{"type":"Polygon","coordinates":[[[-77.0336,-9.0084],[-77.0362,-9.0535],[-77.0609,-9.1008],[-77.099,-9.055],[-77.1113,-9.0084],[-77.1031,-8.9724],[-77.0336,-9.0084]]]}},{"type":"Feature","properties":{"IDDIST":"021808","NOMBDIST":"SANTA","NOMBPROV":"SANTA","NOMBDEP":"ANCASH"},"geometry":{"type":"Polygon","coordinates":[[[-78.5983,-9.0247],[-78.6214,-9.0163],[-78.6449,-8.9692],[-78.6048,-8.9549],[-78.571,-9.0197],[-78.5983,-9.0247]]]}},{"type":"Feature","properties":{"IDDIST":"021201","NOMBDIST":"CARAZ","NOMBPROV":"HUAYLAS","NOMBDEP":"ANCASH"},"geometry":{"type":"Polygon","coordinates":[[[-77.6136,-8.9565],[-77.6146,-8.9938],[-77.6998,-9.0569],[-77.7829,-9.0832],[-77.8823,-9.0924],[-77.8819,-9.0779],[-77.8443,-9.0549],[-77.8294,-8.9862],[-77.8415,-8.9771],[-77.8161,-8.9652],[-77.781,-8.9925],[-77.7034,-8.967],[-77.6136,-8.9565]]]}},{"type":"Feature","properties":{"IDDIST":"020703","NOMBDIST":"YAUYA","NOMBPROV":"CARLOS FERMIN FITZCARRALD","NOMBDEP":"ANCASH"},"geometry":{"type":"Polygon","coordinates":[[[-77.2062,-9.1148],[-77.2488,-9.0607],[-77.2833,-9.0462],[-77.3136,-8.9934],[-77.3595,-8.9772],[-77.3235,-8.9465],[-77.297,-8.9475],[-77.2595,-8.9402],[-77.2165,-8.9538],[-77.1969,-9.0296],[-77.2062,-9.1148]]]}},{"type":"Feature","properties":{"IDDIST":"021306","NOMBDIST":"LLUMPA","NOMBPROV":"MARISCAL LUZURIAGA","NOMBDEP":"ANCASH"},"geometry":{"type":"Polygon","coordinates":[[[-77.3235,-8.9465],[-77.3595,-8.9772],[-77.3863,-8.9951],[-77.4451,-8.9902],[-77.4865,-9.0073],[-77.5527,-8.9878],[-77.5446,-8.9347],[-77.4323,-8.9375],[-77.3928,-8.9477],[-77.3559,-8.9329],[-77.3235,-8.9465]]]}},{"type":"Feature","properties":{"IDDIST":"021205","NOMBDIST":"MATO","NOMBPROV":"HUAYLAS","NOMBDEP":"ANCASH"},"geometry":{"type":"Polygon","coordinates":[[[-77.845,-8.9106],[-77.8415,-8.9771],[-77.8294,-8.9862],[-77.9208,-9.0109],[-77.9424,-8.9786],[-77.942,-8.92],[-77.9093,-8.9268],[-77.845,-8.9106]]]}},{"type":"Feature","properties":{"IDDIST":"021307","NOMBDIST":"LUCMA","NOMBPROV":"MARISCAL LUZURIAGA","NOMBDEP":"ANCASH"},"geometry":{"type":"Polygon","coordinates":[[[-77.3678,-8.9086],[-77.3235,-8.9465],[-77.3559,-8.9329],[-77.3928,-8.9477],[-77.4323,-8.9375],[-77.5446,-8.9347],[-77.5635,-8.9034],[-77.5061,-8.9206],[-77.4865,-8.9056],[-77.3678,-8.9086]]]}},{"type":"Feature","properties":{"IDDIST":"022008","NOMBDIST":"YANAMA","NOMBPROV":"YUNGAY","NOMBDEP":"ANCASH"},"geometry":{"type":"Polygon","coordinates":[[[-77.5635,-8.9034],[-77.5446,-8.9347],[-77.5527,-8.9878],[-77.4865,-9.0073],[-77.4451,-8.9902],[-77.3863,-8.9951],[-77.3595,-8.9772],[-77.362,-9.065],[-77.4373,-9.0592],[-77.4905,-9.1067],[-77.5303,-9.0829],[-77.5738,-9.0865],[-77.6146,-8.9938],[-77.6136,-8.9565],[-77.5743,-8.9004],[-77.5635,-8.9034]]]}},{"type":"Feature","properties":{"IDDIST":"020702","NOMBDIST":"SAN NICOLAS","NOMBPROV":"CARLOS FERMIN FITZCARRALD","NOMBDEP":"ANCASH"},"geometry":{"type":"Polygon","coordinates":[[[-77.1237,-8.9424],[-77.1031,-8.9724],[-77.1113,-9.0084],[-77.1524,-9.0337],[-77.1441,-9.0957],[-77.1739,-9.16],[-77.2049,-9.1657],[-77.2062,-9.1148],[-77.1969,-9.0296],[-77.2165,-8.9538],[-77.2595,-8.9402],[-77.2463,-8.935],[-77.1886,-8.9284],[-77.1595,-8.8971],[-77.1237,-8.9424]]]}},{"type":"Feature","properties":{"IDDIST":"021305","NOMBDIST":"LLAMA","NOMBPROV":"MARISCAL LUZURIAGA","NOMBDEP":"ANCASH"},"geometry":{"type":"Polygon","coordinates":[[[-77.2463,-8.935],[-77.2595,-8.9402],[-77.297,-8.9475],[-77.3235,-8.9177],[-77.3209,-8.88],[-77.2857,-8.8614],[-77.2463,-8.935]]]}},{"type":"Feature","properties":{"IDDIST":"021602","NOMBDIST":"HUAYLLAN","NOMBPROV":"POMABAMBA","NOMBDEP":"ANCASH"},"geometry":{"type":"Polygon","coordinates":[[[-77.44,-8.847],[-77.4028,-8.8725],[-77.3678,-8.9086],[-77.4865,-8.9056],[-77.5061,-8.9206],[-77.5635,-8.9034],[-77.5743,-8.9004],[-77.5778,-8.8938],[-77.4746,-8.8726],[-77.44,-8.847]]]}},{"type":"Feature","properties":{"IDDIST":"021303","NOMBDIST":"ELEAZAR GUZMAN BARRON","NOMBPROV":"MARISCAL LUZURIAGA","NOMBDEP":"ANCASH"},"geometry":{"type":"Polygon","coordinates":[[[-77.1766,-8.8459],[-77.1595,-8.8971],[-77.1886,-8.9284],[-77.2463,-8.935],[-77.2857,-8.8614],[-77.2837,-8.8522],[-77.2355,-8.8619],[-77.1766,-8.8459]]]}},{"type":"Feature","properties":{"IDDIST":"021802","NOMBDIST":"CACERES DEL PERU","NOMBPROV":"SANTA","NOMBDEP":"ANCASH"},"geometry":{"type":"Polygon","coordinates":[[[-78.0008,-8.8419],[-77.951,-8.9089],[-77.942,-8.92],[-77.9424,-8.9786],[-77.9972,-9.0172],[-78.021,-9.0508],[-78.1659,-9.0869],[-78.1845,-9.0452],[-78.1958,-8.986],[-78.1908,-8.9397],[-78.1432,-8.8612],[-78.0637,-8.8696],[-78.0008,-8.8419]]]}},{"type":"Feature","properties":{"IDDIST":"021204","NOMBDIST":"HUAYLAS","NOMBPROV":"HUAYLAS","NOMBDEP":"ANCASH"},"geometry":{"type":"Polygon","coordinates":[[[-77.845,-8.8988],[-77.845,-8.9106],[-77.9093,-8.9268],[-77.942,-8.92],[-77.951,-8.9089],[-77.8967,-8.8594],[-77.9132,-8.8386],[-77.8629,-8.8559],[-77.845,-8.8988]]]}},{"type":"Feature","properties":{"IDDIST":"021308","NOMBDIST":"MUSGA","NOMBPROV":"MARISCAL LUZURIAGA","NOMBDEP":"ANCASH"},"geometry":{"type":"Polygon","coordinates":[[[-77.2837,-8.8522],[-77.2857,-8.8614],[-77.3209,-8.88],[-77.3235,-8.9177],[-77.297,-8.9475],[-77.3235,-8.9465],[-77.3678,-8.9086],[-77.3086,-8.8401],[-77.2837,-8.8522]]]}},{"type":"Feature","properties":{"IDDIST":"100404","NOMBDIST":"PINRA","NOMBPROV":"HUACAYBAMBA","NOMBDEP":"HUANUCO"},"geometry":{"type":"Polygon","coordinates":[[[-76.894,-8.8619],[-76.8954,-8.9059],[-76.9265,-8.9511],[-76.9715,-8.9631],[-77.0336,-9.0084],[-77.1031,-8.9724],[-77.1237,-8.9424],[-77.0772,-8.909],[-77.0371,-8.8344],[-76.976,-8.8454],[-76.9294,-8.8365],[-76.894,-8.8619]]]}},{"type":"Feature","properties":{"IDDIST":"100401","NOMBDIST":"HUACAYBAMBA","NOMBPROV":"HUACAYBAMBA","NOMBDEP":"HUANUCO"},"geometry":{"type":"Polygon","coordinates":[[[-76.661,-8.9868],[-76.7215,-9.0192],[-76.7524,-9.0074],[-76.8122,-9.0192],[-76.8405,-9.0077],[-76.9174,-9.0755],[-76.945,-9.0744],[-76.9801,-9.0629],[-77.0336,-9.0084],[-76.9715,-8.9631],[-76.9265,-8.9511],[-76.8954,-8.9059],[-76.894,-8.8619],[-76.8223,-8.8345],[-76.7348,-8.8708],[-76.661,-8.9868]]]}},{"type":"Feature","properties":{"IDDIST":"021208","NOMBDIST":"SANTA CRUZ","NOMBPROV":"HUAYLAS","NOMBDEP":"ANCASH"},"geometry":{"type":"Polygon","coordinates":[[[-77.6083,-8.8722],[-77.5778,-8.8938],[-77.5743,-8.9004],[-77.6136,-8.9565],[-77.7034,-8.967],[-77.781,-8.9925],[-77.8161,-8.9652],[-77.8415,-8.9771],[-77.845,-8.9106],[-77.845,-8.8988],[-77.8304,-8.8712],[-77.7716,-8.8379],[-77.717,-8.8278],[-77.6639,-8.8369],[-77.6524,-8.8793],[-77.6083,-8.8722]]]}},{"type":"Feature","properties":{"IDDIST":"021301","NOMBDIST":"PISCOBAMBA","NOMBPROV":"MARISCAL LUZURIAGA","NOMBDEP":"ANCASH"},"geometry":{"type":"Polygon","coordinates":[[[-77.3086,-8.8401],[-77.3678,-8.9086],[-77.4028,-8.8725],[-77.326,-8.8211],[-77.3086,-8.8401]]]}},{"type":"Feature","properties":{"IDDIST":"100904","NOMBDIST":"TOURNAVISTA","NOMBPROV":"PUERTO INCA","NOMBDEP":"HUANUCO"},"geometry":{"type":"Polygon","coordinates":[[[-74.6163,-8.8279],[-74.6242,-8.8887],[-74.6443,-8.9188],[-74.6514,-9.0488],[-74.6781,-9.094],[-74.6407,-9.1186],[-74.6396,-9.1597],[-74.6066,-9.2482],[-74.6478,-9.2636],[-74.6966,-9.2342],[-74.7675,-9.1688],[-74.8194,-9.1429],[-74.837,-9.1099],[-74.8313,-9.0595],[-74.8837,-9.0721],[-74.924,-9.1135],[-75.0043,-9.1004],[-75.1789,-9.1149],[-75.2081,-9.1016],[-75.151,-9.0387],[-75.1433,-8.9722],[-75.0944,-8.9223],[-75.0456,-8.9042],[-75.0126,-8.9136],[-74.9789,-8.952],[-74.9342,-8.9302],[-74.9536,-8.8581],[-74.9113,-8.8232],[-74.8596,-8.8449],[-74.8534,-8.8742],[-74.7929,-8.8808],[-74.6747,-8.7853],[-74.6163,-8.8279]]]}},{"type":"Feature","properties":{"IDDIST":"021209","NOMBDIST":"SANTO TORIBIO","NOMBPROV":"HUAYLAS","NOMBDEP":"ANCASH"},"geometry":{"type":"Polygon","coordinates":[[[-77.9132,-8.8386],[-77.8967,-8.8594],[-77.951,-8.9089],[-78.0008,-8.8419],[-77.9915,-8.7994],[-77.9582,-8.7859],[-77.9132,-8.8386]]]}},{"type":"Feature","properties":{"IDDIST":"021302","NOMBDIST":"CASCA","NOMBPROV":"MARISCAL LUZURIAGA","NOMBDEP":"ANCASH"},"geometry":{"type":"Polygon","coordinates":[[[-77.326,-8.8211],[-77.4028,-8.8725],[-77.44,-8.847],[-77.4379,-8.8135],[-77.3896,-8.7762],[-77.344,-8.7843],[-77.326,-8.8211]]]}},{"type":"Feature","properties":{"IDDIST":"250103","NOMBDIST":"IPARIA","NOMBPROV":"CORONEL PORTILLO","NOMBDEP":"UCAYALI"},"geometry":{"type":"Polygon","coordinates":[[[-73.2766,-9.6842],[-73.2429,-9.7311],[-73.2441,-9.7653],[-73.2178,-9.8275],[-73.2285,-9.8465],[-73.1032,-9.8752],[-73.114,-9.9028],[-73.0932,-9.9495],[-73.1125,-10.0178],[-73.1527,-10.0395],[-73.1795,-10.0939],[-73.197,-10.0476],[-73.1872,-10.0183],[-73.2261,-9.9679],[-73.268,-9.9523],[-73.3092,-9.893],[-73.3552,-9.8727],[-73.3935,-9.8226],[-73.4593,-9.7956],[-73.4694,-9.7508],[-73.5378,-9.7077],[-73.5701,-9.6574],[-73.6092,-9.6444],[-73.6845,-9.5298],[-73.7434,-9.5403],[-73.821,-9.532],[-73.8755,-9.5966],[-73.9598,-9.6108],[-73.9858,-9.6352],[-74.0476,-9.6558],[-74.0658,-9.7055],[-74.1524,-9.7097],[-74.184,-9.7638],[-74.2534,-9.7717],[-74.317,-9.8016],[-74.3331,-9.8601],[-74.4123,-9.954],[-74.4146,-9.9021],[-74.4502,-9.8702],[-74.4476,-9.78],[-74.4856,-9.7022],[-74.4968,-9.5933],[-74.5756,-9.5705],[-74.5846,-9.4956],[-74.6771,-9.4283],[-74.6685,-9.3859],[-74.5894,-9.3032],[-74.6066,-9.2482],[-74.6396,-9.1597],[-74.6407,-9.1186],[-74.6781,-9.094],[-74.6514,-9.0488],[-74.6443,-8.9188],[-74.6242,-8.8887],[-74.6163,-8.8279],[-74.5322,-8.7761],[-74.4975,-8.8211],[-74.4891,-8.8714],[-74.3879,-8.9997],[-74.3196,-9.0399],[-74.2663,-9.0911],[-74.2447,-9.1289],[-74.2287,-9.2079],[-74.1561,-9.2303],[-74.132,-9.1741],[-74.1032,-9.1425],[-74.0332,-9.1862],[-73.9178,-9.3028],[-73.8665,-9.3434],[-73.8039,-9.4266],[-73.7681,-9.4437],[-73.6101,-9.4933],[-73.5271,-9.5654],[-73.4186,-9.6288],[-73.3127,-9.6783],[-73.2766,-9.6842]]]}},{"type":"Feature","properties":{"IDDIST":"100402","NOMBDIST":"CANCHABAMBA","NOMBPROV":"HUACAYBAMBA","NOMBDEP":"HUANUCO"},"geometry":{"type":"Polygon","coordinates":[[[-77.0822,-8.7741],[-77.0371,-8.8344],[-77.0772,-8.909],[-77.1237,-8.9424],[-77.1595,-8.8971],[-77.1766,-8.8459],[-77.1748,-8.8336],[-77.1433,-8.7807],[-77.0822,-8.7741]]]}},{"type":"Feature","properties":{"IDDIST":"100703","NOMBDIST":"SAN BUENAVENTURA","NOMBPROV":"MARAÑON","NOMBDEP":"HUANUCO"},"geometry":{"type":"Polygon","coordinates":[[[-77.0656,-8.7292],[-77.0822,-8.7741],[-77.1433,-8.7807],[-77.1748,-8.8336],[-77.2229,-8.7703],[-77.1484,-8.7268],[-77.0656,-8.7292]]]}},{"type":"Feature","properties":{"IDDIST":"021304","NOMBDIST":"FIDEL OLIVAS ESCUDERO","NOMBPROV":"MARISCAL LUZURIAGA","NOMBDEP":"ANCASH"},"geometry":{"type":"Polygon","coordinates":[[[-77.2474,-8.7128],[-77.2229,-8.7703],[-77.1748,-8.8336],[-77.1766,-8.8459],[-77.2355,-8.8619],[-77.2837,-8.8522],[-77.3086,-8.8401],[-77.326,-8.8211],[-77.344,-8.7843],[-77.3896,-8.7762],[-77.395,-8.7701],[-77.2798,-8.7028],[-77.2474,-8.7128]]]}},{"type":"Feature","properties":{"IDDIST":"021202","NOMBDIST":"HUALLANCA","NOMBPROV":"HUAYLAS","NOMBDEP":"ANCASH"},"geometry":{"type":"Polygon","coordinates":[[[-77.972,-8.692],[-77.9185,-8.7469],[-77.8698,-8.763],[-77.8297,-8.8215],[-77.8304,-8.8712],[-77.845,-8.8988],[-77.8629,-8.8559],[-77.9132,-8.8386],[-77.9582,-8.7859],[-77.9915,-8.7994],[-78.0146,-8.7664],[-77.9955,-8.7072],[-77.972,-8.692]]]}},{"type":"Feature","properties":{"IDDIST":"021601","NOMBDIST":"POMABAMBA","NOMBPROV":"POMABAMBA","NOMBDEP":"ANCASH"},"geometry":{"type":"Polygon","coordinates":[[[-77.4389,-8.7225],[-77.395,-8.7701],[-77.3896,-8.7762],[-77.4379,-8.8135],[-77.44,-8.847],[-77.4746,-8.8726],[-77.5778,-8.8938],[-77.6083,-8.8722],[-77.5812,-8.7711],[-77.5927,-8.7577],[-77.5229,-8.6954],[-77.486,-8.6834],[-77.4389,-8.7225]]]}},{"type":"Feature","properties":{"IDDIST":"131203","NOMBDIST":"GUADALUPITO","NOMBPROV":"VIRU","NOMBDEP":"LA LIBERTAD"},"geometry":{"type":"Polygon","coordinates":[[[-78.5516,-8.775],[-78.5883,-8.8587],[-78.5765,-8.889],[-78.6048,-8.9549],[-78.6449,-8.9692],[-78.6517,-8.9144],[-78.7612,-8.774],[-78.7374,-8.7121],[-78.7466,-8.6841],[-78.7099,-8.7007],[-78.6646,-8.6798],[-78.5905,-8.7187],[-78.5516,-8.775]]]}},{"type":"Feature","properties":{"IDDIST":"021210","NOMBDIST":"YURACMARCA","NOMBPROV":"HUAYLAS","NOMBDEP":"ANCASH"},"geometry":{"type":"Polygon","coordinates":[[[-77.7207,-8.6565],[-77.6144,-8.751],[-77.5927,-8.7577],[-77.5812,-8.7711],[-77.6083,-8.8722],[-77.6524,-8.8793],[-77.6639,-8.8369],[-77.717,-8.8278],[-77.7716,-8.8379],[-77.8304,-8.8712],[-77.8297,-8.8215],[-77.8698,-8.763],[-77.9185,-8.7469],[-77.88,-8.684],[-77.811,-8.662],[-77.7764,-8.6695],[-77.7207,-8.6565]]]}},{"type":"Feature","properties":{"IDDIST":"021801","NOMBDIST":"CHIMBOTE","NOMBPROV":"SANTA","NOMBDEP":"ANCASH"},"geometry":{"type":"Polygon","coordinates":[[[-78.1908,-8.9397],[-78.1958,-8.986],[-78.2844,-9.0194],[-78.4283,-9.0139],[-78.5461,-9.0934],[-78.5587,-9.147],[-78.5709,-9.0982],[-78.6248,-9.0781],[-78.6377,-9.0475],[-78.5983,-9.0247],[-78.571,-9.0197],[-78.6048,-8.9549],[-78.5765,-8.889],[-78.5883,-8.8587],[-78.5516,-8.775],[-78.5181,-8.753],[-78.4482,-8.7369],[-78.3548,-8.6733],[-78.2356,-8.6529],[-78.2251,-8.7237],[-78.1984,-8.7593],[-78.2537,-8.8004],[-78.2456,-8.8383],[-78.2008,-8.864],[-78.236,-8.8903],[-78.1908,-8.9397]]]}},{"type":"Feature","properties":{"IDDIST":"021804","NOMBDIST":"MACATE","NOMBPROV":"SANTA","NOMBDEP":"ANCASH"},"geometry":{"type":"Polygon","coordinates":[[[-78.1058,-8.6598],[-78.0359,-8.6723],[-77.9721,-8.6886],[-77.972,-8.692],[-77.9955,-8.7072],[-78.0146,-8.7664],[-77.9915,-8.7994],[-78.0008,-8.8419],[-78.0637,-8.8696],[-78.1432,-8.8612],[-78.1908,-8.9397],[-78.236,-8.8903],[-78.2008,-8.864],[-78.2456,-8.8383],[-78.2537,-8.8004],[-78.1984,-8.7593],[-78.2251,-8.7237],[-78.2356,-8.6529],[-78.1847,-8.694],[-78.1058,-8.6598]]]}},{"type":"Feature","properties":{"IDDIST":"021604","NOMBDIST":"QUINUABAMBA","NOMBPROV":"POMABAMBA","NOMBDEP":"ANCASH"},"geometry":{"type":"Polygon","coordinates":[[[-77.2474,-8.7128],[-77.2798,-8.7028],[-77.395,-8.7701],[-77.4389,-8.7225],[-77.3828,-8.6684],[-77.3174,-8.666],[-77.2873,-8.6427],[-77.2606,-8.6485],[-77.2474,-8.7128]]]}},{"type":"Feature","properties":{"IDDIST":"020905","NOMBDIST":"LA PAMPA","NOMBPROV":"CORONGO","NOMBDEP":"ANCASH"},"geometry":{"type":"Polygon","coordinates":[[[-77.8003,-8.6423],[-77.7764,-8.6695],[-77.811,-8.662],[-77.88,-8.684],[-77.9185,-8.7469],[-77.972,-8.692],[-77.9721,-8.6886],[-77.9089,-8.6419],[-77.9021,-8.6262],[-77.842,-8.6555],[-77.8003,-8.6423]]]}},{"type":"Feature","properties":{"IDDIST":"020906","NOMBDIST":"YANAC","NOMBPROV":"CORONGO","NOMBDEP":"ANCASH"},"geometry":{"type":"Polygon","coordinates":[[[-77.8003,-8.6423],[-77.842,-8.6555],[-77.9021,-8.6262],[-77.8619,-8.5961],[-77.858,-8.5932],[-77.8403,-8.5871],[-77.8003,-8.6423]]]}},{"type":"Feature","properties":{"IDDIST":"021909","NOMBDIST":"SAN JUAN","NOMBPROV":"SIHUAS","NOMBDEP":"ANCASH"},"geometry":{"type":"Polygon","coordinates":[[[-77.5998,-8.5806],[-77.5782,-8.5985],[-77.5229,-8.6954],[-77.5927,-8.7577],[-77.6144,-8.751],[-77.7207,-8.6565],[-77.6957,-8.6023],[-77.6513,-8.6308],[-77.6082,-8.5874],[-77.5998,-8.5806]]]}},{"type":"Feature","properties":{"IDDIST":"020907","NOMBDIST":"YUPAN","NOMBPROV":"CORONGO","NOMBDEP":"ANCASH"},"geometry":{"type":"Polygon","coordinates":[[[-77.9089,-8.6419],[-77.9721,-8.6886],[-78.0359,-8.6723],[-77.966,-8.5814],[-77.9089,-8.6419]]]}},{"type":"Feature","properties":{"IDDIST":"021910","NOMBDIST":"SICSIBAMBA","NOMBPROV":"SIHUAS","NOMBDEP":"ANCASH"},"geometry":{"type":"Polygon","coordinates":[[[-77.4757,-8.5762],[-77.5016,-8.6144],[-77.486,-8.6834],[-77.5229,-8.6954],[-77.5782,-8.5985],[-77.4757,-8.5762]]]}},{"type":"Feature","properties":{"IDDIST":"100903","NOMBDIST":"HONORIA","NOMBPROV":"PUERTO INCA","NOMBDEP":"HUANUCO"},"geometry":{"type":"Polygon","coordinates":[[[-74.5254,-8.7493],[-74.5322,-8.7761],[-74.6163,-8.8279],[-74.6747,-8.7853],[-74.7929,-8.8808],[-74.8534,-8.8742],[-74.8596,-8.8449],[-74.9113,-8.8232],[-74.8506,-8.7569],[-74.8467,-8.6612],[-74.6622,-8.5611],[-74.5776,-8.5538],[-74.5471,-8.5846],[-74.5254,-8.7493]]]}},{"type":"Feature","properties":{"IDDIST":"021904","NOMBDIST":"CASHAPAMPA","NOMBPROV":"SIHUAS","NOMBDEP":"ANCASH"},"geometry":{"type":"Polygon","coordinates":[[[-77.6082,-8.5874],[-77.6513,-8.6308],[-77.6957,-8.6023],[-77.6906,-8.5695],[-77.6471,-8.5367],[-77.6082,-8.5874]]]}},{"type":"Feature","properties":{"IDDIST":"020903","NOMBDIST":"BAMBAS","NOMBPROV":"CORONGO","NOMBDEP":"ANCASH"},"geometry":{"type":"Polygon","coordinates":[[[-77.9928,-8.5324],[-77.966,-8.5814],[-78.0359,-8.6723],[-78.1058,-8.6598],[-78.1305,-8.6171],[-78.0682,-8.5642],[-78.0184,-8.5385],[-77.9928,-8.5324]]]}},{"type":"Feature","properties":{"IDDIST":"021603","NOMBDIST":"PAROBAMBA","NOMBPROV":"POMABAMBA","NOMBDEP":"ANCASH"},"geometry":{"type":"Polygon","coordinates":[[[-77.3175,-8.5302],[-77.289,-8.5893],[-77.2873,-8.6427],[-77.3174,-8.666],[-77.3828,-8.6684],[-77.4389,-8.7225],[-77.486,-8.6834],[-77.5016,-8.6144],[-77.4757,-8.5762],[-77.4101,-8.5354],[-77.366,-8.5071],[-77.3175,-8.5302]]]}},{"type":"Feature","properties":{"IDDIST":"021901","NOMBDIST":"SIHUAS","NOMBPROV":"SIHUAS","NOMBDEP":"ANCASH"},"geometry":{"type":"Polygon","coordinates":[[[-77.5998,-8.5806],[-77.6082,-8.5874],[-77.6471,-8.5367],[-77.6164,-8.4961],[-77.5775,-8.5432],[-77.5998,-8.5806]]]}},{"type":"Feature","properties":{"IDDIST":"021507","NOMBDIST":"LLAPO","NOMBPROV":"PALLASCA","NOMBDEP":"ANCASH"},"geometry":{"type":"Polygon","coordinates":[[[-77.9838,-8.5134],[-77.9928,-8.5324],[-78.0184,-8.5385],[-78.0636,-8.4949],[-78.0298,-8.4893],[-77.9838,-8.5134]]]}},{"type":"Feature","properties":{"IDDIST":"021510","NOMBDIST":"SANTA ROSA","NOMBPROV":"PALLASCA","NOMBDEP":"ANCASH"},"geometry":{"type":"Polygon","coordinates":[[[-78.0636,-8.4949],[-78.0184,-8.5385],[-78.0682,-8.5642],[-78.1305,-8.6171],[-78.1058,-8.6598],[-78.1847,-8.694],[-78.2356,-8.6529],[-78.1935,-8.6001],[-78.2169,-8.5569],[-78.1725,-8.5016],[-78.1331,-8.4705],[-78.0797,-8.4506],[-78.0636,-8.4949]]]}},{"type":"Feature","properties":{"IDDIST":"020901","NOMBDIST":"CORONGO","NOMBPROV":"CORONGO","NOMBDEP":"ANCASH"},"geometry":{"type":"Polygon","coordinates":[[[-77.9163,-8.458],[-77.9138,-8.502],[-77.876,-8.5493],[-77.8619,-8.5961],[-77.9021,-8.6262],[-77.9089,-8.6419],[-77.966,-8.5814],[-77.9928,-8.5324],[-77.9838,-8.5134],[-77.9339,-8.4493],[-77.9163,-8.458]]]}},{"type":"Feature","properties":{"IDDIST":"250302","NOMBDIST":"IRAZOLA","NOMBPROV":"PADRE ABAD","NOMBDEP":"UCAYALI"},"geometry":{"type":"Polygon","coordinates":[[[-74.9536,-8.8581],[-74.9342,-8.9302],[-74.9789,-8.952],[-75.0126,-8.9136],[-75.0456,-8.9042],[-75.0944,-8.9223],[-75.1433,-8.9722],[-75.151,-9.0387],[-75.2081,-9.1016],[-75.2097,-9.2299],[-75.2623,-9.2704],[-75.281,-9.3045],[-75.3289,-9.297],[-75.4521,-9.2967],[-75.4364,-9.242],[-75.4427,-9.1467],[-75.4327,-9.0826],[-75.4421,-9.0179],[-75.4254,-8.9405],[-75.3798,-8.9124],[-75.3393,-8.8298],[-75.3638,-8.7954],[-75.3464,-8.7285],[-75.3174,-8.6816],[-75.3613,-8.5968],[-75.3238,-8.6016],[-75.2965,-8.639],[-75.2554,-8.6279],[-75.2456,-8.5874],[-75.2097,-8.5627],[-75.1376,-8.5383],[-75.1013,-8.5125],[-75.0453,-8.508],[-75.0208,-8.4478],[-74.9992,-8.5052],[-74.9397,-8.597],[-74.967,-8.6714],[-74.9323,-8.7298],[-74.9263,-8.7844],[-74.9536,-8.8581]]]}},{"type":"Feature","properties":{"IDDIST":"100701","NOMBDIST":"HUACRACHUCO","NOMBPROV":"MARAÑON","NOMBDEP":"HUANUCO"},"geometry":{"type":"Polygon","coordinates":[[[-77.06,-8.5436],[-77.0691,-8.5725],[-77.0343,-8.6452],[-77.0547,-8.6564],[-77.0656,-8.7292],[-77.1484,-8.7268],[-77.2229,-8.7703],[-77.2474,-8.7128],[-77.2606,-8.6485],[-77.2873,-8.6427],[-77.289,-8.5893],[-77.3175,-8.5302],[-77.2641,-8.4675],[-77.2042,-8.4857],[-77.1338,-8.44],[-77.1426,-8.4758],[-77.0889,-8.4828],[-77.0917,-8.517],[-77.06,-8.5436]]]}},{"type":"Feature","properties":{"IDDIST":"020902","NOMBDIST":"ACO","NOMBPROV":"CORONGO","NOMBDEP":"ANCASH"},"geometry":{"type":"Polygon","coordinates":[[[-77.858,-8.5932],[-77.8619,-8.5961],[-77.876,-8.5493],[-77.9138,-8.502],[-77.9163,-8.458],[-77.8806,-8.4398],[-77.8741,-8.5096],[-77.853,-8.5275],[-77.858,-8.5932]]]}},{"type":"Feature","properties":{"IDDIST":"250301","NOMBDIST":"PADRE ABAD","NOMBPROV":"PADRE ABAD","NOMBDEP":"UCAYALI"},"geometry":{"type":"Polygon","coordinates":[[[-75.3613,-8.5968],[-75.3174,-8.6816],[-75.3464,-8.7285],[-75.3638,-8.7954],[-75.3393,-8.8298],[-75.3798,-8.9124],[-75.4254,-8.9405],[-75.4421,-9.0179],[-75.4327,-9.0826],[-75.4427,-9.1467],[-75.4364,-9.242],[-75.4521,-9.2967],[-75.4944,-9.3774],[-75.5624,-9.4002],[-75.6216,-9.3967],[-75.6708,-9.3966],[-75.7318,-9.2723],[-75.785,-9.1917],[-75.8065,-9.1215],[-75.839,-9.0767],[-75.8759,-9.0215],[-75.8744,-8.9703],[-75.9173,-8.8792],[-75.9296,-8.8304],[-75.9216,-8.7808],[-75.9458,-8.7161],[-75.8919,-8.6616],[-75.8334,-8.6523],[-75.7796,-8.5474],[-75.7787,-8.4939],[-75.7165,-8.4873],[-75.6873,-8.4233],[-75.6456,-8.4403],[-75.6191,-8.4781],[-75.5695,-8.488],[-75.5165,-8.5577],[-75.473,-8.5827],[-75.4538,-8.5601],[-75.3613,-8.5968]]]}},{"type":"Feature","properties":{"IDDIST":"021903","NOMBDIST":"ALFONSO UGARTE","NOMBPROV":"SIHUAS","NOMBDEP":"ANCASH"},"geometry":{"type":"Polygon","coordinates":[[[-77.4379,-8.4163],[-77.4055,-8.4415],[-77.4003,-8.482],[-77.3706,-8.4993],[-77.366,-8.5071],[-77.4101,-8.5354],[-77.4408,-8.4725],[-77.48,-8.4877],[-77.5289,-8.4627],[-77.4379,-8.4163]]]}},{"type":"Feature","properties":{"IDDIST":"100702","NOMBDIST":"CHOLON","NOMBPROV":"MARAÑON","NOMBDEP":"HUANUCO"},"geometry":{"type":"Polygon","coordinates":[[[-76.3467,-8.425],[-76.3335,-8.4295],[-76.3242,-8.5241],[-76.2785,-8.5775],[-76.2667,-8.655],[-76.2287,-8.7481],[-76.2236,-8.7914],[-76.2054,-8.8339],[-76.2266,-8.8638],[-76.2212,-8.9257],[-76.2405,-8.9711],[-76.2736,-8.9934],[-76.3655,-9.0263],[-76.4192,-8.9864],[-76.4734,-9.0122],[-76.5615,-9.0214],[-76.5953,-9.0482],[-76.6322,-9.0454],[-76.661,-8.9868],[-76.7348,-8.8708],[-76.8223,-8.8345],[-76.894,-8.8619],[-76.9294,-8.8365],[-76.976,-8.8454],[-77.0371,-8.8344],[-77.0822,-8.7741],[-77.0656,-8.7292],[-77.0547,-8.6564],[-77.0343,-8.6452],[-77.0691,-8.5725],[-77.06,-8.5436],[-76.9163,-8.5702],[-76.8473,-8.5465],[-76.8316,-8.5167],[-76.741,-8.5246],[-76.7299,-8.5148],[-76.6973,-8.5324],[-76.6243,-8.512],[-76.5427,-8.5097],[-76.4662,-8.5697],[-76.444,-8.4888],[-76.4168,-8.4434],[-76.3467,-8.425]]]}},{"type":"Feature","properties":{"IDDIST":"021906","NOMBDIST":"HUAYLLABAMBA","NOMBPROV":"SIHUAS","NOMBDEP":"ANCASH"},"geometry":{"type":"Polygon","coordinates":[[[-77.5289,-8.4627],[-77.48,-8.4877],[-77.4408,-8.4725],[-77.4101,-8.5354],[-77.4757,-8.5762],[-77.5782,-8.5985],[-77.5998,-8.5806],[-77.5775,-8.5432],[-77.6164,-8.4961],[-77.6035,-8.4566],[-77.6579,-8.43],[-77.5964,-8.4049],[-77.5289,-8.4627]]]}},{"type":"Feature","properties":{"IDDIST":"250107","NOMBDIST":"MANANTAY","NOMBPROV":"CORONEL PORTILLO","NOMBDEP":"UCAYALI"},"geometry":{"type":"Polygon","coordinates":[[[-74.3225,-8.5318],[-74.4232,-8.5744],[-74.4178,-8.6189],[-74.452,-8.6951],[-74.5254,-8.7493],[-74.5471,-8.5846],[-74.5776,-8.5538],[-74.6622,-8.5611],[-74.6625,-8.468],[-74.5274,-8.3954],[-74.4954,-8.4136],[-74.4554,-8.407],[-74.4228,-8.4292],[-74.4156,-8.4959],[-74.3835,-8.522],[-74.3225,-8.5318]]]}},{"type":"Feature","properties":{"IDDIST":"020904","NOMBDIST":"CUSCA","NOMBPROV":"CORONGO","NOMBDEP":"ANCASH"},"geometry":{"type":"Polygon","coordinates":[[[-77.7989,-8.3812],[-77.7554,-8.4163],[-77.7648,-8.441],[-77.7042,-8.5099],[-77.6906,-8.5695],[-77.6957,-8.6023],[-77.7207,-8.6565],[-77.7764,-8.6695],[-77.8003,-8.6423],[-77.8403,-8.5871],[-77.858,-8.5932],[-77.853,-8.5275],[-77.8741,-8.5096],[-77.8806,-8.4398],[-77.8607,-8.3934],[-77.7989,-8.3812]]]}},{"type":"Feature","properties":{"IDDIST":"021511","NOMBDIST":"TAUCA","NOMBPROV":"PALLASCA","NOMBDEP":"ANCASH"},"geometry":{"type":"Polygon","coordinates":[[[-78.0757,-8.3868],[-78.0382,-8.4172],[-78.0067,-8.411],[-77.9827,-8.4432],[-77.9339,-8.4493],[-77.9838,-8.5134],[-78.0298,-8.4893],[-78.0636,-8.4949],[-78.0797,-8.4506],[-78.1331,-8.4705],[-78.1725,-8.5016],[-78.1395,-8.4278],[-78.1355,-8.3672],[-78.0757,-8.3868]]]}},{"type":"Feature","properties":{"IDDIST":"130811","NOMBDIST":"SANTIAGO DE CHALLAS","NOMBPROV":"PATAZ","NOMBDEP":"LA LIBERTAD"},"geometry":{"type":"Polygon","coordinates":[[[-77.3921,-8.387],[-77.3673,-8.3992],[-77.3185,-8.3807],[-77.2989,-8.3994],[-77.3143,-8.4668],[-77.3428,-8.4572],[-77.3706,-8.4993],[-77.4003,-8.482],[-77.4055,-8.4415],[-77.4379,-8.4163],[-77.4474,-8.3688],[-77.3921,-8.387]]]}},{"type":"Feature","properties":{"IDDIST":"021501","NOMBDIST":"CABANA","NOMBPROV":"PALLASCA","NOMBDEP":"ANCASH"},"geometry":{"type":"Polygon","coordinates":[[[-77.9913,-8.367],[-77.9134,-8.381],[-77.8744,-8.369],[-77.8607,-8.3934],[-77.8806,-8.4398],[-77.9163,-8.458],[-77.9339,-8.4493],[-77.9827,-8.4432],[-78.0067,-8.411],[-78.0382,-8.4172],[-78.0757,-8.3868],[-78.0308,-8.3616],[-77.9913,-8.367]]]}},{"type":"Feature","properties":{"IDDIST":"021908","NOMBDIST":"RAGASH","NOMBPROV":"SIHUAS","NOMBDEP":"ANCASH"},"geometry":{"type":"Polygon","coordinates":[[[-77.6579,-8.43],[-77.6035,-8.4566],[-77.6164,-8.4961],[-77.6471,-8.5367],[-77.6906,-8.5695],[-77.7042,-8.5099],[-77.7648,-8.441],[-77.7554,-8.4163],[-77.7989,-8.3812],[-77.7414,-8.3596],[-77.6659,-8.411],[-77.6579,-8.43]]]}},{"type":"Feature","properties":{"IDDIST":"130804","NOMBDIST":"HUANCASPATA","NOMBPROV":"PATAZ","NOMBDEP":"LA LIBERTAD"},"geometry":{"type":"Polygon","coordinates":[[[-77.1338,-8.44],[-77.2042,-8.4857],[-77.2641,-8.4675],[-77.3175,-8.5302],[-77.366,-8.5071],[-77.3706,-8.4993],[-77.3428,-8.4572],[-77.3143,-8.4668],[-77.2989,-8.3994],[-77.3185,-8.3807],[-77.3673,-8.3992],[-77.3921,-8.387],[-77.3427,-8.3538],[-77.2873,-8.3908],[-77.2374,-8.3626],[-77.1338,-8.44]]]}},{"type":"Feature","properties":{"IDDIST":"250104","NOMBDIST":"MASISEA","NOMBPROV":"CORONEL PORTILLO","NOMBDEP":"UCAYALI"},"geometry":{"type":"Polygon","coordinates":[[[-73.5427,-8.3467],[-73.4413,-8.4254],[-73.4078,-8.4306],[-73.3731,-8.4718],[-73.331,-8.4759],[-73.3441,-8.6027],[-73.3197,-8.6106],[-73.2845,-8.6648],[-73.2512,-8.6906],[-73.1672,-8.6983],[-73.1143,-8.7855],[-73.112,-8.8193],[-73.0371,-8.9162],[-73.0013,-8.9169],[-72.9479,-9.0289],[-72.94,-9.0932],[-72.9635,-9.1438],[-73.0196,-9.1855],[-73.0341,-9.2338],[-73.0641,-9.2277],[-73.1562,-9.3567],[-73.1888,-9.3632],[-73.2004,-9.4114],[-73.2062,-9.4843],[-73.1896,-9.5268],[-73.2125,-9.5742],[-73.2271,-9.6568],[-73.2766,-9.6842],[-73.3127,-9.6783],[-73.4186,-9.6288],[-73.5271,-9.5654],[-73.6101,-9.4933],[-73.7681,-9.4437],[-73.8039,-9.4266],[-73.8665,-9.3434],[-73.9178,-9.3028],[-74.0332,-9.1862],[-74.1032,-9.1425],[-74.132,-9.1741],[-74.1561,-9.2303],[-74.2287,-9.2079],[-74.2447,-9.1289],[-74.2663,-9.0911],[-74.3196,-9.0399],[-74.3879,-8.9997],[-74.4891,-8.8714],[-74.4975,-8.8211],[-74.5322,-8.7761],[-74.5254,-8.7493],[-74.452,-8.6951],[-74.4178,-8.6189],[-74.4232,-8.5744],[-74.3225,-8.5318],[-74.2676,-8.4539],[-74.1164,-8.4892],[-73.9935,-8.4786],[-73.9645,-8.4859],[-73.8858,-8.4755],[-73.8278,-8.4877],[-73.765,-8.4467],[-73.7118,-8.447],[-73.6523,-8.4659],[-73.6491,-8.4088],[-73.6232,-8.3644],[-73.5427,-8.3467]]]}},{"type":"Feature","properties":{"IDDIST":"131202","NOMBDIST":"CHAO","NOMBPROV":"VIRU","NOMBDEP":"LA LIBERTAD"},"geometry":{"type":"Polygon","coordinates":[[[-78.4299,-8.3602],[-78.4202,-8.3874],[-78.3739,-8.4045],[-78.3743,-8.4596],[-78.3476,-8.4745],[-78.2637,-8.4674],[-78.2826,-8.5719],[-78.2356,-8.6529],[-78.3548,-8.6733],[-78.4482,-8.7369],[-78.5181,-8.753],[-78.5516,-8.775],[-78.5905,-8.7187],[-78.6646,-8.6798],[-78.7099,-8.7007],[-78.7466,-8.6841],[-78.7485,-8.6215],[-78.7328,-8.5684],[-78.7548,-8.5132],[-78.6733,-8.4902],[-78.6554,-8.4484],[-78.5638,-8.3543],[-78.5504,-8.3242],[-78.4299,-8.3602]]]}},{"type":"Feature","properties":{"IDDIST":"021907","NOMBDIST":"QUICHES","NOMBPROV":"SIHUAS","NOMBDEP":"ANCASH"},"geometry":{"type":"Polygon","coordinates":[[[-77.4484,-8.3681],[-77.4474,-8.3688],[-77.4379,-8.4163],[-77.5289,-8.4627],[-77.5964,-8.4049],[-77.5645,-8.3997],[-77.5417,-8.3559],[-77.4752,-8.3179],[-77.4484,-8.3681]]]}},{"type":"Feature","properties":{"IDDIST":"100604","NOMBDIST":"JOSE CRESPO Y CASTILLO","NOMBPROV":"LEONCIO PRADO","NOMBDEP":"HUANUCO"},"geometry":{"type":"Polygon","coordinates":[[[-75.985,-8.3222],[-75.946,-8.4009],[-75.9649,-8.4517],[-75.9663,-8.592],[-75.9798,-8.636],[-75.9458,-8.7161],[-75.9216,-8.7808],[-75.9296,-8.8304],[-75.9173,-8.8792],[-75.8744,-8.9703],[-75.8759,-9.0215],[-75.839,-9.0767],[-75.8989,-9.1196],[-76.0003,-9.1584],[-76.0244,-9.1532],[-76.0664,-9.127],[-76.0817,-9.0814],[-76.1236,-9.1001],[-76.182,-9.1001],[-76.2349,-9.1403],[-76.2721,-9.214],[-76.3105,-9.1769],[-76.3584,-9.1972],[-76.4131,-9.1774],[-76.4802,-9.1721],[-76.4734,-9.0122],[-76.4192,-8.9864],[-76.3655,-9.0263],[-76.2736,-8.9934],[-76.2405,-8.9711],[-76.2212,-8.9257],[-76.2266,-8.8638],[-76.2054,-8.8339],[-76.2236,-8.7914],[-76.1664,-8.7564],[-76.1313,-8.6568],[-76.1159,-8.6576],[-76.1304,-8.4672],[-76.1092,-8.3796],[-76.0872,-8.3369],[-75.985,-8.3222]]]}},{"type":"Feature","properties":{"IDDIST":"021905","NOMBDIST":"CHINGALPO","NOMBPROV":"SIHUAS","NOMBDEP":"ANCASH"},"geometry":{"type":"Polygon","coordinates":[[[-77.6597,-8.308],[-77.6162,-8.3166],[-77.5808,-8.3556],[-77.5417,-8.3559],[-77.5645,-8.3997],[-77.5964,-8.4049],[-77.6579,-8.43],[-77.6659,-8.411],[-77.7414,-8.3596],[-77.7057,-8.3094],[-77.6597,-8.308]]]}},{"type":"Feature","properties":{"IDDIST":"221002","NOMBDIST":"NUEVO PROGRESO","NOMBPROV":"TOCACHE","NOMBDEP":"SAN MARTIN"},"geometry":{"type":"Polygon","coordinates":[[[-76.1092,-8.3796],[-76.1304,-8.4672],[-76.1159,-8.6576],[-76.1313,-8.6568],[-76.1664,-8.7564],[-76.2236,-8.7914],[-76.2287,-8.7481],[-76.2667,-8.655],[-76.2785,-8.5775],[-76.3242,-8.5241],[-76.3335,-8.4295],[-76.3467,-8.425],[-76.335,-8.3886],[-76.2497,-8.3698],[-76.215,-8.3465],[-76.1947,-8.298],[-76.1658,-8.3112],[-76.1458,-8.3675],[-76.1092,-8.3796]]]}},{"type":"Feature","properties":{"IDDIST":"021502","NOMBDIST":"BOLOGNESI","NOMBPROV":"PALLASCA","NOMBDEP":"ANCASH"},"geometry":{"type":"Polygon","coordinates":[[[-78.0293,-8.3166],[-77.9913,-8.367],[-78.0308,-8.3616],[-78.0757,-8.3868],[-78.1355,-8.3672],[-78.1164,-8.3107],[-78.0949,-8.2954],[-78.0293,-8.3166]]]}},{"type":"Feature","properties":{"IDDIST":"021504","NOMBDIST":"HUACASCHUQUE","NOMBPROV":"PALLASCA","NOMBDEP":"ANCASH"},"geometry":{"type":"Polygon","coordinates":[[[-77.9649,-8.286],[-77.9794,-8.3191],[-78.0158,-8.3221],[-78.0051,-8.2932],[-77.9649,-8.286]]]}},{"type":"Feature","properties":{"IDDIST":"021505","NOMBDIST":"HUANDOVAL","NOMBPROV":"PALLASCA","NOMBDEP":"ANCASH"},"geometry":{"type":"Polygon","coordinates":[[[-77.8979,-8.3228],[-77.8744,-8.369],[-77.9134,-8.381],[-77.9913,-8.367],[-78.0293,-8.3166],[-78.0158,-8.3221],[-77.9794,-8.3191],[-77.9649,-8.286],[-77.9453,-8.2723],[-77.9085,-8.2906],[-77.8979,-8.3228]]]}},{"type":"Feature","properties":{"IDDIST":"130813","NOMBDIST":"URPAY","NOMBPROV":"PATAZ","NOMBDEP":"LA LIBERTAD"},"geometry":{"type":"Polygon","coordinates":[[[-77.3427,-8.3538],[-77.3921,-8.387],[-77.4474,-8.3688],[-77.4484,-8.3681],[-77.4013,-8.3168],[-77.3822,-8.2638],[-77.3329,-8.2799],[-77.3127,-8.3085],[-77.3427,-8.3538]]]}},{"type":"Feature","properties":{"IDDIST":"221004","NOMBDIST":"SHUNTE","NOMBPROV":"TOCACHE","NOMBDEP":"SAN MARTIN"},"geometry":{"type":"Polygon","coordinates":[[[-76.7525,-8.2712],[-76.7011,-8.2925],[-76.6729,-8.3346],[-76.6972,-8.3665],[-76.6856,-8.4071],[-76.7086,-8.4532],[-76.7002,-8.4847],[-76.7299,-8.5148],[-76.741,-8.5246],[-76.8316,-8.5167],[-76.8473,-8.5465],[-76.9163,-8.5702],[-77.06,-8.5436],[-77.0917,-8.517],[-77.0889,-8.4828],[-77.1426,-8.4758],[-77.1338,-8.44],[-77.1033,-8.438],[-77.0855,-8.4062],[-76.9765,-8.3959],[-76.9137,-8.3261],[-76.9033,-8.2681],[-76.8638,-8.2555],[-76.7525,-8.2712]]]}},{"type":"Feature","properties":{"IDDIST":"250102","NOMBDIST":"CAMPOVERDE","NOMBPROV":"CORONEL PORTILLO","NOMBDEP":"UCAYALI"},"geometry":{"type":"Polygon","coordinates":[[[-74.6628,-8.4143],[-74.6625,-8.468],[-74.6622,-8.5611],[-74.8467,-8.6612],[-74.8506,-8.7569],[-74.9113,-8.8232],[-74.9536,-8.8581],[-74.9263,-8.7844],[-74.9323,-8.7298],[-74.967,-8.6714],[-74.9397,-8.597],[-74.9992,-8.5052],[-75.0208,-8.4478],[-75.0295,-8.4179],[-75.0097,-8.3759],[-74.9749,-8.347],[-74.8799,-8.3663],[-74.8685,-8.3918],[-74.8147,-8.3706],[-74.7905,-8.257],[-74.78,-8.2541],[-74.7052,-8.3753],[-74.6628,-8.4143]]]}},{"type":"Feature","properties":{"IDDIST":"021902","NOMBDIST":"ACOBAMBA","NOMBPROV":"SIHUAS","NOMBDEP":"ANCASH"},"geometry":{"type":"Polygon","coordinates":[[[-77.5058,-8.2734],[-77.4752,-8.3179],[-77.5417,-8.3559],[-77.5808,-8.3556],[-77.6162,-8.3166],[-77.6597,-8.308],[-77.6356,-8.2692],[-77.5703,-8.2552],[-77.5658,-8.2372],[-77.5058,-8.2734]]]}},{"type":"Feature","properties":{"IDDIST":"250303","NOMBDIST":"CURIMANA","NOMBPROV":"PADRE ABAD","NOMBDEP":"UCAYALI"},"geometry":{"type":"Polygon","coordinates":[[[-75.0097,-8.3759],[-75.0295,-8.4179],[-75.0208,-8.4478],[-75.0453,-8.508],[-75.1013,-8.5125],[-75.1376,-8.5383],[-75.2097,-8.5627],[-75.2456,-8.5874],[-75.2554,-8.6279],[-75.2965,-8.639],[-75.3238,-8.6016],[-75.3613,-8.5968],[-75.4538,-8.5601],[-75.473,-8.5827],[-75.5165,-8.5577],[-75.5695,-8.488],[-75.6191,-8.4781],[-75.6456,-8.4403],[-75.6873,-8.4233],[-75.5991,-8.412],[-75.5466,-8.4665],[-75.4408,-8.4368],[-75.4353,-8.3931],[-75.4803,-8.3782],[-75.5041,-8.3488],[-75.5029,-8.2894],[-75.453,-8.2104],[-75.4157,-8.2437],[-75.3329,-8.2478],[-75.271,-8.2635],[-75.2166,-8.2404],[-75.1426,-8.2727],[-75.0814,-8.2739],[-75.0404,-8.3126],[-75.0097,-8.3759]]]}},{"type":"Feature","properties":{"IDDIST":"021508","NOMBDIST":"PALLASCA","NOMBPROV":"PALLASCA","NOMBDEP":"ANCASH"},"geometry":{"type":"Polygon","coordinates":[[[-77.9453,-8.2723],[-77.9649,-8.286],[-78.0051,-8.2932],[-78.0158,-8.3221],[-78.0293,-8.3166],[-78.0949,-8.2954],[-78.0285,-8.2383],[-77.9796,-8.2112],[-77.9426,-8.2014],[-77.9453,-8.2723]]]}},{"type":"Feature","properties":{"IDDIST":"021506","NOMBDIST":"LACABAMBA","NOMBPROV":"PALLASCA","NOMBDEP":"ANCASH"},"geometry":{"type":"Polygon","coordinates":[[[-77.8606,-8.2691],[-77.8979,-8.3228],[-77.9085,-8.2906],[-77.9453,-8.2723],[-77.9426,-8.2014],[-77.8606,-8.2691]]]}},{"type":"Feature","properties":{"IDDIST":"130812","NOMBDIST":"TAURIJA","NOMBPROV":"PATAZ","NOMBDEP":"LA LIBERTAD"},"geometry":{"type":"Polygon","coordinates":[[[-77.3822,-8.2638],[-77.4013,-8.3168],[-77.4484,-8.3681],[-77.4752,-8.3179],[-77.5058,-8.2734],[-77.4177,-8.2276],[-77.3887,-8.2006],[-77.3822,-8.2638]]]}},{"type":"Feature","properties":{"IDDIST":"130801","NOMBDIST":"TAYABAMBA","NOMBPROV":"PATAZ","NOMBDEP":"LA LIBERTAD"},"geometry":{"type":"Polygon","coordinates":[[[-77.246,-8.2212],[-77.2075,-8.2693],[-77.1754,-8.3328],[-77.1033,-8.438],[-77.1338,-8.44],[-77.2374,-8.3626],[-77.2873,-8.3908],[-77.3427,-8.3538],[-77.3127,-8.3085],[-77.3329,-8.2799],[-77.3822,-8.2638],[-77.3887,-8.2006],[-77.3519,-8.1835],[-77.2992,-8.2382],[-77.246,-8.2212]]]}},{"type":"Feature","properties":{"IDDIST":"130109","NOMBDIST":"SALAVERRY","NOMBPROV":"TRUJILLO","NOMBDEP":"LA LIBERTAD"},"geometry":{"type":"Polygon","coordinates":[[[-78.8408,-8.1911],[-78.8375,-8.2293],[-78.8025,-8.2576],[-78.8168,-8.31],[-78.8814,-8.3427],[-78.9005,-8.3715],[-78.9576,-8.2935],[-78.9625,-8.2528],[-78.9994,-8.1984],[-78.9618,-8.1667],[-78.855,-8.1749],[-78.8408,-8.1911]]]}},{"type":"Feature","properties":{"IDDIST":"130504","NOMBDIST":"HUASO","NOMBPROV":"JULCAN","NOMBDEP":"LA LIBERTAD"},"geometry":{"type":"Polygon","coordinates":[[[-78.3244,-8.1541],[-78.2995,-8.2078],[-78.3129,-8.2534],[-78.3773,-8.3102],[-78.4121,-8.3041],[-78.4299,-8.3602],[-78.5504,-8.3242],[-78.5883,-8.3075],[-78.5658,-8.251],[-78.5164,-8.2083],[-78.4901,-8.1925],[-78.4546,-8.2035],[-78.3778,-8.1857],[-78.3244,-8.1541]]]}},{"type":"Feature","properties":{"IDDIST":"221005","NOMBDIST":"UCHIZA","NOMBPROV":"TOCACHE","NOMBDEP":"SAN MARTIN"},"geometry":{"type":"Polygon","coordinates":[[[-76.1947,-8.298],[-76.215,-8.3465],[-76.2497,-8.3698],[-76.335,-8.3886],[-76.3467,-8.425],[-76.4168,-8.4434],[-76.444,-8.4888],[-76.4662,-8.5697],[-76.5427,-8.5097],[-76.6243,-8.512],[-76.6973,-8.5324],[-76.7299,-8.5148],[-76.7002,-8.4847],[-76.666,-8.4951],[-76.6259,-8.4509],[-76.5858,-8.4493],[-76.5615,-8.4742],[-76.4792,-8.4718],[-76.4849,-8.4276],[-76.4369,-8.3274],[-76.459,-8.2813],[-76.3911,-8.2169],[-76.3455,-8.1425],[-76.3332,-8.2037],[-76.2997,-8.2175],[-76.2367,-8.2113],[-76.1947,-8.298]]]}},{"type":"Feature","properties":{"IDDIST":"131201","NOMBDIST":"VIRU","NOMBPROV":"VIRU","NOMBDEP":"LA LIBERTAD"},"geometry":{"type":"Polygon","coordinates":[[[-78.6391,-8.143],[-78.6525,-8.1847],[-78.607,-8.1954],[-78.5957,-8.2359],[-78.5658,-8.251],[-78.5883,-8.3075],[-78.5504,-8.3242],[-78.5638,-8.3543],[-78.6554,-8.4484],[-78.6733,-8.4902],[-78.7548,-8.5132],[-78.7328,-8.5684],[-78.7485,-8.6215],[-78.7956,-8.5497],[-78.9349,-8.4363],[-78.9008,-8.4142],[-78.9005,-8.3715],[-78.8814,-8.3427],[-78.8168,-8.31],[-78.8025,-8.2576],[-78.8375,-8.2293],[-78.8408,-8.1911],[-78.7798,-8.2016],[-78.7639,-8.1738],[-78.6391,-8.143]]]}},{"type":"Feature","properties":{"IDDIST":"130107","NOMBDIST":"MOCHE","NOMBPROV":"TRUJILLO","NOMBDEP":"LA LIBERTAD"},"geometry":{"type":"Polygon","coordinates":[[[-78.9828,-8.127],[-78.9618,-8.1667],[-78.9994,-8.1984],[-79.0383,-8.161],[-79.0267,-8.1513],[-78.9828,-8.127]]]}},{"type":"Feature","properties":{"IDDIST":"130805","NOMBDIST":"HUAYLILLAS","NOMBPROV":"PATAZ","NOMBDEP":"LA LIBERTAD"},"geometry":{"type":"Polygon","coordinates":[[[-77.246,-8.2212],[-77.2992,-8.2382],[-77.3519,-8.1835],[-77.2962,-8.1268],[-77.2876,-8.1525],[-77.2319,-8.2035],[-77.246,-8.2212]]]}},{"type":"Feature","properties":{"IDDIST":"130111","NOMBDIST":"VICTOR LARCO HERRERA","NOMBPROV":"TRUJILLO","NOMBDEP":"LA LIBERTAD"},"geometry":{"type":"Polygon","coordinates":[[[-79.0267,-8.1513],[-79.0383,-8.161],[-79.0703,-8.1328],[-79.0609,-8.1187],[-79.0267,-8.1513]]]}},{"type":"Feature","properties":{"IDDIST":"021503","NOMBDIST":"CONCHUCOS","NOMBPROV":"PALLASCA","NOMBDEP":"ANCASH"},"geometry":{"type":"Polygon","coordinates":[[[-77.5658,-8.2372],[-77.5703,-8.2552],[-77.6356,-8.2692],[-77.6597,-8.308],[-77.7057,-8.3094],[-77.7414,-8.3596],[-77.7989,-8.3812],[-77.8607,-8.3934],[-77.8744,-8.369],[-77.8979,-8.3228],[-77.8606,-8.2691],[-77.8168,-8.1985],[-77.7619,-8.2088],[-77.6751,-8.1352],[-77.6245,-8.1175],[-77.6057,-8.1548],[-77.5572,-8.1937],[-77.5658,-8.2372]]]}},{"type":"Feature","properties":{"IDDIST":"131001","NOMBDIST":"SANTIAGO DE CHUCO","NOMBPROV":"SANTIAGO DE CHUCO","NOMBDEP":"LA LIBERTAD"},"geometry":{"type":"Polygon","coordinates":[[[-78.1615,-8.1084],[-78.1611,-8.1171],[-78.1178,-8.2058],[-78.1351,-8.2386],[-78.1164,-8.3107],[-78.1355,-8.3672],[-78.1395,-8.4278],[-78.1725,-8.5016],[-78.2169,-8.5569],[-78.1935,-8.6001],[-78.2356,-8.6529],[-78.2826,-8.5719],[-78.2637,-8.4674],[-78.3476,-8.4745],[-78.3743,-8.4596],[-78.3739,-8.4045],[-78.4202,-8.3874],[-78.4299,-8.3602],[-78.4121,-8.3041],[-78.3773,-8.3102],[-78.3129,-8.2534],[-78.2995,-8.2078],[-78.2665,-8.1717],[-78.2477,-8.1211],[-78.1615,-8.1084]]]}},{"type":"Feature","properties":{"IDDIST":"130101","NOMBDIST":"TRUJILLO","NOMBPROV":"TRUJILLO","NOMBDEP":"LA LIBERTAD"},"geometry":{"type":"Polygon","coordinates":[[[-79.033,-8.0874],[-79.0158,-8.0861],[-78.9914,-8.0888],[-78.9828,-8.127],[-79.0267,-8.1513],[-79.0609,-8.1187],[-79.05,-8.0832],[-79.033,-8.0874]]]}},{"type":"Feature","properties":{"IDDIST":"131005","NOMBDIST":"MOLLEPATA","NOMBPROV":"SANTIAGO DE CHUCO","NOMBDEP":"LA LIBERTAD"},"geometry":{"type":"Polygon","coordinates":[[[-77.8979,-8.0741],[-77.9426,-8.2014],[-77.9796,-8.2112],[-77.9897,-8.1853],[-77.9601,-8.1534],[-77.9538,-8.0907],[-77.9304,-8.0821],[-77.8979,-8.0741]]]}},{"type":"Feature","properties":{"IDDIST":"130103","NOMBDIST":"FLORENCIA DE MORA","NOMBPROV":"TRUJILLO","NOMBDEP":"LA LIBERTAD"},"geometry":{"type":"Polygon","coordinates":[[[-79.0158,-8.0861],[-79.033,-8.0874],[-79.0316,-8.0794],[-79.0158,-8.0861]]]}},{"type":"Feature","properties":{"IDDIST":"131007","NOMBDIST":"SANTA CRUZ DE CHUCA","NOMBPROV":"SANTIAGO DE CHUCO","NOMBDEP":"LA LIBERTAD"},"geometry":{"type":"Polygon","coordinates":[[[-78.0135,-8.0661],[-78.0807,-8.1106],[-78.0776,-8.2108],[-78.0285,-8.2383],[-78.0949,-8.2954],[-78.1164,-8.3107],[-78.1351,-8.2386],[-78.1178,-8.2058],[-78.1611,-8.1171],[-78.0135,-8.0661]]]}},{"type":"Feature","properties":{"IDDIST":"130503","NOMBDIST":"CARABAMBA","NOMBPROV":"JULCAN","NOMBDEP":"LA LIBERTAD"},"geometry":{"type":"Polygon","coordinates":[[[-78.574,-8.0726],[-78.5359,-8.0839],[-78.5,-8.1337],[-78.5164,-8.2083],[-78.5658,-8.251],[-78.5957,-8.2359],[-78.607,-8.1954],[-78.6525,-8.1847],[-78.6391,-8.143],[-78.6818,-8.1254],[-78.6824,-8.0972],[-78.5957,-8.0616],[-78.574,-8.0726]]]}},{"type":"Feature","properties":{"IDDIST":"130802","NOMBDIST":"BULDIBUYO","NOMBPROV":"PATAZ","NOMBDEP":"LA LIBERTAD"},"geometry":{"type":"Polygon","coordinates":[[[-77.3033,-8.063],[-77.2962,-8.1268],[-77.3519,-8.1835],[-77.3887,-8.2006],[-77.4177,-8.2276],[-77.4555,-8.17],[-77.4768,-8.0871],[-77.4375,-8.0841],[-77.3855,-8.0554],[-77.3033,-8.063]]]}},{"type":"Feature","properties":{"IDDIST":"131002","NOMBDIST":"ANGASMARCA","NOMBPROV":"SANTIAGO DE CHUCO","NOMBDEP":"LA LIBERTAD"},"geometry":{"type":"Polygon","coordinates":[[[-77.9676,-8.063],[-78.0345,-8.1662],[-77.9897,-8.1853],[-77.9796,-8.2112],[-78.0285,-8.2383],[-78.0776,-8.2108],[-78.0807,-8.1106],[-78.0135,-8.0661],[-77.9676,-8.063]]]}},{"type":"Feature","properties":{"IDDIST":"250105","NOMBDIST":"YARINACOCHA","NOMBPROV":"CORONEL PORTILLO","NOMBDEP":"UCAYALI"},"geometry":{"type":"Polygon","coordinates":[[[-74.6628,-8.4143],[-74.7052,-8.3753],[-74.78,-8.2541],[-74.7651,-8.1548],[-74.6544,-8.0532],[-74.6002,-8.059],[-74.6036,-8.0857],[-74.6519,-8.1488],[-74.6545,-8.182],[-74.5999,-8.1825],[-74.5496,-8.2297],[-74.5238,-8.2797],[-74.5557,-8.3863],[-74.6628,-8.4143]]]}},{"type":"Feature","properties":{"IDDIST":"130803","NOMBDIST":"CHILLIA","NOMBPROV":"PATAZ","NOMBDEP":"LA LIBERTAD"},"geometry":{"type":"Polygon","coordinates":[[[-77.4768,-8.0871],[-77.4555,-8.17],[-77.4177,-8.2276],[-77.5058,-8.2734],[-77.5658,-8.2372],[-77.5572,-8.1937],[-77.6057,-8.1548],[-77.6245,-8.1175],[-77.6188,-8.0798],[-77.5771,-8.0903],[-77.5086,-8.0509],[-77.4768,-8.0871]]]}},{"type":"Feature","properties":{"IDDIST":"021509","NOMBDIST":"PAMPAS","NOMBPROV":"PALLASCA","NOMBDEP":"ANCASH"},"geometry":{"type":"Polygon","coordinates":[[[-77.6188,-8.0798],[-77.6245,-8.1175],[-77.6751,-8.1352],[-77.7619,-8.2088],[-77.8168,-8.1985],[-77.8606,-8.2691],[-77.9426,-8.2014],[-77.8979,-8.0741],[-77.8104,-8.0677],[-77.7858,-8.0792],[-77.7194,-8.0734],[-77.6474,-8.0497],[-77.6188,-8.0798]]]}},{"type":"Feature","properties":{"IDDIST":"131004","NOMBDIST":"MOLLEBAMBA","NOMBPROV":"SANTIAGO DE CHUCO","NOMBDEP":"LA LIBERTAD"},"geometry":{"type":"Polygon","coordinates":[[[-77.9304,-8.0821],[-77.9538,-8.0907],[-77.9601,-8.1534],[-77.9897,-8.1853],[-78.0345,-8.1662],[-77.9676,-8.063],[-77.9564,-8.0563],[-77.9304,-8.0821]]]}},{"type":"Feature","properties":{"IDDIST":"130105","NOMBDIST":"LA ESPERANZA","NOMBPROV":"TRUJILLO","NOMBDEP":"LA LIBERTAD"},"geometry":{"type":"Polygon","coordinates":[[[-79.0355,-8.0542],[-79.0316,-8.0794],[-79.033,-8.0874],[-79.05,-8.0832],[-79.0355,-8.0542]]]}},{"type":"Feature","properties":{"IDDIST":"221001","NOMBDIST":"TOCACHE","NOMBPROV":"TOCACHE","NOMBDEP":"SAN MARTIN"},"geometry":{"type":"Polygon","coordinates":[[[-76.3455,-8.1425],[-76.3911,-8.2169],[-76.459,-8.2813],[-76.4369,-8.3274],[-76.4849,-8.4276],[-76.4792,-8.4718],[-76.5615,-8.4742],[-76.5858,-8.4493],[-76.6259,-8.4509],[-76.666,-8.4951],[-76.7002,-8.4847],[-76.7086,-8.4532],[-76.6856,-8.4071],[-76.6972,-8.3665],[-76.6729,-8.3346],[-76.7011,-8.2925],[-76.7525,-8.2712],[-76.742,-8.2444],[-76.6749,-8.244],[-76.6283,-8.229],[-76.5933,-8.1879],[-76.5735,-8.0954],[-76.5152,-8.1328],[-76.5057,-8.0901],[-76.52,-8.0314],[-76.4569,-8.0548],[-76.3764,-8.1297],[-76.3455,-8.1425]]]}},{"type":"Feature","properties":{"IDDIST":"130502","NOMBDIST":"CALAMARCA","NOMBPROV":"JULCAN","NOMBDEP":"LA LIBERTAD"},"geometry":{"type":"Polygon","coordinates":[[[-78.3244,-8.1541],[-78.3778,-8.1857],[-78.4546,-8.2035],[-78.4901,-8.1925],[-78.3967,-8.0549],[-78.3548,-8.03],[-78.2887,-8.0622],[-78.3244,-8.1541]]]}},{"type":"Feature","properties":{"IDDIST":"130102","NOMBDIST":"EL PORVENIR","NOMBPROV":"TRUJILLO","NOMBDEP":"LA LIBERTAD"},"geometry":{"type":"Polygon","coordinates":[[[-78.9628,-8.0152],[-78.9914,-8.0888],[-79.0158,-8.0861],[-79.0316,-8.0794],[-79.0355,-8.0542],[-78.9628,-8.0152]]]}},{"type":"Feature","properties":{"IDDIST":"130807","NOMBDIST":"ONGON","NOMBPROV":"PATAZ","NOMBDEP":"LA LIBERTAD"},"geometry":{"type":"Polygon","coordinates":[[[-77.0687,-8.0395],[-77.0196,-8.0527],[-76.9867,-8.1112],[-76.907,-8.1707],[-76.9256,-8.2185],[-76.9033,-8.2681],[-76.9137,-8.3261],[-76.9765,-8.3959],[-77.0855,-8.4062],[-77.1033,-8.438],[-77.1754,-8.3328],[-77.2075,-8.2693],[-77.246,-8.2212],[-77.2319,-8.2035],[-77.2876,-8.1525],[-77.2962,-8.1268],[-77.3033,-8.063],[-77.2588,-8.0468],[-77.2383,-8.0133],[-77.1505,-8.032],[-77.0687,-8.0395]]]}},{"type":"Feature","properties":{"IDDIST":"130608","NOMBDIST":"MACHE","NOMBPROV":"OTUZCO","NOMBDEP":"LA LIBERTAD"},"geometry":{"type":"Polygon","coordinates":[[[-78.4914,-8.0154],[-78.5331,-8.0427],[-78.5359,-8.0839],[-78.574,-8.0726],[-78.5518,-8.05],[-78.5549,-8.0026],[-78.5166,-7.9938],[-78.4914,-8.0154]]]}},{"type":"Feature","properties":{"IDDIST":"130501","NOMBDIST":"JULCAN","NOMBPROV":"JULCAN","NOMBDEP":"LA LIBERTAD"},"geometry":{"type":"Polygon","coordinates":[[[-78.3548,-8.03],[-78.3967,-8.0549],[-78.4901,-8.1925],[-78.5164,-8.2083],[-78.5,-8.1337],[-78.5359,-8.0839],[-78.5331,-8.0427],[-78.4914,-8.0154],[-78.4576,-7.9916],[-78.4061,-7.9901],[-78.3548,-8.03]]]}},{"type":"Feature","properties":{"IDDIST":"130106","NOMBDIST":"LAREDO","NOMBPROV":"TRUJILLO","NOMBDEP":"LA LIBERTAD"},"geometry":{"type":"Polygon","coordinates":[[[-78.8264,-8.0146],[-78.7878,-8.1114],[-78.7231,-8.0923],[-78.6824,-8.0972],[-78.6818,-8.1254],[-78.6391,-8.143],[-78.7639,-8.1738],[-78.7798,-8.2016],[-78.8408,-8.1911],[-78.855,-8.1749],[-78.9618,-8.1667],[-78.9828,-8.127],[-78.9914,-8.0888],[-78.9628,-8.0152],[-78.9219,-7.9675],[-78.9046,-7.9993],[-78.8264,-8.0146]]]}},{"type":"Feature","properties":{"IDDIST":"130611","NOMBDIST":"SALPO","NOMBPROV":"OTUZCO","NOMBDEP":"LA LIBERTAD"},"geometry":{"type":"Polygon","coordinates":[[[-78.5549,-8.0026],[-78.5518,-8.05],[-78.574,-8.0726],[-78.5957,-8.0616],[-78.6824,-8.0972],[-78.7231,-8.0923],[-78.7115,-8.0162],[-78.6823,-7.9967],[-78.617,-7.9602],[-78.5549,-8.0026]]]}},{"type":"Feature","properties":{"IDDIST":"131008","NOMBDIST":"SITABAMBA","NOMBPROV":"SANTIAGO DE CHUCO","NOMBDEP":"LA LIBERTAD"},"geometry":{"type":"Polygon","coordinates":[[[-77.6408,-7.9833],[-77.6474,-8.0497],[-77.7194,-8.0734],[-77.7858,-8.0792],[-77.8104,-8.0677],[-77.8979,-8.0741],[-77.9304,-8.0821],[-77.9564,-8.0563],[-77.9706,-8.0128],[-77.9606,-7.9706],[-77.8855,-7.998],[-77.8383,-7.9752],[-77.8039,-8.0075],[-77.7603,-8.0038],[-77.7183,-7.9585],[-77.6408,-7.9833]]]}},{"type":"Feature","properties":{"IDDIST":"130806","NOMBDIST":"HUAYO","NOMBPROV":"PATAZ","NOMBDEP":"LA LIBERTAD"},"geometry":{"type":"Polygon","coordinates":[[[-77.5086,-8.0509],[-77.5771,-8.0903],[-77.6188,-8.0798],[-77.6474,-8.0497],[-77.6408,-7.9833],[-77.6351,-7.955],[-77.5086,-8.0509]]]}},{"type":"Feature","properties":{"IDDIST":"250106","NOMBDIST":"NUEVA REQUENA","NOMBPROV":"CORONEL PORTILLO","NOMBDEP":"UCAYALI"},"geometry":{"type":"Polygon","coordinates":[[[-74.6911,-7.9618],[-74.6903,-8.0347],[-74.6544,-8.0532],[-74.7651,-8.1548],[-74.78,-8.2541],[-74.7905,-8.257],[-74.8147,-8.3706],[-74.8685,-8.3918],[-74.8799,-8.3663],[-74.9749,-8.347],[-75.0097,-8.3759],[-75.0404,-8.3126],[-75.0814,-8.2739],[-75.1426,-8.2727],[-75.2166,-8.2404],[-75.271,-8.2635],[-75.3329,-8.2478],[-75.4157,-8.2437],[-75.453,-8.2104],[-75.4153,-8.1705],[-75.3761,-8.1388],[-75.2878,-8.1255],[-75.2439,-8.1555],[-75.2146,-8.1271],[-75.1843,-8.0166],[-75.1425,-7.9786],[-75.0922,-7.9737],[-75.0333,-7.9501],[-74.9823,-7.969],[-74.8964,-8.0813],[-74.7713,-8.0361],[-74.7279,-7.981],[-74.6911,-7.9618]]]}},{"type":"Feature","properties":{"IDDIST":"130108","NOMBDIST":"POROTO","NOMBPROV":"TRUJILLO","NOMBDEP":"LA LIBERTAD"},"geometry":{"type":"Polygon","coordinates":[[[-78.6898,-7.9461],[-78.6823,-7.9967],[-78.7115,-8.0162],[-78.7231,-8.0923],[-78.7878,-8.1114],[-78.8264,-8.0146],[-78.7647,-7.9765],[-78.7165,-7.9755],[-78.6938,-7.9438],[-78.6898,-7.9461]]]}},{"type":"Feature","properties":{"IDDIST":"131003","NOMBDIST":"CACHICADAN","NOMBPROV":"SANTIAGO DE CHUCO","NOMBDEP":"LA LIBERTAD"},"geometry":{"type":"Polygon","coordinates":[[[-78.0291,-7.912],[-78.0043,-7.9744],[-77.9706,-8.0128],[-77.9564,-8.0563],[-77.9676,-8.063],[-78.0135,-8.0661],[-78.1611,-8.1171],[-78.1615,-8.1084],[-78.1578,-8.0676],[-78.1173,-7.9858],[-78.1329,-7.9573],[-78.073,-7.9443],[-78.0291,-7.912]]]}},{"type":"Feature","properties":{"IDDIST":"130104","NOMBDIST":"HUANCHACO","NOMBPROV":"TRUJILLO","NOMBDEP":"LA LIBERTAD"},"geometry":{"type":"Polygon","coordinates":[[[-78.946,-7.8963],[-78.9219,-7.9675],[-78.9628,-8.0152],[-79.0355,-8.0542],[-79.05,-8.0832],[-79.0609,-8.1187],[-79.0703,-8.1328],[-79.1156,-8.0967],[-79.1301,-8.0598],[-79.2105,-7.999],[-79.1495,-7.9437],[-79.1169,-7.946],[-79.1059,-7.982],[-79.04,-7.9883],[-79.0123,-7.9597],[-78.9906,-7.9003],[-78.946,-7.8963]]]}},{"type":"Feature","properties":{"IDDIST":"131006","NOMBDIST":"QUIRUVILCA","NOMBPROV":"SANTIAGO DE CHUCO","NOMBDEP":"LA LIBERTAD"},"geometry":{"type":"Polygon","coordinates":[[[-78.1877,-7.9414],[-78.1329,-7.9573],[-78.1173,-7.9858],[-78.1578,-8.0676],[-78.1615,-8.1084],[-78.2477,-8.1211],[-78.2665,-8.1717],[-78.2995,-8.2078],[-78.3244,-8.1541],[-78.2887,-8.0622],[-78.3548,-8.03],[-78.4061,-7.9901],[-78.3662,-7.9502],[-78.3245,-7.9301],[-78.3205,-7.9059],[-78.253,-7.8865],[-78.2083,-7.9043],[-78.1877,-7.9414]]]}},{"type":"Feature","properties":{"IDDIST":"130808","NOMBDIST":"PARCOY","NOMBPROV":"PATAZ","NOMBDEP":"LA LIBERTAD"},"geometry":{"type":"Polygon","coordinates":[[[-77.4067,-7.9953],[-77.3778,-8.0267],[-77.3855,-8.0554],[-77.4375,-8.0841],[-77.4768,-8.0871],[-77.5086,-8.0509],[-77.6351,-7.955],[-77.6268,-7.9401],[-77.6299,-7.8807],[-77.5652,-7.8977],[-77.544,-7.9477],[-77.4957,-7.9428],[-77.4277,-8.0032],[-77.4067,-7.9953]]]}},{"type":"Feature","properties":{"IDDIST":"130207","NOMBDIST":"SANTIAGO DE CAO","NOMBPROV":"ASCOPE","NOMBDEP":"LA LIBERTAD"},"geometry":{"type":"Polygon","coordinates":[[[-79.1495,-7.9437],[-79.2105,-7.999],[-79.2847,-7.9443],[-79.2454,-7.8706],[-79.1947,-7.8841],[-79.1495,-7.9437]]]}},{"type":"Feature","properties":{"IDDIST":"130610","NOMBDIST":"PARANDAY","NOMBPROV":"OTUZCO","NOMBDEP":"LA LIBERTAD"},"geometry":{"type":"Polygon","coordinates":[[[-78.7328,-7.8993],[-78.7272,-7.8834],[-78.6781,-7.8588],[-78.6859,-7.9074],[-78.7328,-7.8993]]]}},{"type":"Feature","properties":{"IDDIST":"130602","NOMBDIST":"AGALLPAMPA","NOMBPROV":"OTUZCO","NOMBDEP":"LA LIBERTAD"},"geometry":{"type":"Polygon","coordinates":[[[-78.3245,-7.9301],[-78.3662,-7.9502],[-78.4061,-7.9901],[-78.4576,-7.9916],[-78.4914,-8.0154],[-78.5166,-7.9938],[-78.5549,-8.0026],[-78.617,-7.9602],[-78.5674,-7.9237],[-78.5228,-7.9339],[-78.4785,-7.911],[-78.3979,-7.8587],[-78.3789,-7.8959],[-78.3245,-7.9301]]]}},{"type":"Feature","properties":{"IDDIST":"130606","NOMBDIST":"LA CUESTA","NOMBPROV":"OTUZCO","NOMBDEP":"LA LIBERTAD"},"geometry":{"type":"Polygon","coordinates":[[[-78.6521,-7.8579],[-78.6569,-7.9261],[-78.6898,-7.9461],[-78.6938,-7.9438],[-78.7328,-7.8993],[-78.6859,-7.9074],[-78.6781,-7.8588],[-78.6521,-7.8579]]]}},{"type":"Feature","properties":{"IDDIST":"130907","NOMBDIST":"SARIN","NOMBPROV":"SANCHEZ CARRION","NOMBDEP":"LA LIBERTAD"},"geometry":{"type":"Polygon","coordinates":[[[-77.7183,-7.9585],[-77.7603,-8.0038],[-77.8039,-8.0075],[-77.8383,-7.9752],[-77.8855,-7.998],[-77.9606,-7.9706],[-77.9706,-8.0128],[-78.0043,-7.9744],[-78.0291,-7.912],[-77.9853,-7.9042],[-77.9475,-7.8982],[-77.899,-7.8249],[-77.8613,-7.8935],[-77.8273,-7.9201],[-77.7566,-7.9009],[-77.7183,-7.9585]]]}},{"type":"Feature","properties":{"IDDIST":"130110","NOMBDIST":"SIMBAL","NOMBPROV":"TRUJILLO","NOMBDEP":"LA LIBERTAD"},"geometry":{"type":"Polygon","coordinates":[[[-78.7272,-7.8834],[-78.7328,-7.8993],[-78.6938,-7.9438],[-78.7165,-7.9755],[-78.7647,-7.9765],[-78.8264,-8.0146],[-78.9046,-7.9993],[-78.9219,-7.9675],[-78.946,-7.8963],[-78.9034,-7.8874],[-78.8848,-7.842],[-78.8163,-7.7969],[-78.7757,-7.8007],[-78.7802,-7.8836],[-78.7272,-7.8834]]]}},{"type":"Feature","properties":{"IDDIST":"130204","NOMBDIST":"MAGDALENA DE CAO","NOMBPROV":"ASCOPE","NOMBDEP":"LA LIBERTAD"},"geometry":{"type":"Polygon","coordinates":[[[-79.3018,-7.7991],[-79.261,-7.8305],[-79.2067,-7.8391],[-79.2454,-7.8706],[-79.2847,-7.9443],[-79.3757,-7.8421],[-79.3829,-7.8152],[-79.3099,-7.7953],[-79.3018,-7.7991]]]}},{"type":"Feature","properties":{"IDDIST":"130904","NOMBDIST":"CURGOS","NOMBPROV":"SANCHEZ CARRION","NOMBDEP":"LA LIBERTAD"},"geometry":{"type":"Polygon","coordinates":[[[-77.9072,-7.7976],[-77.899,-7.8249],[-77.9475,-7.8982],[-77.9853,-7.9042],[-78.0077,-7.8739],[-77.9874,-7.8114],[-77.9394,-7.7895],[-77.9072,-7.7976]]]}},{"type":"Feature","properties":{"IDDIST":"130810","NOMBDIST":"PIAS","NOMBPROV":"PATAZ","NOMBDEP":"LA LIBERTAD"},"geometry":{"type":"Polygon","coordinates":[[[-77.4067,-7.9953],[-77.4277,-8.0032],[-77.4957,-7.9428],[-77.544,-7.9477],[-77.5652,-7.8977],[-77.6299,-7.8807],[-77.6295,-7.8596],[-77.5726,-7.8481],[-77.5164,-7.8205],[-77.4968,-7.7859],[-77.4429,-7.8136],[-77.4375,-7.8517],[-77.4068,-7.9025],[-77.3769,-7.9088],[-77.4067,-7.9953]]]}},{"type":"Feature","properties":{"IDDIST":"130604","NOMBDIST":"CHARAT","NOMBPROV":"OTUZCO","NOMBDEP":"LA LIBERTAD"},"geometry":{"type":"Polygon","coordinates":[[[-78.4895,-7.7543],[-78.4568,-7.7655],[-78.4294,-7.8322],[-78.4781,-7.8449],[-78.5013,-7.8446],[-78.505,-7.755],[-78.4895,-7.7543]]]}},{"type":"Feature","properties":{"IDDIST":"130203","NOMBDIST":"CHOCOPE","NOMBPROV":"ASCOPE","NOMBDEP":"LA LIBERTAD"},"geometry":{"type":"Polygon","coordinates":[[[-79.1511,-7.7837],[-79.2067,-7.8391],[-79.261,-7.8305],[-79.3018,-7.7991],[-79.2421,-7.7299],[-79.2207,-7.7683],[-79.1511,-7.7837]]]}},{"type":"Feature","properties":{"IDDIST":"130601","NOMBDIST":"OTUZCO","NOMBPROV":"OTUZCO","NOMBDEP":"LA LIBERTAD"},"geometry":{"type":"Polygon","coordinates":[[[-78.5519,-7.7261],[-78.505,-7.755],[-78.5013,-7.8446],[-78.4781,-7.8449],[-78.4945,-7.874],[-78.4785,-7.911],[-78.5228,-7.9339],[-78.5674,-7.9237],[-78.617,-7.9602],[-78.6823,-7.9967],[-78.6898,-7.9461],[-78.6569,-7.9261],[-78.6521,-7.8579],[-78.6311,-7.8184],[-78.665,-7.797],[-78.6004,-7.7352],[-78.5964,-7.7035],[-78.5519,-7.7261]]]}},{"type":"Feature","properties":{"IDDIST":"130901","NOMBDIST":"HUAMACHUCO","NOMBPROV":"SANCHEZ CARRION","NOMBDEP":"LA LIBERTAD"},"geometry":{"type":"Polygon","coordinates":[[[-77.8811,-7.7491],[-77.9072,-7.7976],[-77.9394,-7.7895],[-77.9874,-7.8114],[-78.0077,-7.8739],[-77.9853,-7.9042],[-78.0291,-7.912],[-78.073,-7.9443],[-78.1329,-7.9573],[-78.1877,-7.9414],[-78.14,-7.8704],[-78.1602,-7.8303],[-78.104,-7.8223],[-78.1284,-7.7742],[-78.0845,-7.7396],[-78.0762,-7.7066],[-78.0404,-7.75],[-77.9612,-7.753],[-77.9183,-7.7214],[-77.8811,-7.7491]]]}},{"type":"Feature","properties":{"IDDIST":"130903","NOMBDIST":"COCHORCO","NOMBPROV":"SANCHEZ CARRION","NOMBDEP":"LA LIBERTAD"},"geometry":{"type":"Polygon","coordinates":[[[-77.6295,-7.8596],[-77.6299,-7.8807],[-77.6268,-7.9401],[-77.6721,-7.9185],[-77.7202,-7.9155],[-77.7977,-7.7476],[-77.7857,-7.7303],[-77.7485,-7.7653],[-77.6701,-7.6903],[-77.6565,-7.7979],[-77.6295,-7.8596]]]}},{"type":"Feature","properties":{"IDDIST":"221003","NOMBDIST":"POLVORA","NOMBPROV":"TOCACHE","NOMBDEP":"SAN MARTIN"},"geometry":{"type":"Polygon","coordinates":[[[-76.5977,-7.6893],[-76.6302,-7.7535],[-76.6317,-7.8426],[-76.6057,-7.8814],[-76.6245,-7.9068],[-76.6143,-7.9857],[-76.5633,-7.9921],[-76.52,-8.0314],[-76.5057,-8.0901],[-76.5152,-8.1328],[-76.5735,-8.0954],[-76.5933,-8.1879],[-76.6283,-8.229],[-76.6749,-8.244],[-76.742,-8.2444],[-76.7525,-8.2712],[-76.8638,-8.2555],[-76.9033,-8.2681],[-76.9256,-8.2185],[-76.907,-8.1707],[-76.9867,-8.1112],[-77.0196,-8.0527],[-77.0687,-8.0395],[-77.0744,-7.9923],[-77.1025,-7.9527],[-77.077,-7.8486],[-77.0059,-7.8029],[-76.9295,-7.8417],[-76.8732,-7.8988],[-76.8003,-7.9206],[-76.7193,-7.8645],[-76.7634,-7.7935],[-76.773,-7.7457],[-76.6578,-7.7264],[-76.6342,-7.6868],[-76.5977,-7.6893]]]}},{"type":"Feature","properties":{"IDDIST":"130205","NOMBDIST":"PAIJAN","NOMBPROV":"ASCOPE","NOMBDEP":"LA LIBERTAD"},"geometry":{"type":"Polygon","coordinates":[[[-79.2768,-7.696],[-79.2421,-7.7299],[-79.3018,-7.7991],[-79.3099,-7.7953],[-79.3088,-7.7605],[-79.3666,-7.7137],[-79.3245,-7.6786],[-79.2768,-7.696]]]}},{"type":"Feature","properties":{"IDDIST":"130614","NOMBDIST":"USQUIL","NOMBPROV":"OTUZCO","NOMBDEP":"LA LIBERTAD"},"geometry":{"type":"Polygon","coordinates":[[[-78.2612,-7.754],[-78.2733,-7.7849],[-78.2523,-7.8372],[-78.253,-7.8865],[-78.3205,-7.9059],[-78.3245,-7.9301],[-78.3789,-7.8959],[-78.3979,-7.8587],[-78.4785,-7.911],[-78.4945,-7.874],[-78.4781,-7.8449],[-78.4294,-7.8322],[-78.4568,-7.7655],[-78.4895,-7.7543],[-78.4373,-7.7031],[-78.3566,-7.6738],[-78.3028,-7.6965],[-78.2612,-7.754]]]}},{"type":"Feature","properties":{"IDDIST":"130906","NOMBDIST":"SANAGORAN","NOMBPROV":"SANCHEZ CARRION","NOMBDEP":"LA LIBERTAD"},"geometry":{"type":"Polygon","coordinates":[[[-78.1168,-7.6538],[-78.0812,-7.6962],[-78.0762,-7.7066],[-78.0845,-7.7396],[-78.1284,-7.7742],[-78.104,-7.8223],[-78.1602,-7.8303],[-78.14,-7.8704],[-78.1877,-7.9414],[-78.2083,-7.9043],[-78.253,-7.8865],[-78.2523,-7.8372],[-78.2733,-7.7849],[-78.2612,-7.754],[-78.2247,-7.7593],[-78.1168,-7.6538]]]}},{"type":"Feature","properties":{"IDDIST":"130902","NOMBDIST":"CHUGAY","NOMBPROV":"SANCHEZ CARRION","NOMBDEP":"LA LIBERTAD"},"geometry":{"type":"Polygon","coordinates":[[[-77.7857,-7.7303],[-77.7977,-7.7476],[-77.7202,-7.9155],[-77.6721,-7.9185],[-77.6268,-7.9401],[-77.6351,-7.955],[-77.6408,-7.9833],[-77.7183,-7.9585],[-77.7566,-7.9009],[-77.8273,-7.9201],[-77.8613,-7.8935],[-77.899,-7.8249],[-77.9072,-7.7976],[-77.8811,-7.7491],[-77.8645,-7.7209],[-77.8452,-7.637],[-77.7942,-7.6541],[-77.7857,-7.7303]]]}},{"type":"Feature","properties":{"IDDIST":"130613","NOMBDIST":"SINSICAP","NOMBPROV":"OTUZCO","NOMBDEP":"LA LIBERTAD"},"geometry":{"type":"Polygon","coordinates":[[[-78.8038,-7.6341],[-78.7125,-7.704],[-78.689,-7.7735],[-78.665,-7.797],[-78.6311,-7.8184],[-78.6521,-7.8579],[-78.6781,-7.8588],[-78.7272,-7.8834],[-78.7802,-7.8836],[-78.7757,-7.8007],[-78.8163,-7.7969],[-78.8931,-7.749],[-78.9123,-7.6861],[-78.896,-7.6454],[-78.8038,-7.6341]]]}},{"type":"Feature","properties":{"IDDIST":"130605","NOMBDIST":"HUARANCHAL","NOMBPROV":"OTUZCO","NOMBDEP":"LA LIBERTAD"},"geometry":{"type":"Polygon","coordinates":[[[-78.3761,-7.64],[-78.3566,-7.6738],[-78.4373,-7.7031],[-78.4895,-7.7543],[-78.505,-7.755],[-78.5519,-7.7261],[-78.4994,-7.6974],[-78.4897,-7.6339],[-78.3761,-7.64]]]}},{"type":"Feature","properties":{"IDDIST":"130809","NOMBDIST":"PATAZ","NOMBPROV":"PATAZ","NOMBDEP":"LA LIBERTAD"},"geometry":{"type":"Polygon","coordinates":[[[-77.5309,-7.6545],[-77.4845,-7.6997],[-77.4968,-7.7859],[-77.5164,-7.8205],[-77.5726,-7.8481],[-77.6295,-7.8596],[-77.6565,-7.7979],[-77.6701,-7.6903],[-77.6797,-7.6319],[-77.7009,-7.5935],[-77.622,-7.6222],[-77.6059,-7.6471],[-77.5456,-7.6722],[-77.5309,-7.6545]]]}},{"type":"Feature","properties":{"IDDIST":"130905","NOMBDIST":"MARCABAL","NOMBPROV":"SANCHEZ CARRION","NOMBDEP":"LA LIBERTAD"},"geometry":{"type":"Polygon","coordinates":[[[-77.8452,-7.637],[-77.8645,-7.7209],[-77.8811,-7.7491],[-77.9183,-7.7214],[-77.9612,-7.753],[-78.0404,-7.75],[-78.0762,-7.7066],[-78.0812,-7.6962],[-78.0509,-7.6789],[-77.9986,-7.6791],[-77.9405,-7.6406],[-77.9228,-7.6003],[-77.8695,-7.5849],[-77.8452,-7.637]]]}},{"type":"Feature","properties":{"IDDIST":"130202","NOMBDIST":"CHICAMA","NOMBPROV":"ASCOPE","NOMBDEP":"LA LIBERTAD"},"geometry":{"type":"Polygon","coordinates":[[[-78.8038,-7.6341],[-78.896,-7.6454],[-78.9123,-7.6861],[-78.8931,-7.749],[-78.8163,-7.7969],[-78.8848,-7.842],[-78.9034,-7.8874],[-78.946,-7.8963],[-78.9906,-7.9003],[-79.0123,-7.9597],[-79.04,-7.9883],[-79.1059,-7.982],[-79.1169,-7.946],[-79.1495,-7.9437],[-79.1947,-7.8841],[-79.2454,-7.8706],[-79.2067,-7.8391],[-79.1511,-7.7837],[-79.1224,-7.7509],[-79.0408,-7.7185],[-79.0007,-7.7217],[-78.9594,-7.6556],[-78.9428,-7.6227],[-78.9078,-7.5981],[-78.8395,-7.59],[-78.8076,-7.5734],[-78.8038,-7.6341]]]}},{"type":"Feature","properties":{"IDDIST":"060201","NOMBDIST":"CAJABAMBA","NOMBPROV":"CAJABAMBA","NOMBDEP":"CAJAMARCA"},"geometry":{"type":"Polygon","coordinates":[[[-77.9405,-7.6406],[-77.9986,-7.6791],[-78.0509,-7.6789],[-78.0812,-7.6962],[-78.1168,-7.6538],[-78.1295,-7.6084],[-78.099,-7.6086],[-78.0165,-7.5685],[-77.9847,-7.566],[-77.9405,-7.6406]]]}},{"type":"Feature","properties":{"IDDIST":"160603","NOMBDIST":"PADRE MARQUEZ","NOMBPROV":"UCAYALI","NOMBDEP":"LORETO"},"geometry":{"type":"Polygon","coordinates":[[[-74.6431,-7.5623],[-74.5708,-7.6685],[-74.584,-7.6985],[-74.5579,-7.7485],[-74.5157,-7.7772],[-74.5697,-7.816],[-74.628,-7.9398],[-74.6911,-7.9618],[-74.7279,-7.981],[-74.7713,-8.0361],[-74.8964,-8.0813],[-74.9823,-7.969],[-75.0333,-7.9501],[-75.0922,-7.9737],[-75.1425,-7.9786],[-75.1843,-8.0166],[-75.2146,-8.1271],[-75.2439,-8.1555],[-75.2878,-8.1255],[-75.3761,-8.1388],[-75.4153,-8.1705],[-75.3862,-8.1098],[-75.3546,-8.098],[-75.3501,-8.0416],[-75.3041,-7.9682],[-75.2296,-7.9301],[-75.1943,-7.8461],[-75.1517,-7.8157],[-75.0995,-7.8132],[-75.0578,-7.7876],[-75.0324,-7.7241],[-74.9902,-7.6672],[-74.9472,-7.6817],[-74.9134,-7.7172],[-74.8641,-7.7396],[-74.8066,-7.7849],[-74.7803,-7.7798],[-74.7284,-7.7137],[-74.7181,-7.6732],[-74.6621,-7.6554],[-74.6805,-7.576],[-74.6431,-7.5623]]]}},{"type":"Feature","properties":{"IDDIST":"130206","NOMBDIST":"RAZURI","NOMBPROV":"ASCOPE","NOMBDEP":"LA LIBERTAD"},"geometry":{"type":"Polygon","coordinates":[[[-79.313,-7.5801],[-79.3108,-7.6266],[-79.2782,-7.6598],[-79.2768,-7.696],[-79.3245,-7.6786],[-79.3666,-7.7137],[-79.3088,-7.7605],[-79.3099,-7.7953],[-79.3829,-7.8152],[-79.3924,-7.7878],[-79.4657,-7.7119],[-79.4353,-7.6934],[-79.4548,-7.638],[-79.3868,-7.5986],[-79.3584,-7.5591],[-79.313,-7.5801]]]}},{"type":"Feature","properties":{"IDDIST":"131103","NOMBDIST":"COMPIN","NOMBPROV":"GRAN CHIMU","NOMBDEP":"LA LIBERTAD"},"geometry":{"type":"Polygon","coordinates":[[[-78.6969,-7.5846],[-78.6779,-7.6202],[-78.6137,-7.6685],[-78.5964,-7.7035],[-78.6004,-7.7352],[-78.665,-7.797],[-78.689,-7.7735],[-78.7125,-7.704],[-78.8038,-7.6341],[-78.8076,-7.5734],[-78.7919,-7.5501],[-78.7167,-7.5614],[-78.6969,-7.5846]]]}},{"type":"Feature","properties":{"IDDIST":"131102","NOMBDIST":"LUCMA","NOMBPROV":"GRAN CHIMU","NOMBDEP":"LA LIBERTAD"},"geometry":{"type":"Polygon","coordinates":[[[-78.5559,-7.5511],[-78.4897,-7.6339],[-78.4994,-7.6974],[-78.5519,-7.7261],[-78.5964,-7.7035],[-78.6137,-7.6685],[-78.6779,-7.6202],[-78.6969,-7.5846],[-78.6251,-7.5483],[-78.5559,-7.5511]]]}},{"type":"Feature","properties":{"IDDIST":"130201","NOMBDIST":"ASCOPE","NOMBPROV":"ASCOPE","NOMBDEP":"LA LIBERTAD"},"geometry":{"type":"Polygon","coordinates":[[[-78.9594,-7.6556],[-79.0007,-7.7217],[-79.0408,-7.7185],[-79.1224,-7.7509],[-79.177,-7.7079],[-79.207,-7.665],[-79.1158,-7.6154],[-79.0659,-7.5208],[-79.0391,-7.5612],[-79.0412,-7.5999],[-78.9921,-7.6609],[-78.9594,-7.6556]]]}},{"type":"Feature","properties":{"IDDIST":"131104","NOMBDIST":"SAYAPULLO","NOMBPROV":"GRAN CHIMU","NOMBDEP":"LA LIBERTAD"},"geometry":{"type":"Polygon","coordinates":[[[-78.3358,-7.4952],[-78.3608,-7.53],[-78.3568,-7.574],[-78.3798,-7.6003],[-78.3761,-7.64],[-78.4897,-7.6339],[-78.5559,-7.5511],[-78.4914,-7.5549],[-78.4156,-7.4851],[-78.3358,-7.4952]]]}},{"type":"Feature","properties":{"IDDIST":"130908","NOMBDIST":"SARTIMBAMBA","NOMBPROV":"SANCHEZ CARRION","NOMBDEP":"LA LIBERTAD"},"geometry":{"type":"Polygon","coordinates":[[[-77.746,-7.4792],[-77.744,-7.5059],[-77.7071,-7.5566],[-77.7009,-7.5935],[-77.6797,-7.6319],[-77.6701,-7.6903],[-77.7485,-7.7653],[-77.7857,-7.7303],[-77.7942,-7.6541],[-77.8452,-7.637],[-77.8695,-7.5849],[-77.8442,-7.5144],[-77.746,-7.4792]]]}},{"type":"Feature","properties":{"IDDIST":"060203","NOMBDIST":"CONDEBAMBA","NOMBPROV":"CAJABAMBA","NOMBDEP":"CAJAMARCA"},"geometry":{"type":"Polygon","coordinates":[[[-78.0513,-7.4638],[-78.0259,-7.5005],[-78.0165,-7.5685],[-78.099,-7.6086],[-78.1295,-7.6084],[-78.1664,-7.5474],[-78.1351,-7.4781],[-78.085,-7.4543],[-78.0513,-7.4638]]]}},{"type":"Feature","properties":{"IDDIST":"130303","NOMBDIST":"CONDORMARCA","NOMBPROV":"BOLIVAR","NOMBDEP":"LA LIBERTAD"},"geometry":{"type":"Polygon","coordinates":[[[-77.5309,-7.6545],[-77.5456,-7.6722],[-77.6059,-7.6471],[-77.622,-7.6222],[-77.7009,-7.5935],[-77.7071,-7.5566],[-77.6841,-7.5153],[-77.6475,-7.5033],[-77.6306,-7.465],[-77.599,-7.4485],[-77.5595,-7.4648],[-77.5269,-7.5048],[-77.5367,-7.5823],[-77.5309,-7.6545]]]}},{"type":"Feature","properties":{"IDDIST":"220602","NOMBDIST":"CAMPANILLA","NOMBPROV":"MARISCAL CACERES","NOMBDEP":"SAN MARTIN"},"geometry":{"type":"Polygon","coordinates":[[[-76.6572,-7.4303],[-76.5904,-7.4941],[-76.5742,-7.5577],[-76.5797,-7.6076],[-76.5656,-7.6572],[-76.5977,-7.6893],[-76.6342,-7.6868],[-76.6578,-7.7264],[-76.773,-7.7457],[-76.7634,-7.7935],[-76.7193,-7.8645],[-76.8003,-7.9206],[-76.8732,-7.8988],[-76.9295,-7.8417],[-77.0059,-7.8029],[-77.0406,-7.7332],[-76.9982,-7.6637],[-77.0109,-7.5706],[-77.0423,-7.5354],[-76.9812,-7.5226],[-76.966,-7.4824],[-76.9242,-7.4992],[-76.8314,-7.4853],[-76.7805,-7.444],[-76.7559,-7.4754],[-76.7043,-7.424],[-76.6572,-7.4303]]]}},{"type":"Feature","properties":{"IDDIST":"130302","NOMBDIST":"BAMBAMARCA","NOMBPROV":"BOLIVAR","NOMBDEP":"LA LIBERTAD"},"geometry":{"type":"Polygon","coordinates":[[[-77.6308,-7.414],[-77.599,-7.4485],[-77.6306,-7.465],[-77.6475,-7.5033],[-77.6841,-7.5153],[-77.7071,-7.5566],[-77.744,-7.5059],[-77.746,-7.4792],[-77.7682,-7.4382],[-77.734,-7.4114],[-77.6835,-7.3999],[-77.66,-7.4363],[-77.6308,-7.414]]]}},{"type":"Feature","properties":{"IDDIST":"131101","NOMBDIST":"CASCAS","NOMBPROV":"GRAN CHIMU","NOMBDEP":"LA LIBERTAD"},"geometry":{"type":"Polygon","coordinates":[[[-78.6962,-7.4134],[-78.6625,-7.413],[-78.6298,-7.4455],[-78.6496,-7.529],[-78.6251,-7.5483],[-78.6969,-7.5846],[-78.7167,-7.5614],[-78.7919,-7.5501],[-78.8076,-7.5734],[-78.8395,-7.59],[-78.9078,-7.5981],[-78.9428,-7.6227],[-78.9443,-7.5984],[-78.8959,-7.5374],[-78.8515,-7.5225],[-78.8867,-7.4841],[-78.8104,-7.4229],[-78.7601,-7.402],[-78.6962,-7.4134]]]}},{"type":"Feature","properties":{"IDDIST":"061003","NOMBDIST":"EDUARDO VILLANUEVA","NOMBPROV":"SAN MARCOS","NOMBDEP":"CAJAMARCA"},"geometry":{"type":"Polygon","coordinates":[[[-78.2073,-7.4027],[-78.0581,-7.4495],[-78.0513,-7.4638],[-78.085,-7.4543],[-78.1351,-7.4781],[-78.1744,-7.4573],[-78.2194,-7.3935],[-78.2073,-7.4027]]]}},{"type":"Feature","properties":{"IDDIST":"130208","NOMBDIST":"CASA GRANDE","NOMBPROV":"ASCOPE","NOMBDEP":"LA LIBERTAD"},"geometry":{"type":"Polygon","coordinates":[[[-79.0654,-7.4727],[-79.0659,-7.5208],[-79.1158,-7.6154],[-79.207,-7.665],[-79.177,-7.7079],[-79.1224,-7.7509],[-79.1511,-7.7837],[-79.2207,-7.7683],[-79.2421,-7.7299],[-79.2768,-7.696],[-79.2782,-7.6598],[-79.3108,-7.6266],[-79.313,-7.5801],[-79.2946,-7.5155],[-79.2072,-7.4017],[-79.1873,-7.3887],[-79.1527,-7.4398],[-79.0654,-7.4727]]]}},{"type":"Feature","properties":{"IDDIST":"060505","NOMBDIST":"SAN BENITO","NOMBPROV":"CONTUMAZA","NOMBDEP":"CAJAMARCA"},"geometry":{"type":"Polygon","coordinates":[[[-78.9634,-7.3811],[-78.9407,-7.3936],[-78.8641,-7.3894],[-78.8591,-7.4181],[-78.8104,-7.4229],[-78.8867,-7.4841],[-78.8515,-7.5225],[-78.8959,-7.5374],[-78.9443,-7.5984],[-78.9428,-7.6227],[-78.9594,-7.6556],[-78.9921,-7.6609],[-79.0412,-7.5999],[-79.0391,-7.5612],[-79.0659,-7.5208],[-79.0654,-7.4727],[-79.0458,-7.4347],[-78.9634,-7.3811]]]}},{"type":"Feature","properties":{"IDDIST":"061002","NOMBDIST":"CHANCAY","NOMBPROV":"SAN MARCOS","NOMBDEP":"CAJAMARCA"},"geometry":{"type":"Polygon","coordinates":[[[-78.0581,-7.4495],[-78.2073,-7.4027],[-78.1429,-7.381],[-78.0883,-7.3814],[-78.0472,-7.4311],[-78.0581,-7.4495]]]}},{"type":"Feature","properties":{"IDDIST":"060202","NOMBDIST":"CACHACHI","NOMBPROV":"CAJABAMBA","NOMBDEP":"CAJAMARCA"},"geometry":{"type":"Polygon","coordinates":[[[-78.2194,-7.3935],[-78.1744,-7.4573],[-78.1351,-7.4781],[-78.1664,-7.5474],[-78.1295,-7.6084],[-78.1168,-7.6538],[-78.2247,-7.7593],[-78.2612,-7.754],[-78.3028,-7.6965],[-78.3566,-7.6738],[-78.3761,-7.64],[-78.3798,-7.6003],[-78.3568,-7.574],[-78.3608,-7.53],[-78.3358,-7.4952],[-78.3568,-7.3996],[-78.2774,-7.3734],[-78.2194,-7.3935]]]}},{"type":"Feature","properties":{"IDDIST":"130701","NOMBDIST":"SAN PEDRO DE LLOC","NOMBPROV":"PACASMAYO","NOMBDEP":"LA LIBERTAD"},"geometry":{"type":"Polygon","coordinates":[[[-79.2609,-7.379],[-79.2309,-7.391],[-79.1865,-7.3773],[-79.1873,-7.3887],[-79.2072,-7.4017],[-79.2946,-7.5155],[-79.313,-7.5801],[-79.3584,-7.5591],[-79.3868,-7.5986],[-79.4548,-7.638],[-79.5409,-7.5213],[-79.579,-7.4423],[-79.4962,-7.3694],[-79.4085,-7.3888],[-79.3663,-7.4292],[-79.2609,-7.379]]]}},{"type":"Feature","properties":{"IDDIST":"130704","NOMBDIST":"PACASMAYO","NOMBPROV":"PACASMAYO","NOMBDEP":"LA LIBERTAD"},"geometry":{"type":"Polygon","coordinates":[[[-79.4962,-7.3694],[-79.579,-7.4423],[-79.5695,-7.3901],[-79.5144,-7.3526],[-79.4962,-7.3694]]]}},{"type":"Feature","properties":{"IDDIST":"060104","NOMBDIST":"COSPAN","NOMBPROV":"CAJAMARCA","NOMBDEP":"CAJAMARCA"},"geometry":{"type":"Polygon","coordinates":[[[-78.6422,-7.3501],[-78.5936,-7.3757],[-78.5585,-7.3658],[-78.5162,-7.3901],[-78.4843,-7.3736],[-78.4525,-7.3891],[-78.3878,-7.3818],[-78.3568,-7.3996],[-78.3358,-7.4952],[-78.4156,-7.4851],[-78.4914,-7.5549],[-78.5559,-7.5511],[-78.6251,-7.5483],[-78.6496,-7.529],[-78.6298,-7.4455],[-78.6625,-7.413],[-78.6962,-7.4134],[-78.6422,-7.3501]]]}},{"type":"Feature","properties":{"IDDIST":"061005","NOMBDIST":"ICHOCAN","NOMBPROV":"SAN MARCOS","NOMBDEP":"CAJAMARCA"},"geometry":{"type":"Polygon","coordinates":[[[-78.0673,-7.3689],[-78.0459,-7.397],[-77.9954,-7.4181],[-78.0133,-7.4622],[-78.0513,-7.4638],[-78.0581,-7.4495],[-78.0472,-7.4311],[-78.0883,-7.3814],[-78.1429,-7.381],[-78.113,-7.3625],[-78.0673,-7.3689]]]}},{"type":"Feature","properties":{"IDDIST":"060204","NOMBDIST":"SITACOCHA","NOMBPROV":"CAJABAMBA","NOMBDEP":"CAJAMARCA"},"geometry":{"type":"Polygon","coordinates":[[[-77.8296,-7.3476],[-77.8134,-7.3925],[-77.7682,-7.4382],[-77.746,-7.4792],[-77.8442,-7.5144],[-77.8695,-7.5849],[-77.9228,-7.6003],[-77.9405,-7.6406],[-77.9847,-7.566],[-78.0165,-7.5685],[-78.0259,-7.5005],[-78.0513,-7.4638],[-78.0133,-7.4622],[-77.9954,-7.4181],[-77.9487,-7.3512],[-77.8831,-7.3642],[-77.8296,-7.3476]]]}},{"type":"Feature","properties":{"IDDIST":"130703","NOMBDIST":"JEQUETEPEQUE","NOMBPROV":"PACASMAYO","NOMBDEP":"LA LIBERTAD"},"geometry":{"type":"Polygon","coordinates":[[[-79.4808,-7.3253],[-79.5144,-7.3526],[-79.5695,-7.3901],[-79.5894,-7.3383],[-79.5718,-7.3246],[-79.4808,-7.3253]]]}},{"type":"Feature","properties":{"IDDIST":"130705","NOMBDIST":"SAN JOSE","NOMBPROV":"PACASMAYO","NOMBDEP":"LA LIBERTAD"},"geometry":{"type":"Polygon","coordinates":[[[-79.3693,-7.3241],[-79.3149,-7.3597],[-79.2609,-7.379],[-79.3663,-7.4292],[-79.4085,-7.3888],[-79.4962,-7.3694],[-79.5144,-7.3526],[-79.4808,-7.3253],[-79.3693,-7.3241]]]}},{"type":"Feature","properties":{"IDDIST":"060504","NOMBDIST":"GUZMANGO","NOMBPROV":"CONTUMAZA","NOMBDEP":"CAJAMARCA"},"geometry":{"type":"Polygon","coordinates":[[[-78.868,-7.3747],[-78.8641,-7.3894],[-78.9407,-7.3936],[-78.9634,-7.3811],[-78.9514,-7.3497],[-78.9172,-7.3207],[-78.868,-7.3747]]]}},{"type":"Feature","properties":{"IDDIST":"061006","NOMBDIST":"JOSE MANUEL QUIROZ","NOMBPROV":"SAN MARCOS","NOMBDEP":"CAJAMARCA"},"geometry":{"type":"Polygon","coordinates":[[[-77.9487,-7.3512],[-77.9954,-7.4181],[-78.0459,-7.397],[-78.0673,-7.3689],[-78.0832,-7.3126],[-78.0479,-7.2887],[-77.9487,-7.3512]]]}},{"type":"Feature","properties":{"IDDIST":"060506","NOMBDIST":"SANTA CRUZ DE TOLED","NOMBPROV":"CONTUMAZA","NOMBDEP":"CAJAMARCA"},"geometry":{"type":"Polygon","coordinates":[[[-78.816,-7.2975],[-78.828,-7.3483],[-78.868,-7.3747],[-78.9172,-7.3207],[-78.8845,-7.2974],[-78.816,-7.2975]]]}},{"type":"Feature","properties":{"IDDIST":"060102","NOMBDIST":"ASUNCION","NOMBPROV":"CAJAMARCA","NOMBDEP":"CAJAMARCA"},"geometry":{"type":"Polygon","coordinates":[[[-78.5327,-7.283],[-78.4495,-7.3114],[-78.3878,-7.3818],[-78.4525,-7.3891],[-78.4843,-7.3736],[-78.5162,-7.3901],[-78.5585,-7.3658],[-78.5936,-7.3757],[-78.6422,-7.3501],[-78.6088,-7.2794],[-78.5327,-7.283]]]}},{"type":"Feature","properties":{"IDDIST":"060503","NOMBDIST":"CUPISNIQUE","NOMBPROV":"CONTUMAZA","NOMBDEP":"CAJAMARCA"},"geometry":{"type":"Polygon","coordinates":[[[-78.9514,-7.3497],[-78.9634,-7.3811],[-79.0458,-7.4347],[-79.0654,-7.4727],[-79.1527,-7.4398],[-79.1873,-7.3887],[-79.1865,-7.3773],[-79.105,-7.3523],[-79.1013,-7.312],[-79.0295,-7.2713],[-78.9919,-7.2933],[-78.9787,-7.3489],[-78.9514,-7.3497]]]}},{"type":"Feature","properties":{"IDDIST":"250101","NOMBDIST":"CALLERIA","NOMBPROV":"CORONEL PORTILLO","NOMBDEP":"UCAYALI"},"geometry":{"type":"Polygon","coordinates":[[[-73.983,-7.5344],[-73.9584,-7.5644],[-73.8895,-7.6032],[-73.9002,-7.639],[-73.8691,-7.6741],[-73.8373,-7.6706],[-73.8033,-7.714],[-73.714,-7.743],[-73.6763,-7.8],[-73.6782,-7.858],[-73.7355,-7.8788],[-73.767,-7.9104],[-73.7454,-7.9495],[-73.7062,-7.9618],[-73.6689,-8.0123],[-73.6403,-8.0065],[-73.5848,-8.1268],[-73.5955,-8.1658],[-73.563,-8.2455],[-73.526,-8.2744],[-73.5427,-8.3467],[-73.6232,-8.3644],[-73.6491,-8.4088],[-73.6523,-8.4659],[-73.7118,-8.447],[-73.765,-8.4467],[-73.8278,-8.4877],[-73.8858,-8.4755],[-73.9645,-8.4859],[-73.9935,-8.4786],[-74.1164,-8.4892],[-74.2676,-8.4539],[-74.3225,-8.5318],[-74.3835,-8.522],[-74.4156,-8.4959],[-74.4228,-8.4292],[-74.4554,-8.407],[-74.4954,-8.4136],[-74.5274,-8.3954],[-74.6625,-8.468],[-74.6628,-8.4143],[-74.5557,-8.3863],[-74.5238,-8.2797],[-74.5496,-8.2297],[-74.5999,-8.1825],[-74.6545,-8.182],[-74.6519,-8.1488],[-74.6036,-8.0857],[-74.6002,-8.059],[-74.6544,-8.0532],[-74.6903,-8.0347],[-74.6911,-7.9618],[-74.628,-7.9398],[-74.5697,-7.816],[-74.5157,-7.7772],[-74.5579,-7.7485],[-74.584,-7.6985],[-74.5708,-7.6685],[-74.6431,-7.5623],[-74.6429,-7.5001],[-74.6161,-7.435],[-74.5795,-7.4099],[-74.5357,-7.2944],[-74.5001,-7.262],[-74.4627,-7.2989],[-74.3162,-7.3513],[-74.259,-7.3441],[-74.1809,-7.3587],[-74.1384,-7.3964],[-74.04,-7.4482],[-74.0338,-7.4849],[-73.983,-7.5344]]]}},{"type":"Feature","properties":{"IDDIST":"061001","NOMBDIST":"PEDRO GALVEZ","NOMBPROV":"SAN MARCOS","NOMBDEP":"CAJAMARCA"},"geometry":{"type":"Polygon","coordinates":[[[-78.073,-7.2455],[-78.0479,-7.2887],[-78.0832,-7.3126],[-78.0673,-7.3689],[-78.113,-7.3625],[-78.1429,-7.381],[-78.2073,-7.4027],[-78.2194,-7.3935],[-78.2774,-7.3734],[-78.3073,-7.3336],[-78.2718,-7.2936],[-78.2162,-7.2965],[-78.1707,-7.2983],[-78.1404,-7.2696],[-78.073,-7.2455]]]}},{"type":"Feature","properties":{"IDDIST":"060110","NOMBDIST":"MATARA","NOMBPROV":"CAJAMARCA","NOMBDEP":"CAJAMARCA"},"geometry":{"type":"Polygon","coordinates":[[[-78.2515,-7.2351],[-78.2162,-7.2965],[-78.2718,-7.2936],[-78.2987,-7.2849],[-78.2957,-7.2368],[-78.2515,-7.2351]]]}},{"type":"Feature","properties":{"IDDIST":"060112","NOMBDIST":"SAN JUAN","NOMBPROV":"CAJAMARCA","NOMBDEP":"CAJAMARCA"},"geometry":{"type":"Polygon","coordinates":[[[-78.4605,-7.2458],[-78.4495,-7.3114],[-78.5327,-7.283],[-78.532,-7.2268],[-78.4605,-7.2458]]]}},{"type":"Feature","properties":{"IDDIST":"130702","NOMBDIST":"GUADALUPE","NOMBPROV":"PACASMAYO","NOMBDEP":"LA LIBERTAD"},"geometry":{"type":"Polygon","coordinates":[[[-79.4541,-7.2292],[-79.404,-7.3023],[-79.3693,-7.3241],[-79.4808,-7.3253],[-79.5718,-7.3246],[-79.5894,-7.3383],[-79.5997,-7.2857],[-79.5611,-7.2885],[-79.5418,-7.2539],[-79.4541,-7.2292]]]}},{"type":"Feature","properties":{"IDDIST":"060501","NOMBDIST":"CONTUMAZA","NOMBPROV":"CONTUMAZA","NOMBDEP":"CAJAMARCA"},"geometry":{"type":"Polygon","coordinates":[[[-78.6088,-7.2794],[-78.6422,-7.3501],[-78.6962,-7.4134],[-78.7601,-7.402],[-78.8104,-7.4229],[-78.8591,-7.4181],[-78.8641,-7.3894],[-78.868,-7.3747],[-78.828,-7.3483],[-78.816,-7.2975],[-78.7421,-7.2644],[-78.7453,-7.2209],[-78.6498,-7.2556],[-78.6088,-7.2794]]]}},{"type":"Feature","properties":{"IDDIST":"060502","NOMBDIST":"CHILETE","NOMBPROV":"CONTUMAZA","NOMBDEP":"CAJAMARCA"},"geometry":{"type":"Polygon","coordinates":[[[-78.746,-7.2193],[-78.7453,-7.2209],[-78.7421,-7.2644],[-78.816,-7.2975],[-78.8845,-7.2974],[-78.9038,-7.2213],[-78.8308,-7.2267],[-78.746,-7.2193]]]}},{"type":"Feature","properties":{"IDDIST":"220202","NOMBDIST":"ALTO BIAVO","NOMBPROV":"BELLAVISTA","NOMBDEP":"SAN MARTIN"},"geometry":{"type":"Polygon","coordinates":[[[-76.2147,-7.3991],[-76.1661,-7.4943],[-76.0914,-7.5604],[-76.0799,-7.5912],[-76.0977,-7.6422],[-76.1016,-7.7227],[-76.0849,-7.7618],[-76.0438,-7.7923],[-76.0099,-7.8543],[-75.967,-7.9604],[-75.8594,-7.9212],[-75.8295,-7.9735],[-75.8449,-8.0596],[-75.917,-8.0718],[-75.9496,-8.0992],[-75.934,-8.1344],[-75.9412,-8.1862],[-75.9134,-8.2544],[-75.9349,-8.3116],[-75.985,-8.3222],[-76.0872,-8.3369],[-76.1092,-8.3796],[-76.1458,-8.3675],[-76.1658,-8.3112],[-76.1947,-8.298],[-76.2367,-8.2113],[-76.2997,-8.2175],[-76.3332,-8.2037],[-76.3455,-8.1425],[-76.3764,-8.1297],[-76.4569,-8.0548],[-76.52,-8.0314],[-76.5633,-7.9921],[-76.6143,-7.9857],[-76.6245,-7.9068],[-76.6057,-7.8814],[-76.6317,-7.8426],[-76.6302,-7.7535],[-76.5977,-7.6893],[-76.5656,-7.6572],[-76.5797,-7.6076],[-76.5742,-7.5577],[-76.5571,-7.5486],[-76.5004,-7.4525],[-76.5171,-7.353],[-76.5411,-7.2837],[-76.5212,-7.2364],[-76.4792,-7.2303],[-76.4117,-7.1984],[-76.3796,-7.2056],[-76.2871,-7.3135],[-76.2993,-7.3968],[-76.2708,-7.4331],[-76.2147,-7.3991]]]}},{"type":"Feature","properties":{"IDDIST":"060106","NOMBDIST":"JESUS","NOMBPROV":"CAJAMARCA","NOMBDEP":"CAJAMARCA"},"geometry":{"type":"Polygon","coordinates":[[[-78.3674,-7.2087],[-78.3462,-7.2343],[-78.2957,-7.2368],[-78.2987,-7.2849],[-78.2718,-7.2936],[-78.3073,-7.3336],[-78.2774,-7.3734],[-78.3568,-7.3996],[-78.3878,-7.3818],[-78.4495,-7.3114],[-78.4605,-7.2458],[-78.4624,-7.196],[-78.4206,-7.2261],[-78.3674,-7.2087]]]}},{"type":"Feature","properties":{"IDDIST":"060507","NOMBDIST":"TANTARICA","NOMBPROV":"CONTUMAZA","NOMBDEP":"CAJAMARCA"},"geometry":{"type":"Polygon","coordinates":[[[-78.9195,-7.2109],[-78.9038,-7.2213],[-78.8845,-7.2974],[-78.9172,-7.3207],[-78.9514,-7.3497],[-78.9787,-7.3489],[-78.9919,-7.2933],[-79.0295,-7.2713],[-78.9799,-7.2564],[-78.9548,-7.1896],[-78.9195,-7.2109]]]}},{"type":"Feature","properties":{"IDDIST":"060508","NOMBDIST":"YONAN","NOMBPROV":"CONTUMAZA","NOMBDEP":"CAJAMARCA"},"geometry":{"type":"Polygon","coordinates":[[[-79.0139,-7.1791],[-78.9548,-7.1896],[-78.9799,-7.2564],[-79.0295,-7.2713],[-79.1013,-7.312],[-79.105,-7.3523],[-79.1865,-7.3773],[-79.2309,-7.391],[-79.2609,-7.379],[-79.3149,-7.3597],[-79.3693,-7.3241],[-79.2826,-7.2751],[-79.2713,-7.2151],[-79.2518,-7.1983],[-79.1985,-7.1854],[-79.105,-7.1934],[-79.0856,-7.2456],[-79.0588,-7.2403],[-79.0441,-7.1952],[-79.0139,-7.1791]]]}},{"type":"Feature","properties":{"IDDIST":"060109","NOMBDIST":"MAGDALENA","NOMBPROV":"CAJAMARCA","NOMBDEP":"CAJAMARCA"},"geometry":{"type":"Polygon","coordinates":[[[-78.6047,-7.1684],[-78.557,-7.1905],[-78.532,-7.2268],[-78.5327,-7.283],[-78.6088,-7.2794],[-78.6498,-7.2556],[-78.7453,-7.2209],[-78.746,-7.2193],[-78.7081,-7.1565],[-78.6733,-7.185],[-78.6047,-7.1684]]]}},{"type":"Feature","properties":{"IDDIST":"060107","NOMBDIST":"LLACANORA","NOMBPROV":"CAJAMARCA","NOMBDEP":"CAJAMARCA"},"geometry":{"type":"Polygon","coordinates":[[[-78.37,-7.1673],[-78.3674,-7.2087],[-78.4206,-7.2261],[-78.4624,-7.196],[-78.4702,-7.1827],[-78.386,-7.1539],[-78.37,-7.1673]]]}},{"type":"Feature","properties":{"IDDIST":"061004","NOMBDIST":"GREGORIO PITA","NOMBPROV":"SAN MARCOS","NOMBDEP":"CAJAMARCA"},"geometry":{"type":"Polygon","coordinates":[[[-78.1145,-7.1463],[-78.073,-7.2455],[-78.1404,-7.2696],[-78.1707,-7.2983],[-78.2162,-7.2965],[-78.2515,-7.2351],[-78.1907,-7.1573],[-78.1837,-7.1491],[-78.1145,-7.1463]]]}},{"type":"Feature","properties":{"IDDIST":"160601","NOMBDIST":"CONTAMANA","NOMBPROV":"UCAYALI","NOMBDEP":"LORETO"},"geometry":{"type":"Polygon","coordinates":[[[-74.8813,-7.2342],[-74.8345,-7.2933],[-74.7199,-7.3218],[-74.6449,-7.3009],[-74.6251,-7.2705],[-74.6474,-7.2421],[-74.6419,-7.187],[-74.6185,-7.174],[-74.5504,-7.1661],[-74.5001,-7.262],[-74.5357,-7.2944],[-74.5795,-7.4099],[-74.6161,-7.435],[-74.6429,-7.5001],[-74.6431,-7.5623],[-74.6805,-7.576],[-74.6621,-7.6554],[-74.7181,-7.6732],[-74.7284,-7.7137],[-74.7803,-7.7798],[-74.8066,-7.7849],[-74.8641,-7.7396],[-74.9134,-7.7172],[-74.9472,-7.6817],[-74.9902,-7.6672],[-75.0324,-7.7241],[-75.0578,-7.7876],[-75.0995,-7.8132],[-75.1517,-7.8157],[-75.1943,-7.8461],[-75.2296,-7.9301],[-75.3041,-7.9682],[-75.3501,-8.0416],[-75.3546,-8.098],[-75.3862,-8.1098],[-75.4153,-8.1705],[-75.453,-8.2104],[-75.5029,-8.2894],[-75.5041,-8.3488],[-75.4803,-8.3782],[-75.4353,-8.3931],[-75.4408,-8.4368],[-75.5466,-8.4665],[-75.5991,-8.412],[-75.6873,-8.4233],[-75.7165,-8.4873],[-75.7787,-8.4939],[-75.7796,-8.5474],[-75.8334,-8.6523],[-75.8919,-8.6616],[-75.9458,-8.7161],[-75.9798,-8.636],[-75.9663,-8.592],[-75.9649,-8.4517],[-75.946,-8.4009],[-75.985,-8.3222],[-75.9349,-8.3116],[-75.9134,-8.2544],[-75.9412,-8.1862],[-75.934,-8.1344],[-75.9496,-8.0992],[-75.917,-8.0718],[-75.8449,-8.0596],[-75.8295,-7.9735],[-75.7829,-7.8248],[-75.7748,-7.7747],[-75.728,-7.656],[-75.7328,-7.5903],[-75.6881,-7.5275],[-75.6903,-7.4986],[-75.6473,-7.4853],[-75.6275,-7.4483],[-75.5376,-7.3896],[-75.4877,-7.4148],[-75.4764,-7.4447],[-75.4265,-7.4533],[-75.4044,-7.3935],[-75.3486,-7.3508],[-75.2471,-7.2448],[-75.2088,-7.2198],[-75.1516,-7.2053],[-75.1055,-7.1614],[-75.022,-7.1399],[-74.9942,-7.1654],[-74.9475,-7.1393],[-74.9291,-7.1874],[-74.8813,-7.2342]]]}},{"type":"Feature","properties":{"IDDIST":"130401","NOMBDIST":"CHEPEN","NOMBPROV":"CHEPEN","NOMBDEP":"LA LIBERTAD"},"geometry":{"type":"Polygon","coordinates":[[[-79.2518,-7.1983],[-79.2713,-7.2151],[-79.2826,-7.2751],[-79.3693,-7.3241],[-79.404,-7.3023],[-79.4541,-7.2292],[-79.4669,-7.2119],[-79.3668,-7.154],[-79.3046,-7.139],[-79.2518,-7.1983]]]}},{"type":"Feature","properties":{"IDDIST":"220605","NOMBDIST":"PAJARILLO","NOMBPROV":"MARISCAL CACERES","NOMBDEP":"SAN MARTIN"},"geometry":{"type":"Polygon","coordinates":[[[-76.5571,-7.5486],[-76.5742,-7.5577],[-76.5904,-7.4941],[-76.6572,-7.4303],[-76.6544,-7.391],[-76.6853,-7.3172],[-76.7439,-7.2348],[-76.7189,-7.175],[-76.6704,-7.1272],[-76.6338,-7.1523],[-76.6145,-7.2135],[-76.5578,-7.3071],[-76.5743,-7.3868],[-76.5515,-7.5043],[-76.5571,-7.5486]]]}},{"type":"Feature","properties":{"IDDIST":"060111","NOMBDIST":"NAMORA","NOMBPROV":"CAJAMARCA","NOMBDEP":"CAJAMARCA"},"geometry":{"type":"Polygon","coordinates":[[[-78.1907,-7.1573],[-78.2515,-7.2351],[-78.2957,-7.2368],[-78.3462,-7.2343],[-78.3674,-7.2087],[-78.37,-7.1673],[-78.3215,-7.1524],[-78.2803,-7.1335],[-78.2339,-7.1357],[-78.1907,-7.1573]]]}},{"type":"Feature","properties":{"IDDIST":"061202","NOMBDIST":"SAN BERNARDINO","NOMBPROV":"SAN PABLO","NOMBDEP":"CAJAMARCA"},"geometry":{"type":"Polygon","coordinates":[[[-78.6841,-7.1267],[-78.7081,-7.1565],[-78.746,-7.2193],[-78.8308,-7.2267],[-78.9038,-7.2213],[-78.9195,-7.2109],[-78.9163,-7.2107],[-78.86,-7.1915],[-78.8421,-7.1442],[-78.7652,-7.1422],[-78.7084,-7.1108],[-78.6841,-7.1267]]]}},{"type":"Feature","properties":{"IDDIST":"130306","NOMBDIST":"UCUNCHA","NOMBPROV":"BOLIVAR","NOMBDEP":"LA LIBERTAD"},"geometry":{"type":"Polygon","coordinates":[[[-77.8279,-7.1128],[-77.8086,-7.1146],[-77.7882,-7.1772],[-77.8593,-7.2086],[-77.8825,-7.2026],[-77.9105,-7.1621],[-77.8674,-7.097],[-77.8279,-7.1128]]]}},{"type":"Feature","properties":{"IDDIST":"061203","NOMBDIST":"SAN LUIS","NOMBPROV":"SAN PABLO","NOMBDEP":"CAJAMARCA"},"geometry":{"type":"Polygon","coordinates":[[[-78.8421,-7.1442],[-78.86,-7.1915],[-78.9163,-7.2107],[-78.8783,-7.1424],[-78.8832,-7.0956],[-78.8421,-7.1442]]]}},{"type":"Feature","properties":{"IDDIST":"220204","NOMBDIST":"HUALLAGA","NOMBPROV":"BELLAVISTA","NOMBDEP":"SAN MARTIN"},"geometry":{"type":"Polygon","coordinates":[[[-76.5226,-7.0958],[-76.5977,-7.1482],[-76.572,-7.2431],[-76.5411,-7.2837],[-76.5171,-7.353],[-76.5004,-7.4525],[-76.5571,-7.5486],[-76.5515,-7.5043],[-76.5743,-7.3868],[-76.5578,-7.3071],[-76.6145,-7.2135],[-76.6338,-7.1523],[-76.6704,-7.1272],[-76.631,-7.0899],[-76.5226,-7.0958]]]}},{"type":"Feature","properties":{"IDDIST":"060103","NOMBDIST":"CHETILLA","NOMBPROV":"CAJAMARCA","NOMBDEP":"CAJAMARCA"},"geometry":{"type":"Polygon","coordinates":[[[-78.6047,-7.1684],[-78.6733,-7.185],[-78.7081,-7.1565],[-78.6841,-7.1267],[-78.6617,-7.103],[-78.63,-7.085],[-78.6047,-7.1684]]]}},{"type":"Feature","properties":{"IDDIST":"130301","NOMBDIST":"BOLIVAR","NOMBPROV":"BOLIVAR","NOMBDEP":"LA LIBERTAD"},"geometry":{"type":"Polygon","coordinates":[[[-77.7179,-7.0887],[-77.7134,-7.1079],[-77.6435,-7.149],[-77.6055,-7.2192],[-77.6467,-7.2407],[-77.6286,-7.32],[-77.6308,-7.414],[-77.66,-7.4363],[-77.6835,-7.3999],[-77.734,-7.4114],[-77.7682,-7.4382],[-77.8134,-7.3925],[-77.8296,-7.3476],[-77.8311,-7.31],[-77.8596,-7.2649],[-77.8546,-7.2309],[-77.8825,-7.2026],[-77.8593,-7.2086],[-77.7882,-7.1772],[-77.8086,-7.1146],[-77.7525,-7.0832],[-77.7179,-7.0887]]]}},{"type":"Feature","properties":{"IDDIST":"130403","NOMBDIST":"PUEBLO NUEVO","NOMBPROV":"CHEPEN","NOMBDEP":"LA LIBERTAD"},"geometry":{"type":"Polygon","coordinates":[[[-79.4669,-7.2119],[-79.4541,-7.2292],[-79.5418,-7.2539],[-79.5611,-7.2885],[-79.5997,-7.2857],[-79.6906,-7.1771],[-79.5932,-7.073],[-79.5384,-7.1715],[-79.4669,-7.2119]]]}},{"type":"Feature","properties":{"IDDIST":"220601","NOMBDIST":"JUANJUI","NOMBPROV":"MARISCAL CACERES","NOMBDEP":"SAN MARTIN"},"geometry":{"type":"Polygon","coordinates":[[[-76.8547,-7.0686],[-76.8121,-7.173],[-76.7839,-7.1629],[-76.7153,-7.0977],[-76.6818,-7.0891],[-76.6704,-7.1272],[-76.7189,-7.175],[-76.7439,-7.2348],[-76.6853,-7.3172],[-76.6544,-7.391],[-76.6572,-7.4303],[-76.7043,-7.424],[-76.7559,-7.4754],[-76.7805,-7.444],[-76.7576,-7.3805],[-76.7088,-7.3538],[-76.7466,-7.3303],[-76.7573,-7.2844],[-76.8052,-7.2465],[-76.8282,-7.2561],[-76.8874,-7.1775],[-76.9071,-7.0862],[-76.8547,-7.0686]]]}},{"type":"Feature","properties":{"IDDIST":"061007","NOMBDIST":"JOSE SABOGAL","NOMBPROV":"SAN MARCOS","NOMBDEP":"CAJAMARCA"},"geometry":{"type":"Polygon","coordinates":[[[-77.9105,-7.1621],[-77.8825,-7.2026],[-77.8546,-7.2309],[-77.8596,-7.2649],[-77.8311,-7.31],[-77.8296,-7.3476],[-77.8831,-7.3642],[-77.9487,-7.3512],[-78.0479,-7.2887],[-78.073,-7.2455],[-78.1145,-7.1463],[-78.0565,-7.1348],[-78.0159,-7.0968],[-77.9511,-7.0646],[-77.9105,-7.1621]]]}},{"type":"Feature","properties":{"IDDIST":"220405","NOMBDIST":"SACANCHE","NOMBPROV":"HUALLAGA","NOMBDEP":"SAN MARTIN"},"geometry":{"type":"Polygon","coordinates":[[[-76.6899,-7.0327],[-76.6818,-7.0891],[-76.7153,-7.0977],[-76.7839,-7.1629],[-76.8121,-7.173],[-76.8547,-7.0686],[-76.8025,-7.0845],[-76.7823,-7.0334],[-76.7567,-7.0455],[-76.6899,-7.0327]]]}},{"type":"Feature","properties":{"IDDIST":"061201","NOMBDIST":"SAN PABLO","NOMBPROV":"SAN PABLO","NOMBDEP":"CAJAMARCA"},"geometry":{"type":"Polygon","coordinates":[[[-78.8109,-7.0189],[-78.7864,-7.0237],[-78.7754,-7.0524],[-78.6482,-7.0708],[-78.6617,-7.103],[-78.6841,-7.1267],[-78.7084,-7.1108],[-78.7652,-7.1422],[-78.8421,-7.1442],[-78.8832,-7.0956],[-78.8667,-7.0452],[-78.8109,-7.0189]]]}},{"type":"Feature","properties":{"IDDIST":"220406","NOMBDIST":"TINGO DE SAPOSOA","NOMBPROV":"HUALLAGA","NOMBDEP":"SAN MARTIN"},"geometry":{"type":"Polygon","coordinates":[[[-76.631,-7.0899],[-76.6704,-7.1272],[-76.6818,-7.0891],[-76.6899,-7.0327],[-76.6535,-7.009],[-76.6321,-7.0423],[-76.631,-7.0899]]]}},{"type":"Feature","properties":{"IDDIST":"061110","NOMBDIST":"SAN GREGORIO","NOMBPROV":"SAN MIGUEL","NOMBDEP":"CAJAMARCA"},"geometry":{"type":"Polygon","coordinates":[[[-79.0777,-7.0076],[-79.0616,-7.0266],[-79.0657,-7.1044],[-79.105,-7.1934],[-79.1985,-7.1854],[-79.2518,-7.1983],[-79.3046,-7.139],[-79.2962,-7.1296],[-79.1797,-7.0953],[-79.1756,-7.056],[-79.1224,-7.0184],[-79.0777,-7.0076]]]}},{"type":"Feature","properties":{"IDDIST":"220203","NOMBDIST":"BAJO BIAVO","NOMBPROV":"BELLAVISTA","NOMBDEP":"SAN MARTIN"},"geometry":{"type":"Polygon","coordinates":[[[-76.3754,-7.0165],[-76.319,-7.0585],[-76.2573,-7.0613],[-76.186,-7.0759],[-76.1578,-7.1027],[-76.1579,-7.1983],[-76.1435,-7.204],[-76.1667,-7.2676],[-76.2131,-7.3101],[-76.196,-7.3335],[-76.2147,-7.3991],[-76.2708,-7.4331],[-76.2993,-7.3968],[-76.2871,-7.3135],[-76.3796,-7.2056],[-76.4117,-7.1984],[-76.4792,-7.2303],[-76.5212,-7.2364],[-76.5411,-7.2837],[-76.572,-7.2431],[-76.5977,-7.1482],[-76.5226,-7.0958],[-76.4314,-7.0411],[-76.4243,-7.0135],[-76.4191,-7.0014],[-76.3754,-7.0165]]]}},{"type":"Feature","properties":{"IDDIST":"060108","NOMBDIST":"LOS BAÑOS DEL INCA","NOMBPROV":"CAJAMARCA","NOMBDEP":"CAJAMARCA"},"geometry":{"type":"Polygon","coordinates":[[[-78.3215,-7.1524],[-78.37,-7.1673],[-78.386,-7.1539],[-78.4702,-7.1827],[-78.5108,-7.1408],[-78.5478,-7.0532],[-78.5432,-7.0227],[-78.507,-6.9788],[-78.4769,-6.9893],[-78.4158,-7.0406],[-78.3999,-7.0872],[-78.3313,-7.1324],[-78.3215,-7.1524]]]}},{"type":"Feature","properties":{"IDDIST":"061113","NOMBDIST":"UNION AGUA BLANCA","NOMBPROV":"SAN MIGUEL","NOMBDEP":"CAJAMARCA"},"geometry":{"type":"Polygon","coordinates":[[[-79.0543,-6.9797],[-79.0308,-7.0044],[-79.0122,-7.0638],[-79.0158,-7.1205],[-79.0139,-7.1791],[-79.0441,-7.1952],[-79.0588,-7.2403],[-79.0856,-7.2456],[-79.105,-7.1934],[-79.0657,-7.1044],[-79.0616,-7.0266],[-79.0777,-7.0076],[-79.0543,-6.9797]]]}},{"type":"Feature","properties":{"IDDIST":"061105","NOMBDIST":"EL PRADO","NOMBPROV":"SAN MIGUEL","NOMBDEP":"CAJAMARCA"},"geometry":{"type":"Polygon","coordinates":[[[-78.9846,-6.9965],[-78.9925,-7.0501],[-78.9681,-7.1058],[-79.0158,-7.1205],[-79.0122,-7.0638],[-79.0308,-7.0044],[-79.0543,-6.9797],[-79.0196,-6.9694],[-78.9846,-6.9965]]]}},{"type":"Feature","properties":{"IDDIST":"130304","NOMBDIST":"LONGOTEA","NOMBPROV":"BOLIVAR","NOMBDEP":"LA LIBERTAD"},"geometry":{"type":"Polygon","coordinates":[[[-77.9307,-6.9862],[-77.8129,-7.0711],[-77.8279,-7.1128],[-77.8674,-7.097],[-77.9105,-7.1621],[-77.9511,-7.0646],[-77.9995,-6.9705],[-77.9307,-6.9862]]]}},{"type":"Feature","properties":{"IDDIST":"130402","NOMBDIST":"PACANGA","NOMBPROV":"CHEPEN","NOMBDEP":"LA LIBERTAD"},"geometry":{"type":"Polygon","coordinates":[[[-79.3226,-7.0257],[-79.3316,-7.0574],[-79.2962,-7.1296],[-79.3046,-7.139],[-79.3668,-7.154],[-79.4669,-7.2119],[-79.5384,-7.1715],[-79.5932,-7.073],[-79.5209,-6.9938],[-79.5033,-6.9674],[-79.4547,-6.9463],[-79.4008,-6.9569],[-79.3596,-7.005],[-79.3226,-7.0257]]]}},{"type":"Feature","properties":{"IDDIST":"220206","NOMBDIST":"SAN RAFAEL","NOMBPROV":"BELLAVISTA","NOMBDEP":"SAN MARTIN"},"geometry":{"type":"Polygon","coordinates":[[[-76.4243,-7.0135],[-76.4314,-7.0411],[-76.5226,-7.0958],[-76.5462,-6.9445],[-76.5235,-6.976],[-76.4654,-7.0091],[-76.4243,-7.0135]]]}},{"type":"Feature","properties":{"IDDIST":"060308","NOMBDIST":"OXAMARCA","NOMBPROV":"CELENDIN","NOMBDEP":"CAJAMARCA"},"geometry":{"type":"Polygon","coordinates":[[[-78.0009,-6.9421],[-77.9995,-6.9705],[-77.9511,-7.0646],[-78.0159,-7.0968],[-78.0565,-7.1348],[-78.1145,-7.1463],[-78.1837,-7.1491],[-78.198,-7.1128],[-78.1621,-7.1139],[-78.095,-7.0406],[-78.0976,-6.9964],[-78.067,-6.9745],[-78.0009,-6.9421]]]}},{"type":"Feature","properties":{"IDDIST":"130305","NOMBDIST":"UCHUMARCA","NOMBPROV":"BOLIVAR","NOMBDEP":"LA LIBERTAD"},"geometry":{"type":"Polygon","coordinates":[[[-77.7589,-6.9645],[-77.7179,-7.0887],[-77.7525,-7.0832],[-77.8086,-7.1146],[-77.8279,-7.1128],[-77.8129,-7.0711],[-77.9307,-6.9862],[-77.8803,-6.9625],[-77.8459,-6.9764],[-77.7793,-6.9415],[-77.7589,-6.9645]]]}},{"type":"Feature","properties":{"IDDIST":"220404","NOMBDIST":"PISCOYACU","NOMBPROV":"HUALLAGA","NOMBDEP":"SAN MARTIN"},"geometry":{"type":"Polygon","coordinates":[[[-76.7478,-6.974],[-76.7805,-6.9972],[-76.7823,-7.0334],[-76.8025,-7.0845],[-76.8547,-7.0686],[-76.9071,-7.0862],[-76.9026,-7.0097],[-76.8551,-6.96],[-76.7778,-6.9399],[-76.7478,-6.974]]]}},{"type":"Feature","properties":{"IDDIST":"061102","NOMBDIST":"BOLIVAR","NOMBPROV":"SAN MIGUEL","NOMBDEP":"CAJAMARCA"},"geometry":{"type":"Polygon","coordinates":[[[-79.1224,-7.0184],[-79.2124,-7.0041],[-79.2257,-6.9749],[-79.1744,-6.9373],[-79.1101,-6.941],[-79.0994,-6.9652],[-79.1379,-6.9933],[-79.1224,-7.0184]]]}},{"type":"Feature","properties":{"IDDIST":"160602","NOMBDIST":"INAHUAYA","NOMBPROV":"UCAYALI","NOMBDEP":"LORETO"},"geometry":{"type":"Polygon","coordinates":[[[-75.1099,-7.0255],[-75.133,-7.0671],[-75.1646,-7.0753],[-75.2164,-7.0582],[-75.2205,-7.1034],[-75.3168,-7.1528],[-75.3676,-7.1658],[-75.3818,-7.1332],[-75.4363,-7.0846],[-75.4815,-7.0283],[-75.4771,-6.9905],[-75.446,-6.97],[-75.3936,-6.9752],[-75.3519,-6.9458],[-75.3267,-6.9696],[-75.2402,-6.9371],[-75.1934,-6.981],[-75.1723,-6.9667],[-75.1178,-6.9749],[-75.1099,-7.0255]]]}},{"type":"Feature","properties":{"IDDIST":"220706","NOMBDIST":"SAN CRISTOBAL","NOMBPROV":"PICOTA","NOMBDEP":"SAN MARTIN"},"geometry":{"type":"Polygon","coordinates":[[[-76.453,-6.9315],[-76.4101,-6.975],[-76.3754,-7.0165],[-76.4191,-7.0014],[-76.4712,-6.9501],[-76.453,-6.9315]]]}},{"type":"Feature","properties":{"IDDIST":"061101","NOMBDIST":"SAN MIGUEL","NOMBPROV":"SAN MIGUEL","NOMBDEP":"CAJAMARCA"},"geometry":{"type":"Polygon","coordinates":[[[-78.8027,-7.008],[-78.8109,-7.0189],[-78.8667,-7.0452],[-78.8832,-7.0956],[-78.8783,-7.1424],[-78.9163,-7.2107],[-78.9195,-7.2109],[-78.9548,-7.1896],[-79.0139,-7.1791],[-79.0158,-7.1205],[-78.9681,-7.1058],[-78.9925,-7.0501],[-78.9846,-6.9965],[-78.9397,-6.989],[-78.9057,-6.9577],[-78.8615,-6.9918],[-78.8303,-6.9287],[-78.8027,-7.008]]]}},{"type":"Feature","properties":{"IDDIST":"060310","NOMBDIST":"SUCRE","NOMBPROV":"CELENDIN","NOMBDEP":"CAJAMARCA"},"geometry":{"type":"Polygon","coordinates":[[[-78.1309,-6.9338],[-78.067,-6.9745],[-78.0976,-6.9964],[-78.095,-7.0406],[-78.1621,-7.1139],[-78.198,-7.1128],[-78.2195,-7.0716],[-78.2872,-7.0209],[-78.2419,-6.9895],[-78.201,-6.9617],[-78.1525,-6.9282],[-78.1309,-6.9338]]]}},{"type":"Feature","properties":{"IDDIST":"140104","NOMBDIST":"ETEN PUERTO","NOMBPROV":"CHICLAYO","NOMBDEP":"LAMBAYEQUE"},"geometry":{"type":"Polygon","coordinates":[[[-79.8136,-6.9898],[-79.8661,-6.9486],[-79.8739,-6.9224],[-79.8136,-6.9898]]]}},{"type":"Feature","properties":{"IDDIST":"220403","NOMBDIST":"EL ESLABON","NOMBPROV":"HUALLAGA","NOMBDEP":"SAN MARTIN"},"geometry":{"type":"Polygon","coordinates":[[[-76.6535,-7.009],[-76.6899,-7.0327],[-76.7567,-7.0455],[-76.7823,-7.0334],[-76.7805,-6.9972],[-76.7478,-6.974],[-76.6812,-6.9166],[-76.6339,-6.9863],[-76.6535,-7.009]]]}},{"type":"Feature","properties":{"IDDIST":"060305","NOMBDIST":"JORGE CHAVEZ","NOMBPROV":"CELENDIN","NOMBDEP":"CAJAMARCA"},"geometry":{"type":"Polygon","coordinates":[[[-78.013,-6.9346],[-78.0009,-6.9421],[-78.067,-6.9745],[-78.1309,-6.9338],[-78.1046,-6.9123],[-78.013,-6.9346]]]}},{"type":"Feature","properties":{"IDDIST":"220708","NOMBDIST":"SHAMBOYACU","NOMBPROV":"PICOTA","NOMBDEP":"SAN MARTIN"},"geometry":{"type":"Polygon","coordinates":[[[-76.0502,-6.9322],[-76.0356,-6.9931],[-76.0108,-6.9965],[-76.0107,-7.0784],[-76.0466,-7.1214],[-76.0599,-7.1613],[-76.1435,-7.204],[-76.1579,-7.1983],[-76.1578,-7.1027],[-76.1186,-7.0843],[-76.1858,-6.9974],[-76.1716,-6.9632],[-76.1078,-6.9245],[-76.0502,-6.9322]]]}},{"type":"Feature","properties":{"IDDIST":"140107","NOMBDIST":"LAGUNAS","NOMBPROV":"CHICLAYO","NOMBDEP":"LAMBAYEQUE"},"geometry":{"type":"Polygon","coordinates":[[[-79.5209,-6.9938],[-79.5932,-7.073],[-79.6906,-7.1771],[-79.6835,-7.1249],[-79.7969,-7.0038],[-79.7699,-6.91],[-79.727,-6.9364],[-79.6756,-6.9045],[-79.635,-6.9169],[-79.5694,-6.9911],[-79.5209,-6.9938]]]}},{"type":"Feature","properties":{"IDDIST":"060306","NOMBDIST":"JOSE GALVEZ","NOMBPROV":"CELENDIN","NOMBDEP":"CAJAMARCA"},"geometry":{"type":"Polygon","coordinates":[[[-78.1068,-6.8944],[-78.1046,-6.9123],[-78.1309,-6.9338],[-78.1525,-6.9282],[-78.201,-6.9617],[-78.2004,-6.9167],[-78.1874,-6.8997],[-78.1068,-6.8944]]]}},{"type":"Feature","properties":{"IDDIST":"060101","NOMBDIST":"CAJAMARCA","NOMBPROV":"CAJAMARCA","NOMBDEP":"CAJAMARCA"},"geometry":{"type":"Polygon","coordinates":[[[-78.507,-6.9788],[-78.5432,-7.0227],[-78.5478,-7.0532],[-78.5108,-7.1408],[-78.4702,-7.1827],[-78.4624,-7.196],[-78.4605,-7.2458],[-78.532,-7.2268],[-78.557,-7.1905],[-78.6047,-7.1684],[-78.63,-7.085],[-78.6617,-7.103],[-78.6482,-7.0708],[-78.605,-6.9973],[-78.6135,-6.9207],[-78.5995,-6.8865],[-78.5623,-6.9275],[-78.5322,-6.9371],[-78.507,-6.9788]]]}},{"type":"Feature","properties":{"IDDIST":"140103","NOMBDIST":"ETEN","NOMBPROV":"CHICLAYO","NOMBDEP":"LAMBAYEQUE"},"geometry":{"type":"Polygon","coordinates":[[[-79.7699,-6.91],[-79.7969,-7.0038],[-79.8136,-6.9898],[-79.8739,-6.9224],[-79.8796,-6.9172],[-79.8775,-6.9084],[-79.8448,-6.8821],[-79.7699,-6.91]]]}},{"type":"Feature","properties":{"IDDIST":"220701","NOMBDIST":"PICOTA","NOMBPROV":"PICOTA","NOMBDEP":"SAN MARTIN"},"geometry":{"type":"Polygon","coordinates":[[[-76.3175,-6.8842],[-76.2734,-6.9359],[-76.2878,-7.0234],[-76.2573,-7.0613],[-76.319,-7.0585],[-76.3754,-7.0165],[-76.4101,-6.975],[-76.3747,-6.9486],[-76.399,-6.8873],[-76.3175,-6.8842]]]}},{"type":"Feature","properties":{"IDDIST":"061108","NOMBDIST":"NANCHOC","NOMBPROV":"SAN MIGUEL","NOMBDEP":"CAJAMARCA"},"geometry":{"type":"Polygon","coordinates":[[[-79.1744,-6.9373],[-79.2257,-6.9749],[-79.2124,-7.0041],[-79.1224,-7.0184],[-79.1756,-7.056],[-79.1797,-7.0953],[-79.2962,-7.1296],[-79.3316,-7.0574],[-79.3226,-7.0257],[-79.2966,-6.9998],[-79.2973,-6.886],[-79.2715,-6.8736],[-79.2386,-6.8804],[-79.1744,-6.9373]]]}},{"type":"Feature","properties":{"IDDIST":"220201","NOMBDIST":"BELLAVISTA","NOMBPROV":"BELLAVISTA","NOMBDEP":"SAN MARTIN"},"geometry":{"type":"Polygon","coordinates":[[[-76.5431,-6.9392],[-76.5462,-6.9445],[-76.5226,-7.0958],[-76.631,-7.0899],[-76.6321,-7.0423],[-76.6535,-7.009],[-76.6339,-6.9863],[-76.6812,-6.9166],[-76.7092,-6.8753],[-76.6479,-6.8857],[-76.602,-6.9184],[-76.5431,-6.9392]]]}},{"type":"Feature","properties":{"IDDIST":"060309","NOMBDIST":"SOROCHUCO","NOMBPROV":"CELENDIN","NOMBDEP":"CAJAMARCA"},"geometry":{"type":"Polygon","coordinates":[[[-78.2419,-6.9895],[-78.2872,-7.0209],[-78.3405,-6.9542],[-78.3827,-6.9236],[-78.3483,-6.8741],[-78.3212,-6.891],[-78.2557,-6.8718],[-78.2271,-6.8989],[-78.2446,-6.9261],[-78.2419,-6.9895]]]}},{"type":"Feature","properties":{"IDDIST":"010106","NOMBDIST":"CHUQUIBAMBA","NOMBPROV":"CHACHAPOYAS","NOMBDEP":"AMAZONAS"},"geometry":{"type":"Polygon","coordinates":[[[-77.7793,-6.9415],[-77.8459,-6.9764],[-77.8803,-6.9625],[-77.9307,-6.9862],[-77.9995,-6.9705],[-78.0009,-6.9421],[-78.013,-6.9346],[-78.001,-6.9105],[-77.9433,-6.8979],[-77.9164,-6.914],[-77.8761,-6.8722],[-77.8631,-6.8684],[-77.7793,-6.9415]]]}},{"type":"Feature","properties":{"IDDIST":"220709","NOMBDIST":"TINGO DE PONASA","NOMBPROV":"PICOTA","NOMBDEP":"SAN MARTIN"},"geometry":{"type":"Polygon","coordinates":[[[-76.1078,-6.9245],[-76.1716,-6.9632],[-76.1858,-6.9974],[-76.1186,-7.0843],[-76.1578,-7.1027],[-76.186,-7.0759],[-76.2573,-7.0613],[-76.2878,-7.0234],[-76.2734,-6.9359],[-76.3175,-6.8842],[-76.2783,-6.8654],[-76.196,-6.8627],[-76.1078,-6.9245]]]}},{"type":"Feature","properties":{"IDDIST":"061111","NOMBDIST":"SAN SILVESTRE DE COCHAN","NOMBPROV":"SAN MIGUEL","NOMBDEP":"CAJAMARCA"},"geometry":{"type":"Polygon","coordinates":[[[-78.6283,-6.866],[-78.6549,-6.9068],[-78.7864,-7.0237],[-78.8109,-7.0189],[-78.8027,-7.008],[-78.7777,-6.9376],[-78.737,-6.8835],[-78.6283,-6.866]]]}},{"type":"Feature","properties":{"IDDIST":"220703","NOMBDIST":"CASPISAPA","NOMBPROV":"PICOTA","NOMBDEP":"SAN MARTIN"},"geometry":{"type":"Polygon","coordinates":[[[-76.399,-6.8873],[-76.3747,-6.9486],[-76.4101,-6.975],[-76.453,-6.9315],[-76.4711,-6.8562],[-76.399,-6.8873]]]}},{"type":"Feature","properties":{"IDDIST":"140109","NOMBDIST":"NUEVA ARICA","NOMBPROV":"CHICLAYO","NOMBDEP":"LAMBAYEQUE"},"geometry":{"type":"Polygon","coordinates":[[[-79.2973,-6.886],[-79.2966,-6.9998],[-79.3226,-7.0257],[-79.3596,-7.005],[-79.4008,-6.9569],[-79.4547,-6.9463],[-79.4768,-6.9024],[-79.4279,-6.883],[-79.3507,-6.8579],[-79.2973,-6.886]]]}},{"type":"Feature","properties":{"IDDIST":"220707","NOMBDIST":"SAN HILARION","NOMBPROV":"PICOTA","NOMBDEP":"SAN MARTIN"},"geometry":{"type":"Polygon","coordinates":[[[-76.4711,-6.8562],[-76.453,-6.9315],[-76.4712,-6.9501],[-76.4191,-7.0014],[-76.4243,-7.0135],[-76.4654,-7.0091],[-76.5235,-6.976],[-76.5462,-6.9445],[-76.5431,-6.9392],[-76.537,-6.9128],[-76.4714,-6.856],[-76.4711,-6.8562]]]}},{"type":"Feature","properties":{"IDDIST":"061109","NOMBDIST":"NIEPOS","NOMBPROV":"SAN MIGUEL","NOMBDEP":"CAJAMARCA"},"geometry":{"type":"Polygon","coordinates":[[[-79.0685,-6.8976],[-79.0474,-6.9511],[-79.0196,-6.9694],[-79.0543,-6.9797],[-79.0777,-7.0076],[-79.1224,-7.0184],[-79.1379,-6.9933],[-79.0994,-6.9652],[-79.1101,-6.941],[-79.1744,-6.9373],[-79.2386,-6.8804],[-79.2715,-6.8736],[-79.2191,-6.8517],[-79.1923,-6.882],[-79.1553,-6.8764],[-79.1261,-6.901],[-79.0685,-6.8976]]]}},{"type":"Feature","properties":{"IDDIST":"061204","NOMBDIST":"TUMBADEN","NOMBPROV":"SAN PABLO","NOMBDEP":"CAJAMARCA"},"geometry":{"type":"Polygon","coordinates":[[[-78.6014,-6.8676],[-78.5995,-6.8865],[-78.6135,-6.9207],[-78.605,-6.9973],[-78.6482,-7.0708],[-78.7754,-7.0524],[-78.7864,-7.0237],[-78.6549,-6.9068],[-78.6283,-6.866],[-78.6151,-6.8516],[-78.6014,-6.8676]]]}},{"type":"Feature","properties":{"IDDIST":"140114","NOMBDIST":"SANTA ROSA","NOMBPROV":"CHICLAYO","NOMBDEP":"LAMBAYEQUE"},"geometry":{"type":"Polygon","coordinates":[[[-79.8831,-6.8514],[-79.9073,-6.8782],[-79.8775,-6.9084],[-79.8796,-6.9172],[-79.9316,-6.8736],[-79.9054,-6.8543],[-79.8831,-6.8514]]]}},{"type":"Feature","properties":{"IDDIST":"061103","NOMBDIST":"CALQUIS","NOMBPROV":"SAN MIGUEL","NOMBDEP":"CAJAMARCA"},"geometry":{"type":"Polygon","coordinates":[[[-78.9129,-6.8467],[-78.888,-6.8454],[-78.8551,-6.8802],[-78.8303,-6.9287],[-78.8615,-6.9918],[-78.9057,-6.9577],[-78.9397,-6.989],[-78.9846,-6.9965],[-79.0196,-6.9694],[-79.0474,-6.9511],[-79.0685,-6.8976],[-79.0829,-6.8738],[-79.0497,-6.8362],[-78.9829,-6.8624],[-78.9129,-6.8467]]]}},{"type":"Feature","properties":{"IDDIST":"140116","NOMBDIST":"CAYALTI","NOMBPROV":"CHICLAYO","NOMBDEP":"LAMBAYEQUE"},"geometry":{"type":"Polygon","coordinates":[[[-79.4359,-6.8316],[-79.4279,-6.883],[-79.4768,-6.9024],[-79.4547,-6.9463],[-79.5033,-6.9674],[-79.5161,-6.9317],[-79.5548,-6.9273],[-79.5906,-6.8973],[-79.5557,-6.8408],[-79.4881,-6.8251],[-79.4359,-6.8316]]]}},{"type":"Feature","properties":{"IDDIST":"060311","NOMBDIST":"UTCO","NOMBPROV":"CELENDIN","NOMBDEP":"CAJAMARCA"},"geometry":{"type":"Polygon","coordinates":[[[-78.0282,-6.8432],[-78.0014,-6.8658],[-78.001,-6.9105],[-78.013,-6.9346],[-78.1046,-6.9123],[-78.1068,-6.8944],[-78.0808,-6.8562],[-78.0282,-6.8432]]]}},{"type":"Feature","properties":{"IDDIST":"061106","NOMBDIST":"LA FLORIDA","NOMBPROV":"SAN MIGUEL","NOMBDEP":"CAJAMARCA"},"geometry":{"type":"Polygon","coordinates":[[[-79.0829,-6.8738],[-79.0685,-6.8976],[-79.1261,-6.901],[-79.1553,-6.8764],[-79.1923,-6.882],[-79.2191,-6.8517],[-79.2071,-6.8214],[-79.1463,-6.8656],[-79.0829,-6.8738]]]}},{"type":"Feature","properties":{"IDDIST":"140108","NOMBDIST":"MONSEFU","NOMBPROV":"CHICLAYO","NOMBDEP":"LAMBAYEQUE"},"geometry":{"type":"Polygon","coordinates":[[[-79.7704,-6.8267],[-79.823,-6.8513],[-79.8448,-6.8821],[-79.8775,-6.9084],[-79.9073,-6.8782],[-79.8831,-6.8514],[-79.8256,-6.8326],[-79.8012,-6.829],[-79.7704,-6.8267]]]}},{"type":"Feature","properties":{"IDDIST":"140113","NOMBDIST":"REQUE","NOMBPROV":"CHICLAYO","NOMBDEP":"LAMBAYEQUE"},"geometry":{"type":"Polygon","coordinates":[[[-79.7699,-6.91],[-79.8448,-6.8821],[-79.823,-6.8513],[-79.7704,-6.8267],[-79.7518,-6.8154],[-79.7699,-6.8531],[-79.7699,-6.91]]]}},{"type":"Feature","properties":{"IDDIST":"061107","NOMBDIST":"LLAPA","NOMBPROV":"SAN MIGUEL","NOMBDEP":"CAJAMARCA"},"geometry":{"type":"Polygon","coordinates":[[[-78.6326,-6.8081],[-78.6151,-6.8516],[-78.6283,-6.866],[-78.737,-6.8835],[-78.7777,-6.9376],[-78.8027,-7.008],[-78.8303,-6.9287],[-78.8551,-6.8802],[-78.8163,-6.8835],[-78.7587,-6.8726],[-78.6326,-6.8081]]]}},{"type":"Feature","properties":{"IDDIST":"060105","NOMBDIST":"ENCAÑADA","NOMBPROV":"CAJAMARCA","NOMBDEP":"CAJAMARCA"},"geometry":{"type":"Polygon","coordinates":[[[-78.4535,-6.8342],[-78.4266,-6.9312],[-78.3827,-6.9236],[-78.3405,-6.9542],[-78.2872,-7.0209],[-78.2195,-7.0716],[-78.198,-7.1128],[-78.1837,-7.1491],[-78.1907,-7.1573],[-78.2339,-7.1357],[-78.2803,-7.1335],[-78.3215,-7.1524],[-78.3313,-7.1324],[-78.3999,-7.0872],[-78.4158,-7.0406],[-78.4769,-6.9893],[-78.507,-6.9788],[-78.5322,-6.9371],[-78.5623,-6.9275],[-78.5995,-6.8865],[-78.6014,-6.8676],[-78.5307,-6.7989],[-78.466,-6.8068],[-78.4535,-6.8342]]]}},{"type":"Feature","properties":{"IDDIST":"160604","NOMBDIST":"PAMPA HERMOSA","NOMBPROV":"UCAYALI","NOMBDEP":"LORETO"},"geometry":{"type":"Polygon","coordinates":[[[-75.6334,-6.8431],[-75.6244,-6.9175],[-75.5778,-6.9621],[-75.5393,-6.961],[-75.4771,-6.9905],[-75.4815,-7.0283],[-75.4363,-7.0846],[-75.3818,-7.1332],[-75.3676,-7.1658],[-75.3168,-7.1528],[-75.2205,-7.1034],[-75.2164,-7.0582],[-75.1646,-7.0753],[-75.133,-7.0671],[-75.1099,-7.0255],[-75.081,-7.0206],[-75.0016,-7.1056],[-75.022,-7.1399],[-75.1055,-7.1614],[-75.1516,-7.2053],[-75.2088,-7.2198],[-75.2471,-7.2448],[-75.3486,-7.3508],[-75.4044,-7.3935],[-75.4265,-7.4533],[-75.4764,-7.4447],[-75.4877,-7.4148],[-75.5376,-7.3896],[-75.6275,-7.4483],[-75.6473,-7.4853],[-75.6903,-7.4986],[-75.6881,-7.5275],[-75.7328,-7.5903],[-75.728,-7.656],[-75.7748,-7.7747],[-75.7829,-7.8248],[-75.8295,-7.9735],[-75.8594,-7.9212],[-75.967,-7.9604],[-76.0099,-7.8543],[-76.0438,-7.7923],[-76.0849,-7.7618],[-76.1016,-7.7227],[-76.0977,-7.6422],[-76.0799,-7.5912],[-76.0914,-7.5604],[-76.1661,-7.4943],[-76.2147,-7.3991],[-76.196,-7.3335],[-76.2131,-7.3101],[-76.1667,-7.2676],[-76.1435,-7.204],[-76.0599,-7.1613],[-76.0466,-7.1214],[-76.0107,-7.0784],[-76.0108,-6.9965],[-76.0356,-6.9931],[-76.0502,-6.9322],[-76.0105,-6.8936],[-76.0509,-6.8109],[-76.0099,-6.7999],[-75.9637,-6.7884],[-75.8789,-6.8019],[-75.8439,-6.7973],[-75.7942,-6.8214],[-75.7684,-6.8538],[-75.6977,-6.8686],[-75.6681,-6.8264],[-75.6334,-6.8431]]]}},{"type":"Feature","properties":{"IDDIST":"140106","NOMBDIST":"LA VICTORIA","NOMBPROV":"CHICLAYO","NOMBDEP":"LAMBAYEQUE"},"geometry":{"type":"Polygon","coordinates":[[[-79.8256,-6.8326],[-79.8831,-6.8514],[-79.9054,-6.8543],[-79.8676,-6.8023],[-79.8256,-6.8326]]]}},{"type":"Feature","properties":{"IDDIST":"140115","NOMBDIST":"SAÑA","NOMBPROV":"CHICLAYO","NOMBDEP":"LAMBAYEQUE"},"geometry":{"type":"Polygon","coordinates":[[[-79.5557,-6.8408],[-79.5906,-6.8973],[-79.5548,-6.9273],[-79.5161,-6.9317],[-79.5033,-6.9674],[-79.5209,-6.9938],[-79.5694,-6.9911],[-79.635,-6.9169],[-79.6756,-6.9045],[-79.727,-6.9364],[-79.7699,-6.91],[-79.7699,-6.8531],[-79.7518,-6.8154],[-79.7408,-6.8125],[-79.6984,-6.8463],[-79.6526,-6.8618],[-79.6551,-6.8008],[-79.5872,-6.7768],[-79.5557,-6.8408]]]}},{"type":"Feature","properties":{"IDDIST":"220705","NOMBDIST":"PUCACACA","NOMBPROV":"PICOTA","NOMBDEP":"SAN MARTIN"},"geometry":{"type":"Polygon","coordinates":[[[-76.3221,-6.8033],[-76.2519,-6.8257],[-76.196,-6.8627],[-76.2783,-6.8654],[-76.3175,-6.8842],[-76.399,-6.8873],[-76.4711,-6.8562],[-76.4714,-6.856],[-76.5029,-6.7622],[-76.4056,-6.8157],[-76.3221,-6.8033]]]}},{"type":"Feature","properties":{"IDDIST":"140119","NOMBDIST":"PUCALA","NOMBPROV":"CHICLAYO","NOMBDEP":"LAMBAYEQUE"},"geometry":{"type":"Polygon","coordinates":[[[-79.4985,-6.7437],[-79.4938,-6.7818],[-79.4102,-6.7716],[-79.384,-6.7829],[-79.394,-6.8244],[-79.4359,-6.8316],[-79.4881,-6.8251],[-79.5557,-6.8408],[-79.5872,-6.7768],[-79.6551,-6.8008],[-79.6639,-6.7665],[-79.5312,-6.7564],[-79.4985,-6.7437]]]}},{"type":"Feature","properties":{"IDDIST":"140101","NOMBDIST":"CHICLAYO","NOMBPROV":"CHICLAYO","NOMBDEP":"LAMBAYEQUE"},"geometry":{"type":"Polygon","coordinates":[[[-79.8012,-6.829],[-79.8256,-6.8326],[-79.8676,-6.8023],[-79.8548,-6.7603],[-79.7938,-6.7398],[-79.8012,-6.829]]]}},{"type":"Feature","properties":{"IDDIST":"061104","NOMBDIST":"CATILLUC","NOMBPROV":"SAN MIGUEL","NOMBDEP":"CAJAMARCA"},"geometry":{"type":"Polygon","coordinates":[[[-78.7184,-6.7397],[-78.689,-6.7461],[-78.6384,-6.7778],[-78.6326,-6.8081],[-78.7587,-6.8726],[-78.8163,-6.8835],[-78.7946,-6.7952],[-78.7982,-6.7612],[-78.7575,-6.7378],[-78.7184,-6.7397]]]}},{"type":"Feature","properties":{"IDDIST":"140118","NOMBDIST":"POMALCA","NOMBPROV":"CHICLAYO","NOMBDEP":"LAMBAYEQUE"},"geometry":{"type":"Polygon","coordinates":[[[-79.7245,-6.7523],[-79.7043,-6.7918],[-79.7408,-6.8125],[-79.7518,-6.8154],[-79.7704,-6.8267],[-79.8012,-6.829],[-79.7938,-6.7398],[-79.7865,-6.7341],[-79.7245,-6.7523]]]}},{"type":"Feature","properties":{"IDDIST":"140311","NOMBDIST":"SAN JOSE","NOMBPROV":"LAMBAYEQUE","NOMBDEP":"LAMBAYEQUE"},"geometry":{"type":"Polygon","coordinates":[[[-79.8952,-6.731],[-79.9424,-6.8205],[-79.978,-6.7554],[-79.8952,-6.731]]]}},{"type":"Feature","properties":{"IDDIST":"140112","NOMBDIST":"PIMENTEL","NOMBPROV":"CHICLAYO","NOMBDEP":"LAMBAYEQUE"},"geometry":{"type":"Polygon","coordinates":[[[-79.8548,-6.7603],[-79.8676,-6.8023],[-79.9054,-6.8543],[-79.9316,-6.8736],[-79.9424,-6.8205],[-79.8952,-6.731],[-79.8854,-6.728],[-79.8548,-6.7603]]]}},{"type":"Feature","properties":{"IDDIST":"220205","NOMBDIST":"SAN PABLO","NOMBPROV":"BELLAVISTA","NOMBDEP":"SAN MARTIN"},"geometry":{"type":"Polygon","coordinates":[[[-76.5029,-6.7622],[-76.4714,-6.856],[-76.537,-6.9128],[-76.5431,-6.9392],[-76.602,-6.9184],[-76.6479,-6.8857],[-76.7092,-6.8753],[-76.7342,-6.8125],[-76.7345,-6.8027],[-76.6855,-6.8102],[-76.6212,-6.7762],[-76.5963,-6.7944],[-76.5345,-6.7488],[-76.5239,-6.7254],[-76.5029,-6.7622]]]}},{"type":"Feature","properties":{"IDDIST":"160606","NOMBDIST":"VARGAS GUERRA","NOMBPROV":"UCAYALI","NOMBDEP":"LORETO"},"geometry":{"type":"Polygon","coordinates":[[[-74.9014,-6.7327],[-74.8954,-6.8332],[-74.851,-6.9145],[-74.7992,-6.9768],[-74.8366,-7.0717],[-74.8752,-7.1251],[-74.8524,-7.1581],[-74.8813,-7.2342],[-74.9291,-7.1874],[-74.9475,-7.1393],[-74.9942,-7.1654],[-75.022,-7.1399],[-75.0016,-7.1056],[-75.081,-7.0206],[-75.1099,-7.0255],[-75.1178,-6.9749],[-75.1723,-6.9667],[-75.1934,-6.981],[-75.2402,-6.9371],[-75.3267,-6.9696],[-75.3519,-6.9458],[-75.3936,-6.9752],[-75.446,-6.97],[-75.4771,-6.9905],[-75.5393,-6.961],[-75.5778,-6.9621],[-75.6244,-6.9175],[-75.5664,-6.9279],[-75.523,-6.9141],[-75.5035,-6.8787],[-75.3687,-6.8712],[-75.3237,-6.8305],[-75.2939,-6.8414],[-75.2659,-6.8099],[-75.2059,-6.7869],[-75.1005,-6.7645],[-75.0652,-6.7727],[-75.0378,-6.7357],[-75.0012,-6.7196],[-74.9662,-6.771],[-74.9014,-6.7327]]]}},{"type":"Feature","properties":{"IDDIST":"140105","NOMBDIST":"JOSE LEONARDO ORTIZ","NOMBPROV":"CHICLAYO","NOMBDEP":"LAMBAYEQUE"},"geometry":{"type":"Polygon","coordinates":[[[-79.8295,-6.7217],[-79.7865,-6.7341],[-79.7938,-6.7398],[-79.8548,-6.7603],[-79.8854,-6.728],[-79.8295,-6.7217]]]}},{"type":"Feature","properties":{"IDDIST":"220401","NOMBDIST":"SAPOSOA","NOMBPROV":"HUALLAGA","NOMBDEP":"SAN MARTIN"},"geometry":{"type":"Polygon","coordinates":[[[-76.7342,-6.8125],[-76.7092,-6.8753],[-76.6812,-6.9166],[-76.7478,-6.974],[-76.7778,-6.9399],[-76.8551,-6.96],[-76.9026,-7.0097],[-76.952,-6.9963],[-76.9655,-6.9432],[-77.0144,-6.8371],[-77.0392,-6.7376],[-77.0254,-6.7135],[-77.0028,-6.7504],[-76.9159,-6.8303],[-76.809,-6.8532],[-76.7451,-6.8427],[-76.7342,-6.8125]]]}},{"type":"Feature","properties":{"IDDIST":"061112","NOMBDIST":"TONGOD","NOMBPROV":"SAN MIGUEL","NOMBDEP":"CAJAMARCA"},"geometry":{"type":"Polygon","coordinates":[[[-78.7575,-6.7378],[-78.7982,-6.7612],[-78.7946,-6.7952],[-78.8163,-6.8835],[-78.8551,-6.8802],[-78.888,-6.8454],[-78.8869,-6.7972],[-78.8483,-6.7168],[-78.817,-6.6922],[-78.7575,-6.7378]]]}},{"type":"Feature","properties":{"IDDIST":"220704","NOMBDIST":"PILLUANA","NOMBPROV":"PICOTA","NOMBDEP":"SAN MARTIN"},"geometry":{"type":"Polygon","coordinates":[[[-76.2679,-6.7411],[-76.2175,-6.7671],[-76.2519,-6.8257],[-76.3221,-6.8033],[-76.2937,-6.7727],[-76.275,-6.6921],[-76.2679,-6.7411]]]}},{"type":"Feature","properties":{"IDDIST":"010103","NOMBDIST":"BALSAS","NOMBPROV":"CHACHAPOYAS","NOMBDEP":"AMAZONAS"},"geometry":{"type":"Polygon","coordinates":[[[-77.8761,-6.8722],[-77.9164,-6.914],[-77.9433,-6.8979],[-78.001,-6.9105],[-78.0014,-6.8658],[-78.0282,-6.8432],[-78.0141,-6.8223],[-78.0359,-6.7432],[-77.936,-6.6898],[-77.9069,-6.7022],[-77.8794,-6.7475],[-77.8881,-6.8292],[-77.8761,-6.8722]]]}},{"type":"Feature","properties":{"IDDIST":"220710","NOMBDIST":"TRES UNIDOS","NOMBPROV":"PICOTA","NOMBDEP":"SAN MARTIN"},"geometry":{"type":"Polygon","coordinates":[[[-76.0509,-6.8109],[-76.0105,-6.8936],[-76.0502,-6.9322],[-76.1078,-6.9245],[-76.196,-6.8627],[-76.2519,-6.8257],[-76.2175,-6.7671],[-76.1882,-6.7123],[-76.1268,-6.688],[-76.0954,-6.7149],[-76.0685,-6.8015],[-76.0509,-6.8109]]]}},{"type":"Feature","properties":{"IDDIST":"140111","NOMBDIST":"PICSI","NOMBPROV":"CHICLAYO","NOMBDEP":"LAMBAYEQUE"},"geometry":{"type":"Polygon","coordinates":[[[-79.7698,-6.6814],[-79.753,-6.684],[-79.7245,-6.7523],[-79.7865,-6.7341],[-79.8295,-6.7217],[-79.7814,-6.6796],[-79.7698,-6.6814]]]}},{"type":"Feature","properties":{"IDDIST":"140120","NOMBDIST":"TUMAN","NOMBPROV":"CHICLAYO","NOMBDEP":"LAMBAYEQUE"},"geometry":{"type":"Polygon","coordinates":[[[-79.6637,-6.7152],[-79.6639,-6.7665],[-79.6551,-6.8008],[-79.6526,-6.8618],[-79.6984,-6.8463],[-79.7408,-6.8125],[-79.7043,-6.7918],[-79.7245,-6.7523],[-79.753,-6.684],[-79.6978,-6.6847],[-79.6637,-6.7152]]]}},{"type":"Feature","properties":{"IDDIST":"220702","NOMBDIST":"BUENOS AIRES","NOMBPROV":"PICOTA","NOMBDEP":"SAN MARTIN"},"geometry":{"type":"Polygon","coordinates":[[[-76.275,-6.6921],[-76.2937,-6.7727],[-76.3221,-6.8033],[-76.4056,-6.8157],[-76.5029,-6.7622],[-76.5239,-6.7254],[-76.5242,-6.6929],[-76.4563,-6.68],[-76.275,-6.6921]]]}},{"type":"Feature","properties":{"IDDIST":"060304","NOMBDIST":"HUASMIN","NOMBPROV":"CELENDIN","NOMBDEP":"CAJAMARCA"},"geometry":{"type":"Polygon","coordinates":[[[-78.3504,-6.6793],[-78.302,-6.7289],[-78.267,-6.797],[-78.215,-6.7878],[-78.2004,-6.9167],[-78.201,-6.9617],[-78.2419,-6.9895],[-78.2446,-6.9261],[-78.2271,-6.8989],[-78.2557,-6.8718],[-78.3212,-6.891],[-78.3483,-6.8741],[-78.3827,-6.9236],[-78.4266,-6.9312],[-78.4535,-6.8342],[-78.402,-6.8151],[-78.4048,-6.7115],[-78.3866,-6.6881],[-78.3504,-6.6793]]]}},{"type":"Feature","properties":{"IDDIST":"140110","NOMBDIST":"OYOTUN","NOMBPROV":"CHICLAYO","NOMBDEP":"LAMBAYEQUE"},"geometry":{"type":"Polygon","coordinates":[[[-79.2071,-6.8214],[-79.2191,-6.8517],[-79.2715,-6.8736],[-79.2973,-6.886],[-79.3507,-6.8579],[-79.4279,-6.883],[-79.4359,-6.8316],[-79.394,-6.8244],[-79.384,-6.7829],[-79.3428,-6.7408],[-79.336,-6.6779],[-79.2964,-6.6757],[-79.2291,-6.6714],[-79.2138,-6.6956],[-79.1416,-6.7015],[-79.1208,-6.777],[-79.2071,-6.8214]]]}},{"type":"Feature","properties":{"IDDIST":"061307","NOMBDIST":"PULAN","NOMBPROV":"SANTA CRUZ","NOMBDEP":"CAJAMARCA"},"geometry":{"type":"Polygon","coordinates":[[[-78.9525,-6.678],[-78.8785,-6.7135],[-78.8483,-6.7168],[-78.8869,-6.7972],[-78.888,-6.8454],[-78.9129,-6.8467],[-78.9524,-6.749],[-79.0076,-6.6903],[-78.9836,-6.6564],[-78.9525,-6.678]]]}},{"type":"Feature","properties":{"IDDIST":"061308","NOMBDIST":"SAUCEPAMPA","NOMBPROV":"SANTA CRUZ","NOMBDEP":"CAJAMARCA"},"geometry":{"type":"Polygon","coordinates":[[[-78.8743,-6.6678],[-78.8785,-6.7135],[-78.9525,-6.678],[-78.9334,-6.6586],[-78.8743,-6.6678]]]}},{"type":"Feature","properties":{"IDDIST":"060703","NOMBDIST":"HUALGAYOC","NOMBPROV":"HUALGAYOC","NOMBDEP":"CAJAMARCA"},"geometry":{"type":"Polygon","coordinates":[[[-78.6233,-6.6533],[-78.5706,-6.6787],[-78.5265,-6.7742],[-78.5307,-6.7989],[-78.6014,-6.8676],[-78.6151,-6.8516],[-78.6326,-6.8081],[-78.6384,-6.7778],[-78.689,-6.7461],[-78.654,-6.7206],[-78.6518,-6.6807],[-78.6233,-6.6533]]]}},{"type":"Feature","properties":{"IDDIST":"061311","NOMBDIST":"YAUYUCAN","NOMBPROV":"SANTA CRUZ","NOMBDEP":"CAJAMARCA"},"geometry":{"type":"Polygon","coordinates":[[[-78.8335,-6.6602],[-78.8061,-6.6812],[-78.817,-6.6922],[-78.8483,-6.7168],[-78.8785,-6.7135],[-78.8743,-6.6678],[-78.8335,-6.6602]]]}},{"type":"Feature","properties":{"IDDIST":"010110","NOMBDIST":"LEIMEBAMBA","NOMBPROV":"CHACHAPOYAS","NOMBDEP":"AMAZONAS"},"geometry":{"type":"Polygon","coordinates":[[[-77.7589,-6.9645],[-77.7793,-6.9415],[-77.8631,-6.8684],[-77.8761,-6.8722],[-77.8881,-6.8292],[-77.8794,-6.7475],[-77.9069,-6.7022],[-77.936,-6.6898],[-77.8532,-6.6765],[-77.802,-6.6548],[-77.7403,-6.6475],[-77.7467,-6.7518],[-77.7353,-6.7883],[-77.7617,-6.8077],[-77.7233,-6.8935],[-77.7589,-6.9645]]]}},{"type":"Feature","properties":{"IDDIST":"061302","NOMBDIST":"ANDABAMBA","NOMBPROV":"SANTA CRUZ","NOMBDEP":"CAJAMARCA"},"geometry":{"type":"Polygon","coordinates":[[[-78.8061,-6.6812],[-78.8335,-6.6602],[-78.7993,-6.6463],[-78.8061,-6.6812]]]}},{"type":"Feature","properties":{"IDDIST":"220913","NOMBDIST":"SAUCE","NOMBPROV":"SAN MARTIN","NOMBDEP":"SAN MARTIN"},"geometry":{"type":"Polygon","coordinates":[[[-76.1515,-6.6714],[-76.1268,-6.688],[-76.1882,-6.7123],[-76.2175,-6.7671],[-76.2679,-6.7411],[-76.2477,-6.7466],[-76.234,-6.6534],[-76.192,-6.6457],[-76.1515,-6.6714]]]}},{"type":"Feature","properties":{"IDDIST":"061306","NOMBDIST":"NINABAMBA","NOMBPROV":"SANTA CRUZ","NOMBDEP":"CAJAMARCA"},"geometry":{"type":"Polygon","coordinates":[[[-78.7668,-6.6453],[-78.7184,-6.7397],[-78.7575,-6.7378],[-78.817,-6.6922],[-78.8061,-6.6812],[-78.7993,-6.6463],[-78.7985,-6.6413],[-78.7668,-6.6453]]]}},{"type":"Feature","properties":{"IDDIST":"220902","NOMBDIST":"ALBERTO LEVEAU","NOMBPROV":"SAN MARTIN","NOMBDEP":"SAN MARTIN"},"geometry":{"type":"Polygon","coordinates":[[[-76.234,-6.6534],[-76.2477,-6.7466],[-76.2679,-6.7411],[-76.275,-6.6921],[-76.2929,-6.6408],[-76.234,-6.6534]]]}},{"type":"Feature","properties":{"IDDIST":"220302","NOMBDIST":"AGUA BLANCA","NOMBPROV":"EL DORADO","NOMBDEP":"SAN MARTIN"},"geometry":{"type":"Polygon","coordinates":[[[-76.7366,-6.7904],[-76.7812,-6.7374],[-76.7808,-6.7007],[-76.7184,-6.6856],[-76.6873,-6.7076],[-76.6586,-6.6347],[-76.6319,-6.6329],[-76.6447,-6.661],[-76.6356,-6.7218],[-76.6667,-6.7629],[-76.7366,-6.7904]]]}},{"type":"Feature","properties":{"IDDIST":"140117","NOMBDIST":"PATAPO","NOMBPROV":"CHICLAYO","NOMBDEP":"LAMBAYEQUE"},"geometry":{"type":"Polygon","coordinates":[[[-79.4985,-6.7437],[-79.5312,-6.7564],[-79.6639,-6.7665],[-79.6637,-6.7152],[-79.6254,-6.7018],[-79.6203,-6.6641],[-79.5908,-6.6277],[-79.5296,-6.6528],[-79.5076,-6.6897],[-79.4985,-6.7437]]]}},{"type":"Feature","properties":{"IDDIST":"060702","NOMBDIST":"CHUGUR","NOMBPROV":"HUALGAYOC","NOMBDEP":"CAJAMARCA"},"geometry":{"type":"Polygon","coordinates":[[[-78.6719,-6.6614],[-78.6518,-6.6807],[-78.654,-6.7206],[-78.689,-6.7461],[-78.7184,-6.7397],[-78.7668,-6.6453],[-78.758,-6.6321],[-78.7231,-6.6295],[-78.6719,-6.6614]]]}},{"type":"Feature","properties":{"IDDIST":"060312","NOMBDIST":"LA LIBERTAD DE PALLAN","NOMBPROV":"CELENDIN","NOMBDEP":"CAJAMARCA"},"geometry":{"type":"Polygon","coordinates":[[[-78.2128,-6.7854],[-78.215,-6.7878],[-78.267,-6.797],[-78.302,-6.7289],[-78.3504,-6.6793],[-78.3737,-6.6239],[-78.3311,-6.6164],[-78.289,-6.647],[-78.2358,-6.7073],[-78.2085,-6.7594],[-78.2128,-6.7854]]]}},{"type":"Feature","properties":{"IDDIST":"061303","NOMBDIST":"CATACHE","NOMBPROV":"SANTA CRUZ","NOMBDEP":"CAJAMARCA"},"geometry":{"type":"Polygon","coordinates":[[[-79.1268,-6.6322],[-79.0607,-6.6643],[-79.0141,-6.6451],[-78.9836,-6.6564],[-79.0076,-6.6903],[-78.9524,-6.749],[-78.9129,-6.8467],[-78.9829,-6.8624],[-79.0497,-6.8362],[-79.0829,-6.8738],[-79.1463,-6.8656],[-79.2071,-6.8214],[-79.1208,-6.777],[-79.1416,-6.7015],[-79.2138,-6.6956],[-79.2291,-6.6714],[-79.2402,-6.6177],[-79.1268,-6.6322]]]}},{"type":"Feature","properties":{"IDDIST":"060301","NOMBDIST":"CELENDIN","NOMBPROV":"CELENDIN","NOMBDEP":"CAJAMARCA"},"geometry":{"type":"Polygon","coordinates":[[[-78.0359,-6.7432],[-78.0141,-6.8223],[-78.0282,-6.8432],[-78.0808,-6.8562],[-78.1068,-6.8944],[-78.1874,-6.8997],[-78.2004,-6.9167],[-78.215,-6.7878],[-78.2128,-6.7854],[-78.1624,-6.7446],[-78.1509,-6.66],[-78.1161,-6.6027],[-78.0943,-6.6573],[-78.0582,-6.6762],[-78.0359,-6.7432]]]}},{"type":"Feature","properties":{"IDDIST":"140206","NOMBDIST":"PUEBLO NUEVO","NOMBPROV":"FERREÑAFE","NOMBDEP":"LAMBAYEQUE"},"geometry":{"type":"Polygon","coordinates":[[[-79.8246,-6.6584],[-79.8424,-6.6014],[-79.8415,-6.5958],[-79.7925,-6.6338],[-79.8246,-6.6584]]]}},{"type":"Feature","properties":{"IDDIST":"220304","NOMBDIST":"SANTA ROSA","NOMBPROV":"EL DORADO","NOMBDEP":"SAN MARTIN"},"geometry":{"type":"Polygon","coordinates":[[[-76.5346,-6.6255],[-76.5585,-6.6714],[-76.5242,-6.6929],[-76.5239,-6.7254],[-76.5345,-6.7488],[-76.5963,-6.7944],[-76.6212,-6.7762],[-76.6855,-6.8102],[-76.7345,-6.8027],[-76.7366,-6.7904],[-76.6667,-6.7629],[-76.6356,-6.7218],[-76.6447,-6.661],[-76.6319,-6.6329],[-76.5972,-6.5912],[-76.5526,-6.5957],[-76.5346,-6.6255]]]}},{"type":"Feature","properties":{"IDDIST":"140301","NOMBDIST":"LAMBAYEQUE","NOMBPROV":"LAMBAYEQUE","NOMBDEP":"LAMBAYEQUE"},"geometry":{"type":"Polygon","coordinates":[[[-79.8424,-6.6014],[-79.8246,-6.6584],[-79.7814,-6.6796],[-79.8295,-6.7217],[-79.8854,-6.728],[-79.8952,-6.731],[-79.978,-6.7554],[-80.1117,-6.6514],[-79.9528,-6.641],[-79.9648,-6.6144],[-79.9181,-6.5898],[-79.8424,-6.6014]]]}},{"type":"Feature","properties":{"IDDIST":"061301","NOMBDIST":"SANTA CRUZ","NOMBPROV":"SANTA CRUZ","NOMBDEP":"CAJAMARCA"},"geometry":{"type":"Polygon","coordinates":[[[-78.9096,-6.5815],[-78.8743,-6.6678],[-78.9334,-6.6586],[-78.9525,-6.678],[-78.9836,-6.6564],[-79.0141,-6.6451],[-78.9657,-6.5815],[-78.9096,-6.5815]]]}},{"type":"Feature","properties":{"IDDIST":"010115","NOMBDIST":"MONTEVIDEO","NOMBPROV":"CHACHAPOYAS","NOMBDEP":"AMAZONAS"},"geometry":{"type":"Polygon","coordinates":[[[-77.6267,-6.6127],[-77.6934,-6.6785],[-77.7403,-6.6475],[-77.802,-6.6548],[-77.8121,-6.6113],[-77.7518,-6.6193],[-77.7041,-6.5823],[-77.6665,-6.5783],[-77.6267,-6.6127]]]}},{"type":"Feature","properties":{"IDDIST":"061310","NOMBDIST":"UTICYACU","NOMBPROV":"SANTA CRUZ","NOMBDEP":"CAJAMARCA"},"geometry":{"type":"Polygon","coordinates":[[[-78.758,-6.6321],[-78.7668,-6.6453],[-78.7985,-6.6413],[-78.8285,-6.6008],[-78.7867,-6.5779],[-78.758,-6.6321]]]}},{"type":"Feature","properties":{"IDDIST":"061305","NOMBDIST":"LA ESPERANZA","NOMBPROV":"SANTA CRUZ","NOMBDEP":"CAJAMARCA"},"geometry":{"type":"Polygon","coordinates":[[[-78.8285,-6.6008],[-78.7985,-6.6413],[-78.7993,-6.6463],[-78.8335,-6.6602],[-78.8743,-6.6678],[-78.9096,-6.5815],[-78.8714,-6.5759],[-78.8285,-6.6008]]]}},{"type":"Feature","properties":{"IDDIST":"140201","NOMBDIST":"FERREÑAFE","NOMBPROV":"FERREÑAFE","NOMBDEP":"LAMBAYEQUE"},"geometry":{"type":"Polygon","coordinates":[[[-79.7556,-6.5857],[-79.7698,-6.6814],[-79.7814,-6.6796],[-79.8246,-6.6584],[-79.7925,-6.6338],[-79.8415,-6.5958],[-79.8298,-6.5711],[-79.7556,-6.5857]]]}},{"type":"Feature","properties":{"IDDIST":"060307","NOMBDIST":"MIGUEL IGLESIAS","NOMBPROV":"CELENDIN","NOMBDEP":"CAJAMARCA"},"geometry":{"type":"Polygon","coordinates":[[[-78.1509,-6.66],[-78.1624,-6.7446],[-78.2128,-6.7854],[-78.2085,-6.7594],[-78.2358,-6.7073],[-78.289,-6.647],[-78.3311,-6.6164],[-78.3737,-6.6239],[-78.3504,-6.6793],[-78.3866,-6.6881],[-78.413,-6.5959],[-78.339,-6.579],[-78.267,-6.5691],[-78.2013,-6.6413],[-78.1509,-6.66]]]}},{"type":"Feature","properties":{"IDDIST":"010517","NOMBDIST":"SAN FRANCISCO DEL YESO","NOMBPROV":"LUYA","NOMBDEP":"AMAZONAS"},"geometry":{"type":"Polygon","coordinates":[[[-77.8121,-6.6113],[-77.802,-6.6548],[-77.8532,-6.6765],[-77.936,-6.6898],[-77.9219,-6.6317],[-77.8299,-6.5656],[-77.8121,-6.6113]]]}},{"type":"Feature","properties":{"IDDIST":"060701","NOMBDIST":"BAMBAMARCA","NOMBPROV":"HUALGAYOC","NOMBDEP":"CAJAMARCA"},"geometry":{"type":"Polygon","coordinates":[[[-78.413,-6.5959],[-78.3866,-6.6881],[-78.4048,-6.7115],[-78.402,-6.8151],[-78.4535,-6.8342],[-78.466,-6.8068],[-78.5307,-6.7989],[-78.5265,-6.7742],[-78.5706,-6.6787],[-78.6233,-6.6533],[-78.5604,-6.5978],[-78.532,-6.6085],[-78.4583,-6.5605],[-78.4371,-6.56],[-78.413,-6.5959]]]}},{"type":"Feature","properties":{"IDDIST":"140204","NOMBDIST":"MANUEL ANTONIO MESONES MURO","NOMBPROV":"FERREÑAFE","NOMBDEP":"LAMBAYEQUE"},"geometry":{"type":"Polygon","coordinates":[[[-79.645,-6.5549],[-79.6244,-6.6011],[-79.5908,-6.6277],[-79.6203,-6.6641],[-79.6254,-6.7018],[-79.6637,-6.7152],[-79.6978,-6.6847],[-79.753,-6.684],[-79.7698,-6.6814],[-79.7556,-6.5857],[-79.7085,-6.5902],[-79.645,-6.5549]]]}},{"type":"Feature","properties":{"IDDIST":"220908","NOMBDIST":"JUAN GUERRA","NOMBPROV":"SAN MARTIN","NOMBDEP":"SAN MARTIN"},"geometry":{"type":"Polygon","coordinates":[[[-76.2838,-6.55],[-76.2929,-6.6408],[-76.275,-6.6921],[-76.4563,-6.68],[-76.4079,-6.6356],[-76.4184,-6.5618],[-76.3992,-6.5517],[-76.335,-6.5616],[-76.2838,-6.55]]]}},{"type":"Feature","properties":{"IDDIST":"010113","NOMBDIST":"MARISCAL CASTILLA","NOMBPROV":"CHACHAPOYAS","NOMBDEP":"AMAZONAS"},"geometry":{"type":"Polygon","coordinates":[[[-77.7262,-6.5521],[-77.7041,-6.5823],[-77.7518,-6.6193],[-77.8121,-6.6113],[-77.8299,-6.5656],[-77.8287,-6.5562],[-77.7262,-6.5521]]]}},{"type":"Feature","properties":{"IDDIST":"220604","NOMBDIST":"PACHIZA","NOMBPROV":"MARISCAL CACERES","NOMBDEP":"SAN MARTIN"},"geometry":{"type":"Polygon","coordinates":[[[-77.0254,-6.7135],[-77.0392,-6.7376],[-77.0144,-6.8371],[-76.9655,-6.9432],[-76.952,-6.9963],[-76.9026,-7.0097],[-76.9071,-7.0862],[-76.8874,-7.1775],[-76.8282,-7.2561],[-76.8052,-7.2465],[-76.7573,-7.2844],[-76.7466,-7.3303],[-76.7664,-7.3069],[-76.8382,-7.3622],[-76.8841,-7.3471],[-76.9818,-7.2514],[-77.0007,-7.2056],[-77.0953,-7.17],[-77.1202,-7.1427],[-77.1896,-6.9674],[-77.1905,-6.9227],[-77.2138,-6.8845],[-77.2018,-6.8289],[-77.2341,-6.7877],[-77.2474,-6.7204],[-77.2185,-6.6801],[-77.1509,-6.6484],[-77.1576,-6.6001],[-77.1132,-6.573],[-77.0984,-6.538],[-77.0466,-6.5657],[-77.074,-6.6397],[-77.0254,-6.7135]]]}},{"type":"Feature","properties":{"IDDIST":"220301","NOMBDIST":"SAN JOSE DE SISA","NOMBPROV":"EL DORADO","NOMBDEP":"SAN MARTIN"},"geometry":{"type":"Polygon","coordinates":[[[-76.6398,-6.527],[-76.614,-6.5714],[-76.5972,-6.5912],[-76.6319,-6.6329],[-76.6586,-6.6347],[-76.6873,-6.7076],[-76.7184,-6.6856],[-76.7808,-6.7007],[-76.797,-6.6456],[-76.8413,-6.549],[-76.7655,-6.5509],[-76.7075,-6.5636],[-76.6398,-6.527]]]}},{"type":"Feature","properties":{"IDDIST":"140305","NOMBDIST":"MOCHUMI","NOMBPROV":"LAMBAYEQUE","NOMBDEP":"LAMBAYEQUE"},"geometry":{"type":"Polygon","coordinates":[[[-79.8298,-6.5711],[-79.8415,-6.5958],[-79.8424,-6.6014],[-79.9181,-6.5898],[-79.9648,-6.6144],[-79.942,-6.5348],[-79.8257,-6.5208],[-79.8298,-6.5711]]]}},{"type":"Feature","properties":{"IDDIST":"010503","NOMBDIST":"COCABAMBA","NOMBPROV":"LUYA","NOMBDEP":"AMAZONAS"},"geometry":{"type":"Polygon","coordinates":[[[-77.945,-6.5749],[-77.9219,-6.6317],[-77.936,-6.6898],[-78.0359,-6.7432],[-78.0582,-6.6762],[-78.0943,-6.6573],[-78.1161,-6.6027],[-78.1367,-6.5585],[-78.0188,-6.5515],[-77.9985,-6.5191],[-77.945,-6.5749]]]}},{"type":"Feature","properties":{"IDDIST":"010521","NOMBDIST":"SANTO TOMAS","NOMBPROV":"LUYA","NOMBDEP":"AMAZONAS"},"geometry":{"type":"Polygon","coordinates":[[[-77.8311,-6.5378],[-77.8287,-6.5562],[-77.8299,-6.5656],[-77.9219,-6.6317],[-77.945,-6.5749],[-77.9172,-6.5343],[-77.8311,-6.5378]]]}},{"type":"Feature","properties":{"IDDIST":"061309","NOMBDIST":"SEXI","NOMBPROV":"SANTA CRUZ","NOMBDEP":"CAJAMARCA"},"geometry":{"type":"Polygon","coordinates":[[[-78.9647,-6.532],[-78.9657,-6.5815],[-79.0141,-6.6451],[-79.0607,-6.6643],[-79.1268,-6.6322],[-79.0993,-6.6095],[-79.0742,-6.5338],[-79.0238,-6.5128],[-78.9647,-6.532]]]}},{"type":"Feature","properties":{"IDDIST":"061304","NOMBDIST":"CHANCAYBAÑOS","NOMBPROV":"SANTA CRUZ","NOMBDEP":"CAJAMARCA"},"geometry":{"type":"Polygon","coordinates":[[[-78.8924,-6.5263],[-78.8233,-6.5257],[-78.7767,-6.5631],[-78.7867,-6.5779],[-78.8285,-6.6008],[-78.8714,-6.5759],[-78.9096,-6.5815],[-78.9657,-6.5815],[-78.9647,-6.532],[-78.9278,-6.5036],[-78.8924,-6.5263]]]}},{"type":"Feature","properties":{"IDDIST":"220914","NOMBDIST":"SHAPAJA","NOMBPROV":"SAN MARTIN","NOMBDEP":"SAN MARTIN"},"geometry":{"type":"Polygon","coordinates":[[[-76.141,-6.5687],[-76.1122,-6.6026],[-76.1167,-6.6383],[-76.1515,-6.6714],[-76.192,-6.6457],[-76.234,-6.6534],[-76.2929,-6.6408],[-76.2838,-6.55],[-76.2853,-6.5093],[-76.2394,-6.4913],[-76.2107,-6.5336],[-76.141,-6.5687]]]}},{"type":"Feature","properties":{"IDDIST":"220505","NOMBDIST":"CUÑUMBUQUI","NOMBPROV":"LAMAS","NOMBDEP":"SAN MARTIN"},"geometry":{"type":"Polygon","coordinates":[[[-76.4916,-6.4872],[-76.4562,-6.5161],[-76.4184,-6.5618],[-76.4079,-6.6356],[-76.4563,-6.68],[-76.5242,-6.6929],[-76.5585,-6.6714],[-76.5346,-6.6255],[-76.483,-6.6239],[-76.4851,-6.5146],[-76.5023,-6.4823],[-76.4916,-6.4872]]]}},{"type":"Feature","properties":{"IDDIST":"140102","NOMBDIST":"CHONGOYAPE","NOMBPROV":"CHICLAYO","NOMBDEP":"LAMBAYEQUE"},"geometry":{"type":"Polygon","coordinates":[[[-79.3579,-6.5689],[-79.336,-6.6028],[-79.353,-6.627],[-79.304,-6.6516],[-79.2964,-6.6757],[-79.336,-6.6779],[-79.3428,-6.7408],[-79.384,-6.7829],[-79.4102,-6.7716],[-79.4938,-6.7818],[-79.4985,-6.7437],[-79.5076,-6.6897],[-79.5296,-6.6528],[-79.5908,-6.6277],[-79.6244,-6.6011],[-79.645,-6.5549],[-79.6242,-6.5133],[-79.5629,-6.5038],[-79.4912,-6.5203],[-79.4339,-6.4813],[-79.4033,-6.5407],[-79.3696,-6.5208],[-79.3579,-6.5689]]]}},{"type":"Feature","properties":{"IDDIST":"060413","NOMBDIST":"PACCHA","NOMBPROV":"CHOTA","NOMBDEP":"CAJAMARCA"},"geometry":{"type":"Polygon","coordinates":[[[-78.366,-6.4833],[-78.3526,-6.5646],[-78.339,-6.579],[-78.413,-6.5959],[-78.4371,-6.56],[-78.4343,-6.4833],[-78.366,-6.4833]]]}},{"type":"Feature","properties":{"IDDIST":"060302","NOMBDIST":"CHUMUCH","NOMBPROV":"CELENDIN","NOMBDEP":"CAJAMARCA"},"geometry":{"type":"Polygon","coordinates":[[[-78.1765,-6.4758],[-78.136,-6.5263],[-78.1367,-6.5585],[-78.1161,-6.6027],[-78.1509,-6.66],[-78.2013,-6.6413],[-78.267,-6.5691],[-78.241,-6.5166],[-78.1765,-6.4758]]]}},{"type":"Feature","properties":{"IDDIST":"010602","NOMBDIST":"CHIRIMOTO","NOMBPROV":"RODRIGUEZ DE MENDOZA","NOMBDEP":"AMAZONAS"},"geometry":{"type":"Polygon","coordinates":[[[-77.3322,-6.4875],[-77.3352,-6.5223],[-77.3939,-6.6027],[-77.4379,-6.6025],[-77.477,-6.6008],[-77.5111,-6.5729],[-77.4762,-6.5089],[-77.4396,-6.5181],[-77.3949,-6.5342],[-77.3797,-6.4836],[-77.3322,-6.4875]]]}},{"type":"Feature","properties":{"IDDIST":"060410","NOMBDIST":"LAJAS","NOMBPROV":"CHOTA","NOMBDEP":"CAJAMARCA"},"geometry":{"type":"Polygon","coordinates":[[[-78.7395,-6.4724],[-78.7243,-6.5136],[-78.6929,-6.5369],[-78.6986,-6.5895],[-78.6719,-6.6614],[-78.7231,-6.6295],[-78.758,-6.6321],[-78.7867,-6.5779],[-78.7767,-6.5631],[-78.7668,-6.5501],[-78.7395,-6.4724]]]}},{"type":"Feature","properties":{"IDDIST":"140312","NOMBDIST":"TUCUME","NOMBPROV":"LAMBAYEQUE","NOMBDEP":"LAMBAYEQUE"},"geometry":{"type":"Polygon","coordinates":[[[-79.7932,-6.4766],[-79.8257,-6.5208],[-79.942,-6.5348],[-79.9011,-6.4744],[-79.8439,-6.4915],[-79.7932,-6.4766]]]}},{"type":"Feature","properties":{"IDDIST":"010611","NOMBDIST":"TOTORA","NOMBPROV":"RODRIGUEZ DE MENDOZA","NOMBDEP":"AMAZONAS"},"geometry":{"type":"Polygon","coordinates":[[[-77.4499,-6.4833],[-77.4396,-6.5181],[-77.4762,-6.5089],[-77.4974,-6.4772],[-77.4834,-6.4721],[-77.4499,-6.4833]]]}},{"type":"Feature","properties":{"IDDIST":"220305","NOMBDIST":"SHATOJA","NOMBPROV":"EL DORADO","NOMBDEP":"SAN MARTIN"},"geometry":{"type":"Polygon","coordinates":[[[-76.6398,-6.527],[-76.7075,-6.5636],[-76.7655,-6.5509],[-76.7167,-6.5175],[-76.6694,-6.4669],[-76.6398,-6.527]]]}},{"type":"Feature","properties":{"IDDIST":"010608","NOMBDIST":"MILPUC","NOMBPROV":"RODRIGUEZ DE MENDOZA","NOMBDEP":"AMAZONAS"},"geometry":{"type":"Polygon","coordinates":[[[-77.3797,-6.4836],[-77.3949,-6.5342],[-77.4396,-6.5181],[-77.4499,-6.4833],[-77.4312,-6.4653],[-77.3797,-6.4836]]]}},{"type":"Feature","properties":{"IDDIST":"220904","NOMBDIST":"CHAZUTA","NOMBPROV":"SAN MARTIN","NOMBDEP":"SAN MARTIN"},"geometry":{"type":"Polygon","coordinates":[[[-75.9234,-6.4637],[-75.901,-6.4804],[-75.8227,-6.5867],[-75.8133,-6.6829],[-75.9072,-6.7346],[-75.9972,-6.7119],[-76.0099,-6.7999],[-76.0509,-6.8109],[-76.0685,-6.8015],[-76.0954,-6.7149],[-76.1268,-6.688],[-76.1515,-6.6714],[-76.1167,-6.6383],[-76.1122,-6.6026],[-76.141,-6.5687],[-76.1613,-6.5064],[-76.1094,-6.4752],[-76.069,-6.4727],[-76.0073,-6.4986],[-75.9541,-6.4905],[-75.9234,-6.4637]]]}},{"type":"Feature","properties":{"IDDIST":"060401","NOMBDIST":"CHOTA","NOMBPROV":"CHOTA","NOMBDEP":"CAJAMARCA"},"geometry":{"type":"Polygon","coordinates":[[[-78.7097,-6.4605],[-78.6524,-6.4719],[-78.5905,-6.5178],[-78.5477,-6.5707],[-78.532,-6.6085],[-78.5604,-6.5978],[-78.6233,-6.6533],[-78.6518,-6.6807],[-78.6719,-6.6614],[-78.6986,-6.5895],[-78.6929,-6.5369],[-78.7243,-6.5136],[-78.7395,-6.4724],[-78.7322,-6.4599],[-78.7097,-6.4605]]]}},{"type":"Feature","properties":{"IDDIST":"140303","NOMBDIST":"ILLIMO","NOMBPROV":"LAMBAYEQUE","NOMBDEP":"LAMBAYEQUE"},"geometry":{"type":"Polygon","coordinates":[[[-79.7937,-6.4743],[-79.7932,-6.4766],[-79.8439,-6.4915],[-79.9011,-6.4744],[-79.8814,-6.4518],[-79.7937,-6.4743]]]}},{"type":"Feature","properties":{"IDDIST":"220511","NOMBDIST":"ZAPATERO","NOMBPROV":"LAMAS","NOMBDEP":"SAN MARTIN"},"geometry":{"type":"Polygon","coordinates":[[[-76.5044,-6.4809],[-76.5023,-6.4823],[-76.4851,-6.5146],[-76.483,-6.6239],[-76.5346,-6.6255],[-76.5526,-6.5957],[-76.5972,-6.5912],[-76.614,-6.5714],[-76.5624,-6.5234],[-76.5792,-6.4396],[-76.5044,-6.4809]]]}},{"type":"Feature","properties":{"IDDIST":"060419","NOMBDIST":"CHALAMARCA","NOMBPROV":"CHOTA","NOMBDEP":"CAJAMARCA"},"geometry":{"type":"Polygon","coordinates":[[[-78.4461,-6.4541],[-78.4343,-6.4833],[-78.4371,-6.56],[-78.4583,-6.5605],[-78.532,-6.6085],[-78.5477,-6.5707],[-78.5419,-6.4441],[-78.4461,-6.4541]]]}},{"type":"Feature","properties":{"IDDIST":"220910","NOMBDIST":"MORALES","NOMBPROV":"SAN MARTIN","NOMBDEP":"SAN MARTIN"},"geometry":{"type":"Polygon","coordinates":[[[-76.3823,-6.4549],[-76.4073,-6.5068],[-76.3992,-6.5517],[-76.4184,-6.5618],[-76.4562,-6.5161],[-76.3953,-6.4681],[-76.4074,-6.437],[-76.3823,-6.4549]]]}},{"type":"Feature","properties":{"IDDIST":"010610","NOMBDIST":"SANTA ROSA","NOMBPROV":"RODRIGUEZ DE MENDOZA","NOMBDEP":"AMAZONAS"},"geometry":{"type":"Polygon","coordinates":[[[-77.4409,-6.4458],[-77.4312,-6.4653],[-77.4499,-6.4833],[-77.4834,-6.4721],[-77.4688,-6.4277],[-77.4409,-6.4458]]]}},{"type":"Feature","properties":{"IDDIST":"010109","NOMBDIST":"LA JALCA","NOMBPROV":"CHACHAPOYAS","NOMBDEP":"AMAZONAS"},"geometry":{"type":"Polygon","coordinates":[[[-77.7328,-6.4559],[-77.7262,-6.5521],[-77.8287,-6.5562],[-77.8311,-6.5378],[-77.8609,-6.4797],[-77.7797,-6.4652],[-77.7451,-6.4273],[-77.7328,-6.4559]]]}},{"type":"Feature","properties":{"IDDIST":"060407","NOMBDIST":"COCHABAMBA","NOMBPROV":"CHOTA","NOMBDEP":"CAJAMARCA"},"geometry":{"type":"Polygon","coordinates":[[[-78.7668,-6.5501],[-78.7767,-6.5631],[-78.8233,-6.5257],[-78.8924,-6.5263],[-78.9237,-6.4654],[-78.8981,-6.4271],[-78.7958,-6.4414],[-78.8347,-6.4958],[-78.8051,-6.5053],[-78.7668,-6.5501]]]}},{"type":"Feature","properties":{"IDDIST":"010511","NOMBDIST":"MARIA","NOMBPROV":"LUYA","NOMBDEP":"AMAZONAS"},"geometry":{"type":"Polygon","coordinates":[[[-77.9456,-6.4601],[-77.9222,-6.4889],[-77.9172,-6.5343],[-77.945,-6.5749],[-77.9985,-6.5191],[-78.0027,-6.4444],[-77.9563,-6.4203],[-77.9456,-6.4601]]]}},{"type":"Feature","properties":{"IDDIST":"010519","NOMBDIST":"SAN JUAN DE LOPECANCHA","NOMBPROV":"LUYA","NOMBDEP":"AMAZONAS"},"geometry":{"type":"Polygon","coordinates":[[[-77.8747,-6.4231],[-77.8609,-6.4797],[-77.8311,-6.5378],[-77.9172,-6.5343],[-77.9222,-6.4889],[-77.9456,-6.4601],[-77.8747,-6.4231]]]}},{"type":"Feature","properties":{"IDDIST":"220901","NOMBDIST":"TARAPOTO","NOMBPROV":"SAN MARTIN","NOMBDEP":"SAN MARTIN"},"geometry":{"type":"Polygon","coordinates":[[[-76.335,-6.5616],[-76.3992,-6.5517],[-76.4073,-6.5068],[-76.3823,-6.4549],[-76.3536,-6.4125],[-76.3374,-6.4203],[-76.3668,-6.5238],[-76.335,-6.5616]]]}},{"type":"Feature","properties":{"IDDIST":"220903","NOMBDIST":"CACATACHI","NOMBPROV":"SAN MARTIN","NOMBDEP":"SAN MARTIN"},"geometry":{"type":"Polygon","coordinates":[[[-76.4074,-6.437],[-76.3953,-6.4681],[-76.4562,-6.5161],[-76.4916,-6.4872],[-76.4591,-6.4617],[-76.4436,-6.4041],[-76.4074,-6.437]]]}},{"type":"Feature","properties":{"IDDIST":"010604","NOMBDIST":"HUAMBO","NOMBPROV":"RODRIGUEZ DE MENDOZA","NOMBDEP":"AMAZONAS"},"geometry":{"type":"Polygon","coordinates":[[[-77.5024,-6.4063],[-77.4688,-6.4277],[-77.4834,-6.4721],[-77.4974,-6.4772],[-77.5722,-6.4482],[-77.6099,-6.4147],[-77.552,-6.4029],[-77.5024,-6.4063]]]}},{"type":"Feature","properties":{"IDDIST":"140309","NOMBDIST":"PACORA","NOMBPROV":"LAMBAYEQUE","NOMBDEP":"LAMBAYEQUE"},"geometry":{"type":"Polygon","coordinates":[[[-79.8,-6.4321],[-79.7937,-6.4743],[-79.8814,-6.4518],[-79.9011,-6.4744],[-79.9332,-6.4589],[-79.9513,-6.4006],[-79.855,-6.4031],[-79.8,-6.4321]]]}},{"type":"Feature","properties":{"IDDIST":"060408","NOMBDIST":"CONCHAN","NOMBPROV":"CHOTA","NOMBDEP":"CAJAMARCA"},"geometry":{"type":"Polygon","coordinates":[[[-78.5419,-6.4441],[-78.5477,-6.5707],[-78.5905,-6.5178],[-78.6524,-6.4719],[-78.7097,-6.4605],[-78.685,-6.4498],[-78.6661,-6.3998],[-78.6373,-6.4321],[-78.6096,-6.4065],[-78.5419,-6.4441]]]}},{"type":"Feature","properties":{"IDDIST":"060411","NOMBDIST":"LLAMA","NOMBPROV":"CHOTA","NOMBDEP":"CAJAMARCA"},"geometry":{"type":"Polygon","coordinates":[[[-79.0675,-6.4448],[-79.0633,-6.4733],[-79.0238,-6.5128],[-79.0742,-6.5338],[-79.0993,-6.6095],[-79.1268,-6.6322],[-79.2402,-6.6177],[-79.2291,-6.6714],[-79.2964,-6.6757],[-79.304,-6.6516],[-79.353,-6.627],[-79.336,-6.6028],[-79.3124,-6.594],[-79.2464,-6.5783],[-79.1981,-6.5318],[-79.2171,-6.459],[-79.1787,-6.4053],[-79.1292,-6.3957],[-79.0858,-6.4064],[-79.0675,-6.4448]]]}},{"type":"Feature","properties":{"IDDIST":"220507","NOMBDIST":"RUMISAPA","NOMBPROV":"LAMAS","NOMBDEP":"SAN MARTIN"},"geometry":{"type":"Polygon","coordinates":[[[-76.4436,-6.4041],[-76.4591,-6.4617],[-76.4916,-6.4872],[-76.5023,-6.4823],[-76.5044,-6.4809],[-76.471,-6.3938],[-76.4436,-6.4041]]]}},{"type":"Feature","properties":{"IDDIST":"060303","NOMBDIST":"CORTEGANA","NOMBPROV":"CELENDIN","NOMBDEP":"CAJAMARCA"},"geometry":{"type":"Polygon","coordinates":[[[-78.2043,-6.4585],[-78.1765,-6.4758],[-78.241,-6.5166],[-78.267,-6.5691],[-78.339,-6.579],[-78.3526,-6.5646],[-78.366,-6.4833],[-78.3655,-6.4722],[-78.3213,-6.45],[-78.2779,-6.389],[-78.2552,-6.3948],[-78.2043,-6.4585]]]}},{"type":"Feature","properties":{"IDDIST":"060403","NOMBDIST":"CHADIN","NOMBPROV":"CHOTA","NOMBDEP":"CAJAMARCA"},"geometry":{"type":"Polygon","coordinates":[[[-78.3655,-6.4722],[-78.366,-6.4833],[-78.4343,-6.4833],[-78.4461,-6.4541],[-78.4493,-6.4013],[-78.4177,-6.3849],[-78.3655,-6.4722]]]}},{"type":"Feature","properties":{"IDDIST":"060404","NOMBDIST":"CHIGUIRIP","NOMBPROV":"CHOTA","NOMBDEP":"CAJAMARCA"},"geometry":{"type":"Polygon","coordinates":[[[-78.6661,-6.3998],[-78.685,-6.4498],[-78.7097,-6.4605],[-78.7322,-6.4599],[-78.7453,-6.4244],[-78.711,-6.3906],[-78.6661,-6.3998]]]}},{"type":"Feature","properties":{"IDDIST":"220603","NOMBDIST":"HUICUNGO","NOMBPROV":"MARISCAL CACERES","NOMBDEP":"SAN MARTIN"},"geometry":{"type":"Polygon","coordinates":[[[-77.0984,-6.538],[-77.1132,-6.573],[-77.1576,-6.6001],[-77.1509,-6.6484],[-77.2185,-6.6801],[-77.2474,-6.7204],[-77.2341,-6.7877],[-77.2018,-6.8289],[-77.2138,-6.8845],[-77.1905,-6.9227],[-77.1896,-6.9674],[-77.1202,-7.1427],[-77.0953,-7.17],[-77.0007,-7.2056],[-76.9818,-7.2514],[-76.8841,-7.3471],[-76.8382,-7.3622],[-76.7664,-7.3069],[-76.7466,-7.3303],[-76.7088,-7.3538],[-76.7576,-7.3805],[-76.7805,-7.444],[-76.8314,-7.4853],[-76.9242,-7.4992],[-76.966,-7.4824],[-76.9812,-7.5226],[-77.0423,-7.5354],[-77.0109,-7.5706],[-76.9982,-7.6637],[-77.0406,-7.7332],[-77.0059,-7.8029],[-77.077,-7.8486],[-77.1025,-7.9527],[-77.0744,-7.9923],[-77.0687,-8.0395],[-77.1505,-8.032],[-77.2383,-8.0133],[-77.2588,-8.0468],[-77.3033,-8.063],[-77.3855,-8.0554],[-77.3778,-8.0267],[-77.4067,-7.9953],[-77.3769,-7.9088],[-77.4068,-7.9025],[-77.4375,-7.8517],[-77.4429,-7.8136],[-77.4968,-7.7859],[-77.4845,-7.6997],[-77.5309,-7.6545],[-77.5367,-7.5823],[-77.5269,-7.5048],[-77.5595,-7.4648],[-77.599,-7.4485],[-77.6308,-7.414],[-77.6286,-7.32],[-77.6467,-7.2407],[-77.6055,-7.2192],[-77.6435,-7.149],[-77.7134,-7.1079],[-77.7179,-7.0887],[-77.7589,-6.9645],[-77.7233,-6.8935],[-77.7617,-6.8077],[-77.7353,-6.7883],[-77.7467,-6.7518],[-77.7403,-6.6475],[-77.6934,-6.6785],[-77.6267,-6.6127],[-77.5637,-6.6441],[-77.5441,-6.677],[-77.4547,-6.6817],[-77.4374,-6.701],[-77.3817,-6.6976],[-77.4379,-6.6025],[-77.3939,-6.6027],[-77.3352,-6.5223],[-77.3322,-6.4875],[-77.2755,-6.3847],[-77.1979,-6.421],[-77.1582,-6.5012],[-77.0984,-6.538]]]}},{"type":"Feature","properties":{"IDDIST":"010605","NOMBDIST":"LIMABAMBA","NOMBPROV":"RODRIGUEZ DE MENDOZA","NOMBDEP":"AMAZONAS"},"geometry":{"type":"Polygon","coordinates":[[[-77.6099,-6.4147],[-77.5722,-6.4482],[-77.4974,-6.4772],[-77.4762,-6.5089],[-77.5111,-6.5729],[-77.477,-6.6008],[-77.4379,-6.6025],[-77.3817,-6.6976],[-77.4374,-6.701],[-77.4547,-6.6817],[-77.5441,-6.677],[-77.5637,-6.6441],[-77.6267,-6.6127],[-77.6665,-6.5783],[-77.7041,-6.5823],[-77.7262,-6.5521],[-77.7328,-6.4559],[-77.6869,-6.4639],[-77.6553,-6.407],[-77.6099,-6.4147]]]}},{"type":"Feature","properties":{"IDDIST":"010514","NOMBDIST":"PISUQUIA","NOMBPROV":"LUYA","NOMBDEP":"AMAZONAS"},"geometry":{"type":"Polygon","coordinates":[[[-78.0423,-6.3816],[-78.0027,-6.4444],[-77.9985,-6.5191],[-78.0188,-6.5515],[-78.1367,-6.5585],[-78.136,-6.5263],[-78.1765,-6.4758],[-78.2043,-6.4585],[-78.1832,-6.4365],[-78.0423,-6.3816]]]}},{"type":"Feature","properties":{"IDDIST":"220509","NOMBDIST":"SHANAO","NOMBPROV":"LAMAS","NOMBDEP":"SAN MARTIN"},"geometry":{"type":"Polygon","coordinates":[[[-76.5839,-6.375],[-76.5507,-6.408],[-76.5792,-6.4396],[-76.5948,-6.3848],[-76.5839,-6.375]]]}},{"type":"Feature","properties":{"IDDIST":"140306","NOMBDIST":"MORROPE","NOMBPROV":"LAMBAYEQUE","NOMBDEP":"LAMBAYEQUE"},"geometry":{"type":"Polygon","coordinates":[[[-79.9332,-6.4589],[-79.9011,-6.4744],[-79.942,-6.5348],[-79.9648,-6.6144],[-79.9528,-6.641],[-80.1117,-6.6514],[-80.1773,-6.606],[-80.2886,-6.5431],[-80.5,-6.4334],[-80.6271,-6.3721],[-80.6271,-6.3719],[-80.0164,-6.4456],[-79.9332,-6.4589]]]}},{"type":"Feature","properties":{"IDDIST":"140205","NOMBDIST":"PITIPO","NOMBPROV":"FERREÑAFE","NOMBDEP":"LAMBAYEQUE"},"geometry":{"type":"Polygon","coordinates":[[[-79.4585,-6.3721],[-79.4529,-6.3725],[-79.4229,-6.4519],[-79.4339,-6.4813],[-79.4912,-6.5203],[-79.5629,-6.5038],[-79.6242,-6.5133],[-79.645,-6.5549],[-79.7085,-6.5902],[-79.7556,-6.5857],[-79.8298,-6.5711],[-79.8257,-6.5208],[-79.7932,-6.4766],[-79.7937,-6.4743],[-79.8,-6.4321],[-79.6519,-6.4554],[-79.6134,-6.4253],[-79.5283,-6.3998],[-79.4585,-6.3721]]]}},{"type":"Feature","properties":{"IDDIST":"060418","NOMBDIST":"TOCMOCHE","NOMBPROV":"CHOTA","NOMBDEP":"CAJAMARCA"},"geometry":{"type":"Polygon","coordinates":[[[-79.3579,-6.5689],[-79.3696,-6.5208],[-79.4033,-6.5407],[-79.4339,-6.4813],[-79.4229,-6.4519],[-79.4529,-6.3725],[-79.4057,-6.3703],[-79.3326,-6.397],[-79.3003,-6.4615],[-79.3125,-6.5063],[-79.3579,-6.5689]]]}},{"type":"Feature","properties":{"IDDIST":"220909","NOMBDIST":"LA BANDA DE SHILCAYO","NOMBPROV":"SAN MARTIN","NOMBDEP":"SAN MARTIN"},"geometry":{"type":"Polygon","coordinates":[[[-76.1845,-6.4274],[-76.1969,-6.4763],[-76.1613,-6.5064],[-76.141,-6.5687],[-76.2107,-6.5336],[-76.2394,-6.4913],[-76.2853,-6.5093],[-76.2838,-6.55],[-76.335,-6.5616],[-76.3668,-6.5238],[-76.3374,-6.4203],[-76.3536,-6.4125],[-76.3171,-6.3645],[-76.2699,-6.4265],[-76.1845,-6.4274]]]}},{"type":"Feature","properties":{"IDDIST":"060416","NOMBDIST":"SAN JUAN DE LICUPIS","NOMBPROV":"CHOTA","NOMBDEP":"CAJAMARCA"},"geometry":{"type":"Polygon","coordinates":[[[-79.1972,-6.3575],[-79.1787,-6.4053],[-79.2171,-6.459],[-79.1981,-6.5318],[-79.2464,-6.5783],[-79.3124,-6.594],[-79.3268,-6.5551],[-79.2948,-6.5313],[-79.2735,-6.4314],[-79.1972,-6.3575]]]}},{"type":"Feature","properties":{"IDDIST":"010112","NOMBDIST":"MAGDALENA","NOMBPROV":"CHACHAPOYAS","NOMBDEP":"AMAZONAS"},"geometry":{"type":"Polygon","coordinates":[[[-77.7477,-6.3924],[-77.7451,-6.4273],[-77.7797,-6.4652],[-77.8609,-6.4797],[-77.8747,-6.4231],[-77.9242,-6.3572],[-77.8977,-6.3542],[-77.8461,-6.3874],[-77.7477,-6.3924]]]}},{"type":"Feature","properties":{"IDDIST":"010507","NOMBDIST":"LONGUITA","NOMBPROV":"LUYA","NOMBDEP":"AMAZONAS"},"geometry":{"type":"Polygon","coordinates":[[[-77.9563,-6.4203],[-78.0027,-6.4444],[-78.0423,-6.3816],[-78.0209,-6.3506],[-77.9563,-6.4203]]]}},{"type":"Feature","properties":{"IDDIST":"220912","NOMBDIST":"SAN ANTONIO","NOMBPROV":"SAN MARTIN","NOMBDEP":"SAN MARTIN"},"geometry":{"type":"Polygon","coordinates":[[[-76.3171,-6.3645],[-76.3536,-6.4125],[-76.3823,-6.4549],[-76.4074,-6.437],[-76.4436,-6.4041],[-76.4255,-6.3813],[-76.3796,-6.3913],[-76.3659,-6.3503],[-76.3171,-6.3645]]]}},{"type":"Feature","properties":{"IDDIST":"060417","NOMBDIST":"TACABAMBA","NOMBPROV":"CHOTA","NOMBDEP":"CAJAMARCA"},"geometry":{"type":"Polygon","coordinates":[[[-78.4829,-6.3421],[-78.4521,-6.3759],[-78.4493,-6.4013],[-78.4461,-6.4541],[-78.5419,-6.4441],[-78.6096,-6.4065],[-78.6373,-6.4321],[-78.6661,-6.3998],[-78.711,-6.3906],[-78.7141,-6.3685],[-78.6718,-6.3327],[-78.6622,-6.3653],[-78.5748,-6.3708],[-78.5245,-6.3836],[-78.4829,-6.3421]]]}},{"type":"Feature","properties":{"IDDIST":"060409","NOMBDIST":"HUAMBOS","NOMBPROV":"CHOTA","NOMBDEP":"CAJAMARCA"},"geometry":{"type":"Polygon","coordinates":[[[-78.8981,-6.4271],[-78.9237,-6.4654],[-78.8924,-6.5263],[-78.9278,-6.5036],[-78.9647,-6.532],[-79.0238,-6.5128],[-79.0633,-6.4733],[-79.0675,-6.4448],[-79.0442,-6.4406],[-78.9879,-6.3897],[-78.9868,-6.3545],[-78.9577,-6.3305],[-78.9178,-6.3682],[-78.8981,-6.4271]]]}},{"type":"Feature","properties":{"IDDIST":"220907","NOMBDIST":"HUIMBAYOC","NOMBPROV":"SAN MARTIN","NOMBDEP":"SAN MARTIN"},"geometry":{"type":"Polygon","coordinates":[[[-75.5093,-6.583],[-75.5002,-6.6403],[-75.5012,-6.767],[-75.5118,-6.7856],[-75.6334,-6.8431],[-75.6681,-6.8264],[-75.6977,-6.8686],[-75.7684,-6.8538],[-75.7942,-6.8214],[-75.8439,-6.7973],[-75.8789,-6.8019],[-75.9637,-6.7884],[-76.0099,-6.7999],[-75.9972,-6.7119],[-75.9072,-6.7346],[-75.8133,-6.6829],[-75.8227,-6.5867],[-75.901,-6.4804],[-75.894,-6.4486],[-75.8236,-6.4353],[-75.7594,-6.4111],[-75.7544,-6.3664],[-75.7113,-6.3421],[-75.6677,-6.3942],[-75.6011,-6.5264],[-75.5093,-6.583]]]}},{"type":"Feature","properties":{"IDDIST":"220402","NOMBDIST":"ALTO SAPOSOA","NOMBPROV":"HUALLAGA","NOMBDEP":"SAN MARTIN"},"geometry":{"type":"Polygon","coordinates":[[[-77.1466,-6.3511],[-77.1155,-6.3992],[-77.0092,-6.4132],[-76.9525,-6.3972],[-76.921,-6.4713],[-76.8877,-6.4827],[-76.8413,-6.549],[-76.797,-6.6456],[-76.7808,-6.7007],[-76.7812,-6.7374],[-76.7366,-6.7904],[-76.7345,-6.8027],[-76.7342,-6.8125],[-76.7451,-6.8427],[-76.809,-6.8532],[-76.9159,-6.8303],[-77.0028,-6.7504],[-77.0254,-6.7135],[-77.074,-6.6397],[-77.0466,-6.5657],[-77.0984,-6.538],[-77.1582,-6.5012],[-77.1979,-6.421],[-77.2755,-6.3847],[-77.2868,-6.3391],[-77.26,-6.3277],[-77.2215,-6.3811],[-77.1717,-6.3812],[-77.1466,-6.3511]]]}},{"type":"Feature","properties":{"IDDIST":"010522","NOMBDIST":"TINGO","NOMBPROV":"LUYA","NOMBDEP":"AMAZONAS"},"geometry":{"type":"Polygon","coordinates":[[[-77.9242,-6.3572],[-77.8747,-6.4231],[-77.9456,-6.4601],[-77.9563,-6.4203],[-78.0209,-6.3506],[-77.9314,-6.3206],[-77.9242,-6.3572]]]}},{"type":"Feature","properties":{"IDDIST":"010609","NOMBDIST":"OMIA","NOMBPROV":"RODRIGUEZ DE MENDOZA","NOMBDEP":"AMAZONAS"},"geometry":{"type":"Polygon","coordinates":[[[-77.2868,-6.3391],[-77.2755,-6.3847],[-77.3322,-6.4875],[-77.3797,-6.4836],[-77.4312,-6.4653],[-77.4409,-6.4458],[-77.3786,-6.3206],[-77.2868,-6.3391]]]}},{"type":"Feature","properties":{"IDDIST":"220905","NOMBDIST":"CHIPURANA","NOMBPROV":"SAN MARTIN","NOMBDEP":"SAN MARTIN"},"geometry":{"type":"Polygon","coordinates":[[[-75.5089,-6.5253],[-75.5093,-6.583],[-75.6011,-6.5264],[-75.6677,-6.3942],[-75.7113,-6.3421],[-75.7544,-6.3664],[-75.7594,-6.4111],[-75.8236,-6.4353],[-75.894,-6.4486],[-75.901,-6.4804],[-75.9234,-6.4637],[-75.9062,-6.4346],[-75.8133,-6.3821],[-75.7304,-6.3188],[-75.6573,-6.3188],[-75.608,-6.4257],[-75.5575,-6.4398],[-75.5089,-6.5253]]]}},{"type":"Feature","properties":{"IDDIST":"220501","NOMBDIST":"LAMAS","NOMBPROV":"LAMAS","NOMBDEP":"SAN MARTIN"},"geometry":{"type":"Polygon","coordinates":[[[-76.471,-6.3938],[-76.5044,-6.4809],[-76.5792,-6.4396],[-76.5507,-6.408],[-76.5839,-6.375],[-76.5631,-6.365],[-76.5601,-6.311],[-76.5249,-6.3264],[-76.471,-6.3938]]]}},{"type":"Feature","properties":{"IDDIST":"010119","NOMBDIST":"SAN ISIDRO DE MAINO","NOMBPROV":"CHACHAPOYAS","NOMBDEP":"AMAZONAS"},"geometry":{"type":"Polygon","coordinates":[[[-77.761,-6.3484],[-77.7299,-6.3716],[-77.7477,-6.3924],[-77.8461,-6.3874],[-77.8977,-6.3542],[-77.8756,-6.3063],[-77.8326,-6.311],[-77.8033,-6.3425],[-77.761,-6.3484]]]}},{"type":"Feature","properties":{"IDDIST":"010601","NOMBDIST":"SAN NICOLAS","NOMBPROV":"RODRIGUEZ DE MENDOZA","NOMBDEP":"AMAZONAS"},"geometry":{"type":"Polygon","coordinates":[[[-77.3786,-6.3206],[-77.4409,-6.4458],[-77.4688,-6.4277],[-77.5024,-6.4063],[-77.4918,-6.4011],[-77.4019,-6.298],[-77.3786,-6.3206]]]}},{"type":"Feature","properties":{"IDDIST":"060402","NOMBDIST":"ANGUIA","NOMBPROV":"CHOTA","NOMBDEP":"CAJAMARCA"},"geometry":{"type":"Polygon","coordinates":[[[-78.5147,-6.2896],[-78.4829,-6.3421],[-78.5245,-6.3836],[-78.5748,-6.3708],[-78.6622,-6.3653],[-78.6718,-6.3327],[-78.6508,-6.3135],[-78.5147,-6.2896]]]}},{"type":"Feature","properties":{"IDDIST":"010603","NOMBDIST":"COCHAMAL","NOMBPROV":"RODRIGUEZ DE MENDOZA","NOMBDEP":"AMAZONAS"},"geometry":{"type":"Polygon","coordinates":[[[-77.552,-6.4029],[-77.6099,-6.4147],[-77.6553,-6.407],[-77.6869,-6.4639],[-77.7328,-6.4559],[-77.7451,-6.4273],[-77.7477,-6.3924],[-77.7299,-6.3716],[-77.6823,-6.3365],[-77.6352,-6.3161],[-77.6176,-6.2808],[-77.6185,-6.3289],[-77.5777,-6.3938],[-77.552,-6.4029]]]}},{"type":"Feature","properties":{"IDDIST":"010606","NOMBDIST":"LONGAR","NOMBPROV":"RODRIGUEZ DE MENDOZA","NOMBDEP":"AMAZONAS"},"geometry":{"type":"Polygon","coordinates":[[[-77.5679,-6.3095],[-77.4918,-6.4011],[-77.5024,-6.4063],[-77.552,-6.4029],[-77.5777,-6.3938],[-77.6185,-6.3289],[-77.6176,-6.2808],[-77.5679,-6.3095]]]}},{"type":"Feature","properties":{"IDDIST":"010111","NOMBDIST":"LEVANTO","NOMBPROV":"CHACHAPOYAS","NOMBDEP":"AMAZONAS"},"geometry":{"type":"Polygon","coordinates":[[[-77.8086,-6.2972],[-77.761,-6.3484],[-77.8033,-6.3425],[-77.8326,-6.311],[-77.8756,-6.3063],[-77.8977,-6.3542],[-77.9242,-6.3572],[-77.9314,-6.3206],[-77.9361,-6.2855],[-77.8858,-6.2964],[-77.8271,-6.2776],[-77.8086,-6.2972]]]}},{"type":"Feature","properties":{"IDDIST":"060406","NOMBDIST":"CHOROPAMPA","NOMBPROV":"CHOTA","NOMBDEP":"CAJAMARCA"},"geometry":{"type":"Polygon","coordinates":[[[-78.3597,-6.2812],[-78.3275,-6.3563],[-78.2779,-6.389],[-78.3213,-6.45],[-78.3655,-6.4722],[-78.4177,-6.3849],[-78.4493,-6.4013],[-78.4521,-6.3759],[-78.435,-6.3165],[-78.4102,-6.2914],[-78.3597,-6.2812]]]}},{"type":"Feature","properties":{"IDDIST":"060415","NOMBDIST":"QUEROCOTO","NOMBPROV":"CHOTA","NOMBDEP":"CAJAMARCA"},"geometry":{"type":"Polygon","coordinates":[[[-78.9894,-6.291],[-78.9577,-6.3305],[-78.9868,-6.3545],[-78.9879,-6.3897],[-79.0442,-6.4406],[-79.0675,-6.4448],[-79.0858,-6.4064],[-79.1292,-6.3957],[-79.1787,-6.4053],[-79.1972,-6.3575],[-79.2108,-6.2778],[-79.1626,-6.2728],[-79.0705,-6.3091],[-79.0167,-6.3128],[-78.9894,-6.291]]]}},{"type":"Feature","properties":{"IDDIST":"060601","NOMBDIST":"CUTERVO","NOMBPROV":"CUTERVO","NOMBDEP":"CAJAMARCA"},"geometry":{"type":"Polygon","coordinates":[[[-78.8973,-6.2722],[-78.8595,-6.3144],[-78.7921,-6.2951],[-78.7141,-6.3685],[-78.711,-6.3906],[-78.7453,-6.4244],[-78.7322,-6.4599],[-78.7395,-6.4724],[-78.7668,-6.5501],[-78.8051,-6.5053],[-78.8347,-6.4958],[-78.7958,-6.4414],[-78.8981,-6.4271],[-78.9178,-6.3682],[-78.9577,-6.3305],[-78.9894,-6.291],[-78.9935,-6.267],[-78.8973,-6.2722]]]}},{"type":"Feature","properties":{"IDDIST":"220303","NOMBDIST":"SAN MARTIN","NOMBPROV":"EL DORADO","NOMBDEP":"SAN MARTIN"},"geometry":{"type":"Polygon","coordinates":[[[-76.8351,-6.2852],[-76.8432,-6.3692],[-76.7803,-6.4182],[-76.6975,-6.4154],[-76.6694,-6.4669],[-76.7167,-6.5175],[-76.7655,-6.5509],[-76.8413,-6.549],[-76.8877,-6.4827],[-76.921,-6.4713],[-76.9525,-6.3972],[-76.9345,-6.3843],[-76.9718,-6.3225],[-76.9539,-6.2803],[-76.9025,-6.2849],[-76.8671,-6.2646],[-76.8351,-6.2852]]]}},{"type":"Feature","properties":{"IDDIST":"010515","NOMBDIST":"PROVIDENCIA","NOMBPROV":"LUYA","NOMBDEP":"AMAZONAS"},"geometry":{"type":"Polygon","coordinates":[[[-78.3088,-6.2638],[-78.2312,-6.2674],[-78.2611,-6.37],[-78.3275,-6.3563],[-78.3597,-6.2812],[-78.37,-6.2654],[-78.3088,-6.2638]]]}},{"type":"Feature","properties":{"IDDIST":"010504","NOMBDIST":"COLCAMAR","NOMBPROV":"LUYA","NOMBDEP":"AMAZONAS"},"geometry":{"type":"Polygon","coordinates":[[[-77.9409,-6.2738],[-77.9361,-6.2855],[-77.9314,-6.3206],[-78.0209,-6.3506],[-78.0423,-6.3816],[-78.0477,-6.3455],[-78.088,-6.267],[-78.0562,-6.2568],[-78.0186,-6.3054],[-77.9937,-6.2835],[-77.9409,-6.2738]]]}},{"type":"Feature","properties":{"IDDIST":"010513","NOMBDIST":"OCUMAL","NOMBPROV":"LUYA","NOMBDEP":"AMAZONAS"},"geometry":{"type":"Polygon","coordinates":[[[-78.088,-6.267],[-78.0477,-6.3455],[-78.0423,-6.3816],[-78.1832,-6.4365],[-78.2043,-6.4585],[-78.2552,-6.3948],[-78.2779,-6.389],[-78.3275,-6.3563],[-78.2611,-6.37],[-78.2312,-6.2674],[-78.1661,-6.2708],[-78.1392,-6.2536],[-78.088,-6.267]]]}},{"type":"Feature","properties":{"IDDIST":"010104","NOMBDIST":"CHETO","NOMBPROV":"CHACHAPOYAS","NOMBDEP":"AMAZONAS"},"geometry":{"type":"Polygon","coordinates":[[[-77.6176,-6.2808],[-77.6352,-6.3161],[-77.6823,-6.3365],[-77.7252,-6.327],[-77.7149,-6.2459],[-77.6636,-6.274],[-77.6176,-6.2808]]]}},{"type":"Feature","properties":{"IDDIST":"010120","NOMBDIST":"SOLOCO","NOMBPROV":"CHACHAPOYAS","NOMBDEP":"AMAZONAS"},"geometry":{"type":"Polygon","coordinates":[[[-77.7149,-6.2459],[-77.7252,-6.327],[-77.6823,-6.3365],[-77.7299,-6.3716],[-77.761,-6.3484],[-77.8086,-6.2972],[-77.7642,-6.2691],[-77.7149,-6.2459]]]}},{"type":"Feature","properties":{"IDDIST":"060405","NOMBDIST":"CHIMBAN","NOMBPROV":"CHOTA","NOMBDEP":"CAJAMARCA"},"geometry":{"type":"Polygon","coordinates":[[[-78.37,-6.2654],[-78.3597,-6.2812],[-78.4102,-6.2914],[-78.435,-6.3165],[-78.4521,-6.3759],[-78.4829,-6.3421],[-78.5147,-6.2896],[-78.5137,-6.2413],[-78.4644,-6.2546],[-78.4028,-6.2187],[-78.37,-6.2654]]]}},{"type":"Feature","properties":{"IDDIST":"060412","NOMBDIST":"MIRACOSTA","NOMBPROV":"CHOTA","NOMBDEP":"CAJAMARCA"},"geometry":{"type":"Polygon","coordinates":[[[-79.2108,-6.2778],[-79.1972,-6.3575],[-79.2735,-6.4314],[-79.2948,-6.5313],[-79.3268,-6.5551],[-79.3124,-6.594],[-79.336,-6.6028],[-79.3579,-6.5689],[-79.3125,-6.5063],[-79.3003,-6.4615],[-79.3326,-6.397],[-79.4057,-6.3703],[-79.4529,-6.3725],[-79.4585,-6.3721],[-79.4227,-6.3104],[-79.3536,-6.3043],[-79.3218,-6.2631],[-79.2847,-6.2545],[-79.2492,-6.2218],[-79.2223,-6.212],[-79.2108,-6.2778]]]}},{"type":"Feature","properties":{"IDDIST":"060610","NOMBDIST":"SAN LUIS DE LUCMA","NOMBPROV":"CUTERVO","NOMBDEP":"CAJAMARCA"},"geometry":{"type":"Polygon","coordinates":[[[-78.5846,-6.232],[-78.5184,-6.2361],[-78.5137,-6.2413],[-78.5147,-6.2896],[-78.6508,-6.3135],[-78.6246,-6.2544],[-78.6185,-6.2066],[-78.5846,-6.232]]]}},{"type":"Feature","properties":{"IDDIST":"060614","NOMBDIST":"SOCOTA","NOMBPROV":"CUTERVO","NOMBDEP":"CAJAMARCA"},"geometry":{"type":"Polygon","coordinates":[[[-78.6185,-6.2066],[-78.6246,-6.2544],[-78.6508,-6.3135],[-78.6718,-6.3327],[-78.7141,-6.3685],[-78.7921,-6.2951],[-78.7762,-6.2675],[-78.6819,-6.2569],[-78.6738,-6.214],[-78.638,-6.2056],[-78.6185,-6.2066]]]}},{"type":"Feature","properties":{"IDDIST":"010506","NOMBDIST":"INGUILPATA","NOMBPROV":"LUYA","NOMBDEP":"AMAZONAS"},"geometry":{"type":"Polygon","coordinates":[[[-77.9209,-6.2419],[-77.9409,-6.2738],[-77.9937,-6.2835],[-78.0186,-6.3054],[-78.0562,-6.2568],[-78.088,-6.267],[-78.1392,-6.2536],[-78.0985,-6.2206],[-78.0673,-6.2063],[-77.9891,-6.2377],[-77.9209,-6.2419]]]}},{"type":"Feature","properties":{"IDDIST":"010118","NOMBDIST":"SAN FRANCISCO DE DAGUAS","NOMBPROV":"CHACHAPOYAS","NOMBDEP":"AMAZONAS"},"geometry":{"type":"Polygon","coordinates":[[[-77.7149,-6.2459],[-77.7642,-6.2691],[-77.7823,-6.2276],[-77.7277,-6.2098],[-77.7149,-6.2459]]]}},{"type":"Feature","properties":{"IDDIST":"060612","NOMBDIST":"SANTO DOMINGO DE LA CAPILLA","NOMBPROV":"CUTERVO","NOMBDEP":"CAJAMARCA"},"geometry":{"type":"Polygon","coordinates":[[[-78.8227,-6.2203],[-78.7762,-6.2675],[-78.7921,-6.2951],[-78.8595,-6.3144],[-78.8973,-6.2722],[-78.8686,-6.1922],[-78.8227,-6.2203]]]}},{"type":"Feature","properties":{"IDDIST":"010607","NOMBDIST":"MARISCAL BENAVIDES","NOMBPROV":"RODRIGUEZ DE MENDOZA","NOMBDEP":"AMAZONAS"},"geometry":{"type":"Polygon","coordinates":[[[-77.4019,-6.298],[-77.4918,-6.4011],[-77.5679,-6.3095],[-77.5401,-6.2875],[-77.5298,-6.2457],[-77.4696,-6.1865],[-77.4467,-6.2429],[-77.4019,-6.298]]]}},{"type":"Feature","properties":{"IDDIST":"010101","NOMBDIST":"CHACHAPOYAS","NOMBPROV":"CHACHAPOYAS","NOMBDEP":"AMAZONAS"},"geometry":{"type":"Polygon","coordinates":[[[-77.8356,-6.2107],[-77.7823,-6.2276],[-77.7642,-6.2691],[-77.8086,-6.2972],[-77.8271,-6.2776],[-77.8858,-6.2964],[-77.9361,-6.2855],[-77.9409,-6.2738],[-77.9209,-6.2419],[-77.9169,-6.231],[-77.9088,-6.1776],[-77.8356,-6.2107]]]}},{"type":"Feature","properties":{"IDDIST":"060605","NOMBDIST":"LA RAMADA","NOMBPROV":"CUTERVO","NOMBDEP":"CAJAMARCA"},"geometry":{"type":"Polygon","coordinates":[[[-78.5184,-6.2361],[-78.5846,-6.232],[-78.548,-6.1849],[-78.5293,-6.1757],[-78.5184,-6.2361]]]}},{"type":"Feature","properties":{"IDDIST":"010508","NOMBDIST":"LONYA CHICO","NOMBPROV":"LUYA","NOMBDEP":"AMAZONAS"},"geometry":{"type":"Polygon","coordinates":[[[-78.0633,-6.1806],[-77.9709,-6.1886],[-77.9169,-6.231],[-77.9209,-6.2419],[-77.9891,-6.2377],[-78.0673,-6.2063],[-78.0985,-6.2206],[-78.1071,-6.203],[-78.0826,-6.1719],[-78.0633,-6.1806]]]}},{"type":"Feature","properties":{"IDDIST":"220510","NOMBDIST":"TABALOSOS","NOMBPROV":"LAMAS","NOMBDEP":"SAN MARTIN"},"geometry":{"type":"Polygon","coordinates":[[[-76.5948,-6.3848],[-76.5792,-6.4396],[-76.5624,-6.5234],[-76.614,-6.5714],[-76.6398,-6.527],[-76.6694,-6.4669],[-76.6975,-6.4154],[-76.7173,-6.3533],[-76.7107,-6.3175],[-76.7626,-6.2764],[-76.7275,-6.2022],[-76.7311,-6.1604],[-76.683,-6.2269],[-76.6184,-6.3744],[-76.5948,-6.3848]]]}},{"type":"Feature","properties":{"IDDIST":"220502","NOMBDIST":"ALONSO DE ALVARADO","NOMBPROV":"LAMAS","NOMBDEP":"SAN MARTIN"},"geometry":{"type":"Polygon","coordinates":[[[-76.7311,-6.1604],[-76.7275,-6.2022],[-76.7626,-6.2764],[-76.7107,-6.3175],[-76.7173,-6.3533],[-76.6975,-6.4154],[-76.7803,-6.4182],[-76.8432,-6.3692],[-76.8351,-6.2852],[-76.8153,-6.2443],[-76.8188,-6.2021],[-76.7311,-6.1604]]]}},{"type":"Feature","properties":{"IDDIST":"060608","NOMBDIST":"SAN ANDRES DE CUTERVO","NOMBPROV":"CUTERVO","NOMBDEP":"CAJAMARCA"},"geometry":{"type":"Polygon","coordinates":[[[-78.7788,-6.1558],[-78.7634,-6.1688],[-78.7419,-6.2219],[-78.6345,-6.1779],[-78.638,-6.2056],[-78.6738,-6.214],[-78.6819,-6.2569],[-78.7762,-6.2675],[-78.8227,-6.2203],[-78.8115,-6.1823],[-78.7788,-6.1558]]]}},{"type":"Feature","properties":{"IDDIST":"140304","NOMBDIST":"JAYANCA","NOMBPROV":"LAMBAYEQUE","NOMBDEP":"LAMBAYEQUE"},"geometry":{"type":"Polygon","coordinates":[[[-79.8033,-6.2437],[-79.805,-6.2725],[-79.7679,-6.3214],[-79.7081,-6.2928],[-79.6901,-6.3883],[-79.6446,-6.3995],[-79.5554,-6.3412],[-79.5433,-6.3583],[-79.5283,-6.3998],[-79.6134,-6.4253],[-79.6519,-6.4554],[-79.8,-6.4321],[-79.855,-6.4031],[-79.9513,-6.4006],[-79.9652,-6.2554],[-79.9624,-6.2129],[-79.9231,-6.1406],[-79.8889,-6.184],[-79.8504,-6.2024],[-79.8314,-6.2454],[-79.8033,-6.2437]]]}},{"type":"Feature","properties":{"IDDIST":"010512","NOMBDIST":"OCALLI","NOMBPROV":"LUYA","NOMBDEP":"AMAZONAS"},"geometry":{"type":"Polygon","coordinates":[[[-78.1071,-6.203],[-78.0985,-6.2206],[-78.1392,-6.2536],[-78.1661,-6.2708],[-78.2312,-6.2674],[-78.3088,-6.2638],[-78.2877,-6.2364],[-78.2915,-6.1934],[-78.2657,-6.1365],[-78.2306,-6.169],[-78.1574,-6.2009],[-78.1071,-6.203]]]}},{"type":"Feature","properties":{"IDDIST":"010114","NOMBDIST":"MOLINOPAMPA","NOMBPROV":"CHACHAPOYAS","NOMBDEP":"AMAZONAS"},"geometry":{"type":"Polygon","coordinates":[[[-77.6425,-6.1495],[-77.5955,-6.1409],[-77.5424,-6.1649],[-77.4982,-6.1564],[-77.4696,-6.1865],[-77.5298,-6.2457],[-77.5401,-6.2875],[-77.5679,-6.3095],[-77.6176,-6.2808],[-77.6636,-6.274],[-77.7149,-6.2459],[-77.7277,-6.2098],[-77.7272,-6.1725],[-77.6767,-6.1282],[-77.6425,-6.1495]]]}},{"type":"Feature","properties":{"IDDIST":"140302","NOMBDIST":"CHOCHOPE","NOMBPROV":"LAMBAYEQUE","NOMBDEP":"LAMBAYEQUE"},"geometry":{"type":"Polygon","coordinates":[[[-79.5761,-6.1272],[-79.5709,-6.1903],[-79.6887,-6.1636],[-79.6736,-6.1358],[-79.5761,-6.1272]]]}},{"type":"Feature","properties":{"IDDIST":"010121","NOMBDIST":"SONCHE","NOMBPROV":"CHACHAPOYAS","NOMBDEP":"AMAZONAS"},"geometry":{"type":"Polygon","coordinates":[[[-77.7905,-6.1239],[-77.7485,-6.1644],[-77.7272,-6.1725],[-77.7277,-6.2098],[-77.7823,-6.2276],[-77.8356,-6.2107],[-77.8614,-6.1192],[-77.7905,-6.1239]]]}},{"type":"Feature","properties":{"IDDIST":"220105","NOMBDIST":"SORITOR","NOMBPROV":"MOYOBAMBA","NOMBDEP":"SAN MARTIN"},"geometry":{"type":"Polygon","coordinates":[[[-77.0593,-6.1196],[-77.0289,-6.1333],[-76.9587,-6.2163],[-76.9539,-6.2803],[-76.9718,-6.3225],[-76.9345,-6.3843],[-76.9525,-6.3972],[-77.0092,-6.4132],[-77.1155,-6.3992],[-77.1466,-6.3511],[-77.1327,-6.3024],[-77.1973,-6.2334],[-77.1245,-6.2034],[-77.1285,-6.1227],[-77.0593,-6.1196]]]}},{"type":"Feature","properties":{"IDDIST":"060609","NOMBDIST":"SAN JUAN DE CUTERVO","NOMBPROV":"CUTERVO","NOMBDEP":"CAJAMARCA"},"geometry":{"type":"Polygon","coordinates":[[[-78.548,-6.1849],[-78.5846,-6.232],[-78.6185,-6.2066],[-78.638,-6.2056],[-78.6345,-6.1779],[-78.6191,-6.1119],[-78.5759,-6.1425],[-78.548,-6.1849]]]}},{"type":"Feature","properties":{"IDDIST":"010108","NOMBDIST":"HUANCAS","NOMBPROV":"CHACHAPOYAS","NOMBDEP":"AMAZONAS"},"geometry":{"type":"Polygon","coordinates":[[[-77.8614,-6.1192],[-77.8356,-6.2107],[-77.9088,-6.1776],[-77.9058,-6.1571],[-77.8909,-6.1027],[-77.8614,-6.1192]]]}},{"type":"Feature","properties":{"IDDIST":"010509","NOMBDIST":"LUYA","NOMBPROV":"LUYA","NOMBDEP":"AMAZONAS"},"geometry":{"type":"Polygon","coordinates":[[[-78.0236,-6.1124],[-78.0044,-6.1401],[-77.9511,-6.1448],[-77.9058,-6.1571],[-77.9088,-6.1776],[-77.9169,-6.231],[-77.9709,-6.1886],[-78.0633,-6.1806],[-78.0521,-6.1524],[-78.041,-6.1012],[-78.0236,-6.1124]]]}},{"type":"Feature","properties":{"IDDIST":"220906","NOMBDIST":"EL PORVENIR","NOMBPROV":"SAN MARTIN","NOMBDEP":"SAN MARTIN"},"geometry":{"type":"Polygon","coordinates":[[[-75.7266,-6.144],[-75.7389,-6.1831],[-75.8039,-6.2361],[-75.8177,-6.3322],[-75.8451,-6.3718],[-75.9106,-6.4161],[-75.9292,-6.3568],[-75.9785,-6.2941],[-75.9332,-6.2127],[-75.9159,-6.1412],[-75.8345,-6.1391],[-75.8148,-6.1009],[-75.7266,-6.144]]]}},{"type":"Feature","properties":{"IDDIST":"220808","NOMBDIST":"YORONGOS","NOMBPROV":"RIOJA","NOMBDEP":"SAN MARTIN"},"geometry":{"type":"Polygon","coordinates":[[[-77.1436,-6.0984],[-77.1285,-6.1227],[-77.1245,-6.2034],[-77.1973,-6.2334],[-77.2041,-6.1829],[-77.1718,-6.1762],[-77.1749,-6.127],[-77.1436,-6.0984]]]}},{"type":"Feature","properties":{"IDDIST":"220503","NOMBDIST":"BARRANQUITA","NOMBPROV":"LAMAS","NOMBDEP":"SAN MARTIN"},"geometry":{"type":"Polygon","coordinates":[[[-75.9159,-6.1412],[-75.9332,-6.2127],[-75.9785,-6.2941],[-75.9292,-6.3568],[-75.9106,-6.4161],[-75.9062,-6.4346],[-75.9234,-6.4637],[-75.9541,-6.4905],[-76.0073,-6.4986],[-76.069,-6.4727],[-76.1094,-6.4752],[-76.1613,-6.5064],[-76.1969,-6.4763],[-76.1845,-6.4274],[-76.1497,-6.3172],[-76.18,-6.2741],[-76.1727,-6.228],[-76.1272,-6.1767],[-76.0885,-6.155],[-76.0305,-6.0985],[-75.9654,-6.0952],[-75.9159,-6.1412]]]}},{"type":"Feature","properties":{"IDDIST":"060414","NOMBDIST":"PION","NOMBPROV":"CHOTA","NOMBDEP":"CAJAMARCA"},"geometry":{"type":"Polygon","coordinates":[[[-78.4197,-6.1884],[-78.4028,-6.2187],[-78.4644,-6.2546],[-78.5137,-6.2413],[-78.5184,-6.2361],[-78.5293,-6.1757],[-78.5091,-6.0853],[-78.4197,-6.1884]]]}},{"type":"Feature","properties":{"IDDIST":"010502","NOMBDIST":"CAMPORREDONDO","NOMBPROV":"LUYA","NOMBDEP":"AMAZONAS"},"geometry":{"type":"Polygon","coordinates":[[[-78.3048,-6.0851],[-78.2657,-6.1365],[-78.2915,-6.1934],[-78.2877,-6.2364],[-78.3088,-6.2638],[-78.37,-6.2654],[-78.4028,-6.2187],[-78.4197,-6.1884],[-78.3731,-6.1698],[-78.3681,-6.1086],[-78.3048,-6.0851]]]}},{"type":"Feature","properties":{"IDDIST":"140203","NOMBDIST":"INCAHUASI","NOMBPROV":"FERREÑAFE","NOMBDEP":"LAMBAYEQUE"},"geometry":{"type":"Polygon","coordinates":[[[-79.2747,-6.1585],[-79.2492,-6.2218],[-79.2847,-6.2545],[-79.3218,-6.2631],[-79.3536,-6.3043],[-79.4227,-6.3104],[-79.4585,-6.3721],[-79.5283,-6.3998],[-79.5433,-6.3583],[-79.482,-6.3063],[-79.4719,-6.2687],[-79.437,-6.24],[-79.4332,-6.2064],[-79.4018,-6.1735],[-79.4282,-6.1481],[-79.4068,-6.0839],[-79.3483,-6.0804],[-79.3398,-6.138],[-79.2747,-6.1585]]]}},{"type":"Feature","properties":{"IDDIST":"060604","NOMBDIST":"CUJILLO","NOMBPROV":"CUTERVO","NOMBDEP":"CAJAMARCA"},"geometry":{"type":"Polygon","coordinates":[[[-78.5223,-6.0725],[-78.5091,-6.0853],[-78.5293,-6.1757],[-78.548,-6.1849],[-78.5759,-6.1425],[-78.6191,-6.1119],[-78.603,-6.0623],[-78.5894,-6.0765],[-78.5223,-6.0725]]]}},{"type":"Feature","properties":{"IDDIST":"010501","NOMBDIST":"LAMUD","NOMBPROV":"LUYA","NOMBDEP":"AMAZONAS"},"geometry":{"type":"Polygon","coordinates":[[[-77.8909,-6.1027],[-77.9058,-6.1571],[-77.9511,-6.1448],[-78.0044,-6.1401],[-78.0236,-6.1124],[-77.9589,-6.1133],[-77.9213,-6.0609],[-77.8909,-6.1027]]]}},{"type":"Feature","properties":{"IDDIST":"060607","NOMBDIST":"QUEROCOTILLO","NOMBPROV":"CUTERVO","NOMBDEP":"CAJAMARCA"},"geometry":{"type":"Polygon","coordinates":[[[-79.0522,-6.0556],[-78.9682,-6.1334],[-78.9684,-6.1883],[-78.8973,-6.2722],[-78.9935,-6.267],[-78.9894,-6.291],[-79.0167,-6.3128],[-79.0705,-6.3091],[-79.1626,-6.2728],[-79.2108,-6.2778],[-79.2223,-6.212],[-79.2492,-6.2218],[-79.2747,-6.1585],[-79.2339,-6.0931],[-79.2132,-6.0989],[-79.1727,-6.1341],[-79.0868,-6.1106],[-79.0797,-6.064],[-79.0522,-6.0556]]]}},{"type":"Feature","properties":{"IDDIST":"220103","NOMBDIST":"HABANA","NOMBPROV":"MOYOBAMBA","NOMBDEP":"SAN MARTIN"},"geometry":{"type":"Polygon","coordinates":[[[-77.0618,-6.0643],[-77.0593,-6.1196],[-77.1285,-6.1227],[-77.1436,-6.0984],[-77.1442,-6.0571],[-77.0618,-6.0643]]]}},{"type":"Feature","properties":{"IDDIST":"220104","NOMBDIST":"JEPELACIO","NOMBPROV":"MOYOBAMBA","NOMBDEP":"SAN MARTIN"},"geometry":{"type":"Polygon","coordinates":[[[-77.0557,-6.0509],[-76.9658,-6.1012],[-76.9421,-6.088],[-76.8739,-6.0934],[-76.8404,-6.105],[-76.8313,-6.1901],[-76.8188,-6.2021],[-76.8153,-6.2443],[-76.8351,-6.2852],[-76.8671,-6.2646],[-76.9025,-6.2849],[-76.9539,-6.2803],[-76.9587,-6.2163],[-77.0289,-6.1333],[-77.0593,-6.1196],[-77.0618,-6.0643],[-77.0557,-6.0509]]]}},{"type":"Feature","properties":{"IDDIST":"010516","NOMBDIST":"SAN CRISTOBAL","NOMBPROV":"LUYA","NOMBDEP":"AMAZONAS"},"geometry":{"type":"Polygon","coordinates":[[[-77.9213,-6.0609],[-77.9589,-6.1133],[-78.0236,-6.1124],[-78.041,-6.1012],[-78.0414,-6.093],[-77.97,-6.0899],[-77.9378,-6.0378],[-77.9213,-6.0609]]]}},{"type":"Feature","properties":{"IDDIST":"010107","NOMBDIST":"GRANADA","NOMBPROV":"CHACHAPOYAS","NOMBDEP":"AMAZONAS"},"geometry":{"type":"Polygon","coordinates":[[[-77.5338,-6.0634],[-77.5099,-6.0865],[-77.4982,-6.1564],[-77.5424,-6.1649],[-77.5955,-6.1409],[-77.6425,-6.1495],[-77.6343,-6.1105],[-77.6716,-6.0611],[-77.6185,-6.057],[-77.5983,-6.0313],[-77.5681,-6.0281],[-77.5338,-6.0634]]]}},{"type":"Feature","properties":{"IDDIST":"010510","NOMBDIST":"LUYA VIEJO","NOMBPROV":"LUYA","NOMBDEP":"AMAZONAS"},"geometry":{"type":"Polygon","coordinates":[[[-78.0521,-6.1524],[-78.0633,-6.1806],[-78.0826,-6.1719],[-78.0922,-6.1331],[-78.1541,-6.111],[-78.1836,-6.0631],[-78.1737,-6.0272],[-78.147,-6.0874],[-78.0808,-6.1106],[-78.0521,-6.1524]]]}},{"type":"Feature","properties":{"IDDIST":"010117","NOMBDIST":"QUINJALCA","NOMBPROV":"CHACHAPOYAS","NOMBDEP":"AMAZONAS"},"geometry":{"type":"Polygon","coordinates":[[[-77.6716,-6.0611],[-77.6343,-6.1105],[-77.6425,-6.1495],[-77.6767,-6.1282],[-77.7272,-6.1725],[-77.7485,-6.1644],[-77.7022,-6.1202],[-77.7138,-6.0448],[-77.7033,-6.0255],[-77.6716,-6.0611]]]}},{"type":"Feature","properties":{"IDDIST":"010311","NOMBDIST":"VALERA","NOMBPROV":"BONGARA","NOMBDEP":"AMAZONAS"},"geometry":{"type":"Polygon","coordinates":[[[-77.8996,-6.0314],[-77.8345,-6.064],[-77.7905,-6.1239],[-77.8614,-6.1192],[-77.8909,-6.1027],[-77.9213,-6.0609],[-77.9378,-6.0378],[-77.8996,-6.0314]]]}},{"type":"Feature","properties":{"IDDIST":"060611","NOMBDIST":"SANTA CRUZ","NOMBPROV":"CUTERVO","NOMBDEP":"CAJAMARCA"},"geometry":{"type":"Polygon","coordinates":[[[-78.7788,-6.1558],[-78.8115,-6.1823],[-78.8792,-6.136],[-78.897,-6.0444],[-78.8705,-6.0239],[-78.8418,-6.0424],[-78.7726,-6.1425],[-78.7788,-6.1558]]]}},{"type":"Feature","properties":{"IDDIST":"010505","NOMBDIST":"CONILA","NOMBPROV":"LUYA","NOMBDEP":"AMAZONAS"},"geometry":{"type":"Polygon","coordinates":[[[-78.1737,-6.0272],[-78.1836,-6.0631],[-78.1541,-6.111],[-78.0922,-6.1331],[-78.0826,-6.1719],[-78.1071,-6.203],[-78.1574,-6.2009],[-78.2306,-6.169],[-78.2657,-6.1365],[-78.3048,-6.0851],[-78.2844,-6.0642],[-78.2237,-6.0616],[-78.1721,-6.0138],[-78.1737,-6.0272]]]}},{"type":"Feature","properties":{"IDDIST":"060602","NOMBDIST":"CALLAYUC","NOMBPROV":"CUTERVO","NOMBDEP":"CAJAMARCA"},"geometry":{"type":"Polygon","coordinates":[[[-78.897,-6.0444],[-78.8792,-6.136],[-78.8115,-6.1823],[-78.8227,-6.2203],[-78.8686,-6.1922],[-78.8973,-6.2722],[-78.9684,-6.1883],[-78.9682,-6.1334],[-79.0522,-6.0556],[-79.0257,-6.0325],[-78.9651,-6.0126],[-78.897,-6.0444]]]}},{"type":"Feature","properties":{"IDDIST":"220508","NOMBDIST":"SAN ROQUE DE CUMBAZA","NOMBPROV":"LAMAS","NOMBDEP":"SAN MARTIN"},"geometry":{"type":"Polygon","coordinates":[[[-76.5477,-6.0219],[-76.5224,-6.1617],[-76.4048,-6.2811],[-76.3659,-6.3503],[-76.3796,-6.3913],[-76.4255,-6.3813],[-76.4436,-6.4041],[-76.471,-6.3938],[-76.5249,-6.3264],[-76.5601,-6.311],[-76.6295,-6.2555],[-76.607,-6.1909],[-76.6334,-6.1189],[-76.6855,-6.102],[-76.6752,-6.0123],[-76.5477,-6.0219]]]}},{"type":"Feature","properties":{"IDDIST":"010520","NOMBDIST":"SANTA CATALINA","NOMBPROV":"LUYA","NOMBDEP":"AMAZONAS"},"geometry":{"type":"Polygon","coordinates":[[[-78.0414,-6.093],[-78.041,-6.1012],[-78.0521,-6.1524],[-78.0808,-6.1106],[-78.147,-6.0874],[-78.1737,-6.0272],[-78.1721,-6.0138],[-78.1736,-6.002],[-78.0534,-6.0041],[-78.0221,-6.0495],[-78.0414,-6.093]]]}},{"type":"Feature","properties":{"IDDIST":"220911","NOMBDIST":"PAPAPLAYA","NOMBPROV":"SAN MARTIN","NOMBDEP":"SAN MARTIN"},"geometry":{"type":"Polygon","coordinates":[[[-75.5294,-6.1222],[-75.5256,-6.1651],[-75.4872,-6.2034],[-75.4903,-6.267],[-75.5501,-6.3477],[-75.5089,-6.5253],[-75.5575,-6.4398],[-75.608,-6.4257],[-75.6573,-6.3188],[-75.7304,-6.3188],[-75.8133,-6.3821],[-75.9062,-6.4346],[-75.9106,-6.4161],[-75.8451,-6.3718],[-75.8177,-6.3322],[-75.8039,-6.2361],[-75.7389,-6.1831],[-75.7266,-6.144],[-75.6804,-6.0956],[-75.629,-6.0821],[-75.6139,-6.0232],[-75.5689,-6.0004],[-75.5294,-6.1222]]]}},{"type":"Feature","properties":{"IDDIST":"010612","NOMBDIST":"VISTA ALEGRE","NOMBPROV":"RODRIGUEZ DE MENDOZA","NOMBDEP":"AMAZONAS"},"geometry":{"type":"Polygon","coordinates":[[[-77.3594,-6.0721],[-77.3464,-6.1143],[-77.2879,-6.1344],[-77.223,-6.1469],[-77.2041,-6.1829],[-77.1973,-6.2334],[-77.1327,-6.3024],[-77.1466,-6.3511],[-77.1717,-6.3812],[-77.2215,-6.3811],[-77.26,-6.3277],[-77.2868,-6.3391],[-77.3786,-6.3206],[-77.4019,-6.298],[-77.4467,-6.2429],[-77.4696,-6.1865],[-77.4982,-6.1564],[-77.5099,-6.0865],[-77.5338,-6.0634],[-77.4769,-6.0],[-77.4345,-6.0604],[-77.3955,-6.0394],[-77.3594,-6.0721]]]}},{"type":"Feature","properties":{"IDDIST":"220506","NOMBDIST":"PINTO RECODO","NOMBPROV":"LAMAS","NOMBDEP":"SAN MARTIN"},"geometry":{"type":"Polygon","coordinates":[[[-76.6752,-6.0123],[-76.6855,-6.102],[-76.6334,-6.1189],[-76.607,-6.1909],[-76.6295,-6.2555],[-76.5601,-6.311],[-76.5631,-6.365],[-76.5839,-6.375],[-76.5948,-6.3848],[-76.6184,-6.3744],[-76.683,-6.2269],[-76.7311,-6.1604],[-76.8188,-6.2021],[-76.8313,-6.1901],[-76.8404,-6.105],[-76.8739,-6.0934],[-76.8456,-6.0304],[-76.7868,-6.0239],[-76.7544,-5.9984],[-76.6752,-6.0123]]]}},{"type":"Feature","properties":{"IDDIST":"140307","NOMBDIST":"MOTUPE","NOMBPROV":"LAMBAYEQUE","NOMBDEP":"LAMBAYEQUE"},"geometry":{"type":"Polygon","coordinates":[[[-79.6399,-5.9978],[-79.6144,-6.0885],[-79.5761,-6.1272],[-79.6736,-6.1358],[-79.6887,-6.1636],[-79.5709,-6.1903],[-79.6048,-6.2458],[-79.6774,-6.2691],[-79.7081,-6.2928],[-79.7679,-6.3214],[-79.805,-6.2725],[-79.8033,-6.2437],[-79.8278,-6.1464],[-79.8074,-6.1122],[-79.7336,-6.0758],[-79.7122,-6.0212],[-79.6399,-5.9978]]]}},{"type":"Feature","properties":{"IDDIST":"060613","NOMBDIST":"SANTO TOMAS","NOMBPROV":"CUTERVO","NOMBDEP":"CAJAMARCA"},"geometry":{"type":"Polygon","coordinates":[[[-78.6282,-5.996],[-78.612,-6.0214],[-78.603,-6.0623],[-78.6191,-6.1119],[-78.6345,-6.1779],[-78.7419,-6.2219],[-78.7634,-6.1688],[-78.6936,-6.128],[-78.7359,-6.0765],[-78.7143,-6.0521],[-78.6795,-6.0564],[-78.6282,-5.996]]]}},{"type":"Feature","properties":{"IDDIST":"010105","NOMBDIST":"CHILIQUIN","NOMBPROV":"CHACHAPOYAS","NOMBDEP":"AMAZONAS"},"geometry":{"type":"Polygon","coordinates":[[[-77.7138,-6.0448],[-77.7022,-6.1202],[-77.7485,-6.1644],[-77.7905,-6.1239],[-77.8078,-6.0809],[-77.8062,-6.0319],[-77.7802,-5.9955],[-77.7138,-6.0448]]]}},{"type":"Feature","properties":{"IDDIST":"010303","NOMBDIST":"CHURUJA","NOMBPROV":"BONGARA","NOMBDEP":"AMAZONAS"},"geometry":{"type":"Polygon","coordinates":[[[-77.8996,-6.0314],[-77.9378,-6.0378],[-77.9702,-5.9833],[-77.9004,-5.9969],[-77.8996,-6.0314]]]}},{"type":"Feature","properties":{"IDDIST":"220801","NOMBDIST":"RIOJA","NOMBPROV":"RIOJA","NOMBDEP":"SAN MARTIN"},"geometry":{"type":"Polygon","coordinates":[[[-77.2181,-5.9797],[-77.156,-6.0393],[-77.1442,-6.0571],[-77.1436,-6.0984],[-77.1749,-6.127],[-77.1718,-6.1762],[-77.2041,-6.1829],[-77.223,-6.1469],[-77.2879,-6.1344],[-77.2615,-6.1195],[-77.2467,-6.0746],[-77.2648,-6.0087],[-77.226,-5.9767],[-77.2181,-5.9797]]]}},{"type":"Feature","properties":{"IDDIST":"140202","NOMBDIST":"CAÑARIS","NOMBPROV":"FERREÑAFE","NOMBDEP":"LAMBAYEQUE"},"geometry":{"type":"Polygon","coordinates":[[[-79.1858,-6.0279],[-79.1808,-6.0863],[-79.2132,-6.0989],[-79.2339,-6.0931],[-79.2747,-6.1585],[-79.3398,-6.138],[-79.3483,-6.0804],[-79.4068,-6.0839],[-79.4172,-6.0052],[-79.4032,-5.985],[-79.349,-5.9797],[-79.2643,-6.0025],[-79.224,-6.055],[-79.1858,-6.0279]]]}},{"type":"Feature","properties":{"IDDIST":"060606","NOMBDIST":"PIMPINGOS","NOMBPROV":"CUTERVO","NOMBDEP":"CAJAMARCA"},"geometry":{"type":"Polygon","coordinates":[[[-78.7143,-6.0521],[-78.7359,-6.0765],[-78.6936,-6.128],[-78.7634,-6.1688],[-78.7788,-6.1558],[-78.7726,-6.1425],[-78.8418,-6.0424],[-78.8705,-6.0239],[-78.8606,-6.0099],[-78.7995,-6.0517],[-78.7753,-5.9941],[-78.7416,-5.9623],[-78.7143,-6.0521]]]}},{"type":"Feature","properties":{"IDDIST":"220102","NOMBDIST":"CALZADA","NOMBPROV":"MOYOBAMBA","NOMBDEP":"SAN MARTIN"},"geometry":{"type":"Polygon","coordinates":[[[-77.1406,-5.9619],[-77.0626,-5.9718],[-77.0263,-6.0214],[-77.0557,-6.0509],[-77.0618,-6.0643],[-77.1442,-6.0571],[-77.156,-6.0393],[-77.1406,-5.9619]]]}},{"type":"Feature","properties":{"IDDIST":"220803","NOMBDIST":"ELIAS SOPLIN VARGAS","NOMBPROV":"RIOJA","NOMBDEP":"SAN MARTIN"},"geometry":{"type":"Polygon","coordinates":[[[-77.226,-5.9767],[-77.2648,-6.0087],[-77.2467,-6.0746],[-77.2615,-6.1195],[-77.2879,-6.1344],[-77.3464,-6.1143],[-77.3594,-6.0721],[-77.3233,-5.9802],[-77.2676,-5.9515],[-77.226,-5.9767]]]}},{"type":"Feature","properties":{"IDDIST":"220504","NOMBDIST":"CAYNARACHI","NOMBPROV":"LAMAS","NOMBDEP":"SAN MARTIN"},"geometry":{"type":"Polygon","coordinates":[[[-76.1272,-6.1767],[-76.1727,-6.228],[-76.18,-6.2741],[-76.1497,-6.3172],[-76.1845,-6.4274],[-76.2699,-6.4265],[-76.3171,-6.3645],[-76.3659,-6.3503],[-76.4048,-6.2811],[-76.5224,-6.1617],[-76.5477,-6.0219],[-76.4123,-5.9507],[-76.3728,-5.9738],[-76.3183,-6.0861],[-76.2732,-6.1044],[-76.2236,-6.166],[-76.1272,-6.1767]]]}},{"type":"Feature","properties":{"IDDIST":"010706","NOMBDIST":"LONYA GRANDE","NOMBPROV":"UTCUBAMBA","NOMBDEP":"AMAZONAS"},"geometry":{"type":"Polygon","coordinates":[[[-78.3419,-6.0054],[-78.2844,-6.0642],[-78.3048,-6.0851],[-78.3681,-6.1086],[-78.3731,-6.1698],[-78.4197,-6.1884],[-78.5091,-6.0853],[-78.5223,-6.0725],[-78.4851,-6.0021],[-78.4136,-5.9482],[-78.3606,-5.9764],[-78.3419,-6.0054]]]}},{"type":"Feature","properties":{"IDDIST":"010309","NOMBDIST":"SAN CARLOS","NOMBPROV":"BONGARA","NOMBDEP":"AMAZONAS"},"geometry":{"type":"Polygon","coordinates":[[[-77.8641,-5.9581],[-77.8016,-5.9922],[-77.8346,-6.0319],[-77.8345,-6.064],[-77.8996,-6.0314],[-77.9004,-5.9969],[-77.9702,-5.9833],[-77.9798,-5.9648],[-77.9592,-5.9473],[-77.8641,-5.9581]]]}},{"type":"Feature","properties":{"IDDIST":"160502","NOMBDIST":"ALTO TAPICHE","NOMBPROV":"REQUENA","NOMBDEP":"LORETO"},"geometry":{"type":"Polygon","coordinates":[[[-73.957,-6.4847],[-73.9346,-6.5274],[-73.9322,-6.6081],[-74.0016,-6.6834],[-74.039,-6.8203],[-73.9869,-6.8699],[-73.949,-6.8708],[-73.9181,-6.9218],[-73.8676,-6.9624],[-73.8799,-7.0051],[-73.8432,-7.0838],[-73.7984,-7.1131],[-73.7566,-7.1733],[-73.7521,-7.2064],[-73.7166,-7.2276],[-73.7154,-7.2749],[-73.6949,-7.2991],[-73.7226,-7.3412],[-73.8187,-7.3382],[-73.854,-7.355],[-73.8616,-7.3881],[-73.9237,-7.3622],[-73.9408,-7.3939],[-73.9113,-7.4758],[-73.9428,-7.5337],[-73.983,-7.5344],[-74.0338,-7.4849],[-74.04,-7.4482],[-74.1384,-7.3964],[-74.1809,-7.3587],[-74.259,-7.3441],[-74.3162,-7.3513],[-74.4627,-7.2989],[-74.5001,-7.262],[-74.5504,-7.1661],[-74.6185,-7.174],[-74.6426,-7.1229],[-74.6102,-7.0827],[-74.5667,-7.0643],[-74.5259,-7.0189],[-74.5325,-6.9243],[-74.5197,-6.831],[-74.5132,-6.6544],[-74.4795,-6.5825],[-74.4267,-6.438],[-74.4185,-6.3165],[-74.4078,-6.2767],[-74.3747,-6.2532],[-74.3649,-6.1561],[-74.2932,-6.1009],[-74.2393,-6.0007],[-74.1784,-5.9462],[-74.1235,-5.9843],[-74.1128,-6.0094],[-74.0123,-6.0444],[-74.0312,-6.1738],[-74.0224,-6.2044],[-74.0398,-6.3448],[-74.0222,-6.4358],[-73.9995,-6.4794],[-73.957,-6.4847]]]}},{"type":"Feature","properties":{"IDDIST":"010102","NOMBDIST":"ASUNCION","NOMBPROV":"CHACHAPOYAS","NOMBDEP":"AMAZONAS"},"geometry":{"type":"Polygon","coordinates":[[[-77.7033,-6.0255],[-77.7138,-6.0448],[-77.7802,-5.9955],[-77.7745,-5.9743],[-77.7448,-5.9449],[-77.7286,-6.0],[-77.7033,-6.0255]]]}},{"type":"Feature","properties":{"IDDIST":"010116","NOMBDIST":"OLLEROS","NOMBPROV":"CHACHAPOYAS","NOMBDEP":"AMAZONAS"},"geometry":{"type":"Polygon","coordinates":[[[-77.6717,-5.9741],[-77.5983,-6.0313],[-77.6185,-6.057],[-77.6716,-6.0611],[-77.7033,-6.0255],[-77.7286,-6.0],[-77.7448,-5.9449],[-77.6717,-5.9741]]]}},{"type":"Feature","properties":{"IDDIST":"220806","NOMBDIST":"POSIC","NOMBPROV":"RIOJA","NOMBDEP":"SAN MARTIN"},"geometry":{"type":"Polygon","coordinates":[[[-77.1406,-5.9619],[-77.156,-6.0393],[-77.2181,-5.9797],[-77.1492,-5.9409],[-77.142,-5.9365],[-77.1406,-5.9619]]]}},{"type":"Feature","properties":{"IDDIST":"010707","NOMBDIST":"YAMON","NOMBPROV":"UTCUBAMBA","NOMBDEP":"AMAZONAS"},"geometry":{"type":"Polygon","coordinates":[[[-78.4136,-5.9482],[-78.4851,-6.0021],[-78.5223,-6.0725],[-78.5894,-6.0765],[-78.603,-6.0623],[-78.612,-6.0214],[-78.5181,-5.9877],[-78.4973,-5.9413],[-78.4136,-5.9482]]]}},{"type":"Feature","properties":{"IDDIST":"220106","NOMBDIST":"YANTALO","NOMBPROV":"MOYOBAMBA","NOMBDEP":"SAN MARTIN"},"geometry":{"type":"Polygon","coordinates":[[[-77.0263,-6.0214],[-77.0626,-5.9718],[-77.1406,-5.9619],[-77.142,-5.9365],[-77.0775,-5.9334],[-77.0126,-5.9512],[-77.0263,-6.0214]]]}},{"type":"Feature","properties":{"IDDIST":"060808","NOMBDIST":"PUCARA","NOMBPROV":"JAEN","NOMBDEP":"CAJAMARCA"},"geometry":{"type":"Polygon","coordinates":[[[-79.0257,-6.0325],[-79.0522,-6.0556],[-79.0797,-6.064],[-79.0868,-6.1106],[-79.1727,-6.1341],[-79.2132,-6.0989],[-79.1808,-6.0863],[-79.1858,-6.0279],[-79.1309,-5.9481],[-79.101,-5.9234],[-79.0899,-5.989],[-79.0257,-6.0325]]]}},{"type":"Feature","properties":{"IDDIST":"140310","NOMBDIST":"SALAS","NOMBPROV":"LAMBAYEQUE","NOMBDEP":"LAMBAYEQUE"},"geometry":{"type":"Polygon","coordinates":[[[-79.4186,-5.9701],[-79.4172,-6.0052],[-79.4068,-6.0839],[-79.4282,-6.1481],[-79.4018,-6.1735],[-79.4332,-6.2064],[-79.437,-6.24],[-79.4719,-6.2687],[-79.482,-6.3063],[-79.5433,-6.3583],[-79.5554,-6.3412],[-79.6446,-6.3995],[-79.6901,-6.3883],[-79.7081,-6.2928],[-79.6774,-6.2691],[-79.6048,-6.2458],[-79.5709,-6.1903],[-79.5761,-6.1272],[-79.6144,-6.0885],[-79.6399,-5.9978],[-79.593,-5.9591],[-79.6013,-5.9395],[-79.4989,-5.9152],[-79.4186,-5.9701]]]}},{"type":"Feature","properties":{"IDDIST":"010307","NOMBDIST":"JAZAN","NOMBPROV":"BONGARA","NOMBDEP":"AMAZONAS"},"geometry":{"type":"Polygon","coordinates":[[[-77.9714,-5.9386],[-77.9592,-5.9473],[-77.9798,-5.9648],[-78.0503,-5.9772],[-78.0788,-5.9541],[-78.0766,-5.9168],[-78.0547,-5.9061],[-77.9714,-5.9386]]]}},{"type":"Feature","properties":{"IDDIST":"010518","NOMBDIST":"SAN JERONIMO","NOMBPROV":"LUYA","NOMBDEP":"AMAZONAS"},"geometry":{"type":"Polygon","coordinates":[[[-78.0766,-5.9168],[-78.0788,-5.9541],[-78.0503,-5.9772],[-77.9798,-5.9648],[-77.9702,-5.9833],[-77.9378,-6.0378],[-77.97,-6.0899],[-78.0414,-6.093],[-78.0221,-6.0495],[-78.0534,-6.0041],[-78.1736,-6.002],[-78.1308,-5.9026],[-78.0766,-5.9168]]]}},{"type":"Feature","properties":{"IDDIST":"060615","NOMBDIST":"TORIBIO CASANOVA","NOMBPROV":"CUTERVO","NOMBDEP":"CAJAMARCA"},"geometry":{"type":"Polygon","coordinates":[[[-78.6282,-5.996],[-78.6795,-6.0564],[-78.7143,-6.0521],[-78.7416,-5.9623],[-78.686,-5.9009],[-78.6282,-5.996]]]}},{"type":"Feature","properties":{"IDDIST":"010308","NOMBDIST":"RECTA","NOMBPROV":"BONGARA","NOMBDEP":"AMAZONAS"},"geometry":{"type":"Polygon","coordinates":[[[-77.7448,-5.9449],[-77.7745,-5.9743],[-77.7974,-5.9532],[-77.7923,-5.8989],[-77.7448,-5.9449]]]}},{"type":"Feature","properties":{"IDDIST":"220809","NOMBDIST":"YURACYACU","NOMBPROV":"RIOJA","NOMBDEP":"SAN MARTIN"},"geometry":{"type":"Polygon","coordinates":[[[-77.2375,-5.8873],[-77.1955,-5.9387],[-77.1492,-5.9409],[-77.2181,-5.9797],[-77.226,-5.9767],[-77.2676,-5.9515],[-77.2831,-5.9171],[-77.2375,-5.8873]]]}},{"type":"Feature","properties":{"IDDIST":"160605","NOMBDIST":"SARAYACU","NOMBPROV":"UCAYALI","NOMBDEP":"LORETO"},"geometry":{"type":"Polygon","coordinates":[[[-74.9014,-6.7327],[-74.9662,-6.771],[-75.0012,-6.7196],[-75.0378,-6.7357],[-75.0652,-6.7727],[-75.1005,-6.7645],[-75.2059,-6.7869],[-75.2659,-6.8099],[-75.2939,-6.8414],[-75.3237,-6.8305],[-75.3687,-6.8712],[-75.5035,-6.8787],[-75.523,-6.9141],[-75.5664,-6.9279],[-75.6244,-6.9175],[-75.6334,-6.8431],[-75.5118,-6.7856],[-75.5012,-6.767],[-75.5002,-6.6403],[-75.5093,-6.583],[-75.5089,-6.5253],[-75.5501,-6.3477],[-75.4903,-6.267],[-75.4872,-6.2034],[-75.5256,-6.1651],[-75.5294,-6.1222],[-75.3967,-6.0823],[-75.3288,-6.0993],[-75.1898,-6.0738],[-75.1469,-6.0393],[-75.0411,-6.0045],[-74.9617,-5.9015],[-74.8867,-5.866],[-74.8082,-5.9294],[-74.7613,-5.9261],[-74.689,-5.9604],[-74.6983,-6.0276],[-74.7244,-6.0746],[-74.7757,-6.1051],[-74.7899,-6.1553],[-74.8674,-6.2224],[-74.8651,-6.2729],[-74.8886,-6.3194],[-74.9058,-6.4263],[-74.9712,-6.5164],[-74.9755,-6.5549],[-74.956,-6.6855],[-74.9014,-6.7327]]]}},{"type":"Feature","properties":{"IDDIST":"010305","NOMBDIST":"CUISPES","NOMBPROV":"BONGARA","NOMBDEP":"AMAZONAS"},"geometry":{"type":"Polygon","coordinates":[[[-77.8788,-5.871],[-77.8622,-5.9095],[-77.8641,-5.9581],[-77.9592,-5.9473],[-77.9714,-5.9386],[-77.9766,-5.8904],[-77.9149,-5.8606],[-77.8788,-5.871]]]}},{"type":"Feature","properties":{"IDDIST":"010310","NOMBDIST":"SHIPASBAMBA","NOMBPROV":"BONGARA","NOMBDEP":"AMAZONAS"},"geometry":{"type":"Polygon","coordinates":[[[-77.9766,-5.8904],[-77.9714,-5.9386],[-78.0547,-5.9061],[-78.0766,-5.9168],[-78.1308,-5.9026],[-78.1352,-5.8942],[-78.0963,-5.8375],[-78.04,-5.8287],[-77.9766,-5.8904]]]}},{"type":"Feature","properties":{"IDDIST":"010302","NOMBDIST":"CHISQUILLA","NOMBPROV":"BONGARA","NOMBDEP":"AMAZONAS"},"geometry":{"type":"Polygon","coordinates":[[[-77.6717,-5.9741],[-77.7448,-5.9449],[-77.7923,-5.8989],[-77.8105,-5.8698],[-77.7608,-5.8249],[-77.6779,-5.8596],[-77.6519,-5.9353],[-77.6717,-5.9741]]]}},{"type":"Feature","properties":{"IDDIST":"010301","NOMBDIST":"JUMBILLA","NOMBPROV":"BONGARA","NOMBDEP":"AMAZONAS"},"geometry":{"type":"Polygon","coordinates":[[[-77.8105,-5.8698],[-77.7923,-5.8989],[-77.7974,-5.9532],[-77.7745,-5.9743],[-77.7802,-5.9955],[-77.8062,-6.0319],[-77.8078,-6.0809],[-77.7905,-6.1239],[-77.8345,-6.064],[-77.8346,-6.0319],[-77.8016,-5.9922],[-77.8641,-5.9581],[-77.8622,-5.9095],[-77.8788,-5.871],[-77.8423,-5.8236],[-77.8105,-5.8698]]]}},{"type":"Feature","properties":{"IDDIST":"010705","NOMBDIST":"JAMALCA","NOMBPROV":"UTCUBAMBA","NOMBDEP":"AMAZONAS"},"geometry":{"type":"Polygon","coordinates":[[[-78.1352,-5.8942],[-78.1308,-5.9026],[-78.1736,-6.002],[-78.1721,-6.0138],[-78.2237,-6.0616],[-78.2844,-6.0642],[-78.3419,-6.0054],[-78.314,-5.9888],[-78.282,-5.8986],[-78.296,-5.8091],[-78.1975,-5.8867],[-78.1352,-5.8942]]]}},{"type":"Feature","properties":{"IDDIST":"220804","NOMBDIST":"NUEVA CAJAMARCA","NOMBPROV":"RIOJA","NOMBDEP":"SAN MARTIN"},"geometry":{"type":"Polygon","coordinates":[[[-77.314,-5.8487],[-77.2831,-5.9171],[-77.2676,-5.9515],[-77.3233,-5.9802],[-77.3594,-6.0721],[-77.3955,-6.0394],[-77.4345,-6.0604],[-77.4769,-6.0],[-77.4035,-5.9378],[-77.3985,-5.873],[-77.4369,-5.8454],[-77.3872,-5.8146],[-77.3533,-5.8504],[-77.314,-5.8487]]]}},{"type":"Feature","properties":{"IDDIST":"060603","NOMBDIST":"CHOROS","NOMBPROV":"CUTERVO","NOMBDEP":"CAJAMARCA"},"geometry":{"type":"Polygon","coordinates":[[[-78.7006,-5.7852],[-78.686,-5.9009],[-78.7416,-5.9623],[-78.7753,-5.9941],[-78.7995,-6.0517],[-78.8606,-6.0099],[-78.8493,-5.9434],[-78.838,-5.9004],[-78.7413,-5.8355],[-78.7206,-5.7925],[-78.7006,-5.7852]]]}},{"type":"Feature","properties":{"IDDIST":"010304","NOMBDIST":"COROSHA","NOMBPROV":"BONGARA","NOMBDEP":"AMAZONAS"},"geometry":{"type":"Polygon","coordinates":[[[-77.7704,-5.7881],[-77.7608,-5.8249],[-77.8105,-5.8698],[-77.8423,-5.8236],[-77.8573,-5.8047],[-77.8288,-5.7764],[-77.7704,-5.7881]]]}},{"type":"Feature","properties":{"IDDIST":"010704","NOMBDIST":"EL MILAGRO","NOMBPROV":"UTCUBAMBA","NOMBDEP":"AMAZONAS"},"geometry":{"type":"Polygon","coordinates":[[[-78.5547,-5.5381],[-78.5654,-5.5879],[-78.5336,-5.644],[-78.5566,-5.6859],[-78.5612,-5.739],[-78.5965,-5.8323],[-78.5909,-5.8686],[-78.6191,-5.8661],[-78.6731,-5.8092],[-78.6917,-5.7603],[-78.6524,-5.7228],[-78.6511,-5.6756],[-78.6048,-5.6072],[-78.5807,-5.5485],[-78.5547,-5.5381]]]}},{"type":"Feature","properties":{"IDDIST":"160505","NOMBDIST":"MAQUIA","NOMBPROV":"REQUENA","NOMBDEP":"LORETO"},"geometry":{"type":"Polygon","coordinates":[[[-74.4948,-5.6888],[-74.4741,-5.7231],[-74.4825,-5.763],[-74.4572,-5.836],[-74.489,-5.8634],[-74.4863,-5.9596],[-74.58,-6.1144],[-74.6254,-6.1327],[-74.6621,-6.2378],[-74.6593,-6.3319],[-74.6975,-6.4636],[-74.703,-6.5366],[-74.6917,-6.6362],[-74.7391,-6.7462],[-74.7437,-6.8479],[-74.6656,-6.9045],[-74.626,-6.9831],[-74.6255,-7.0653],[-74.6102,-7.0827],[-74.6426,-7.1229],[-74.6185,-7.174],[-74.6419,-7.187],[-74.6474,-7.2421],[-74.6251,-7.2705],[-74.6449,-7.3009],[-74.7199,-7.3218],[-74.8345,-7.2933],[-74.8813,-7.2342],[-74.8524,-7.1581],[-74.8752,-7.1251],[-74.8366,-7.0717],[-74.7992,-6.9768],[-74.851,-6.9145],[-74.8954,-6.8332],[-74.9014,-6.7327],[-74.956,-6.6855],[-74.9755,-6.5549],[-74.9712,-6.5164],[-74.9058,-6.4263],[-74.8886,-6.3194],[-74.8651,-6.2729],[-74.8674,-6.2224],[-74.7899,-6.1553],[-74.7757,-6.1051],[-74.7244,-6.0746],[-74.6983,-6.0276],[-74.689,-5.9604],[-74.7613,-5.9261],[-74.8082,-5.9294],[-74.8867,-5.866],[-74.8331,-5.756],[-74.8017,-5.7271],[-74.7263,-5.7036],[-74.706,-5.6603],[-74.6995,-5.6031],[-74.6368,-5.5309],[-74.5873,-5.5497],[-74.5312,-5.5494],[-74.5309,-5.6277],[-74.4948,-5.6888]]]}},{"type":"Feature","properties":{"IDDIST":"060803","NOMBDIST":"CHONTALI","NOMBPROV":"JAEN","NOMBDEP":"CAJAMARCA"},"geometry":{"type":"Polygon","coordinates":[[[-79.1999,-5.5036],[-79.1791,-5.5029],[-79.11,-5.5851],[-79.0179,-5.6166],[-78.971,-5.6687],[-78.9705,-5.6968],[-79.0251,-5.7016],[-79.0452,-5.7244],[-79.1127,-5.7192],[-79.2007,-5.7279],[-79.2244,-5.681],[-79.2177,-5.6386],[-79.2471,-5.599],[-79.2349,-5.5447],[-79.2559,-5.5024],[-79.1999,-5.5036]]]}},{"type":"Feature","properties":{"IDDIST":"060809","NOMBDIST":"SALLIQUE","NOMBPROV":"JAEN","NOMBDEP":"CAJAMARCA"},"geometry":{"type":"Polygon","coordinates":[[[-79.2559,-5.5024],[-79.2349,-5.5447],[-79.2471,-5.599],[-79.2177,-5.6386],[-79.2244,-5.681],[-79.2451,-5.7076],[-79.29,-5.7086],[-79.3111,-5.7338],[-79.3989,-5.7288],[-79.3756,-5.6062],[-79.3985,-5.5335],[-79.329,-5.5351],[-79.269,-5.5133],[-79.2559,-5.5024]]]}},{"type":"Feature","properties":{"IDDIST":"010201","NOMBDIST":"BAGUA","NOMBPROV":"BAGUA","NOMBDEP":"AMAZONAS"},"geometry":{"type":"Polygon","coordinates":[[[-78.4778,-5.5174],[-78.5273,-5.5522],[-78.4901,-5.602],[-78.4651,-5.6446],[-78.4696,-5.6674],[-78.4978,-5.6814],[-78.5336,-5.644],[-78.5654,-5.5879],[-78.5547,-5.5381],[-78.5505,-5.5168],[-78.5431,-5.4818],[-78.4948,-5.484],[-78.4778,-5.5174]]]}},{"type":"Feature","properties":{"IDDIST":"140308","NOMBDIST":"OLMOS","NOMBPROV":"LAMBAYEQUE","NOMBDEP":"LAMBAYEQUE"},"geometry":{"type":"Polygon","coordinates":[[[-79.8394,-5.63],[-79.7869,-5.6466],[-79.7593,-5.6963],[-79.7173,-5.7393],[-79.7393,-5.7996],[-79.7373,-5.8377],[-79.6827,-5.8464],[-79.6314,-5.829],[-79.6264,-5.8874],[-79.6013,-5.9395],[-79.593,-5.9591],[-79.6399,-5.9978],[-79.7122,-6.0212],[-79.7336,-6.0758],[-79.8074,-6.1122],[-79.8278,-6.1464],[-79.8033,-6.2437],[-79.8314,-6.2454],[-79.8504,-6.2024],[-79.8889,-6.184],[-79.9231,-6.1406],[-79.9624,-6.2129],[-79.9652,-6.2554],[-79.9513,-6.4006],[-79.9332,-6.4589],[-80.0164,-6.4456],[-80.6271,-6.3719],[-80.3762,-6.007],[-80.3274,-5.9474],[-80.1989,-5.893],[-80.1309,-5.8887],[-80.053,-5.8112],[-79.9948,-5.7519],[-79.9685,-5.5812],[-79.9459,-5.515],[-79.9031,-5.4914],[-79.854,-5.5318],[-79.8644,-5.5634],[-79.8394,-5.63]]]}},{"type":"Feature","properties":{"IDDIST":"200804","NOMBDIST":"CRISTO NOS VALGA","NOMBPROV":"SECHURA","NOMBDEP":"PIURA"},"geometry":{"type":"Polygon","coordinates":[[[-80.6367,-5.4861],[-80.568,-5.4867],[-80.5526,-5.4923],[-80.5346,-5.6016],[-80.6259,-5.5989],[-80.7653,-5.5363],[-80.7684,-5.5128],[-80.7637,-5.493],[-80.7017,-5.4772],[-80.6367,-5.4861]]]}},{"type":"Feature","properties":{"IDDIST":"200801","NOMBDIST":"SECHURA","NOMBPROV":"SECHURA","NOMBDEP":"PIURA"},"geometry":{"type":"Polygon","coordinates":[[[-80.7912,-5.4839],[-80.7684,-5.5128],[-80.7653,-5.5363],[-80.6259,-5.5989],[-80.5346,-5.6016],[-80.323,-5.6793],[-80.2912,-5.6779],[-80.2077,-5.7215],[-80.1091,-5.7878],[-80.053,-5.8112],[-80.1309,-5.8887],[-80.1989,-5.893],[-80.3274,-5.9474],[-80.3762,-6.007],[-80.6271,-6.3719],[-80.6271,-6.3721],[-80.7979,-6.289],[-80.9131,-6.1906],[-81.0916,-6.082],[-81.1493,-5.9812],[-81.1493,-5.8892],[-81.1224,-5.8422],[-81.0975,-5.8382],[-81.0684,-5.7857],[-81.0217,-5.8306],[-80.9431,-5.8457],[-80.8915,-5.8098],[-80.8612,-5.7497],[-80.8525,-5.6355],[-80.8826,-5.5479],[-80.7912,-5.4839]]]}},{"type":"Feature","properties":{"IDDIST":"160504","NOMBDIST":"EMILIO SAN MARTIN","NOMBPROV":"REQUENA","NOMBDEP":"LORETO"},"geometry":{"type":"Polygon","coordinates":[[[-74.1098,-5.6059],[-74.1925,-5.66],[-74.1664,-5.708],[-74.164,-5.7462],[-74.1027,-5.7759],[-74.1037,-5.7991],[-74.1586,-5.8409],[-74.1515,-5.8989],[-74.1784,-5.9462],[-74.2393,-6.0007],[-74.2932,-6.1009],[-74.3649,-6.1561],[-74.3747,-6.2532],[-74.4078,-6.2767],[-74.4185,-6.3165],[-74.4267,-6.438],[-74.4795,-6.5825],[-74.5132,-6.6544],[-74.5197,-6.831],[-74.5325,-6.9243],[-74.5259,-7.0189],[-74.5667,-7.0643],[-74.6102,-7.0827],[-74.6255,-7.0653],[-74.626,-6.9831],[-74.6656,-6.9045],[-74.7437,-6.8479],[-74.7391,-6.7462],[-74.6917,-6.6362],[-74.703,-6.5366],[-74.6975,-6.4636],[-74.6593,-6.3319],[-74.6621,-6.2378],[-74.6254,-6.1327],[-74.58,-6.1144],[-74.4863,-5.9596],[-74.489,-5.8634],[-74.4572,-5.836],[-74.4825,-5.763],[-74.4741,-5.7231],[-74.4948,-5.6888],[-74.4392,-5.6711],[-74.3347,-5.6056],[-74.2996,-5.52],[-74.2998,-5.4779],[-74.2505,-5.4668],[-74.173,-5.505],[-74.1325,-5.5396],[-74.1098,-5.6059]]]}},{"type":"Feature","properties":{"IDDIST":"200806","NOMBDIST":"RINCONADA LLICUAR","NOMBPROV":"SECHURA","NOMBDEP":"PIURA"},"geometry":{"type":"Polygon","coordinates":[[[-80.7571,-5.4445],[-80.7542,-5.4494],[-80.7637,-5.493],[-80.7684,-5.5128],[-80.7912,-5.4839],[-80.7571,-5.4445]]]}},{"type":"Feature","properties":{"IDDIST":"160210","NOMBDIST":"SANTA CRUZ","NOMBPROV":"ALTO AMAZONAS","NOMBDEP":"LORETO"},"geometry":{"type":"Polygon","coordinates":[[[-75.5126,-5.6779],[-75.5145,-5.7393],[-75.562,-5.7704],[-75.6348,-5.7609],[-75.6721,-5.7247],[-75.7764,-5.7094],[-75.8049,-5.729],[-75.9266,-5.6775],[-75.9405,-5.6446],[-75.9895,-5.6403],[-76.0809,-5.5988],[-75.9494,-5.4409],[-75.8502,-5.4703],[-75.7847,-5.5174],[-75.6644,-5.5718],[-75.6332,-5.5935],[-75.578,-5.6636],[-75.5126,-5.6779]]]}},{"type":"Feature","properties":{"IDDIST":"160202","NOMBDIST":"BALSAPUERTO","NOMBPROV":"ALTO AMAZONAS","NOMBDEP":"LORETO"},"geometry":{"type":"Polygon","coordinates":[[[-76.3563,-5.6052],[-76.3518,-5.6661],[-76.3153,-5.8355],[-76.3178,-5.8633],[-76.3621,-5.9231],[-76.4123,-5.9507],[-76.5477,-6.0219],[-76.6752,-6.0123],[-76.7544,-5.9984],[-76.7467,-5.954],[-76.7777,-5.9006],[-76.8181,-5.8621],[-76.8355,-5.7456],[-76.8945,-5.7462],[-76.8695,-5.7036],[-76.8295,-5.6958],[-76.8144,-5.6567],[-76.8445,-5.609],[-76.8125,-5.591],[-76.8508,-5.5321],[-76.8322,-5.4985],[-76.7751,-5.4492],[-76.7351,-5.45],[-76.7169,-5.4813],[-76.6836,-5.4753],[-76.6291,-5.4306],[-76.5696,-5.4363],[-76.5307,-5.4843],[-76.3952,-5.5862],[-76.3563,-5.6052]]]}},{"type":"Feature","properties":{"IDDIST":"200304","NOMBDIST":"HUARMACA","NOMBPROV":"HUANCABAMBA","NOMBDEP":"PIURA"},"geometry":{"type":"Polygon","coordinates":[[[-79.4033,-5.5244],[-79.3985,-5.5335],[-79.3756,-5.6062],[-79.3989,-5.7288],[-79.3525,-5.873],[-79.3336,-5.8942],[-79.3674,-5.9372],[-79.4186,-5.9701],[-79.4989,-5.9152],[-79.6013,-5.9395],[-79.6264,-5.8874],[-79.6314,-5.829],[-79.6827,-5.8464],[-79.7373,-5.8377],[-79.7393,-5.7996],[-79.7173,-5.7393],[-79.7593,-5.6963],[-79.7869,-5.6466],[-79.8394,-5.63],[-79.8004,-5.5622],[-79.777,-5.5619],[-79.7374,-5.509],[-79.6816,-5.531],[-79.6498,-5.5206],[-79.6425,-5.4852],[-79.5987,-5.4803],[-79.5214,-5.4249],[-79.4552,-5.4944],[-79.4439,-5.5305],[-79.4033,-5.5244]]]}},{"type":"Feature","properties":{"IDDIST":"200803","NOMBDIST":"BERNAL","NOMBPROV":"SECHURA","NOMBDEP":"PIURA"},"geometry":{"type":"Polygon","coordinates":[[[-80.7054,-5.4295],[-80.6353,-5.4504],[-80.6367,-5.4861],[-80.7017,-5.4772],[-80.7637,-5.493],[-80.7542,-5.4494],[-80.7216,-5.4214],[-80.7054,-5.4295]]]}},{"type":"Feature","properties":{"IDDIST":"220805","NOMBDIST":"PARDO MIGUEL","NOMBPROV":"RIOJA","NOMBDEP":"SAN MARTIN"},"geometry":{"type":"Polygon","coordinates":[[[-77.486,-5.6808],[-77.4698,-5.7312],[-77.4309,-5.7574],[-77.5026,-5.8411],[-77.5417,-5.9361],[-77.5681,-6.0281],[-77.5983,-6.0313],[-77.6717,-5.9741],[-77.6519,-5.9353],[-77.6779,-5.8596],[-77.7608,-5.8249],[-77.7704,-5.7881],[-77.7594,-5.7298],[-77.7737,-5.6852],[-77.7369,-5.6051],[-77.7658,-5.539],[-77.7685,-5.438],[-77.7448,-5.4069],[-77.7422,-5.4234],[-77.641,-5.5263],[-77.6554,-5.5808],[-77.6272,-5.6436],[-77.5711,-5.7084],[-77.486,-5.6808]]]}},{"type":"Feature","properties":{"IDDIST":"220101","NOMBDIST":"MOYOBAMBA","NOMBPROV":"MOYOBAMBA","NOMBDEP":"SAN MARTIN"},"geometry":{"type":"Polygon","coordinates":[[[-77.696,-5.4111],[-77.6704,-5.4096],[-77.5817,-5.4612],[-77.5581,-5.4256],[-77.5174,-5.4667],[-77.4619,-5.5841],[-77.4087,-5.5892],[-77.3701,-5.5696],[-77.3383,-5.6035],[-77.2319,-5.5955],[-77.2008,-5.6266],[-77.138,-5.6319],[-77.0601,-5.6674],[-76.9956,-5.6671],[-76.9614,-5.7061],[-76.8945,-5.7462],[-76.8355,-5.7456],[-76.8181,-5.8621],[-76.7777,-5.9006],[-76.7467,-5.954],[-76.7544,-5.9984],[-76.7868,-6.0239],[-76.8456,-6.0304],[-76.8739,-6.0934],[-76.9421,-6.088],[-76.9658,-6.1012],[-77.0557,-6.0509],[-77.0263,-6.0214],[-77.0126,-5.9512],[-77.0775,-5.9334],[-77.142,-5.9365],[-77.1492,-5.9409],[-77.1955,-5.9387],[-77.2375,-5.8873],[-77.2531,-5.8035],[-77.2857,-5.7764],[-77.3457,-5.7493],[-77.4035,-5.6997],[-77.486,-5.6808],[-77.5711,-5.7084],[-77.6272,-5.6436],[-77.6554,-5.5808],[-77.641,-5.5263],[-77.7422,-5.4234],[-77.7448,-5.4069],[-77.696,-5.4111]]]}},{"type":"Feature","properties":{"IDDIST":"200802","NOMBDIST":"BELLAVISTA DE LA UNION","NOMBPROV":"SECHURA","NOMBDEP":"PIURA"},"geometry":{"type":"Polygon","coordinates":[[[-80.7216,-5.4214],[-80.7542,-5.4494],[-80.7571,-5.4445],[-80.7492,-5.4134],[-80.7216,-5.4214]]]}},{"type":"Feature","properties":{"IDDIST":"200302","NOMBDIST":"CANCHAQUE","NOMBPROV":"HUANCABAMBA","NOMBDEP":"PIURA"},"geometry":{"type":"Polygon","coordinates":[[[-79.5489,-5.309],[-79.5382,-5.338],[-79.5507,-5.3706],[-79.6867,-5.4117],[-79.7686,-5.425],[-79.732,-5.377],[-79.6628,-5.369],[-79.6552,-5.3333],[-79.6945,-5.2581],[-79.6551,-5.2354],[-79.608,-5.175],[-79.5598,-5.1933],[-79.5715,-5.2797],[-79.5489,-5.309]]]}},{"type":"Feature","properties":{"IDDIST":"010202","NOMBDIST":"ARAMANGO","NOMBPROV":"BAGUA","NOMBDEP":"AMAZONAS"},"geometry":{"type":"Polygon","coordinates":[[[-78.3118,-5.486],[-78.3256,-5.5592],[-78.363,-5.5768],[-78.466,-5.5412],[-78.4778,-5.5174],[-78.4948,-5.484],[-78.5431,-5.4818],[-78.5152,-5.4543],[-78.5184,-5.3993],[-78.5898,-5.3249],[-78.6262,-5.3064],[-78.6032,-5.2561],[-78.5209,-5.2183],[-78.4625,-5.1737],[-78.3889,-5.2555],[-78.3857,-5.3071],[-78.3237,-5.4061],[-78.3118,-5.486]]]}},{"type":"Feature","properties":{"IDDIST":"060907","NOMBDIST":"TABACONAS","NOMBPROV":"SAN IGNACIO","NOMBDEP":"CAJAMARCA"},"geometry":{"type":"Polygon","coordinates":[[[-79.0583,-5.2066],[-79.008,-5.2583],[-79.0087,-5.2599],[-79.0321,-5.264],[-79.1,-5.3621],[-79.1489,-5.398],[-79.1462,-5.4547],[-79.1999,-5.5036],[-79.2559,-5.5024],[-79.269,-5.5133],[-79.2977,-5.4581],[-79.3044,-5.3918],[-79.3281,-5.3159],[-79.359,-5.2886],[-79.349,-5.2593],[-79.3723,-5.1839],[-79.3418,-5.1633],[-79.3089,-5.2071],[-79.2507,-5.1947],[-79.1348,-5.2497],[-79.0894,-5.2365],[-79.0583,-5.2066]]]}},{"type":"Feature","properties":{"IDDIST":"200404","NOMBDIST":"LA MATANZA","NOMBPROV":"MORROPON","NOMBDEP":"PIURA"},"geometry":{"type":"Polygon","coordinates":[[[-80.0925,-5.1622],[-80.0354,-5.1783],[-80.0171,-5.2072],[-79.9984,-5.2447],[-80.0109,-5.2773],[-79.9387,-5.3792],[-79.9459,-5.515],[-79.9685,-5.5812],[-79.9992,-5.5854],[-80.0839,-5.5604],[-80.1259,-5.5108],[-80.2599,-5.3304],[-80.1534,-5.1708],[-80.0925,-5.1622]]]}},{"type":"Feature","properties":{"IDDIST":"200105","NOMBDIST":"CATACAOS","NOMBPROV":"PIURA","NOMBDEP":"PIURA"},"geometry":{"type":"Polygon","coordinates":[[[-80.6485,-5.2264],[-80.5611,-5.2604],[-80.5169,-5.2356],[-80.365,-5.2324],[-80.323,-5.2905],[-80.2599,-5.3304],[-80.1259,-5.5108],[-80.0839,-5.5604],[-79.9992,-5.5854],[-79.9685,-5.5812],[-79.9948,-5.7519],[-80.053,-5.8112],[-80.1091,-5.7878],[-80.2077,-5.7215],[-80.2912,-5.6779],[-80.323,-5.6793],[-80.5346,-5.6016],[-80.5526,-5.4923],[-80.568,-5.4867],[-80.5256,-5.4211],[-80.5265,-5.3512],[-80.5148,-5.3003],[-80.5883,-5.3013],[-80.6407,-5.3211],[-80.6992,-5.3132],[-80.7505,-5.291],[-80.801,-5.2127],[-80.7681,-5.152],[-80.7077,-5.1702],[-80.6898,-5.203],[-80.6485,-5.2264]]]}},{"type":"Feature","properties":{"IDDIST":"160503","NOMBDIST":"CAPELO","NOMBPROV":"REQUENA","NOMBDEP":"LORETO"},"geometry":{"type":"Polygon","coordinates":[[[-74.1098,-5.6059],[-74.1325,-5.5396],[-74.173,-5.505],[-74.2505,-5.4668],[-74.2998,-5.4779],[-74.294,-5.4047],[-74.1884,-5.3287],[-74.1778,-5.2981],[-74.1995,-5.2593],[-74.1343,-5.206],[-74.0896,-5.1497],[-74.0684,-5.2208],[-73.9966,-5.2414],[-73.9655,-5.2674],[-73.9622,-5.3037],[-73.9879,-5.3454],[-74.0465,-5.3642],[-74.0745,-5.3947],[-74.058,-5.4897],[-74.1023,-5.571],[-74.1098,-5.6059]]]}},{"type":"Feature","properties":{"IDDIST":"010312","NOMBDIST":"YAMBRASBAMBA","NOMBPROV":"BONGARA","NOMBDEP":"AMAZONAS"},"geometry":{"type":"Polygon","coordinates":[[[-77.7083,-5.1508],[-77.7082,-5.1909],[-77.7396,-5.2126],[-77.6931,-5.2677],[-77.6821,-5.3384],[-77.7028,-5.3807],[-77.696,-5.4111],[-77.7448,-5.4069],[-77.7685,-5.438],[-77.7658,-5.539],[-77.7369,-5.6051],[-77.7737,-5.6852],[-77.7594,-5.7298],[-77.7704,-5.7881],[-77.8288,-5.7764],[-77.8573,-5.8047],[-77.9305,-5.7548],[-77.9527,-5.7836],[-77.9984,-5.7983],[-78.0858,-5.7923],[-78.104,-5.755],[-77.9881,-5.5677],[-77.9913,-5.5141],[-77.9414,-5.4894],[-77.9314,-5.4608],[-77.9555,-5.3997],[-77.7453,-5.133],[-77.7083,-5.1508]]]}},{"type":"Feature","properties":{"IDDIST":"200305","NOMBDIST":"LALAQUIZ","NOMBPROV":"HUANCABAMBA","NOMBDEP":"PIURA"},"geometry":{"type":"Polygon","coordinates":[[[-79.6422,-5.1072],[-79.6187,-5.0992],[-79.5978,-5.1363],[-79.608,-5.175],[-79.6551,-5.2354],[-79.6945,-5.2581],[-79.72,-5.2153],[-79.7149,-5.1266],[-79.6422,-5.1072]]]}},{"type":"Feature","properties":{"IDDIST":"160506","NOMBDIST":"PUINAHUA","NOMBPROV":"REQUENA","NOMBDEP":"LORETO"},"geometry":{"type":"Polygon","coordinates":[[[-74.0896,-5.1497],[-74.1343,-5.206],[-74.1995,-5.2593],[-74.1778,-5.2981],[-74.1884,-5.3287],[-74.294,-5.4047],[-74.2998,-5.4779],[-74.2996,-5.52],[-74.3347,-5.6056],[-74.4392,-5.6711],[-74.4948,-5.6888],[-74.5309,-5.6277],[-74.5312,-5.5494],[-74.5873,-5.5497],[-74.6368,-5.5309],[-74.6995,-5.6031],[-74.706,-5.6603],[-74.7263,-5.7036],[-74.8017,-5.7271],[-74.8331,-5.756],[-74.8867,-5.866],[-74.9617,-5.9015],[-75.0411,-6.0045],[-75.1469,-6.0393],[-75.1898,-6.0738],[-75.3288,-6.0993],[-75.3967,-6.0823],[-75.5294,-6.1222],[-75.5689,-6.0004],[-75.567,-5.9584],[-75.5341,-5.9023],[-75.5145,-5.7393],[-75.4371,-5.7254],[-75.389,-5.6913],[-75.3049,-5.6862],[-75.2081,-5.6171],[-75.1816,-5.6232],[-75.066,-5.4994],[-75.0195,-5.4969],[-74.9601,-5.5199],[-74.9021,-5.4703],[-74.829,-5.4537],[-74.638,-5.354],[-74.6152,-5.3043],[-74.5729,-5.2643],[-74.4572,-5.2159],[-74.4183,-5.2069],[-74.3506,-5.1535],[-74.2809,-5.1332],[-74.2455,-5.1362],[-74.1772,-5.0833],[-74.0896,-5.1497]]]}},{"type":"Feature","properties":{"IDDIST":"200408","NOMBDIST":"SANTA CATALINA DE MOSSA","NOMBPROV":"MORROPON","NOMBDEP":"PIURA"},"geometry":{"type":"Polygon","coordinates":[[[-79.8525,-5.136],[-79.8909,-5.189],[-79.9302,-5.1957],[-79.9261,-5.1481],[-79.8938,-5.1155],[-79.8832,-5.0712],[-79.8321,-5.0738],[-79.8199,-5.1148],[-79.8525,-5.136]]]}},{"type":"Feature","properties":{"IDDIST":"200410","NOMBDIST":"YAMANGO","NOMBPROV":"MORROPON","NOMBDEP":"PIURA"},"geometry":{"type":"Polygon","coordinates":[[[-79.6422,-5.1072],[-79.7149,-5.1266],[-79.72,-5.2153],[-79.7354,-5.2048],[-79.808,-5.2296],[-79.8909,-5.189],[-79.8525,-5.136],[-79.8069,-5.1442],[-79.7775,-5.1068],[-79.706,-5.0666],[-79.6422,-5.1072]]]}},{"type":"Feature","properties":{"IDDIST":"200405","NOMBDIST":"MORROPON","NOMBPROV":"MORROPON","NOMBDEP":"PIURA"},"geometry":{"type":"Polygon","coordinates":[[[-79.9261,-5.1481],[-79.9302,-5.1957],[-79.9636,-5.2148],[-80.0171,-5.2072],[-80.0354,-5.1783],[-80.0925,-5.1622],[-80.0022,-5.0592],[-79.9961,-5.1048],[-79.9331,-5.1208],[-79.9261,-5.1481]]]}},{"type":"Feature","properties":{"IDDIST":"200301","NOMBDIST":"HUANCABAMBA","NOMBPROV":"HUANCABAMBA","NOMBDEP":"PIURA"},"geometry":{"type":"Polygon","coordinates":[[[-79.4878,-5.1108],[-79.4993,-5.1336],[-79.3752,-5.1708],[-79.3723,-5.1839],[-79.349,-5.2593],[-79.3992,-5.2525],[-79.437,-5.2888],[-79.5,-5.312],[-79.5489,-5.309],[-79.5715,-5.2797],[-79.5598,-5.1933],[-79.608,-5.175],[-79.5978,-5.1363],[-79.6187,-5.0992],[-79.5952,-5.0567],[-79.5182,-5.0848],[-79.4878,-5.1108]]]}},{"type":"Feature","properties":{"IDDIST":"060901","NOMBDIST":"SAN IGNACIO","NOMBPROV":"SAN IGNACIO","NOMBDEP":"CAJAMARCA"},"geometry":{"type":"Polygon","coordinates":[[[-79.0119,-5.014],[-78.9547,-5.0656],[-78.9412,-5.1283],[-78.8985,-5.1925],[-78.942,-5.2005],[-78.9569,-5.2347],[-79.008,-5.2583],[-79.0583,-5.2066],[-79.078,-5.1406],[-79.0613,-5.0297],[-79.0429,-5.0022],[-79.0119,-5.014]]]}},{"type":"Feature","properties":{"IDDIST":"200403","NOMBDIST":"CHALACO","NOMBPROV":"MORROPON","NOMBDEP":"PIURA"},"geometry":{"type":"Polygon","coordinates":[[[-79.706,-5.0666],[-79.7775,-5.1068],[-79.8069,-5.1442],[-79.8525,-5.136],[-79.8199,-5.1148],[-79.8321,-5.0738],[-79.8832,-5.0712],[-79.7943,-4.9926],[-79.7885,-4.9908],[-79.7293,-5.0221],[-79.706,-5.0666]]]}},{"type":"Feature","properties":{"IDDIST":"160205","NOMBDIST":"JEBEROS","NOMBPROV":"ALTO AMAZONAS","NOMBDEP":"LORETO"},"geometry":{"type":"Polygon","coordinates":[[[-75.9197,-5.0225],[-75.8891,-5.0483],[-75.7894,-5.0181],[-75.7448,-5.0378],[-75.7147,-5.0134],[-75.6316,-5.0309],[-75.6808,-5.1028],[-75.666,-5.1485],[-75.7456,-5.16],[-75.7875,-5.2279],[-75.8786,-5.3044],[-75.9339,-5.3805],[-75.9494,-5.4409],[-76.0809,-5.5988],[-76.143,-5.6289],[-76.2215,-5.6312],[-76.3563,-5.6052],[-76.3952,-5.5862],[-76.5307,-5.4843],[-76.5696,-5.4363],[-76.6291,-5.4306],[-76.6254,-5.3674],[-76.5875,-5.3143],[-76.566,-5.2331],[-76.5223,-5.2401],[-76.4831,-5.1241],[-76.4696,-5.0057],[-76.454,-4.9866],[-76.4141,-5.0173],[-76.3593,-5.0316],[-76.2245,-5.0185],[-76.1694,-5.0217],[-76.0717,-5.0834],[-76.0012,-5.1003],[-75.9192,-5.0845],[-75.9197,-5.0225]]]}},{"type":"Feature","properties":{"IDDIST":"160511","NOMBDIST":"YAQUERANA","NOMBPROV":"REQUENA","NOMBDEP":"LORETO"},"geometry":{"type":"Polygon","coordinates":[[[-72.855,-5.1387],[-72.8879,-5.1658],[-72.864,-5.2346],[-72.8672,-5.2901],[-72.8957,-5.325],[-72.9247,-5.4081],[-72.9579,-5.4644],[-72.9496,-5.5475],[-72.9737,-5.6134],[-72.959,-5.6564],[-73.0071,-5.7326],[-73.04,-5.7527],[-73.0573,-5.7965],[-73.1521,-5.868],[-73.1855,-5.9501],[-73.1867,-6.0041],[-73.2223,-6.0221],[-73.2499,-6.1331],[-73.2209,-6.1769],[-73.1863,-6.2623],[-73.1607,-6.2767],[-73.1566,-6.3268],[-73.1298,-6.3885],[-73.1058,-6.4044],[-73.1117,-6.4469],[-73.1489,-6.5138],[-73.1994,-6.5694],[-73.3293,-6.5978],[-73.3524,-6.5933],[-73.392,-6.6416],[-73.4833,-6.6732],[-73.5208,-6.6761],[-73.5617,-6.7215],[-73.6033,-6.732],[-73.7105,-6.8402],[-73.724,-6.8873],[-73.7613,-6.9401],[-73.7619,-7.0625],[-73.7984,-7.1131],[-73.8432,-7.0838],[-73.8799,-7.0051],[-73.8676,-6.9624],[-73.7894,-6.8564],[-73.7856,-6.7911],[-73.7539,-6.7521],[-73.7242,-6.7481],[-73.6317,-6.683],[-73.6074,-6.6399],[-73.5572,-6.5954],[-73.5188,-6.5221],[-73.5059,-6.4224],[-73.4708,-6.3682],[-73.497,-6.3186],[-73.4548,-6.2853],[-73.4799,-6.2457],[-73.46,-6.2025],[-73.4615,-6.1042],[-73.5277,-6.0959],[-73.6229,-6.001],[-73.6473,-5.9355],[-73.6997,-5.8995],[-73.7296,-5.7834],[-73.7206,-5.7449],[-73.6759,-5.6925],[-73.6682,-5.6259],[-73.675,-5.4872],[-73.666,-5.4658],[-73.6076,-5.4427],[-73.6036,-5.4142],[-73.6508,-5.3974],[-73.6851,-5.3409],[-73.7231,-5.3238],[-73.7373,-5.2816],[-73.7199,-5.2328],[-73.6809,-5.242],[-73.6268,-5.214],[-73.6003,-5.1456],[-73.551,-5.1364],[-73.5417,-5.0839],[-73.4522,-5.0938],[-73.3904,-5.0707],[-73.2362,-4.9706],[-73.1699,-4.998],[-73.0981,-5.0008],[-73.0539,-5.0372],[-72.9777,-5.0632],[-72.9128,-5.1199],[-72.855,-5.1387]]]}},{"type":"Feature","properties":{"IDDIST":"200104","NOMBDIST":"CASTILLA","NOMBPROV":"PIURA","NOMBDEP":"PIURA"},"geometry":{"type":"Polygon","coordinates":[[[-80.3381,-5.1372],[-80.365,-5.2324],[-80.5169,-5.2356],[-80.5611,-5.2604],[-80.6485,-5.2264],[-80.6143,-5.1568],[-80.6317,-5.0999],[-80.6107,-5.0721],[-80.6023,-4.9751],[-80.502,-4.9835],[-80.421,-5.0576],[-80.4462,-5.1443],[-80.3381,-5.1372]]]}},{"type":"Feature","properties":{"IDDIST":"060905","NOMBDIST":"NAMBALLE","NOMBPROV":"SAN IGNACIO","NOMBDEP":"CAJAMARCA"},"geometry":{"type":"Polygon","coordinates":[[[-79.0429,-5.0022],[-79.0613,-5.0297],[-79.078,-5.1406],[-79.0583,-5.2066],[-79.0894,-5.2365],[-79.1348,-5.2497],[-79.2507,-5.1947],[-79.3089,-5.2071],[-79.3418,-5.1633],[-79.3223,-5.1169],[-79.2944,-5.1105],[-79.2451,-5.0014],[-79.2101,-4.9652],[-79.0735,-4.9711],[-79.0429,-5.0022]]]}},{"type":"Feature","properties":{"IDDIST":"200409","NOMBDIST":"SANTO DOMINGO","NOMBPROV":"MORROPON","NOMBDEP":"PIURA"},"geometry":{"type":"Polygon","coordinates":[[[-79.7943,-4.9926],[-79.8832,-5.0712],[-79.8938,-5.1155],[-79.9261,-5.1481],[-79.9331,-5.1208],[-79.9961,-5.1048],[-80.0022,-5.0592],[-79.978,-5.0265],[-79.9092,-5.0194],[-79.8624,-4.972],[-79.7943,-4.9926]]]}},{"type":"Feature","properties":{"IDDIST":"160501","NOMBDIST":"REQUENA","NOMBPROV":"REQUENA","NOMBDEP":"LORETO"},"geometry":{"type":"Polygon","coordinates":[[[-73.9005,-4.9713],[-73.7861,-4.9577],[-73.7341,-4.9996],[-73.7366,-5.0642],[-73.7846,-5.0868],[-73.8031,-5.1522],[-73.7408,-5.2289],[-73.7199,-5.2328],[-73.7373,-5.2816],[-73.7231,-5.3238],[-73.6851,-5.3409],[-73.6508,-5.3974],[-73.6036,-5.4142],[-73.6076,-5.4427],[-73.666,-5.4658],[-73.675,-5.4872],[-73.6682,-5.6259],[-73.6759,-5.6925],[-73.7206,-5.7449],[-73.7296,-5.7834],[-73.7783,-5.7838],[-73.8274,-5.6918],[-73.8653,-5.6415],[-73.8668,-5.5761],[-73.8869,-5.5742],[-73.9443,-5.5775],[-74.1098,-5.6059],[-74.1023,-5.571],[-74.058,-5.4897],[-74.0745,-5.3947],[-74.0465,-5.3642],[-73.9879,-5.3454],[-73.9622,-5.3037],[-73.9655,-5.2674],[-73.9966,-5.2414],[-74.0684,-5.2208],[-74.0896,-5.1497],[-74.1772,-5.0833],[-74.1704,-5.0327],[-74.1312,-5.015],[-74.0894,-4.9692],[-74.0469,-4.9481],[-73.9544,-4.9812],[-73.9332,-5.0108],[-73.9005,-4.9713]]]}},{"type":"Feature","properties":{"IDDIST":"200101","NOMBDIST":"PIURA","NOMBPROV":"PIURA","NOMBDEP":"PIURA"},"geometry":{"type":"Polygon","coordinates":[[[-80.6023,-4.9751],[-80.6107,-5.0721],[-80.6317,-5.0999],[-80.6143,-5.1568],[-80.6485,-5.2264],[-80.6898,-5.203],[-80.7077,-5.1702],[-80.7681,-5.152],[-80.7446,-5.1301],[-80.7003,-5.0176],[-80.6977,-4.9601],[-80.606,-4.929],[-80.6023,-4.9751]]]}},{"type":"Feature","properties":{"IDDIST":"200401","NOMBDIST":"CHULUCANAS","NOMBPROV":"MORROPON","NOMBDEP":"PIURA"},"geometry":{"type":"Polygon","coordinates":[[[-80.1024,-4.929],[-80.0826,-5.0045],[-80.0388,-5.0264],[-79.978,-5.0265],[-80.0022,-5.0592],[-80.0925,-5.1622],[-80.1534,-5.1708],[-80.2599,-5.3304],[-80.323,-5.2905],[-80.365,-5.2324],[-80.3381,-5.1372],[-80.2896,-5.0715],[-80.2215,-5.0504],[-80.2566,-4.9914],[-80.2343,-4.9483],[-80.1764,-4.9718],[-80.1024,-4.929]]]}},{"type":"Feature","properties":{"IDDIST":"200501","NOMBDIST":"PAITA","NOMBPROV":"PAITA","NOMBDEP":"PIURA"},"geometry":{"type":"Polygon","coordinates":[[[-81.0066,-5.2327],[-81.0254,-5.2428],[-80.9615,-5.311],[-80.994,-5.3885],[-81.0782,-5.3132],[-81.1082,-5.3147],[-81.1381,-5.2636],[-81.1946,-5.2121],[-81.1736,-5.1841],[-81.1605,-5.1234],[-81.1714,-5.0883],[-81.1332,-5.0703],[-81.0907,-5.0817],[-81.066,-5.0523],[-81.0169,-4.9245],[-80.9721,-4.9778],[-80.9626,-5.159],[-81.0066,-5.2327]]]}},{"type":"Feature","properties":{"IDDIST":"200606","NOMBDIST":"MIGUEL CHECA","NOMBPROV":"SULLANA","NOMBDEP":"PIURA"},"geometry":{"type":"Polygon","coordinates":[[[-80.7371,-4.8992],[-80.6977,-4.9601],[-80.7003,-5.0176],[-80.7446,-5.1301],[-80.7681,-5.152],[-80.801,-5.2127],[-80.8277,-5.225],[-80.8493,-5.2984],[-80.8596,-5.2814],[-80.8482,-5.0931],[-80.8508,-4.9507],[-80.8284,-4.9042],[-80.7842,-4.8862],[-80.7371,-4.8992]]]}},{"type":"Feature","properties":{"IDDIST":"200503","NOMBDIST":"ARENAL","NOMBPROV":"PAITA","NOMBDEP":"PIURA"},"geometry":{"type":"Polygon","coordinates":[[[-81.0244,-4.8848],[-81.0119,-4.904],[-81.0189,-4.9179],[-81.0244,-4.8848]]]}},{"type":"Feature","properties":{"IDDIST":"200505","NOMBDIST":"LA HUACA","NOMBPROV":"PAITA","NOMBDEP":"PIURA"},"geometry":{"type":"Polygon","coordinates":[[[-80.9243,-4.8934],[-80.8382,-4.9017],[-80.8284,-4.9042],[-80.8508,-4.9507],[-80.8482,-5.0931],[-80.8596,-5.2814],[-80.9392,-5.2375],[-81.0066,-5.2327],[-80.9626,-5.159],[-80.9721,-4.9778],[-81.0169,-4.9245],[-81.0189,-4.9179],[-81.0119,-4.904],[-80.9872,-4.8867],[-80.9243,-4.8934]]]}},{"type":"Feature","properties":{"IDDIST":"200504","NOMBDIST":"COLAN","NOMBPROV":"PAITA","NOMBDEP":"PIURA"},"geometry":{"type":"Polygon","coordinates":[[[-81.0289,-4.8569],[-81.0244,-4.8848],[-81.0189,-4.9179],[-81.0169,-4.9245],[-81.066,-5.0523],[-81.0667,-5.0053],[-81.0864,-4.9673],[-81.1505,-4.8917],[-81.049,-4.8788],[-81.0289,-4.8569]]]}},{"type":"Feature","properties":{"IDDIST":"160702","NOMBDIST":"CAHUAPANAS","NOMBPROV":"DATEM DEL MARAÑON","NOMBDEP":"LORETO"},"geometry":{"type":"Polygon","coordinates":[[[-76.454,-4.9866],[-76.4696,-5.0057],[-76.4831,-5.1241],[-76.5223,-5.2401],[-76.566,-5.2331],[-76.5875,-5.3143],[-76.6254,-5.3674],[-76.6291,-5.4306],[-76.6836,-5.4753],[-76.7169,-5.4813],[-76.7351,-5.45],[-76.7751,-5.4492],[-76.8322,-5.4985],[-76.8508,-5.5321],[-76.8125,-5.591],[-76.8445,-5.609],[-76.8144,-5.6567],[-76.8295,-5.6958],[-76.8695,-5.7036],[-76.8945,-5.7462],[-76.9614,-5.7061],[-76.9956,-5.6671],[-77.0601,-5.6674],[-77.0578,-5.607],[-77.0739,-5.5747],[-77.1467,-5.5077],[-77.144,-5.479],[-77.1811,-5.4344],[-77.324,-5.3443],[-77.2484,-5.2219],[-77.21,-5.2204],[-77.1887,-5.1644],[-77.1991,-5.106],[-77.1833,-5.075],[-77.1165,-5.0287],[-76.9989,-5.0003],[-76.9287,-4.9138],[-76.8621,-4.9674],[-76.7839,-4.9205],[-76.7858,-4.8881],[-76.7272,-4.8622],[-76.6652,-4.8702],[-76.6249,-4.8477],[-76.5844,-4.869],[-76.574,-4.9434],[-76.4673,-4.9728],[-76.454,-4.9866]]]}},{"type":"Feature","properties":{"IDDIST":"200303","NOMBDIST":"EL CARMEN DE LA FRONTERA","NOMBPROV":"HUANCABAMBA","NOMBDEP":"PIURA"},"geometry":{"type":"Polygon","coordinates":[[[-79.2101,-4.9652],[-79.2451,-5.0014],[-79.2944,-5.1105],[-79.3223,-5.1169],[-79.3418,-5.1633],[-79.3723,-5.1839],[-79.3752,-5.1708],[-79.4993,-5.1336],[-79.4878,-5.1108],[-79.4821,-5.0247],[-79.4514,-4.9372],[-79.4097,-4.9078],[-79.3891,-4.8343],[-79.3501,-4.8812],[-79.3207,-4.8869],[-79.263,-4.9687],[-79.2101,-4.9652]]]}},{"type":"Feature","properties":{"IDDIST":"200608","NOMBDIST":"SALITRAL","NOMBPROV":"SULLANA","NOMBDEP":"PIURA"},"geometry":{"type":"Polygon","coordinates":[[[-80.6564,-4.865],[-80.6942,-4.8932],[-80.7005,-4.8444],[-80.6761,-4.7893],[-80.6564,-4.865]]]}},{"type":"Feature","properties":{"IDDIST":"200507","NOMBDIST":"VICHAYAL","NOMBPROV":"PAITA","NOMBDEP":"PIURA"},"geometry":{"type":"Polygon","coordinates":[[[-81.0289,-4.8569],[-81.049,-4.8788],[-81.1505,-4.8917],[-81.2106,-4.8164],[-81.0431,-4.7854],[-81.0289,-4.8569]]]}},{"type":"Feature","properties":{"IDDIST":"200202","NOMBDIST":"FRIAS","NOMBPROV":"AYABACA","NOMBDEP":"PIURA"},"geometry":{"type":"Polygon","coordinates":[[[-79.9032,-4.835],[-79.8766,-4.8794],[-79.8084,-4.911],[-79.7885,-4.9908],[-79.7943,-4.9926],[-79.8624,-4.972],[-79.9092,-5.0194],[-79.978,-5.0265],[-80.0388,-5.0264],[-80.0826,-5.0045],[-80.1024,-4.929],[-80.1171,-4.8824],[-80.0964,-4.8384],[-80.1148,-4.805],[-80.0773,-4.7769],[-80.054,-4.841],[-79.9748,-4.8688],[-79.9032,-4.835]]]}},{"type":"Feature","properties":{"IDDIST":"200502","NOMBDIST":"AMOTAPE","NOMBPROV":"PAITA","NOMBDEP":"PIURA"},"geometry":{"type":"Polygon","coordinates":[[[-80.9872,-4.8867],[-81.0119,-4.904],[-81.0244,-4.8848],[-81.0289,-4.8569],[-81.0431,-4.7854],[-80.9769,-4.7732],[-80.9951,-4.8476],[-80.9872,-4.8867]]]}},{"type":"Feature","properties":{"IDDIST":"200506","NOMBDIST":"TAMARINDO","NOMBPROV":"PAITA","NOMBDEP":"PIURA"},"geometry":{"type":"Polygon","coordinates":[[[-80.9243,-4.8934],[-80.9872,-4.8867],[-80.9951,-4.8476],[-80.9769,-4.7732],[-80.9683,-4.7718],[-80.9319,-4.8049],[-80.9538,-4.8632],[-80.9243,-4.8934]]]}},{"type":"Feature","properties":{"IDDIST":"200206","NOMBDIST":"PACAIPAMPA","NOMBPROV":"AYABACA","NOMBDEP":"PIURA"},"geometry":{"type":"Polygon","coordinates":[[[-79.4514,-4.9372],[-79.4821,-5.0247],[-79.4878,-5.1108],[-79.5182,-5.0848],[-79.5952,-5.0567],[-79.6187,-5.0992],[-79.6422,-5.1072],[-79.706,-5.0666],[-79.7293,-5.0221],[-79.7885,-4.9908],[-79.8084,-4.911],[-79.8766,-4.8794],[-79.8058,-4.8369],[-79.7696,-4.7514],[-79.7252,-4.7995],[-79.6532,-4.8239],[-79.6558,-4.8641],[-79.628,-4.8841],[-79.5914,-4.8507],[-79.5061,-4.8628],[-79.4926,-4.9089],[-79.4514,-4.9372]]]}},{"type":"Feature","properties":{"IDDIST":"200603","NOMBDIST":"IGNACIO ESCUDERO","NOMBPROV":"SULLANA","NOMBDEP":"PIURA"},"geometry":{"type":"Polygon","coordinates":[[[-80.8382,-4.9017],[-80.9243,-4.8934],[-80.9538,-4.8632],[-80.9319,-4.8049],[-80.9683,-4.7718],[-80.8482,-4.7484],[-80.8198,-4.8428],[-80.8382,-4.9017]]]}},{"type":"Feature","properties":{"IDDIST":"160510","NOMBDIST":"JENARO HERRERA","NOMBPROV":"REQUENA","NOMBDEP":"LORETO"},"geometry":{"type":"Polygon","coordinates":[[[-73.5417,-5.0839],[-73.551,-5.1364],[-73.6003,-5.1456],[-73.6268,-5.214],[-73.6809,-5.242],[-73.7199,-5.2328],[-73.7408,-5.2289],[-73.8031,-5.1522],[-73.7846,-5.0868],[-73.7366,-5.0642],[-73.7341,-4.9996],[-73.7861,-4.9577],[-73.9005,-4.9713],[-73.9018,-4.9287],[-73.8744,-4.8828],[-73.8438,-4.8714],[-73.7694,-4.8016],[-73.713,-4.7372],[-73.6478,-4.7823],[-73.6482,-4.821],[-73.5978,-4.8831],[-73.6017,-4.9205],[-73.5654,-4.9664],[-73.5794,-5.0076],[-73.5382,-5.0577],[-73.5417,-5.0839]]]}},{"type":"Feature","properties":{"IDDIST":"200208","NOMBDIST":"SAPILLICA","NOMBPROV":"AYABACA","NOMBDEP":"PIURA"},"geometry":{"type":"Polygon","coordinates":[[[-79.9168,-4.7426],[-79.9032,-4.835],[-79.9748,-4.8688],[-80.054,-4.841],[-80.0773,-4.7769],[-80.0953,-4.7535],[-80.0257,-4.7182],[-80.0103,-4.6946],[-79.9546,-4.7065],[-79.9168,-4.7426]]]}},{"type":"Feature","properties":{"IDDIST":"200204","NOMBDIST":"LAGUNAS","NOMBPROV":"AYABACA","NOMBDEP":"PIURA"},"geometry":{"type":"Polygon","coordinates":[[[-79.8493,-4.7109],[-79.8088,-4.7499],[-79.7696,-4.7514],[-79.8058,-4.8369],[-79.8766,-4.8794],[-79.9032,-4.835],[-79.9168,-4.7426],[-79.8771,-4.6869],[-79.8493,-4.7109]]]}},{"type":"Feature","properties":{"IDDIST":"200114","NOMBDIST":"TAMBO GRANDE","NOMBPROV":"PIURA","NOMBDEP":"PIURA"},"geometry":{"type":"Polygon","coordinates":[[[-80.0953,-4.7535],[-80.0773,-4.7769],[-80.1148,-4.805],[-80.0964,-4.8384],[-80.1171,-4.8824],[-80.1024,-4.929],[-80.1764,-4.9718],[-80.2343,-4.9483],[-80.2566,-4.9914],[-80.2215,-5.0504],[-80.2896,-5.0715],[-80.3381,-5.1372],[-80.4462,-5.1443],[-80.421,-5.0576],[-80.502,-4.9835],[-80.6023,-4.9751],[-80.606,-4.929],[-80.5401,-4.8398],[-80.5074,-4.8234],[-80.4189,-4.829],[-80.3475,-4.7923],[-80.2917,-4.8044],[-80.2971,-4.7517],[-80.2212,-4.7123],[-80.1827,-4.7146],[-80.1951,-4.7716],[-80.1509,-4.7549],[-80.0953,-4.7535]]]}},{"type":"Feature","properties":{"IDDIST":"200601","NOMBDIST":"SULLANA","NOMBPROV":"SULLANA","NOMBDEP":"PIURA"},"geometry":{"type":"Polygon","coordinates":[[[-80.3557,-4.771],[-80.3475,-4.7923],[-80.4189,-4.829],[-80.5074,-4.8234],[-80.5401,-4.8398],[-80.606,-4.929],[-80.6977,-4.9601],[-80.7371,-4.8992],[-80.6942,-4.8932],[-80.6564,-4.865],[-80.6138,-4.83],[-80.6115,-4.8058],[-80.5575,-4.7712],[-80.5418,-4.7038],[-80.5095,-4.6711],[-80.4335,-4.6904],[-80.3714,-4.7194],[-80.3557,-4.771]]]}},{"type":"Feature","properties":{"IDDIST":"060906","NOMBDIST":"SAN JOSE DE LOURDES","NOMBPROV":"SAN IGNACIO","NOMBDEP":"CAJAMARCA"},"geometry":{"type":"Polygon","coordinates":[[[-78.7687,-4.6397],[-78.7082,-4.6745],[-78.7047,-4.7092],[-78.6677,-4.742],[-78.6859,-4.8545],[-78.6811,-4.8965],[-78.7487,-4.9859],[-78.7863,-5.011],[-78.8063,-5.058],[-78.7989,-5.1503],[-78.8207,-5.2029],[-78.8154,-5.2561],[-78.8897,-5.2201],[-78.8985,-5.1925],[-78.9412,-5.1283],[-78.9547,-5.0656],[-79.0119,-5.014],[-78.9739,-4.897],[-78.8951,-4.8914],[-78.9073,-4.8618],[-78.8917,-4.808],[-78.9127,-4.791],[-78.883,-4.7454],[-78.8828,-4.7141],[-78.8392,-4.656],[-78.7687,-4.6397]]]}},{"type":"Feature","properties":{"IDDIST":"060903","NOMBDIST":"HUARANGO","NOMBPROV":"SAN IGNACIO","NOMBDEP":"CAJAMARCA"},"geometry":{"type":"Polygon","coordinates":[[[-78.6262,-5.3064],[-78.5898,-5.3249],[-78.6774,-5.4087],[-78.7017,-5.4053],[-78.7608,-5.3741],[-78.7946,-5.3351],[-78.8154,-5.2561],[-78.8207,-5.2029],[-78.7989,-5.1503],[-78.8063,-5.058],[-78.7863,-5.011],[-78.7487,-4.9859],[-78.6811,-4.8965],[-78.6859,-4.8545],[-78.6677,-4.742],[-78.7047,-4.7092],[-78.7082,-4.6745],[-78.7687,-4.6397],[-78.706,-4.6239],[-78.6379,-4.658],[-78.6447,-4.7365],[-78.6006,-4.7734],[-78.6458,-4.9623],[-78.6196,-5.0005],[-78.6577,-5.0674],[-78.7006,-5.1041],[-78.7091,-5.1796],[-78.6842,-5.2675],[-78.6262,-5.3064]]]}},{"type":"Feature","properties":{"IDDIST":"200607","NOMBDIST":"QUERECOTILLO","NOMBPROV":"SULLANA","NOMBDEP":"PIURA"},"geometry":{"type":"Polygon","coordinates":[[[-80.5095,-4.6711],[-80.5418,-4.7038],[-80.5575,-4.7712],[-80.6115,-4.8058],[-80.6138,-4.83],[-80.6564,-4.865],[-80.6761,-4.7893],[-80.6755,-4.7403],[-80.6334,-4.6814],[-80.6291,-4.6261],[-80.5535,-4.6241],[-80.5095,-4.6711]]]}},{"type":"Feature","properties":{"IDDIST":"200703","NOMBDIST":"LA BREA","NOMBPROV":"TALARA","NOMBDEP":"PIURA"},"geometry":{"type":"Polygon","coordinates":[[[-80.9347,-4.6233],[-80.8725,-4.6884],[-80.8482,-4.7484],[-80.9683,-4.7718],[-80.9769,-4.7732],[-81.0431,-4.7854],[-81.2106,-4.8164],[-81.3281,-4.6819],[-81.3096,-4.6618],[-81.2932,-4.5954],[-81.2434,-4.609],[-81.1091,-4.5958],[-81.06,-4.6512],[-80.9805,-4.6676],[-80.9347,-4.6233]]]}},{"type":"Feature","properties":{"IDDIST":"200111","NOMBDIST":"LAS LOMAS","NOMBPROV":"PIURA","NOMBDEP":"PIURA"},"geometry":{"type":"Polygon","coordinates":[[[-80.2214,-4.5955],[-80.1534,-4.6042],[-80.1236,-4.673],[-80.0356,-4.6563],[-80.0103,-4.6946],[-80.0257,-4.7182],[-80.0953,-4.7535],[-80.1509,-4.7549],[-80.1951,-4.7716],[-80.1827,-4.7146],[-80.2212,-4.7123],[-80.2971,-4.7517],[-80.2917,-4.8044],[-80.3475,-4.7923],[-80.3557,-4.771],[-80.3431,-4.7103],[-80.3711,-4.6779],[-80.3567,-4.6368],[-80.2489,-4.5851],[-80.2214,-4.5955]]]}},{"type":"Feature","properties":{"IDDIST":"200205","NOMBDIST":"MONTERO","NOMBPROV":"AYABACA","NOMBDEP":"PIURA"},"geometry":{"type":"Polygon","coordinates":[[[-79.8578,-4.5833],[-79.7815,-4.6094],[-79.7629,-4.6175],[-79.8258,-4.6741],[-79.8493,-4.7109],[-79.8771,-4.6869],[-79.9036,-4.657],[-79.899,-4.5926],[-79.8578,-4.5833]]]}},{"type":"Feature","properties":{"IDDIST":"200207","NOMBDIST":"PAIMAS","NOMBPROV":"AYABACA","NOMBDEP":"PIURA"},"geometry":{"type":"Polygon","coordinates":[[[-79.899,-4.5926],[-79.9036,-4.657],[-79.8771,-4.6869],[-79.9168,-4.7426],[-79.9546,-4.7065],[-80.0103,-4.6946],[-80.0356,-4.6563],[-80.1236,-4.673],[-80.1534,-4.6042],[-80.1148,-4.5728],[-80.0661,-4.5879],[-79.979,-4.5671],[-79.899,-4.5926]]]}},{"type":"Feature","properties":{"IDDIST":"200209","NOMBDIST":"SICCHEZ","NOMBPROV":"AYABACA","NOMBDEP":"PIURA"},"geometry":{"type":"Polygon","coordinates":[[[-79.7629,-4.6175],[-79.7815,-4.6094],[-79.8047,-4.5716],[-79.7981,-4.5216],[-79.7443,-4.5753],[-79.7629,-4.6175]]]}},{"type":"Feature","properties":{"IDDIST":"010205","NOMBDIST":"IMAZA","NOMBPROV":"BAGUA","NOMBDEP":"AMAZONAS"},"geometry":{"type":"Polygon","coordinates":[[[-78.1332,-4.6649],[-78.1201,-4.6995],[-78.1452,-4.7581],[-78.1429,-4.8015],[-78.1194,-4.8402],[-78.1278,-4.8833],[-78.1633,-4.9474],[-78.1948,-5.0379],[-78.1588,-5.1099],[-78.0993,-5.1461],[-78.0569,-5.2086],[-78.0676,-5.2653],[-78.1061,-5.342],[-78.1463,-5.3399],[-78.1922,-5.4172],[-78.2389,-5.4704],[-78.3118,-5.486],[-78.3237,-5.4061],[-78.3857,-5.3071],[-78.3889,-5.2555],[-78.4625,-5.1737],[-78.5209,-5.2183],[-78.6032,-5.2561],[-78.6262,-5.3064],[-78.6842,-5.2675],[-78.7091,-5.1796],[-78.7006,-5.1041],[-78.6577,-5.0674],[-78.6196,-5.0005],[-78.6458,-4.9623],[-78.6006,-4.7734],[-78.6447,-4.7365],[-78.6379,-4.658],[-78.706,-4.6239],[-78.6608,-4.5861],[-78.6611,-4.5301],[-78.6358,-4.5009],[-78.5989,-4.5091],[-78.5887,-4.562],[-78.5224,-4.5857],[-78.4658,-4.6485],[-78.4169,-4.6595],[-78.3613,-4.6477],[-78.3295,-4.6795],[-78.2772,-4.6628],[-78.2533,-4.7052],[-78.2189,-4.6585],[-78.1636,-4.6342],[-78.1332,-4.6649]]]}},{"type":"Feature","properties":{"IDDIST":"200203","NOMBDIST":"JILILI","NOMBPROV":"AYABACA","NOMBDEP":"PIURA"},"geometry":{"type":"Polygon","coordinates":[[[-79.8017,-4.4887],[-79.7981,-4.5216],[-79.8047,-4.5716],[-79.7815,-4.6094],[-79.8578,-4.5833],[-79.8379,-4.5466],[-79.8786,-4.5231],[-79.853,-4.4513],[-79.8017,-4.4887]]]}},{"type":"Feature","properties":{"IDDIST":"160507","NOMBDIST":"SAQUENA","NOMBPROV":"REQUENA","NOMBDEP":"LORETO"},"geometry":{"type":"Polygon","coordinates":[[[-73.1294,-4.6955],[-73.1022,-4.7898],[-73.1643,-4.8801],[-73.2362,-4.9706],[-73.3904,-5.0707],[-73.4522,-5.0938],[-73.5417,-5.0839],[-73.5382,-5.0577],[-73.5794,-5.0076],[-73.5654,-4.9664],[-73.6017,-4.9205],[-73.5978,-4.8831],[-73.6482,-4.821],[-73.6478,-4.7823],[-73.713,-4.7372],[-73.6442,-4.7142],[-73.582,-4.6187],[-73.5294,-4.5843],[-73.4648,-4.5152],[-73.4584,-4.4645],[-73.4352,-4.4464],[-73.3953,-4.4793],[-73.3226,-4.5843],[-73.2697,-4.6388],[-73.1556,-4.7097],[-73.1294,-4.6955]]]}},{"type":"Feature","properties":{"IDDIST":"200201","NOMBDIST":"AYABACA","NOMBPROV":"AYABACA","NOMBDEP":"PIURA"},"geometry":{"type":"Polygon","coordinates":[[[-79.3891,-4.8343],[-79.4097,-4.9078],[-79.4514,-4.9372],[-79.4926,-4.9089],[-79.5061,-4.8628],[-79.5914,-4.8507],[-79.628,-4.8841],[-79.6558,-4.8641],[-79.6532,-4.8239],[-79.7252,-4.7995],[-79.7696,-4.7514],[-79.8088,-4.7499],[-79.8493,-4.7109],[-79.8258,-4.6741],[-79.7629,-4.6175],[-79.7443,-4.5753],[-79.7981,-4.5216],[-79.8017,-4.4887],[-79.7088,-4.4715],[-79.6555,-4.4342],[-79.6281,-4.4391],[-79.5634,-4.5143],[-79.4979,-4.5212],[-79.4794,-4.5728],[-79.4882,-4.626],[-79.4645,-4.6505],[-79.4576,-4.6994],[-79.3891,-4.8343]]]}},{"type":"Feature","properties":{"IDDIST":"010401","NOMBDIST":"NIEVA","NOMBPROV":"CONDORCANQUI","NOMBDEP":"AMAZONAS"},"geometry":{"type":"Polygon","coordinates":[[[-77.581,-4.4595],[-77.591,-4.4827],[-77.6406,-4.4965],[-77.6719,-4.6295],[-77.6945,-4.6587],[-77.7719,-4.7176],[-77.7946,-4.763],[-77.7936,-4.85],[-77.7602,-4.9093],[-77.7593,-4.9518],[-77.8246,-5.0318],[-77.8223,-5.0818],[-77.7743,-5.0972],[-77.7453,-5.133],[-77.9555,-5.3997],[-78.0218,-5.3658],[-78.0732,-5.4092],[-78.1061,-5.342],[-78.0676,-5.2653],[-78.0569,-5.2086],[-78.0993,-5.1461],[-78.1588,-5.1099],[-78.1948,-5.0379],[-78.1633,-4.9474],[-78.1278,-4.8833],[-78.1194,-4.8402],[-78.1429,-4.8015],[-78.1452,-4.7581],[-78.1201,-4.6995],[-78.1332,-4.6649],[-78.1058,-4.6244],[-78.1019,-4.5687],[-78.1192,-4.5267],[-78.0927,-4.5032],[-78.0398,-4.5016],[-77.9453,-4.3926],[-77.8923,-4.4068],[-77.8375,-4.4046],[-77.816,-4.3857],[-77.7557,-4.3937],[-77.6961,-4.4262],[-77.6237,-4.4374],[-77.581,-4.4595]]]}},{"type":"Feature","properties":{"IDDIST":"200701","NOMBDIST":"PARIÑAS","NOMBPROV":"TALARA","NOMBDEP":"PIURA"},"geometry":{"type":"Polygon","coordinates":[[[-80.9347,-4.6233],[-80.9805,-4.6676],[-81.06,-4.6512],[-81.1091,-4.5958],[-81.2434,-4.609],[-81.2932,-4.5954],[-81.2748,-4.5722],[-81.2978,-4.4964],[-81.2736,-4.5052],[-81.1999,-4.4528],[-81.1762,-4.4492],[-81.1454,-4.4032],[-81.0407,-4.3864],[-81.0004,-4.3758],[-80.9867,-4.3473],[-80.9231,-4.3079],[-80.8688,-4.3355],[-80.8523,-4.3831],[-80.8804,-4.4915],[-80.9194,-4.5203],[-80.891,-4.5955],[-80.9347,-4.6233]]]}},{"type":"Feature","properties":{"IDDIST":"200704","NOMBDIST":"LOBITOS","NOMBPROV":"TALARA","NOMBDEP":"PIURA"},"geometry":{"type":"Polygon","coordinates":[[[-81.0407,-4.3864],[-81.1454,-4.4032],[-81.1762,-4.4492],[-81.1999,-4.4528],[-81.2736,-4.5052],[-81.2978,-4.4964],[-81.3004,-4.465],[-81.2671,-4.4341],[-81.2493,-4.3548],[-81.2603,-4.3078],[-81.0407,-4.3864]]]}},{"type":"Feature","properties":{"IDDIST":"200210","NOMBDIST":"SUYO","NOMBPROV":"AYABACA","NOMBDEP":"PIURA"},"geometry":{"type":"Polygon","coordinates":[[[-79.853,-4.4513],[-79.8786,-4.5231],[-79.8379,-4.5466],[-79.8578,-4.5833],[-79.899,-4.5926],[-79.979,-4.5671],[-80.0661,-4.5879],[-80.1148,-4.5728],[-80.1534,-4.6042],[-80.2214,-4.5955],[-80.2015,-4.567],[-80.2221,-4.5299],[-80.2137,-4.498],[-80.2338,-4.4418],[-80.2899,-4.4332],[-80.1949,-4.3464],[-80.1787,-4.3038],[-80.1042,-4.291],[-79.9918,-4.38],[-79.9207,-4.3856],[-79.8713,-4.413],[-79.853,-4.4513]]]}},{"type":"Feature","properties":{"IDDIST":"160701","NOMBDIST":"BARRANCA","NOMBPROV":"DATEM DEL MARAÑON","NOMBDEP":"LORETO"},"geometry":{"type":"Polygon","coordinates":[[[-75.9197,-5.0225],[-75.9192,-5.0845],[-76.0012,-5.1003],[-76.0717,-5.0834],[-76.1694,-5.0217],[-76.2245,-5.0185],[-76.3593,-5.0316],[-76.4141,-5.0173],[-76.454,-4.9866],[-76.4673,-4.9728],[-76.574,-4.9434],[-76.5844,-4.869],[-76.6249,-4.8477],[-76.6652,-4.8702],[-76.7272,-4.8622],[-76.7858,-4.8881],[-76.7839,-4.9205],[-76.8621,-4.9674],[-76.9287,-4.9138],[-76.9989,-5.0003],[-77.1165,-5.0287],[-77.1833,-5.075],[-77.1991,-5.106],[-77.1887,-5.1644],[-77.21,-5.2204],[-77.2484,-5.2219],[-77.324,-5.3443],[-77.1811,-5.4344],[-77.144,-5.479],[-77.1467,-5.5077],[-77.0739,-5.5747],[-77.0578,-5.607],[-77.0601,-5.6674],[-77.138,-5.6319],[-77.2008,-5.6266],[-77.2319,-5.5955],[-77.3383,-5.6035],[-77.3701,-5.5696],[-77.4087,-5.5892],[-77.4619,-5.5841],[-77.5174,-5.4667],[-77.5581,-5.4256],[-77.5817,-5.4612],[-77.6704,-5.4096],[-77.696,-5.4111],[-77.7028,-5.3807],[-77.6821,-5.3384],[-77.6931,-5.2677],[-77.7396,-5.2126],[-77.7082,-5.1909],[-77.7083,-5.1508],[-77.6447,-5.0875],[-77.5812,-5.0413],[-77.5141,-5.0115],[-77.4847,-4.9296],[-77.4432,-4.9199],[-77.4041,-4.8742],[-77.3846,-4.9331],[-77.3514,-4.9518],[-77.3261,-4.8945],[-77.1823,-4.8343],[-77.124,-4.8494],[-77.0462,-4.8082],[-76.9524,-4.8356],[-76.929,-4.803],[-77.009,-4.7482],[-77.0396,-4.7078],[-77.0684,-4.5903],[-77.0904,-4.5401],[-77.1403,-4.4727],[-77.1255,-4.4434],[-77.1424,-4.3622],[-77.1315,-4.3348],[-77.068,-4.2624],[-76.9734,-4.3124],[-76.9431,-4.3758],[-76.9253,-4.4421],[-76.8989,-4.4651],[-76.8272,-4.4852],[-76.7617,-4.5547],[-76.7501,-4.6074],[-76.7243,-4.6364],[-76.6501,-4.6817],[-76.623,-4.732],[-76.5797,-4.7496],[-76.4923,-4.8434],[-76.4636,-4.8505],[-76.4072,-4.9079],[-76.4095,-4.9617],[-76.3111,-4.9916],[-76.306,-4.9531],[-76.2557,-4.9148],[-76.1988,-4.9483],[-76.1631,-4.9345],[-76.1298,-5.0028],[-76.0854,-5.0134],[-76.0,-5.0585],[-75.9684,-5.0317],[-75.9197,-5.0225]]]}},{"type":"Feature","properties":{"IDDIST":"200702","NOMBDIST":"EL ALTO","NOMBPROV":"TALARA","NOMBDEP":"PIURA"},"geometry":{"type":"Polygon","coordinates":[[[-80.9089,-4.2245],[-80.9377,-4.2911],[-80.9231,-4.3079],[-80.9867,-4.3473],[-81.0004,-4.3758],[-81.0407,-4.3864],[-81.2603,-4.3078],[-81.2371,-4.2507],[-81.2018,-4.2272],[-80.9089,-4.2245]]]}},{"type":"Feature","properties":{"IDDIST":"160703","NOMBDIST":"MANSERICHE","NOMBPROV":"DATEM DEL MARAÑON","NOMBDEP":"LORETO"},"geometry":{"type":"Polygon","coordinates":[[[-77.1823,-4.8343],[-77.3261,-4.8945],[-77.3514,-4.9518],[-77.3846,-4.9331],[-77.4041,-4.8742],[-77.4432,-4.9199],[-77.4847,-4.9296],[-77.5141,-5.0115],[-77.5812,-5.0413],[-77.6447,-5.0875],[-77.7083,-5.1508],[-77.7453,-5.133],[-77.7743,-5.0972],[-77.8223,-5.0818],[-77.8246,-5.0318],[-77.7593,-4.9518],[-77.7602,-4.9093],[-77.7936,-4.85],[-77.7946,-4.763],[-77.7719,-4.7176],[-77.6945,-4.6587],[-77.6719,-4.6295],[-77.6406,-4.4965],[-77.591,-4.4827],[-77.581,-4.4595],[-77.5654,-4.3725],[-77.5856,-4.2513],[-77.5711,-4.1952],[-77.5196,-4.2033],[-77.5154,-4.2315],[-77.4463,-4.2811],[-77.4332,-4.3192],[-77.4515,-4.3585],[-77.4311,-4.4087],[-77.3656,-4.49],[-77.365,-4.5522],[-77.3011,-4.6132],[-77.2759,-4.6665],[-77.1718,-4.6805],[-77.1258,-4.7384],[-77.1496,-4.7956],[-77.1823,-4.8343]]]}},{"type":"Feature","properties":{"IDDIST":"200605","NOMBDIST":"MARCAVELICA","NOMBPROV":"SULLANA","NOMBDEP":"PIURA"},"geometry":{"type":"Polygon","coordinates":[[[-80.8434,-4.1886],[-80.763,-4.1749],[-80.7146,-4.1934],[-80.7186,-4.2559],[-80.7693,-4.3176],[-80.7253,-4.3576],[-80.7231,-4.4547],[-80.6556,-4.5072],[-80.6323,-4.5444],[-80.6291,-4.6261],[-80.6334,-4.6814],[-80.6755,-4.7403],[-80.6761,-4.7893],[-80.7005,-4.8444],[-80.6942,-4.8932],[-80.7371,-4.8992],[-80.7842,-4.8862],[-80.8284,-4.9042],[-80.8382,-4.9017],[-80.8198,-4.8428],[-80.8482,-4.7484],[-80.8725,-4.6884],[-80.9347,-4.6233],[-80.891,-4.5955],[-80.9194,-4.5203],[-80.8804,-4.4915],[-80.8523,-4.3831],[-80.8688,-4.3355],[-80.9231,-4.3079],[-80.9377,-4.2911],[-80.9089,-4.2245],[-80.9364,-4.1782],[-80.8434,-4.1886]]]}},{"type":"Feature","properties":{"IDDIST":"200705","NOMBDIST":"LOS ORGANOS","NOMBPROV":"TALARA","NOMBDEP":"PIURA"},"geometry":{"type":"Polygon","coordinates":[[[-80.9089,-4.2245],[-81.2018,-4.2272],[-81.1265,-4.173],[-81.0999,-4.1281],[-80.9089,-4.2245]]]}},{"type":"Feature","properties":{"IDDIST":"200706","NOMBDIST":"MANCORA","NOMBPROV":"TALARA","NOMBDEP":"PIURA"},"geometry":{"type":"Polygon","coordinates":[[[-80.9364,-4.1782],[-80.9089,-4.2245],[-81.0999,-4.1281],[-81.0414,-4.0875],[-80.9713,-4.1271],[-80.9708,-4.1669],[-80.9364,-4.1782]]]}},{"type":"Feature","properties":{"IDDIST":"200604","NOMBDIST":"LANCONES","NOMBPROV":"SULLANA","NOMBDEP":"PIURA"},"geometry":{"type":"Polygon","coordinates":[[[-80.2899,-4.4332],[-80.2338,-4.4418],[-80.2137,-4.498],[-80.2221,-4.5299],[-80.2015,-4.567],[-80.2214,-4.5955],[-80.2489,-4.5851],[-80.3567,-4.6368],[-80.3711,-4.6779],[-80.3431,-4.7103],[-80.3557,-4.771],[-80.3714,-4.7194],[-80.4335,-4.6904],[-80.5095,-4.6711],[-80.5535,-4.6241],[-80.6291,-4.6261],[-80.6323,-4.5444],[-80.6556,-4.5072],[-80.7231,-4.4547],[-80.7253,-4.3576],[-80.7693,-4.3176],[-80.7186,-4.2559],[-80.7146,-4.1934],[-80.6665,-4.2151],[-80.6232,-4.2318],[-80.5608,-4.1747],[-80.5243,-4.1074],[-80.4873,-4.0831],[-80.4493,-4.1252],[-80.4343,-4.1959],[-80.4093,-4.2185],[-80.3713,-4.1976],[-80.3288,-4.2231],[-80.3672,-4.2821],[-80.4267,-4.3366],[-80.4538,-4.3856],[-80.4388,-4.4564],[-80.3895,-4.4861],[-80.3359,-4.4674],[-80.2899,-4.4332]]]}},{"type":"Feature","properties":{"IDDIST":"160403","NOMBDIST":"YAVARI","NOMBPROV":"MARISCAL RAMON CASTILLA","NOMBDEP":"LORETO"},"geometry":{"type":"Polygon","coordinates":[[[-70.0567,-4.0951],[-70.0341,-4.1344],[-69.9557,-4.2076],[-69.9496,-4.2794],[-69.9744,-4.3328],[-70.0186,-4.3533],[-70.0709,-4.3223],[-70.0794,-4.2854],[-70.1581,-4.2772],[-70.1538,-4.319],[-70.1808,-4.3554],[-70.2458,-4.2846],[-70.3091,-4.2492],[-70.2785,-4.2289],[-70.2939,-4.1593],[-70.3798,-4.1339],[-70.4328,-4.1313],[-70.4663,-4.1758],[-70.526,-4.1361],[-70.5587,-4.1708],[-70.6162,-4.1935],[-70.6446,-4.1269],[-70.6943,-4.1867],[-70.747,-4.1612],[-70.8166,-4.1971],[-70.8286,-4.2482],[-70.8646,-4.2562],[-70.8764,-4.3216],[-70.9483,-4.376],[-71.0742,-4.3941],[-71.1058,-4.3763],[-71.1855,-4.3979],[-71.213,-4.3766],[-71.2675,-4.4072],[-71.2619,-4.4278],[-71.341,-4.4394],[-71.3877,-4.4256],[-71.4188,-4.4647],[-71.4792,-4.4349],[-71.5359,-4.4626],[-71.5696,-4.5082],[-71.6159,-4.5281],[-71.6479,-4.5027],[-71.7068,-4.5099],[-71.7397,-4.4816],[-71.865,-4.5265],[-71.9185,-4.5293],[-71.9186,-4.5619],[-71.9822,-4.6274],[-72.0374,-4.6367],[-72.0803,-4.6687],[-72.103,-4.7066],[-72.1859,-4.7428],[-72.2692,-4.7972],[-72.3116,-4.7744],[-72.3259,-4.8016],[-72.3786,-4.8348],[-72.4149,-4.9003],[-72.4525,-4.901],[-72.4857,-4.9352],[-72.5205,-4.9328],[-72.6054,-4.9992],[-72.6065,-5.0282],[-72.6546,-5.0628],[-72.7287,-5.0548],[-72.7611,-5.0931],[-72.8198,-5.1328],[-72.855,-5.1387],[-72.9128,-5.1199],[-72.9777,-5.0632],[-73.0539,-5.0372],[-73.0981,-5.0008],[-73.1699,-4.998],[-73.2362,-4.9706],[-73.1643,-4.8801],[-73.1022,-4.7898],[-73.1294,-4.6955],[-73.0633,-4.6697],[-73.0352,-4.6325],[-73.035,-4.5541],[-73.0068,-4.5079],[-72.9347,-4.4671],[-72.8114,-4.4985],[-72.7834,-4.4885],[-72.7566,-4.3827],[-72.6351,-4.3991],[-72.6029,-4.3552],[-72.6286,-4.3037],[-72.4818,-4.2933],[-72.3878,-4.2085],[-72.4367,-4.1615],[-72.4244,-4.1161],[-72.3833,-4.0428],[-72.1568,-4.0246],[-72.1133,-4.0273],[-72.0445,-4.0594],[-72.0132,-4.0881],[-71.9577,-4.109],[-71.8829,-4.1628],[-71.7653,-4.153],[-71.7235,-4.1312],[-71.6296,-4.1576],[-71.5911,-4.1535],[-71.5151,-4.1964],[-71.4609,-4.2067],[-71.3732,-4.2442],[-71.2703,-4.2477],[-71.1836,-4.2042],[-71.1255,-4.2005],[-71.0721,-4.1774],[-70.9861,-4.1715],[-70.9508,-4.1552],[-70.9069,-4.1396],[-70.8301,-4.0831],[-70.794,-4.0743],[-70.7372,-4.0275],[-70.6705,-4.0199],[-70.5888,-4.0453],[-70.5569,-4.0369],[-70.5055,-4.0541],[-70.4356,-4.0448],[-70.4041,-4.0567],[-70.3486,-4.108],[-70.2471,-4.1273],[-70.2103,-4.1037],[-70.1699,-4.1272],[-70.1465,-4.0928],[-70.0918,-4.1093],[-70.0567,-4.0951]]]}},{"type":"Feature","properties":{"IDDIST":"160302","NOMBDIST":"PARINARI","NOMBPROV":"LORETO","NOMBDEP":"LORETO"},"geometry":{"type":"Polygon","coordinates":[[[-74.0469,-4.9481],[-74.0894,-4.9692],[-74.1312,-5.015],[-74.1704,-5.0327],[-74.1772,-5.0833],[-74.2455,-5.1362],[-74.2809,-5.1332],[-74.3506,-5.1535],[-74.4183,-5.2069],[-74.4572,-5.2159],[-74.5729,-5.2643],[-74.6152,-5.3043],[-74.638,-5.354],[-74.829,-5.4537],[-74.9021,-5.4703],[-74.9601,-5.5199],[-75.0195,-5.4969],[-75.066,-5.4994],[-75.1816,-5.6232],[-75.2081,-5.6171],[-75.3049,-5.6862],[-75.389,-5.6913],[-75.4371,-5.7254],[-75.5145,-5.7393],[-75.5126,-5.6779],[-75.4548,-5.5737],[-75.4973,-5.5882],[-75.5723,-5.5723],[-75.6401,-5.4968],[-75.6168,-5.4623],[-75.6333,-5.4101],[-75.5697,-5.3008],[-75.5602,-5.2671],[-75.618,-5.2027],[-75.5995,-5.167],[-75.51,-5.1123],[-75.4386,-5.0265],[-75.4166,-4.9872],[-75.2838,-4.8716],[-75.1379,-4.8678],[-75.0956,-4.8311],[-75.0017,-4.8325],[-74.9288,-4.7794],[-74.8459,-4.7593],[-74.7593,-4.6972],[-74.7402,-4.6701],[-74.7281,-4.5157],[-74.8289,-4.4667],[-74.8307,-4.4193],[-74.8822,-4.2224],[-74.9567,-4.1093],[-74.971,-4.0313],[-74.9918,-4.0069],[-74.9431,-3.9388],[-74.9276,-3.9722],[-74.9151,-4.0794],[-74.8438,-4.1741],[-74.8148,-4.2267],[-74.7484,-4.3055],[-74.6592,-4.3276],[-74.614,-4.4041],[-74.5694,-4.4425],[-74.5085,-4.4716],[-74.4543,-4.5184],[-74.3974,-4.5448],[-74.348,-4.5412],[-74.3095,-4.5587],[-74.2747,-4.6164],[-74.1732,-4.6764],[-74.151,-4.7108],[-74.0729,-4.7385],[-74.0459,-4.7958],[-74.0718,-4.8457],[-74.0719,-4.9037],[-74.0469,-4.9481]]]}},{"type":"Feature","properties":{"IDDIST":"240203","NOMBDIST":"CANOAS DE PUNTA SAL","NOMBPROV":"CONTRALMIRANTE VILLAR","NOMBDEP":"TUMBES"},"geometry":{"type":"Polygon","coordinates":[[[-80.7288,-4.0109],[-80.8171,-4.0765],[-80.8434,-4.1886],[-80.9364,-4.1782],[-80.9708,-4.1669],[-80.9713,-4.1271],[-81.0414,-4.0875],[-80.9874,-3.9857],[-80.9565,-3.9562],[-80.842,-3.8818],[-80.8126,-3.8933],[-80.8026,-3.9491],[-80.764,-3.9933],[-80.7288,-4.0109]]]}},{"type":"Feature","properties":{"IDDIST":"160301","NOMBDIST":"NAUTA","NOMBPROV":"LORETO","NOMBDEP":"LORETO"},"geometry":{"type":"Polygon","coordinates":[[[-74.1354,-4.0619],[-74.1017,-4.177],[-74.0587,-4.2476],[-73.9453,-4.3245],[-73.937,-4.3719],[-73.8835,-4.3884],[-73.8336,-4.4386],[-73.7471,-4.4491],[-73.6919,-4.4398],[-73.5927,-4.3818],[-73.5492,-4.3413],[-73.4881,-4.3236],[-73.4682,-4.2849],[-73.4003,-4.2385],[-73.3806,-4.26],[-73.4428,-4.3063],[-73.4206,-4.4242],[-73.4352,-4.4464],[-73.4584,-4.4645],[-73.4648,-4.5152],[-73.5294,-4.5843],[-73.582,-4.6187],[-73.6442,-4.7142],[-73.713,-4.7372],[-73.7694,-4.8016],[-73.8438,-4.8714],[-73.8744,-4.8828],[-73.9018,-4.9287],[-73.9005,-4.9713],[-73.9332,-5.0108],[-73.9544,-4.9812],[-74.0469,-4.9481],[-74.0719,-4.9037],[-74.0718,-4.8457],[-74.0459,-4.7958],[-74.0729,-4.7385],[-74.151,-4.7108],[-74.1732,-4.6764],[-74.2747,-4.6164],[-74.3095,-4.5587],[-74.348,-4.5412],[-74.3974,-4.5448],[-74.4543,-4.5184],[-74.5085,-4.4716],[-74.5694,-4.4425],[-74.614,-4.4041],[-74.6592,-4.3276],[-74.7484,-4.3055],[-74.8148,-4.2267],[-74.8438,-4.1741],[-74.9151,-4.0794],[-74.9276,-3.9722],[-74.9431,-3.9388],[-74.9045,-3.9542],[-74.8495,-3.9985],[-74.7572,-4.1112],[-74.5773,-4.1702],[-74.5081,-4.2323],[-74.3834,-4.2748],[-74.3157,-4.3158],[-74.2972,-4.2624],[-74.295,-4.2028],[-74.3062,-4.0943],[-74.2561,-4.0094],[-74.2466,-3.9762],[-74.2778,-3.8856],[-74.2706,-3.8367],[-74.2191,-3.854],[-74.1922,-3.8825],[-74.1479,-3.9893],[-74.1354,-4.0619]]]}},{"type":"Feature","properties":{"IDDIST":"240202","NOMBDIST":"CASITAS","NOMBPROV":"CONTRALMIRANTE VILLAR","NOMBDEP":"TUMBES"},"geometry":{"type":"Polygon","coordinates":[[[-80.5906,-3.8283],[-80.545,-3.8359],[-80.5506,-3.8826],[-80.5333,-3.9301],[-80.523,-4.007],[-80.5587,-4.0566],[-80.5835,-4.1389],[-80.6665,-4.2151],[-80.7146,-4.1934],[-80.763,-4.1749],[-80.8434,-4.1886],[-80.8171,-4.0765],[-80.7288,-4.0109],[-80.7085,-3.9492],[-80.6763,-3.9283],[-80.6395,-3.838],[-80.5906,-3.8283]]]}},{"type":"Feature","properties":{"IDDIST":"160103","NOMBDIST":"FERNANDO LORES","NOMBPROV":"MAYNAS","NOMBDEP":"LORETO"},"geometry":{"type":"Polygon","coordinates":[[[-73.0853,-3.8126],[-73.0572,-3.8969],[-72.9928,-3.9438],[-72.9928,-4.0463],[-72.966,-4.0708],[-72.9227,-4.0707],[-72.8552,-4.1142],[-72.7814,-4.235],[-72.7468,-4.257],[-72.7566,-4.3827],[-72.7834,-4.4885],[-72.8114,-4.4985],[-72.9347,-4.4671],[-73.0068,-4.5079],[-73.035,-4.5541],[-73.0352,-4.6325],[-73.0633,-4.6697],[-73.1294,-4.6955],[-73.1556,-4.7097],[-73.2697,-4.6388],[-73.3226,-4.5843],[-73.3953,-4.4793],[-73.4352,-4.4464],[-73.4206,-4.4242],[-73.4428,-4.3063],[-73.3806,-4.26],[-73.4003,-4.2385],[-73.387,-4.1937],[-73.3857,-4.1058],[-73.2803,-4.0403],[-73.2829,-3.9933],[-73.2623,-3.9133],[-73.1715,-3.8095],[-73.0853,-3.8126]]]}},{"type":"Feature","properties":{"IDDIST":"160113","NOMBDIST":"SAN JUAN BAUTISTA","NOMBPROV":"MAYNAS","NOMBDEP":"LORETO"},"geometry":{"type":"Polygon","coordinates":[[[-73.2601,-3.7649],[-73.3175,-3.8677],[-73.3181,-3.9313],[-73.358,-3.9818],[-73.3809,-4.0396],[-73.3857,-4.1058],[-73.387,-4.1937],[-73.4003,-4.2385],[-73.4682,-4.2849],[-73.4881,-4.3236],[-73.5492,-4.3413],[-73.5927,-4.3818],[-73.6919,-4.4398],[-73.7471,-4.4491],[-73.8336,-4.4386],[-73.8835,-4.3884],[-73.937,-4.3719],[-73.9453,-4.3245],[-74.0587,-4.2476],[-74.1017,-4.177],[-74.1354,-4.0619],[-74.0389,-4.0533],[-73.9739,-4.0576],[-73.9413,-4.1013],[-73.8274,-4.1445],[-73.7181,-4.1754],[-73.6689,-4.1545],[-73.6672,-3.8939],[-73.6476,-3.9073],[-73.591,-3.8678],[-73.5169,-3.8565],[-73.4798,-3.8664],[-73.4521,-3.844],[-73.3849,-3.8391],[-73.3945,-3.8119],[-73.2967,-3.7419],[-73.2601,-3.7649]]]}},{"type":"Feature","properties":{"IDDIST":"160101","NOMBDIST":"IQUITOS","NOMBPROV":"MAYNAS","NOMBDEP":"LORETO"},"geometry":{"type":"Polygon","coordinates":[[[-73.2364,-3.7322],[-73.2601,-3.7649],[-73.2967,-3.7419],[-73.3945,-3.8119],[-73.3849,-3.8391],[-73.4521,-3.844],[-73.4798,-3.8664],[-73.5169,-3.8565],[-73.591,-3.8678],[-73.5151,-3.7195],[-73.4973,-3.7417],[-73.4285,-3.7373],[-73.3537,-3.7122],[-73.3197,-3.6863],[-73.2364,-3.7322]]]}},{"type":"Feature","properties":{"IDDIST":"160206","NOMBDIST":"LAGUNAS","NOMBPROV":"ALTO AMAZONAS","NOMBDEP":"LORETO"},"geometry":{"type":"Polygon","coordinates":[[[-76.2897,-3.6912],[-76.2453,-3.7511],[-76.2473,-3.7856],[-76.2064,-3.8446],[-76.2032,-3.9246],[-76.1726,-3.9554],[-76.165,-4.034],[-76.1498,-4.0632],[-76.0581,-4.1567],[-76.0231,-4.2187],[-75.9763,-4.3317],[-75.9559,-4.4251],[-75.9011,-4.4576],[-75.8626,-4.5202],[-75.8905,-4.5568],[-75.8816,-4.6178],[-75.8514,-4.6589],[-75.7431,-4.7349],[-75.7376,-4.8259],[-75.7223,-4.8717],[-75.6645,-4.9332],[-75.5286,-4.9375],[-75.4166,-4.9872],[-75.4386,-5.0265],[-75.51,-5.1123],[-75.5995,-5.167],[-75.618,-5.2027],[-75.5602,-5.2671],[-75.5697,-5.3008],[-75.6333,-5.4101],[-75.6168,-5.4623],[-75.6401,-5.4968],[-75.5723,-5.5723],[-75.4973,-5.5882],[-75.4548,-5.5737],[-75.5126,-5.6779],[-75.578,-5.6636],[-75.6332,-5.5935],[-75.6644,-5.5718],[-75.7847,-5.5174],[-75.8502,-5.4703],[-75.9494,-5.4409],[-75.9339,-5.3805],[-75.8786,-5.3044],[-75.7875,-5.2279],[-75.7456,-5.16],[-75.666,-5.1485],[-75.6808,-5.1028],[-75.6316,-5.0309],[-75.7147,-5.0134],[-75.7448,-5.0378],[-75.76,-4.9983],[-75.8295,-4.9766],[-76.0071,-4.852],[-76.0345,-4.8163],[-76.0709,-4.8337],[-76.1078,-4.7892],[-76.1408,-4.7975],[-76.1719,-4.7688],[-76.1624,-4.7047],[-76.2044,-4.6743],[-76.197,-4.6243],[-76.2632,-4.5289],[-76.3225,-4.4708],[-76.3379,-4.4187],[-76.309,-4.3933],[-76.32,-4.3584],[-76.2272,-4.2453],[-76.2365,-4.1871],[-76.3305,-4.1145],[-76.3495,-4.0441],[-76.3907,-4.0023],[-76.415,-3.957],[-76.414,-3.8644],[-76.376,-3.8013],[-76.3325,-3.7624],[-76.3278,-3.6994],[-76.2897,-3.6912]]]}},{"type":"Feature","properties":{"IDDIST":"240104","NOMBDIST":"PAMPAS DE HOSPITAL","NOMBPROV":"TUMBES","NOMBDEP":"TUMBES"},"geometry":{"type":"Polygon","coordinates":[[[-80.305,-3.7726],[-80.2558,-3.8328],[-80.2436,-3.8975],[-80.1807,-3.9258],[-80.2402,-3.9562],[-80.2618,-3.9989],[-80.2981,-4.0173],[-80.3391,-3.9921],[-80.3983,-3.9803],[-80.49,-3.8903],[-80.4468,-3.8376],[-80.4495,-3.679],[-80.4349,-3.6582],[-80.3421,-3.684],[-80.305,-3.7726]]]}},{"type":"Feature","properties":{"IDDIST":"240201","NOMBDIST":"ZORRITOS","NOMBPROV":"CONTRALMIRANTE VILLAR","NOMBDEP":"TUMBES"},"geometry":{"type":"Polygon","coordinates":[[[-80.554,-3.7335],[-80.5573,-3.783],[-80.5906,-3.8283],[-80.6395,-3.838],[-80.6763,-3.9283],[-80.7085,-3.9492],[-80.7288,-4.0109],[-80.764,-3.9933],[-80.8026,-3.9491],[-80.8126,-3.8933],[-80.842,-3.8818],[-80.7946,-3.7602],[-80.7536,-3.7182],[-80.6836,-3.6795],[-80.6352,-3.6671],[-80.6047,-3.6372],[-80.6038,-3.6706],[-80.554,-3.7335]]]}},{"type":"Feature","properties":{"IDDIST":"240105","NOMBDIST":"SAN JACINTO","NOMBPROV":"TUMBES","NOMBDEP":"TUMBES"},"geometry":{"type":"Polygon","coordinates":[[[-80.4349,-3.6582],[-80.4495,-3.679],[-80.4468,-3.8376],[-80.49,-3.8903],[-80.3983,-3.9803],[-80.4302,-3.9895],[-80.4798,-4.0555],[-80.4873,-4.0831],[-80.5243,-4.1074],[-80.5608,-4.1747],[-80.6232,-4.2318],[-80.6665,-4.2151],[-80.5835,-4.1389],[-80.5587,-4.0566],[-80.523,-4.007],[-80.5333,-3.9301],[-80.5506,-3.8826],[-80.545,-3.8359],[-80.5906,-3.8283],[-80.5573,-3.783],[-80.554,-3.7335],[-80.527,-3.6752],[-80.4417,-3.6229],[-80.4349,-3.6582]]]}},{"type":"Feature","properties":{"IDDIST":"010206","NOMBDIST":"LA PECA","NOMBPROV":"BAGUA","NOMBDEP":"AMAZONAS"},"geometry":{"type":"Polygon","coordinates":[[[-78.363,-5.5768],[-78.4312,-5.6694],[-78.4696,-5.6674],[-78.4651,-5.6446],[-78.4901,-5.602],[-78.5273,-5.5522],[-78.4778,-5.5174],[-78.466,-5.5412],[-78.363,-5.5768]]]}},{"type":"Feature","properties":{"IDDIST":"240303","NOMBDIST":"MATAPALO","NOMBPROV":"ZARUMILLA","NOMBDEP":"TUMBES"},"geometry":{"type":"Polygon","coordinates":[[[-80.1807,-3.9258],[-80.2436,-3.8975],[-80.2558,-3.8328],[-80.305,-3.7726],[-80.2958,-3.6738],[-80.3423,-3.6251],[-80.3423,-3.6231],[-80.2779,-3.6369],[-80.1972,-3.6177],[-80.1984,-3.6871],[-80.1808,-3.7386],[-80.1926,-3.7717],[-80.1604,-3.8024],[-80.1586,-3.8698],[-80.1272,-3.8955],[-80.1807,-3.9258]]]}},{"type":"Feature","properties":{"IDDIST":"240103","NOMBDIST":"LA CRUZ","NOMBPROV":"TUMBES","NOMBDEP":"TUMBES"},"geometry":{"type":"Polygon","coordinates":[[[-80.527,-3.6752],[-80.554,-3.7335],[-80.6038,-3.6706],[-80.6047,-3.6372],[-80.5555,-3.6057],[-80.553,-3.6457],[-80.527,-3.6752]]]}},{"type":"Feature","properties":{"IDDIST":"160112","NOMBDIST":"BELEN","NOMBPROV":"MAYNAS","NOMBDEP":"LORETO"},"geometry":{"type":"Polygon","coordinates":[[[-73.0853,-3.8126],[-73.1715,-3.8095],[-73.2623,-3.9133],[-73.2829,-3.9933],[-73.2803,-4.0403],[-73.3857,-4.1058],[-73.3809,-4.0396],[-73.358,-3.9818],[-73.3181,-3.9313],[-73.3175,-3.8677],[-73.2601,-3.7649],[-73.2364,-3.7322],[-73.2043,-3.6438],[-73.1401,-3.5994],[-73.1198,-3.6263],[-73.056,-3.6689],[-73.0555,-3.7107],[-73.0853,-3.8126]]]}},{"type":"Feature","properties":{"IDDIST":"240106","NOMBDIST":"SAN JUAN DE LA VIRGEN","NOMBPROV":"TUMBES","NOMBDEP":"TUMBES"},"geometry":{"type":"Polygon","coordinates":[[[-80.3423,-3.6251],[-80.2958,-3.6738],[-80.305,-3.7726],[-80.3421,-3.684],[-80.4349,-3.6582],[-80.4417,-3.6229],[-80.4539,-3.601],[-80.3934,-3.6056],[-80.3423,-3.6251]]]}},{"type":"Feature","properties":{"IDDIST":"160305","NOMBDIST":"URARINAS","NOMBPROV":"LORETO","NOMBDEP":"LORETO"},"geometry":{"type":"Polygon","coordinates":[[[-75.1527,-3.8494],[-75.1203,-3.8738],[-74.9884,-3.9015],[-74.9431,-3.9388],[-74.9918,-4.0069],[-74.971,-4.0313],[-74.9567,-4.1093],[-74.8822,-4.2224],[-74.8307,-4.4193],[-74.8289,-4.4667],[-74.7281,-4.5157],[-74.7402,-4.6701],[-74.7593,-4.6972],[-74.8459,-4.7593],[-74.9288,-4.7794],[-75.0017,-4.8325],[-75.0956,-4.8311],[-75.1379,-4.8678],[-75.2838,-4.8716],[-75.4166,-4.9872],[-75.5286,-4.9375],[-75.6645,-4.9332],[-75.7223,-4.8717],[-75.7376,-4.8259],[-75.7431,-4.7349],[-75.8514,-4.6589],[-75.8816,-4.6178],[-75.8905,-4.5568],[-75.8626,-4.5202],[-75.9011,-4.4576],[-75.9559,-4.4251],[-75.9763,-4.3317],[-76.0231,-4.2187],[-76.0581,-4.1567],[-76.1498,-4.0632],[-76.165,-4.034],[-76.1726,-3.9554],[-76.2032,-3.9246],[-76.2064,-3.8446],[-76.2473,-3.7856],[-76.2453,-3.7511],[-76.2897,-3.6912],[-76.2849,-3.6662],[-76.2341,-3.6348],[-76.2594,-3.5756],[-76.2062,-3.5281],[-76.1712,-3.5702],[-76.0599,-3.6327],[-75.997,-3.635],[-75.8902,-3.672],[-75.7094,-3.7119],[-75.6459,-3.7342],[-75.5582,-3.7272],[-75.4772,-3.779],[-75.38,-3.778],[-75.3263,-3.7592],[-75.2691,-3.8162],[-75.1916,-3.8524],[-75.1527,-3.8494]]]}},{"type":"Feature","properties":{"IDDIST":"240102","NOMBDIST":"CORRALES","NOMBPROV":"TUMBES","NOMBDEP":"TUMBES"},"geometry":{"type":"Polygon","coordinates":[[[-80.4972,-3.5034],[-80.4953,-3.5298],[-80.4539,-3.601],[-80.4417,-3.6229],[-80.527,-3.6752],[-80.553,-3.6457],[-80.5555,-3.6057],[-80.4972,-3.5034]]]}},{"type":"Feature","properties":{"IDDIST":"240304","NOMBDIST":"PAPAYAL","NOMBPROV":"ZARUMILLA","NOMBDEP":"TUMBES"},"geometry":{"type":"Polygon","coordinates":[[[-80.249,-3.5296],[-80.2103,-3.5587],[-80.1972,-3.6177],[-80.2779,-3.6369],[-80.3423,-3.6231],[-80.3788,-3.4946],[-80.249,-3.5296]]]}},{"type":"Feature","properties":{"IDDIST":"240101","NOMBDIST":"TUMBES","NOMBPROV":"TUMBES","NOMBDEP":"TUMBES"},"geometry":{"type":"Polygon","coordinates":[[[-80.3788,-3.4946],[-80.3423,-3.6231],[-80.3423,-3.6251],[-80.3934,-3.6056],[-80.4539,-3.601],[-80.4953,-3.5298],[-80.4972,-3.5034],[-80.4336,-3.4898],[-80.3788,-3.4946]]]}},{"type":"Feature","properties":{"IDDIST":"240302","NOMBDIST":"AGUAS VERDES","NOMBPROV":"ZARUMILLA","NOMBDEP":"TUMBES"},"geometry":{"type":"Polygon","coordinates":[[[-80.2103,-3.5587],[-80.249,-3.5296],[-80.2824,-3.4659],[-80.2255,-3.4329],[-80.2397,-3.4778],[-80.2062,-3.5345],[-80.2103,-3.5587]]]}},{"type":"Feature","properties":{"IDDIST":"160104","NOMBDIST":"INDIANA","NOMBPROV":"MAYNAS","NOMBDEP":"LORETO"},"geometry":{"type":"Polygon","coordinates":[[[-72.8299,-3.3994],[-72.8128,-3.449],[-72.7357,-3.4824],[-72.7167,-3.5055],[-72.7685,-3.5554],[-72.7641,-3.6475],[-72.7024,-3.6652],[-72.7034,-3.709],[-72.6437,-3.7391],[-72.6563,-3.7843],[-72.6304,-3.8326],[-72.6972,-3.8835],[-72.7151,-3.9274],[-72.709,-3.9896],[-72.6551,-4.0008],[-72.6502,-4.0532],[-72.6967,-4.1284],[-72.66,-4.1907],[-72.6487,-4.2771],[-72.6286,-4.3037],[-72.6029,-4.3552],[-72.6351,-4.3991],[-72.7566,-4.3827],[-72.7468,-4.257],[-72.7814,-4.235],[-72.8552,-4.1142],[-72.9227,-4.0707],[-72.966,-4.0708],[-72.9928,-4.0463],[-72.9928,-3.9438],[-73.0572,-3.8969],[-73.0853,-3.8126],[-73.0555,-3.7107],[-73.056,-3.6689],[-73.1198,-3.6263],[-73.1401,-3.5994],[-73.1606,-3.5694],[-73.1468,-3.535],[-73.081,-3.5131],[-72.9982,-3.4461],[-72.9101,-3.4372],[-72.8933,-3.3987],[-72.8299,-3.3994]]]}},{"type":"Feature","properties":{"IDDIST":"240301","NOMBDIST":"ZARUMILLA","NOMBPROV":"ZARUMILLA","NOMBDEP":"TUMBES"},"geometry":{"type":"Polygon","coordinates":[[[-80.2255,-3.4329],[-80.2824,-3.4659],[-80.249,-3.5296],[-80.3788,-3.4946],[-80.3273,-3.4368],[-80.308,-3.3929],[-80.2255,-3.4329]]]}},{"type":"Feature","properties":{"IDDIST":"010402","NOMBDIST":"EL CENEPA","NOMBPROV":"CONDORCANQUI","NOMBDEP":"AMAZONAS"},"geometry":{"type":"Polygon","coordinates":[[[-78.2173,-3.5089],[-78.2359,-3.5294],[-78.2185,-3.6284],[-78.1938,-3.6495],[-78.1837,-3.7012],[-78.1993,-3.7685],[-78.1445,-3.8325],[-78.1715,-3.8779],[-78.1495,-3.9598],[-78.1525,-4.0001],[-78.1303,-4.1132],[-78.1375,-4.1656],[-78.1205,-4.2774],[-78.031,-4.2905],[-78.053,-4.4572],[-78.0927,-4.5032],[-78.1192,-4.5267],[-78.1019,-4.5687],[-78.1058,-4.6244],[-78.1332,-4.6649],[-78.1636,-4.6342],[-78.2189,-4.6585],[-78.2533,-4.7052],[-78.2772,-4.6628],[-78.3295,-4.6795],[-78.3613,-4.6477],[-78.4169,-4.6595],[-78.4658,-4.6485],[-78.5224,-4.5857],[-78.5887,-4.562],[-78.5989,-4.5091],[-78.6358,-4.5009],[-78.6341,-4.4132],[-78.6523,-4.3325],[-78.6182,-4.2942],[-78.5983,-4.2079],[-78.5787,-4.1978],[-78.5813,-4.1355],[-78.5408,-4.0739],[-78.5626,-4.0498],[-78.5661,-3.9933],[-78.5245,-3.9373],[-78.4887,-3.9336],[-78.4765,-3.8587],[-78.4139,-3.7926],[-78.4025,-3.7354],[-78.4227,-3.6909],[-78.4008,-3.6513],[-78.3877,-3.555],[-78.3649,-3.5297],[-78.3592,-3.4695],[-78.3187,-3.3951],[-78.2462,-3.4023],[-78.2173,-3.5089]]]}},{"type":"Feature","properties":{"IDDIST":"160108","NOMBDIST":"PUNCHANA","NOMBPROV":"MAYNAS","NOMBDEP":"LORETO"},"geometry":{"type":"Polygon","coordinates":[[[-73.1606,-3.5694],[-73.1401,-3.5994],[-73.2043,-3.6438],[-73.2364,-3.7322],[-73.3197,-3.6863],[-73.3537,-3.7122],[-73.4285,-3.7373],[-73.4973,-3.7417],[-73.5151,-3.7195],[-73.5474,-3.6991],[-73.5878,-3.6413],[-73.6252,-3.6205],[-73.6612,-3.4939],[-73.6271,-3.4127],[-73.6533,-3.3544],[-73.6487,-3.3228],[-73.4993,-3.284],[-73.4347,-3.3985],[-73.3221,-3.4688],[-73.3197,-3.5264],[-73.2903,-3.5546],[-73.1954,-3.5739],[-73.1606,-3.5694]]]}},{"type":"Feature","properties":{"IDDIST":"160404","NOMBDIST":"SAN PABLO","NOMBPROV":"MARISCAL RAMON CASTILLA","NOMBDEP":"LORETO"},"geometry":{"type":"Polygon","coordinates":[[[-70.9508,-4.1552],[-70.9861,-4.1715],[-71.0721,-4.1774],[-71.1255,-4.2005],[-71.1836,-4.2042],[-71.2703,-4.2477],[-71.3732,-4.2442],[-71.4609,-4.2067],[-71.5151,-4.1964],[-71.5911,-4.1535],[-71.6296,-4.1576],[-71.7235,-4.1312],[-71.6718,-4.1007],[-71.63,-4.0004],[-71.618,-3.8752],[-71.5787,-3.8002],[-71.5903,-3.6957],[-71.6086,-3.6587],[-71.6712,-3.634],[-71.6674,-3.5901],[-71.6032,-3.5536],[-71.5555,-3.4994],[-71.4349,-3.2662],[-71.3383,-3.2073],[-71.3107,-3.1816],[-71.3527,-3.2641],[-71.3801,-3.3382],[-71.4196,-3.4015],[-71.3814,-3.4765],[-71.291,-3.5181],[-71.2247,-3.5208],[-71.1781,-3.5372],[-71.1569,-3.5906],[-71.1886,-3.6333],[-71.1776,-3.6657],[-71.2215,-3.7419],[-71.2324,-3.7881],[-71.1786,-3.8895],[-71.0795,-3.9587],[-70.9884,-3.9295],[-70.9616,-3.8906],[-70.8882,-3.9021],[-70.8671,-3.9358],[-70.8305,-3.9438],[-70.8634,-3.9943],[-70.8625,-4.0295],[-70.9508,-4.1552]]]}},{"type":"Feature","properties":{"IDDIST":"160401","NOMBDIST":"RAMON CASTILLA","NOMBPROV":"MARISCAL RAMON CASTILLA","NOMBDEP":"LORETO"},"geometry":{"type":"Polygon","coordinates":[[[-70.5026,-3.4632],[-70.7111,-3.7903],[-70.619,-3.8401],[-70.5737,-3.8303],[-70.5409,-3.863],[-70.4964,-3.8758],[-70.3942,-3.83],[-70.3463,-3.7998],[-70.2763,-3.8376],[-70.2461,-3.8904],[-70.198,-3.9096],[-70.1745,-3.9696],[-70.105,-4.0575],[-70.0567,-4.0951],[-70.0918,-4.1093],[-70.1465,-4.0928],[-70.1699,-4.1272],[-70.2103,-4.1037],[-70.2471,-4.1273],[-70.3486,-4.108],[-70.4041,-4.0567],[-70.4356,-4.0448],[-70.5055,-4.0541],[-70.5569,-4.0369],[-70.5888,-4.0453],[-70.6705,-4.0199],[-70.7372,-4.0275],[-70.794,-4.0743],[-70.8301,-4.0831],[-70.9069,-4.1396],[-70.9508,-4.1552],[-70.8625,-4.0295],[-70.8634,-3.9943],[-70.8305,-3.9438],[-70.8671,-3.9358],[-70.8882,-3.9021],[-70.9616,-3.8906],[-70.9884,-3.9295],[-71.0795,-3.9587],[-71.1786,-3.8895],[-71.2324,-3.7881],[-71.2215,-3.7419],[-71.1776,-3.6657],[-71.1886,-3.6333],[-71.1569,-3.5906],[-71.1781,-3.5372],[-71.2247,-3.5208],[-71.291,-3.5181],[-71.3814,-3.4765],[-71.4196,-3.4015],[-71.3801,-3.3382],[-71.3527,-3.2641],[-71.3107,-3.1816],[-71.207,-3.2189],[-71.1471,-3.2107],[-71.0644,-3.215],[-71.0507,-3.2566],[-70.9759,-3.2808],[-70.9313,-3.3474],[-70.8427,-3.3481],[-70.7621,-3.3802],[-70.7146,-3.364],[-70.6544,-3.4067],[-70.5944,-3.4249],[-70.5286,-3.4078],[-70.5026,-3.4632]]]}},{"type":"Feature","properties":{"IDDIST":"160705","NOMBDIST":"PASTAZA","NOMBPROV":"DATEM DEL MARAÑON","NOMBDEP":"LORETO"},"geometry":{"type":"Polygon","coordinates":[[[-76.415,-3.957],[-76.3907,-4.0023],[-76.3495,-4.0441],[-76.3305,-4.1145],[-76.2365,-4.1871],[-76.2272,-4.2453],[-76.32,-4.3584],[-76.309,-4.3933],[-76.3379,-4.4187],[-76.3225,-4.4708],[-76.2632,-4.5289],[-76.197,-4.6243],[-76.2044,-4.6743],[-76.1624,-4.7047],[-76.1719,-4.7688],[-76.1408,-4.7975],[-76.1078,-4.7892],[-76.0709,-4.8337],[-76.0345,-4.8163],[-76.0071,-4.852],[-75.8295,-4.9766],[-75.76,-4.9983],[-75.7448,-5.0378],[-75.7894,-5.0181],[-75.8891,-5.0483],[-75.9197,-5.0225],[-75.9684,-5.0317],[-76.0,-5.0585],[-76.0854,-5.0134],[-76.1298,-5.0028],[-76.1631,-4.9345],[-76.1988,-4.9483],[-76.2557,-4.9148],[-76.306,-4.9531],[-76.3111,-4.9916],[-76.4095,-4.9617],[-76.4072,-4.9079],[-76.4636,-4.8505],[-76.4923,-4.8434],[-76.5797,-4.7496],[-76.623,-4.732],[-76.6501,-4.6817],[-76.7243,-4.6364],[-76.7501,-4.6074],[-76.7617,-4.5547],[-76.8272,-4.4852],[-76.8989,-4.4651],[-76.9253,-4.4421],[-76.9431,-4.3758],[-76.9734,-4.3124],[-77.068,-4.2624],[-77.0114,-4.2414],[-77.0238,-4.1802],[-77.0959,-4.1275],[-77.151,-4.0233],[-77.1336,-3.9654],[-77.1005,-3.919],[-77.1051,-3.8648],[-77.0809,-3.8096],[-77.0972,-3.7702],[-77.089,-3.709],[-77.0709,-3.6859],[-77.1072,-3.593],[-77.1039,-3.5254],[-77.1587,-3.5153],[-77.174,-3.4851],[-77.1237,-3.4374],[-77.1277,-3.3444],[-77.1012,-3.2851],[-77.1765,-3.1972],[-77.2082,-3.1876],[-77.2333,-3.1016],[-77.2202,-3.0592],[-77.2046,-3.0905],[-77.1062,-3.1709],[-77.0902,-3.2268],[-77.056,-3.2708],[-77.0403,-3.3432],[-77.0162,-3.3634],[-76.9874,-3.4379],[-76.9367,-3.4679],[-76.9208,-3.5311],[-76.8608,-3.5524],[-76.8473,-3.6025],[-76.887,-3.6694],[-76.8169,-3.7739],[-76.797,-3.8619],[-76.7628,-3.8943],[-76.7461,-3.9573],[-76.7163,-3.9892],[-76.7067,-4.0719],[-76.6775,-4.111],[-76.6053,-4.15],[-76.5766,-4.1441],[-76.5643,-4.2292],[-76.5072,-4.222],[-76.4516,-4.153],[-76.4351,-4.0998],[-76.415,-3.957]]]}},{"type":"Feature","properties":{"IDDIST":"010403","NOMBDIST":"RIO SANTIAGO","NOMBPROV":"CONDORCANQUI","NOMBDEP":"AMAZONAS"},"geometry":{"type":"Polygon","coordinates":[[[-77.5711,-4.1952],[-77.5856,-4.2513],[-77.5654,-4.3725],[-77.581,-4.4595],[-77.6237,-4.4374],[-77.6961,-4.4262],[-77.7557,-4.3937],[-77.816,-4.3857],[-77.8375,-4.4046],[-77.8923,-4.4068],[-77.9453,-4.3926],[-78.0398,-4.5016],[-78.0927,-4.5032],[-78.053,-4.4572],[-78.031,-4.2905],[-78.1205,-4.2774],[-78.1375,-4.1656],[-78.1303,-4.1132],[-78.1525,-4.0001],[-78.1495,-3.9598],[-78.1715,-3.8779],[-78.1445,-3.8325],[-78.1993,-3.7685],[-78.1837,-3.7012],[-78.1938,-3.6495],[-78.2185,-3.6284],[-78.2359,-3.5294],[-78.2173,-3.5089],[-78.1492,-3.4808],[-78.1549,-3.4116],[-78.1958,-3.3629],[-78.1712,-3.3508],[-77.9514,-3.0905],[-77.9325,-3.0353],[-77.8915,-3.009],[-77.8086,-2.9861],[-77.7785,-3.1872],[-77.7765,-3.4091],[-77.7605,-3.4598],[-77.6704,-3.5684],[-77.643,-3.6193],[-77.6169,-3.6343],[-77.6156,-3.7077],[-77.6518,-3.779],[-77.5694,-3.8727],[-77.5418,-3.9433],[-77.5381,-4.0287],[-77.5711,-4.1952]]]}},{"type":"Feature","properties":{"IDDIST":"160105","NOMBDIST":"LAS AMAZONAS","NOMBPROV":"MAYNAS","NOMBDEP":"LORETO"},"geometry":{"type":"Polygon","coordinates":[[[-72.5708,-2.8909],[-72.5734,-2.9479],[-72.5464,-3.0714],[-72.4791,-3.0987],[-72.4304,-3.1743],[-72.4038,-3.2351],[-72.3614,-3.25],[-72.3378,-3.2824],[-72.2934,-3.2929],[-72.274,-3.3328],[-72.1985,-3.4043],[-72.198,-3.441],[-72.1184,-3.4977],[-72.148,-3.5285],[-72.1743,-3.6043],[-72.3026,-3.6861],[-72.2799,-3.7394],[-72.2829,-3.8348],[-72.2554,-3.9448],[-72.306,-3.9943],[-72.3482,-4.006],[-72.3833,-4.0428],[-72.4244,-4.1161],[-72.4367,-4.1615],[-72.3878,-4.2085],[-72.4818,-4.2933],[-72.6286,-4.3037],[-72.6487,-4.2771],[-72.66,-4.1907],[-72.6967,-4.1284],[-72.6502,-4.0532],[-72.6551,-4.0008],[-72.709,-3.9896],[-72.7151,-3.9274],[-72.6972,-3.8835],[-72.6304,-3.8326],[-72.6563,-3.7843],[-72.6437,-3.7391],[-72.7034,-3.709],[-72.7024,-3.6652],[-72.7641,-3.6475],[-72.7685,-3.5554],[-72.7167,-3.5055],[-72.7357,-3.4824],[-72.8128,-3.449],[-72.8299,-3.3994],[-72.8046,-3.3826],[-72.7234,-3.3822],[-72.6969,-3.3251],[-72.6208,-3.2852],[-72.6539,-3.2357],[-72.7221,-3.1982],[-72.7729,-3.1868],[-72.8721,-3.1352],[-72.9293,-3.0444],[-72.9228,-3.0093],[-72.834,-2.9135],[-72.7662,-2.9153],[-72.6787,-2.8928],[-72.5708,-2.8909]]]}},{"type":"Feature","properties":{"IDDIST":"160402","NOMBDIST":"PEBAS","NOMBPROV":"MARISCAL RAMON CASTILLA","NOMBDEP":"LORETO"},"geometry":{"type":"Polygon","coordinates":[[[-71.3107,-3.1816],[-71.3383,-3.2073],[-71.4349,-3.2662],[-71.5555,-3.4994],[-71.6032,-3.5536],[-71.6674,-3.5901],[-71.6712,-3.634],[-71.6086,-3.6587],[-71.5903,-3.6957],[-71.5787,-3.8002],[-71.618,-3.8752],[-71.63,-4.0004],[-71.6718,-4.1007],[-71.7235,-4.1312],[-71.7653,-4.153],[-71.8829,-4.1628],[-71.9577,-4.109],[-72.0132,-4.0881],[-72.0445,-4.0594],[-72.1133,-4.0273],[-72.1568,-4.0246],[-72.3833,-4.0428],[-72.3482,-4.006],[-72.306,-3.9943],[-72.2554,-3.9448],[-72.2829,-3.8348],[-72.2799,-3.7394],[-72.3026,-3.6861],[-72.1743,-3.6043],[-72.148,-3.5285],[-72.1184,-3.4977],[-72.198,-3.441],[-72.1985,-3.4043],[-72.274,-3.3328],[-72.2934,-3.2929],[-72.3378,-3.2824],[-72.3614,-3.25],[-72.4038,-3.2351],[-72.4304,-3.1743],[-72.4791,-3.0987],[-72.5464,-3.0714],[-72.5734,-2.9479],[-72.5708,-2.8909],[-72.5175,-2.8911],[-72.4487,-2.8453],[-72.3773,-2.85],[-72.2768,-2.7869],[-72.193,-2.8154],[-72.1677,-2.8005],[-72.1177,-2.8315],[-72.0327,-2.8161],[-71.983,-2.8763],[-71.9383,-2.9033],[-71.7968,-2.9073],[-71.7549,-2.9413],[-71.7452,-2.9791],[-71.6856,-3.0119],[-71.6494,-3.012],[-71.5958,-2.9518],[-71.5526,-2.9688],[-71.4904,-3.0154],[-71.4887,-3.1085],[-71.4029,-3.1721],[-71.3107,-3.1816]]]}},{"type":"Feature","properties":{"IDDIST":"160704","NOMBDIST":"MORONA","NOMBPROV":"DATEM DEL MARAÑON","NOMBDEP":"LORETO"},"geometry":{"type":"Polygon","coordinates":[[[-77.2202,-3.0592],[-77.2333,-3.1016],[-77.2082,-3.1876],[-77.1765,-3.1972],[-77.1012,-3.2851],[-77.1277,-3.3444],[-77.1237,-3.4374],[-77.174,-3.4851],[-77.1587,-3.5153],[-77.1039,-3.5254],[-77.1072,-3.593],[-77.0709,-3.6859],[-77.089,-3.709],[-77.0972,-3.7702],[-77.0809,-3.8096],[-77.1051,-3.8648],[-77.1005,-3.919],[-77.1336,-3.9654],[-77.151,-4.0233],[-77.0959,-4.1275],[-77.0238,-4.1802],[-77.0114,-4.2414],[-77.068,-4.2624],[-77.1315,-4.3348],[-77.1424,-4.3622],[-77.1255,-4.4434],[-77.1403,-4.4727],[-77.0904,-4.5401],[-77.0684,-4.5903],[-77.0396,-4.7078],[-77.009,-4.7482],[-76.929,-4.803],[-76.9524,-4.8356],[-77.0462,-4.8082],[-77.124,-4.8494],[-77.1823,-4.8343],[-77.1496,-4.7956],[-77.1258,-4.7384],[-77.1718,-4.6805],[-77.2759,-4.6665],[-77.3011,-4.6132],[-77.365,-4.5522],[-77.3656,-4.49],[-77.4311,-4.4087],[-77.4515,-4.3585],[-77.4332,-4.3192],[-77.4463,-4.2811],[-77.5154,-4.2315],[-77.5196,-4.2033],[-77.5711,-4.1952],[-77.5381,-4.0287],[-77.5418,-3.9433],[-77.5694,-3.8727],[-77.6518,-3.779],[-77.6156,-3.7077],[-77.6169,-3.6343],[-77.643,-3.6193],[-77.6704,-3.5684],[-77.7605,-3.4598],[-77.7765,-3.4091],[-77.7785,-3.1872],[-77.8086,-2.9861],[-77.1743,-2.7733],[-77.1665,-2.8806],[-77.1838,-2.9388],[-77.2082,-2.9554],[-77.2202,-3.0592]]]}},{"type":"Feature","properties":{"IDDIST":"160706","NOMBDIST":"ANDOAS","NOMBPROV":"DATEM DEL MARAÑON","NOMBDEP":"LORETO"},"geometry":{"type":"Polygon","coordinates":[[[-76.2062,-3.5281],[-76.2594,-3.5756],[-76.2341,-3.6348],[-76.2849,-3.6662],[-76.2897,-3.6912],[-76.3278,-3.6994],[-76.3325,-3.7624],[-76.376,-3.8013],[-76.414,-3.8644],[-76.415,-3.957],[-76.4351,-4.0998],[-76.4516,-4.153],[-76.5072,-4.222],[-76.5643,-4.2292],[-76.5766,-4.1441],[-76.6053,-4.15],[-76.6775,-4.111],[-76.7067,-4.0719],[-76.7163,-3.9892],[-76.7461,-3.9573],[-76.7628,-3.8943],[-76.797,-3.8619],[-76.8169,-3.7739],[-76.887,-3.6694],[-76.8473,-3.6025],[-76.8608,-3.5524],[-76.9208,-3.5311],[-76.9367,-3.4679],[-76.9874,-3.4379],[-77.0162,-3.3634],[-77.0403,-3.3432],[-77.056,-3.2708],[-77.0902,-3.2268],[-77.1062,-3.1709],[-77.2046,-3.0905],[-77.2202,-3.0592],[-77.2082,-2.9554],[-77.1838,-2.9388],[-77.1665,-2.8806],[-77.1743,-2.7733],[-76.6319,-2.5897],[-76.5343,-2.5123],[-76.5024,-2.5365],[-76.4993,-2.5926],[-76.4706,-2.6043],[-76.408,-2.6878],[-76.3948,-2.7267],[-76.3613,-2.7459],[-76.3442,-2.8001],[-76.3073,-2.8349],[-76.3169,-2.8976],[-76.3512,-2.9464],[-76.3379,-2.9886],[-76.3528,-3.029],[-76.3535,-3.0904],[-76.3893,-3.1277],[-76.3521,-3.1624],[-76.3673,-3.2178],[-76.3147,-3.285],[-76.27,-3.3611],[-76.2615,-3.4752],[-76.2062,-3.5281]]]}},{"type":"Feature","properties":{"IDDIST":"160102","NOMBDIST":"ALTO NANAY","NOMBPROV":"MAYNAS","NOMBDEP":"LORETO"},"geometry":{"type":"Polygon","coordinates":[[[-73.6487,-3.3228],[-73.6533,-3.3544],[-73.6271,-3.4127],[-73.6612,-3.4939],[-73.6252,-3.6205],[-73.5878,-3.6413],[-73.5474,-3.6991],[-73.5151,-3.7195],[-73.591,-3.8678],[-73.6476,-3.9073],[-73.6672,-3.8939],[-73.6689,-4.1545],[-73.7181,-4.1754],[-73.8274,-4.1445],[-73.9413,-4.1013],[-73.9739,-4.0576],[-74.0389,-4.0533],[-74.1354,-4.0619],[-74.1479,-3.9893],[-74.1922,-3.8825],[-74.2191,-3.854],[-74.2706,-3.8367],[-74.3674,-3.7187],[-74.5014,-3.6989],[-74.5545,-3.6333],[-74.6792,-3.5094],[-74.6795,-3.4658],[-74.7126,-3.4361],[-74.7539,-3.3345],[-74.8188,-3.2969],[-74.8134,-3.2432],[-74.8929,-3.2099],[-74.9916,-3.19],[-75.0178,-3.129],[-75.0143,-3.0749],[-75.0546,-2.9402],[-75.0103,-2.7664],[-75.0099,-2.6847],[-74.9737,-2.6607],[-74.9575,-2.6115],[-74.9636,-2.5683],[-74.9912,-2.516],[-74.9568,-2.5043],[-74.9496,-2.4588],[-74.9651,-2.3657],[-74.8795,-2.3602],[-74.8968,-2.4397],[-74.8725,-2.4888],[-74.8996,-2.5349],[-74.8969,-2.5681],[-74.8433,-2.6214],[-74.7585,-2.6538],[-74.7437,-2.6942],[-74.6465,-2.7375],[-74.6172,-2.7813],[-74.566,-2.7688],[-74.5062,-2.7998],[-74.4386,-2.7953],[-74.3675,-2.8485],[-74.3409,-2.898],[-74.2987,-2.9044],[-74.2606,-2.9493],[-74.1001,-3.0129],[-74.0337,-3.0812],[-74.0043,-3.0879],[-73.9521,-3.1345],[-73.9367,-3.1742],[-73.8639,-3.2087],[-73.7304,-3.3158],[-73.6487,-3.3228]]]}},{"type":"Feature","properties":{"IDDIST":"160106","NOMBDIST":"MAZAN","NOMBPROV":"MAYNAS","NOMBDEP":"LORETO"},"geometry":{"type":"Polygon","coordinates":[[[-72.9379,-2.8391],[-72.834,-2.9135],[-72.9228,-3.0093],[-72.9293,-3.0444],[-72.8721,-3.1352],[-72.7729,-3.1868],[-72.7221,-3.1982],[-72.6539,-3.2357],[-72.6208,-3.2852],[-72.6969,-3.3251],[-72.7234,-3.3822],[-72.8046,-3.3826],[-72.8299,-3.3994],[-72.8933,-3.3987],[-72.9101,-3.4372],[-72.9982,-3.4461],[-73.081,-3.5131],[-73.1468,-3.535],[-73.1606,-3.5694],[-73.1954,-3.5739],[-73.2903,-3.5546],[-73.3197,-3.5264],[-73.3221,-3.4688],[-73.4347,-3.3985],[-73.4993,-3.284],[-73.6487,-3.3228],[-73.7304,-3.3158],[-73.8639,-3.2087],[-73.9367,-3.1742],[-73.9521,-3.1345],[-74.0043,-3.0879],[-74.0337,-3.0812],[-74.1001,-3.0129],[-74.2606,-2.9493],[-74.2987,-2.9044],[-74.3409,-2.898],[-74.3675,-2.8485],[-74.4386,-2.7953],[-74.5062,-2.7998],[-74.566,-2.7688],[-74.6172,-2.7813],[-74.6465,-2.7375],[-74.7437,-2.6942],[-74.7585,-2.6538],[-74.8433,-2.6214],[-74.8969,-2.5681],[-74.8996,-2.5349],[-74.8725,-2.4888],[-74.8968,-2.4397],[-74.8795,-2.3602],[-74.7738,-2.3436],[-74.7418,-2.3867],[-74.6894,-2.4302],[-74.609,-2.4186],[-74.5624,-2.4287],[-74.4921,-2.4889],[-74.4294,-2.4785],[-74.3652,-2.5388],[-74.3,-2.5818],[-74.287,-2.6152],[-74.2341,-2.6549],[-74.1748,-2.6602],[-74.0722,-2.6495],[-73.9481,-2.6725],[-73.8771,-2.7115],[-73.835,-2.7487],[-73.7394,-2.7835],[-73.7161,-2.8095],[-73.684,-2.901],[-73.5691,-2.9572],[-73.4829,-2.973],[-73.4343,-3.0344],[-73.2791,-3.1173],[-73.1423,-3.1165],[-73.1042,-3.1374],[-73.0749,-3.1145],[-73.0137,-2.9567],[-72.9731,-2.9301],[-72.9379,-2.8391]]]}},{"type":"Feature","properties":{"IDDIST":"160304","NOMBDIST":"TROMPETEROS","NOMBPROV":"LORETO","NOMBDEP":"LORETO"},"geometry":{"type":"Polygon","coordinates":[[[-75.1527,-3.8494],[-75.1916,-3.8524],[-75.2691,-3.8162],[-75.3263,-3.7592],[-75.38,-3.778],[-75.4772,-3.779],[-75.5582,-3.7272],[-75.6459,-3.7342],[-75.7094,-3.7119],[-75.8902,-3.672],[-75.997,-3.635],[-76.0599,-3.6327],[-76.1712,-3.5702],[-76.2062,-3.5281],[-76.2615,-3.4752],[-76.27,-3.3611],[-76.3147,-3.285],[-76.3673,-3.2178],[-76.3521,-3.1624],[-76.3893,-3.1277],[-76.3535,-3.0904],[-76.3528,-3.029],[-76.3379,-2.9886],[-76.3512,-2.9464],[-76.3169,-2.8976],[-76.3073,-2.8349],[-76.3442,-2.8001],[-76.3613,-2.7459],[-76.3948,-2.7267],[-76.408,-2.6878],[-76.4706,-2.6043],[-76.4993,-2.5926],[-76.5024,-2.5365],[-76.5343,-2.5123],[-76.3124,-2.3376],[-76.3054,-2.3954],[-76.2825,-2.4399],[-76.1608,-2.4507],[-76.0955,-2.4842],[-76.0535,-2.5265],[-75.9989,-2.5182],[-75.9698,-2.5431],[-75.888,-2.6536],[-75.8575,-2.761],[-75.8275,-2.8017],[-75.7833,-2.8091],[-75.7047,-2.8534],[-75.6358,-2.9591],[-75.6332,-2.9962],[-75.5583,-2.9937],[-75.4959,-3.0154],[-75.4798,-3.0499],[-75.4252,-3.0483],[-75.3857,-3.0707],[-75.3883,-3.1186],[-75.4606,-3.2079],[-75.43,-3.2512],[-75.4196,-3.3735],[-75.379,-3.4104],[-75.3941,-3.4437],[-75.3729,-3.5175],[-75.3092,-3.5548],[-75.2889,-3.5899],[-75.2952,-3.6402],[-75.2584,-3.6871],[-75.1842,-3.7198],[-75.1099,-3.7258],[-74.9987,-3.6972],[-74.8684,-3.7199],[-74.7815,-3.7043],[-74.6342,-3.7182],[-74.6107,-3.7407],[-74.6317,-3.8019],[-74.6897,-3.8128],[-74.7209,-3.8368],[-74.7882,-3.8423],[-74.8999,-3.8304],[-74.9726,-3.8501],[-75.0094,-3.8422],[-75.0818,-3.8638],[-75.1209,-3.842],[-75.1527,-3.8494]]]}},{"type":"Feature","properties":{"IDDIST":"160303","NOMBDIST":"TIGRE","NOMBPROV":"LORETO","NOMBDEP":"LORETO"},"geometry":{"type":"Polygon","coordinates":[[[-74.9651,-2.3657],[-74.9496,-2.4588],[-74.9568,-2.5043],[-74.9912,-2.516],[-74.9636,-2.5683],[-74.9575,-2.6115],[-74.9737,-2.6607],[-75.0099,-2.6847],[-75.0103,-2.7664],[-75.0546,-2.9402],[-75.0143,-3.0749],[-75.0178,-3.129],[-74.9916,-3.19],[-74.8929,-3.2099],[-74.8134,-3.2432],[-74.8188,-3.2969],[-74.7539,-3.3345],[-74.7126,-3.4361],[-74.6795,-3.4658],[-74.6792,-3.5094],[-74.5545,-3.6333],[-74.5014,-3.6989],[-74.3674,-3.7187],[-74.2706,-3.8367],[-74.2778,-3.8856],[-74.2466,-3.9762],[-74.2561,-4.0094],[-74.3062,-4.0943],[-74.295,-4.2028],[-74.2972,-4.2624],[-74.3157,-4.3158],[-74.3834,-4.2748],[-74.5081,-4.2323],[-74.5773,-4.1702],[-74.7572,-4.1112],[-74.8495,-3.9985],[-74.9045,-3.9542],[-74.9431,-3.9388],[-74.9884,-3.9015],[-75.1203,-3.8738],[-75.1527,-3.8494],[-75.1209,-3.842],[-75.0818,-3.8638],[-75.0094,-3.8422],[-74.9726,-3.8501],[-74.8999,-3.8304],[-74.7882,-3.8423],[-74.7209,-3.8368],[-74.6897,-3.8128],[-74.6317,-3.8019],[-74.6107,-3.7407],[-74.6342,-3.7182],[-74.7815,-3.7043],[-74.8684,-3.7199],[-74.9987,-3.6972],[-75.1099,-3.7258],[-75.1842,-3.7198],[-75.2584,-3.6871],[-75.2952,-3.6402],[-75.2889,-3.5899],[-75.3092,-3.5548],[-75.3729,-3.5175],[-75.3941,-3.4437],[-75.379,-3.4104],[-75.4196,-3.3735],[-75.43,-3.2512],[-75.4606,-3.2079],[-75.3883,-3.1186],[-75.3857,-3.0707],[-75.4252,-3.0483],[-75.4798,-3.0499],[-75.4959,-3.0154],[-75.5583,-2.9937],[-75.6332,-2.9962],[-75.6358,-2.9591],[-75.7047,-2.8534],[-75.7833,-2.8091],[-75.8275,-2.8017],[-75.8575,-2.761],[-75.888,-2.6536],[-75.9698,-2.5431],[-75.9989,-2.5182],[-76.0535,-2.5265],[-76.0955,-2.4842],[-76.1608,-2.4507],[-76.2825,-2.4399],[-76.3054,-2.3954],[-76.3124,-2.3376],[-76.045,-2.128],[-75.7784,-1.794],[-75.7771,-1.8565],[-75.7459,-1.9309],[-75.6463,-1.9481],[-75.6056,-1.9697],[-75.5748,-1.9635],[-75.5363,-1.9965],[-75.4725,-2.0039],[-75.4449,-2.0341],[-75.3376,-2.0032],[-75.2881,-2.0087],[-75.2433,-2.1031],[-75.2462,-2.1338],[-75.1661,-2.1917],[-75.1409,-2.2789],[-75.0832,-2.2935],[-75.0172,-2.3518],[-74.9651,-2.3657]]]}},{"type":"Feature","properties":{"IDDIST":"160107","NOMBDIST":"NAPO","NOMBPROV":"MAYNAS","NOMBDEP":"LORETO"},"geometry":{"type":"Polygon","coordinates":[[[-72.9379,-2.8391],[-72.9731,-2.9301],[-73.0137,-2.9567],[-73.0749,-3.1145],[-73.1042,-3.1374],[-73.1423,-3.1165],[-73.2791,-3.1173],[-73.4343,-3.0344],[-73.4829,-2.973],[-73.5691,-2.9572],[-73.684,-2.901],[-73.7161,-2.8095],[-73.7394,-2.7835],[-73.835,-2.7487],[-73.8771,-2.7115],[-73.9481,-2.6725],[-74.0722,-2.6495],[-74.1748,-2.6602],[-74.2341,-2.6549],[-74.287,-2.6152],[-74.3,-2.5818],[-74.3652,-2.5388],[-74.4294,-2.4785],[-74.4921,-2.4889],[-74.5624,-2.4287],[-74.609,-2.4186],[-74.6894,-2.4302],[-74.7418,-2.3867],[-74.7738,-2.3436],[-74.8795,-2.3602],[-74.9651,-2.3657],[-75.0172,-2.3518],[-75.0832,-2.2935],[-75.1409,-2.2789],[-75.1661,-2.1917],[-75.2462,-2.1338],[-75.2433,-2.1031],[-75.2881,-2.0087],[-75.3376,-2.0032],[-75.4449,-2.0341],[-75.4725,-2.0039],[-75.5363,-1.9965],[-75.5748,-1.9635],[-75.6056,-1.9697],[-75.6463,-1.9481],[-75.7459,-1.9309],[-75.7771,-1.8565],[-75.7784,-1.794],[-75.5809,-1.5464],[-75.5584,-1.5607],[-75.539,-1.4835],[-75.4175,-1.0489],[-75.3848,-1.0376],[-75.3165,-1.0674],[-75.2295,-1.0924],[-75.2231,-1.181],[-75.176,-1.2502],[-75.1639,-1.2886],[-75.1719,-1.3883],[-75.1374,-1.4167],[-75.1541,-1.4456],[-75.1171,-1.5278],[-75.1162,-1.5844],[-75.0539,-1.6456],[-75.0137,-1.7074],[-74.9804,-1.8231],[-74.9127,-1.9125],[-74.7679,-1.8994],[-74.7237,-1.8443],[-74.6449,-1.8981],[-74.6,-1.9124],[-74.5745,-1.9673],[-74.5341,-1.982],[-74.47,-1.8698],[-74.4896,-1.8491],[-74.421,-1.7905],[-74.4123,-1.7231],[-74.4509,-1.7206],[-74.4642,-1.6851],[-74.4563,-1.6298],[-74.4692,-1.5787],[-74.4957,-1.5508],[-74.4957,-1.5008],[-74.5406,-1.4977],[-74.5676,-1.4623],[-74.5657,-1.4303],[-74.6196,-1.3471],[-74.6726,-1.3308],[-74.7288,-1.2345],[-74.7898,-1.1794],[-74.8111,-1.0909],[-74.8586,-1.0496],[-74.8878,-1.0063],[-74.8737,-0.9501],[-74.8352,-0.9819],[-74.8166,-1.0334],[-74.7655,-1.0565],[-74.7178,-1.1505],[-74.5869,-1.2782],[-74.5862,-1.3099],[-74.491,-1.3796],[-74.4649,-1.3765],[-74.2228,-1.4555],[-74.1899,-1.4505],[-74.0863,-1.5244],[-74.0002,-1.5289],[-73.9715,-1.5852],[-73.942,-1.592],[-73.8868,-1.683],[-73.8245,-1.6964],[-73.819,-1.7634],[-73.8373,-1.8428],[-73.87,-1.8887],[-73.8843,-1.9379],[-73.9246,-1.9577],[-73.8948,-2.0296],[-73.8197,-2.0393],[-73.7819,-2.0824],[-73.7385,-2.1605],[-73.7714,-2.2012],[-73.7305,-2.2425],[-73.7164,-2.298],[-73.6612,-2.2903],[-73.6229,-2.3056],[-73.5542,-2.3709],[-73.4871,-2.3501],[-73.4617,-2.3881],[-73.4303,-2.3957],[-73.4058,-2.4399],[-73.3466,-2.5042],[-73.3503,-2.5617],[-73.286,-2.6153],[-73.2759,-2.6372],[-73.1942,-2.7148],[-73.1283,-2.7334],[-73.0621,-2.7159],[-73.0017,-2.7428],[-72.9566,-2.7953],[-72.9379,-2.8391]]]}},{"type":"Feature","properties":{"IDDIST":"160109","NOMBDIST":"PUTUMAYO","NOMBPROV":"MAYNAS","NOMBDEP":"LORETO"},"geometry":{"type":"Polygon","coordinates":[[[-73.5308,-1.4579],[-73.4786,-1.5221],[-73.5012,-1.6192],[-73.537,-1.6884],[-73.4999,-1.7312],[-73.4593,-1.7364],[-73.4257,-1.7903],[-73.3833,-1.7747],[-73.3037,-1.8181],[-73.3068,-1.7834],[-73.2038,-1.7639],[-73.1843,-1.8085],[-73.1464,-1.804],[-73.1521,-1.8576],[-73.1128,-1.8728],[-73.1187,-2.0157],[-73.0944,-2.0422],[-73.132,-2.1836],[-73.165,-2.1866],[-73.1688,-2.2246],[-73.119,-2.2845],[-73.1211,-2.3254],[-73.0683,-2.3151],[-73.0664,-2.3552],[-72.9634,-2.3432],[-72.956,-2.3916],[-72.8891,-2.4333],[-72.8518,-2.4358],[-72.7691,-2.3868],[-72.7532,-2.4237],[-72.7152,-2.3856],[-72.6921,-2.4063],[-72.5955,-2.3666],[-72.5192,-2.4252],[-72.4665,-2.4212],[-72.3794,-2.455],[-72.3681,-2.4895],[-72.2909,-2.4691],[-72.2582,-2.4322],[-72.2057,-2.446],[-72.1478,-2.4156],[-72.0487,-2.3349],[-72.0101,-2.369],[-71.962,-2.3571],[-71.9261,-2.3078],[-71.8848,-2.3116],[-71.8328,-2.1904],[-71.7991,-2.2044],[-71.7406,-2.1422],[-71.7189,-2.1599],[-71.7312,-2.2015],[-71.7085,-2.2273],[-71.664,-2.2023],[-71.6041,-2.2314],[-71.4634,-2.2711],[-71.3964,-2.3471],[-71.3711,-2.3894],[-71.3167,-2.3744],[-71.3024,-2.3436],[-71.2311,-2.3376],[-71.1882,-2.3796],[-71.1668,-2.3378],[-71.1303,-2.3375],[-71.1336,-2.2851],[-71.0533,-2.2706],[-71.0002,-2.2079],[-70.9287,-2.2542],[-70.8794,-2.2209],[-70.8519,-2.2441],[-70.836,-2.2908],[-70.7778,-2.293],[-70.7512,-2.3283],[-70.6659,-2.3538],[-70.6784,-2.4021],[-70.6271,-2.3975],[-70.6383,-2.4658],[-70.5993,-2.4844],[-70.4751,-2.4551],[-70.4372,-2.5212],[-70.4125,-2.5257],[-70.3579,-2.4893],[-70.2952,-2.5126],[-70.3545,-2.5453],[-70.3346,-2.5779],[-70.2738,-2.5473],[-70.2301,-2.5746],[-70.2193,-2.6436],[-70.1542,-2.6569],[-70.1621,-2.6878],[-70.1184,-2.6986],[-70.1033,-2.6574],[-70.066,-2.6841],[-70.0601,-2.7589],[-70.14,-2.8908],[-70.5026,-3.4632],[-70.5286,-3.4078],[-70.5944,-3.4249],[-70.6544,-3.4067],[-70.7146,-3.364],[-70.7621,-3.3802],[-70.8427,-3.3481],[-70.9313,-3.3474],[-70.9759,-3.2808],[-71.0507,-3.2566],[-71.0644,-3.215],[-71.1471,-3.2107],[-71.207,-3.2189],[-71.3107,-3.1816],[-71.4029,-3.1721],[-71.4887,-3.1085],[-71.4904,-3.0154],[-71.5526,-2.9688],[-71.5958,-2.9518],[-71.6494,-3.012],[-71.6856,-3.0119],[-71.7452,-2.9791],[-71.7549,-2.9413],[-71.7968,-2.9073],[-71.9383,-2.9033],[-71.983,-2.8763],[-72.0327,-2.8161],[-72.1177,-2.8315],[-72.1677,-2.8005],[-72.193,-2.8154],[-72.2768,-2.7869],[-72.3773,-2.85],[-72.4487,-2.8453],[-72.5175,-2.8911],[-72.5708,-2.8909],[-72.6787,-2.8928],[-72.7662,-2.9153],[-72.834,-2.9135],[-72.9379,-2.8391],[-72.9566,-2.7953],[-73.0017,-2.7428],[-73.0621,-2.7159],[-73.1283,-2.7334],[-73.1942,-2.7148],[-73.2759,-2.6372],[-73.286,-2.6153],[-73.3503,-2.5617],[-73.3466,-2.5042],[-73.4058,-2.4399],[-73.4303,-2.3957],[-73.4617,-2.3881],[-73.4871,-2.3501],[-73.5542,-2.3709],[-73.6229,-2.3056],[-73.6612,-2.2903],[-73.7164,-2.298],[-73.7305,-2.2425],[-73.7714,-2.2012],[-73.7385,-2.1605],[-73.7819,-2.0824],[-73.8197,-2.0393],[-73.8948,-2.0296],[-73.9246,-1.9577],[-73.8843,-1.9379],[-73.87,-1.8887],[-73.8373,-1.8428],[-73.819,-1.7634],[-73.8245,-1.6964],[-73.8868,-1.683],[-73.942,-1.592],[-73.9715,-1.5852],[-74.0002,-1.5289],[-74.0863,-1.5244],[-74.1899,-1.4505],[-74.2228,-1.4555],[-74.4649,-1.3765],[-74.491,-1.3796],[-74.5862,-1.3099],[-74.5869,-1.2782],[-74.7178,-1.1505],[-74.7655,-1.0565],[-74.8166,-1.0334],[-74.8352,-0.9819],[-74.8737,-0.9501],[-74.8365,-0.9334],[-74.7715,-0.949],[-74.7498,-0.9725],[-74.687,-0.9719],[-74.5885,-0.9933],[-74.5334,-1.0492],[-74.4972,-1.0323],[-74.3908,-1.0838],[-74.3596,-1.0877],[-74.2232,-1.1785],[-74.217,-1.2158],[-74.1549,-1.2249],[-74.0702,-1.2579],[-74.0139,-1.2339],[-73.9512,-1.2483],[-73.9189,-1.2785],[-73.8741,-1.284],[-73.8228,-1.3519],[-73.7669,-1.4004],[-73.7335,-1.3875],[-73.6602,-1.4204],[-73.6259,-1.4159],[-73.589,-1.4607],[-73.5308,-1.4579]]]}},{"type":"Feature","properties":{"IDDIST":"160110","NOMBDIST":"TORRES CAUSANA","NOMBPROV":"MAYNAS","NOMBDEP":"LORETO"},"geometry":{"type":"Polygon","coordinates":[[[-74.8737,-0.9501],[-74.8878,-1.0063],[-74.8586,-1.0496],[-74.8111,-1.0909],[-74.7898,-1.1794],[-74.7288,-1.2345],[-74.6726,-1.3308],[-74.6196,-1.3471],[-74.5657,-1.4303],[-74.5676,-1.4623],[-74.5406,-1.4977],[-74.4957,-1.5008],[-74.4957,-1.5508],[-74.4692,-1.5787],[-74.4563,-1.6298],[-74.4642,-1.6851],[-74.4509,-1.7206],[-74.4123,-1.7231],[-74.421,-1.7905],[-74.4896,-1.8491],[-74.47,-1.8698],[-74.5341,-1.982],[-74.5745,-1.9673],[-74.6,-1.9124],[-74.6449,-1.8981],[-74.7237,-1.8443],[-74.7679,-1.8994],[-74.9127,-1.9125],[-74.9804,-1.8231],[-75.0137,-1.7074],[-75.0539,-1.6456],[-75.1162,-1.5844],[-75.1171,-1.5278],[-75.1541,-1.4456],[-75.1374,-1.4167],[-75.1719,-1.3883],[-75.1639,-1.2886],[-75.176,-1.2502],[-75.2231,-1.181],[-75.2295,-1.0924],[-75.3165,-1.0674],[-75.3848,-1.0376],[-75.4175,-1.0489],[-75.3867,-0.9297],[-75.322,-0.9748],[-75.2162,-0.9708],[-75.2274,-0.9441],[-75.2212,-0.8658],[-75.2485,-0.831],[-75.2402,-0.7981],[-75.2725,-0.7354],[-75.2509,-0.7004],[-75.2714,-0.6636],[-75.2359,-0.6473],[-75.2276,-0.5514],[-75.2777,-0.4984],[-75.3128,-0.4942],[-75.3875,-0.4343],[-75.4627,-0.3184],[-75.4822,-0.237],[-75.5308,-0.1809],[-75.6106,-0.1924],[-75.5582,-0.1492],[-75.3743,-0.2122],[-75.3799,-0.2617],[-75.336,-0.2937],[-75.3315,-0.3465],[-75.2995,-0.3734],[-75.3038,-0.4033],[-75.2596,-0.4798],[-75.1876,-0.5628],[-75.1784,-0.6379],[-75.1565,-0.6669],[-75.2019,-0.6892],[-75.1913,-0.737],[-75.0771,-0.7771],[-74.9843,-0.8222],[-74.955,-0.8856],[-74.8978,-0.9012],[-74.8737,-0.9501]]]}},{"type":"Feature","properties":{"IDDIST":"160114","NOMBDIST":"TENIENTE MANUEL CLAVERO","NOMBPROV":"MAYNAS","NOMBDEP":"LORETO"},"geometry":{"type":"Polygon","coordinates":[[[-73.5308,-1.4579],[-73.589,-1.4607],[-73.6259,-1.4159],[-73.6602,-1.4204],[-73.7335,-1.3875],[-73.7669,-1.4004],[-73.8228,-1.3519],[-73.8741,-1.284],[-73.9189,-1.2785],[-73.9512,-1.2483],[-74.0139,-1.2339],[-74.0702,-1.2579],[-74.1549,-1.2249],[-74.217,-1.2158],[-74.2232,-1.1785],[-74.3596,-1.0877],[-74.3908,-1.0838],[-74.4972,-1.0323],[-74.5334,-1.0492],[-74.5885,-0.9933],[-74.687,-0.9719],[-74.7498,-0.9725],[-74.7715,-0.949],[-74.8365,-0.9334],[-74.8737,-0.9501],[-74.8978,-0.9012],[-74.955,-0.8856],[-74.9843,-0.8222],[-75.0771,-0.7771],[-75.1913,-0.737],[-75.2019,-0.6892],[-75.1565,-0.6669],[-75.1784,-0.6379],[-75.1876,-0.5628],[-75.2596,-0.4798],[-75.3038,-0.4033],[-75.2995,-0.3734],[-75.3315,-0.3465],[-75.336,-0.2937],[-75.3799,-0.2617],[-75.3743,-0.2122],[-75.5582,-0.1492],[-75.6106,-0.1924],[-75.6105,-0.1134],[-75.5636,-0.1312],[-75.5056,-0.1179],[-75.4607,-0.1517],[-75.4051,-0.1703],[-75.3062,-0.1554],[-75.2598,-0.1279],[-75.1836,-0.0386],[-75.1414,-0.0663],[-75.0774,-0.0842],[-75.0169,-0.1457],[-74.9728,-0.1535],[-74.9321,-0.2178],[-74.8802,-0.2403],[-74.8481,-0.2336],[-74.8139,-0.1922],[-74.7627,-0.2248],[-74.7304,-0.2929],[-74.7311,-0.3392],[-74.6686,-0.3738],[-74.6167,-0.3731],[-74.5747,-0.395],[-74.5295,-0.4651],[-74.4213,-0.5045],[-74.4269,-0.5411],[-74.3882,-0.5557],[-74.3664,-0.6104],[-74.3728,-0.6529],[-74.3405,-0.698],[-74.372,-0.714],[-74.3477,-0.757],[-74.3204,-0.7542],[-74.2682,-0.847],[-74.3081,-0.8661],[-74.2783,-0.8999],[-74.2672,-0.9824],[-74.2234,-1.0074],[-74.1684,-1.0063],[-74.0943,-1.048],[-74.0462,-1.0448],[-74.0151,-1.0865],[-73.9478,-1.1321],[-73.9137,-1.12],[-73.8571,-1.2318],[-73.754,-1.2384],[-73.7182,-1.2511],[-73.6809,-1.238],[-73.6199,-1.2613],[-73.613,-1.3155],[-73.5765,-1.3181],[-73.5792,-1.3596],[-73.5316,-1.435],[-73.5308,-1.4579]]]}}]}