ubigeo,ece16_4p_cob_est,ece16_4p_lec_sat,ece16_4p_mat_sat,ece16_4p_lec_prev,ece18_4p_cob_est,ece18_4p_lec_sat,ece18_4p_mat_sat,ece18_4p_lec_prev,ece19_2s_cob_est,ece19_2s_lec_sat,ece19_2s_mat_sat,ece19_2s_lec_prev,desercion_prim_23_24,atraso_prim_2025
010101,98.027613,51.172879230595555,46.0448396343815,0.791965912341718,97.46621621621621,54.9195733455317,49.864682706676305,3.6699928427951973,99.53632148377125,24.861671085927483,30.152070998752873,4.738295012894565,0.4100337624549866,0.3733084461035931
010103,79.166667,,,,100.0,72.65691716481625,49.93328351836037,4.566076003415924,100.0,5.263157894736844,10.526315789473687,21.052631578947377,0.0,0.5586592178770949
010104,100.0,44.44444444444444,44.44444444444444,0.0,100.0,50.000000000000014,50.0,0.0,100.0,25.000000000000007,33.333333333333336,0.0,0.0,1.8181818181818181
010106,93.617021,17.943262411347508,11.347517730496447,6.38297872340425,100.0,11.51243062762256,7.674953751748408,15.395027748950971,94.11764705882352,12.867647058823534,19.117647058823593,28.308823529411754,1.5444015264511108,0.8888888888888888
010107,100.0,72.72727272727273,54.54545454545455,0.0,100.0,45.45454545454545,45.45454545454545,0.0,100.0,0.0,11.111111111111112,44.44444444444445,0.0,0.0
010109,98.473282,20.13994910941477,15.394402035623408,15.68702290076336,98.52941176470588,18.871142551583613,20.343248277599297,13.703111811315866,100.0,7.1428571428571495,19.047619047619058,21.428571428571402,0.2666666805744171,1.8209408194233687
010110,100.0,47.619047619047606,52.38095238095235,1.5873015873015845,98.66666666666667,37.837060181980256,36.372343297558544,13.504611763895266,98.59154929577466,17.142857142857146,18.571428571428562,4.285714285714285,1.583113431930542,2.0289855072463765
010111,100.0,37.49999999999999,31.250000000000007,0.0,100.0,69.23076923076921,84.61538461538461,0.0,100.0,7.142857142857145,7.142857142857144,7.142857142857145,0.0,0.0
010112,100.0,14.285714285714283,19.047619047619047,0.0,100.0,31.249999999999993,25.0,12.499999999999996,100.0,0.0,0.0,7.692307692307695,0.0,1.2987012987012987
010113,100.0,0.0,5.882352941176468,21.470588235294134,100.0,20.0,0.0,0.0,100.0,0.0,12.499999999999998,37.5,0.0,0.0
010114,100.0,29.523809523809543,13.333333333333345,2.222222222222226,100.0,41.67480786765665,33.34961573531327,2.785918978767764,100.0,9.374999999999961,24.999999999999858,9.375000000000009,0.4237288236618042,0.0
010115,100.0,30.0,10.000000000000004,20.0,100.0,28.571428571428577,42.85714285714286,14.285714285714288,100.0,0.0,14.285714285714285,28.57142857142857,0.0,0.0
010116,83.333333,20.0,0.0,0.0,100.0,20.0,0.0,0.0,,,,,0.0,0.0
010119,100.0,11.11111111111111,0.0,0.0,100.0,0.0,0.0,12.499999999999996,100.0,20.0,0.0,40.0,0.0,3.1746031746031744
010120,100.0,6.250000000000005,6.249999999999996,31.249999999999986,100.0,0.0,16.666666666666664,0.0,90.0,11.11111111111111,22.22222222222222,0.0,0.0,0.0
010201,96.932515,26.55011358497421,22.747514222990457,8.111962980985036,98.2532751091703,26.56490761468509,20.4602756382803,12.09288163599037,98.93428063943162,11.046124052660014,14.760511517047403,21.54153399251444,0.4595588147640228,0.5907960199004975
010202,96.710526,19.73950564670786,23.71883656509693,17.814754497579973,95.86776859504134,23.181135779548672,18.410108596295384,16.125789276049613,94.23076923076927,2.9411764705882275,10.294117647058757,38.89786683904327,1.4224750995635986,1.0271460014673515
010203,95.081967,29.508196721311453,18.03278688524588,9.836065573770483,100.0,14.884308161556046,14.884308161556046,8.530319886995805,95.58823529411765,0.0,1.5151515151515127,29.516317016316982,0.9975062608718872,0.5586592178770949
010204,100.0,0.0,0.0,12.5,100.0,40.0,10.0,10.0,91.66666666666666,0.0,0.0,50.00000000000002,1.7543859481811523,2.0
010205,86.666667,5.356768885564702,3.0602094240837716,38.60645182270501,88.23529411764703,,,,88.1767955801105,0.0,0.4530693484181882,80.74809244175323,5.9497880935668945,3.6598365509889845
010206,95.890411,24.248532289628155,52.612524461839556,7.123287671232867,93.43065693430657,20.42626757773625,20.87888129309152,12.909487785822515,100.0,6.999999999999991,9.000000000000014,21.00000000000002,0.22779043018817902,0.5050505050505051
010301,100.0,36.000000000000014,24.000000000000007,11.999999999999995,100.0,53.84615384615387,46.15384615384613,7.692307692307694,100.0,22.222222222222236,48.14814814814816,11.111111111111118,0.0,0.0
010304,94.736842,5.882352941176469,0.0,11.764705882352938,100.0,0.0,0.0,80.0,100.0,8.69565217391304,13.04347826086956,13.04347826086956,0.8403361439704895,3.296703296703297
010305,100.0,14.285714285714295,0.0,28.571428571428545,90.9090909090909,20.547321837005804,20.547321837005804,20.547321837005804,,,,,2.857142925262451,6.0606060606060606
010306,97.777778,24.29059829059827,16.307692307692292,4.717948717948716,100.0,30.139595552983273,33.0826775394556,7.359864550849622,100.0,16.153846153846125,30.76923076923067,7.692307692307692,0.5449591279029846,1.0279001468428781
010307,96.825397,39.70652777239928,32.053179694817,2.4833589349718386,97.84172661870504,41.624516118392876,37.210925925343496,2.273243679457893,99.45652173913044,13.49792755451433,24.716165074788343,3.9331411065056874,0.7142857313156128,0.6593406593406593
010310,100.0,11.53846153846155,7.6923076923077,7.692307692307695,100.0,77.77777777777779,77.77777777777777,0.0,100.0,8.333333333333336,8.333333333333334,8.333333333333336,0.0,0.0
010311,100.0,0.0,0.0,0.0,,,,,,,,,0.0,0.0
010312,98.076923,14.510489510489505,20.410839160839135,12.587412587412576,97.88732394366197,34.797669748189946,41.55881820903781,10.349044251099336,100.0,11.764705882352931,29.411764705882355,12.605042016806726,0.2670226991176605,0.2967359050445104
010401,92.227979,11.20466321243521,6.125092524056263,24.60887558037814,86.56716417910447,,,,86.24813153961134,1.1725742812101776,1.546590302820263,70.46361130136384,5.437266826629639,3.7077163837727216
010403,89.655172,6.4393939393939315,0.0,65.97222222222223,92.5925925925926,3.716575797727913,0.0,77.70054521363254,87.84648187633263,0.0,0.0,85.30451562575219,2.669079303741455,1.5448466682038275
010501,96.774194,16.666666666666675,16.666666666666675,6.66666666666667,100.0,40.00000000000003,42.49999999999996,0.0,100.0,18.333333333333314,39.99999999999994,8.333333333333325,0.4385964870452881,0.4716981132075472
010502,99.484536,21.75257731958764,17.5699558173785,10.82474226804123,95.8333333333333,21.73744009259454,14.810949805282863,10.82646906352744,97.27891156462584,4.9492900608519195,13.936935275677643,17.97897842522588,0.75,2.1256931608133085
010503,91.428571,5.714285714285715,11.42857142857143,22.857142857142858,100.0,11.485965491417177,11.749220305078728,5.742982745708589,100.0,0.0,0.0,35.00000000000007,1.875,1.094890510948905
010504,100.0,43.47826086956522,86.95652173913045,0.0,100.0,45.36967886482432,31.758775205377145,9.127280486503858,100.0,10.344827586206904,20.6896551724138,6.896551724137935,0.0,1.89873417721519
010505,95.652174,22.727272727272737,31.818181818181834,4.545454545454548,100.0,15.627291391699668,9.354377474703032,15.627291391699668,100.0,3.8461538461538485,7.692307692307694,42.30769230769232,0.5586591958999634,1.7857142857142856
010507,95.454545,67.04545454545453,38.63636363636363,0.0,100.0,52.13103205353997,63.649172243747785,12.116942585417407,90.0,0.0,0.0,0.0,0.8474576473236084,3.8834951456310676
010508,100.0,13.333333333333327,13.333333333333337,19.99999999999999,100.0,40.29653396231325,39.99999999999999,13.531022641542165,100.0,16.66666666666667,25.000000000000007,25.000000000000007,1.4285714626312256,0.0
010509,98.901099,17.624683009298398,20.963651732882482,3.3389687235841077,100.0,29.1028186083168,34.15415727997978,7.603030505803042,98.1981981981982,7.45454545454545,13.849607182940513,3.7382154882154865,0.0,0.20242914979757085
010510,100.0,40.0,60.0,0.0,83.33333333333334,20.0,40.0,0.0,,,,,0.0,2.127659574468085
010511,93.333333,35.714285714285715,21.428571428571427,0.0,100.0,66.66666666666666,49.99999999999999,0.0,100.0,5.263157894736844,5.263157894736843,5.263157894736844,1.1494252681732178,1.36986301369863
010512,97.142857,16.122448979591827,11.428571428571422,8.367346938775503,98.7012987012987,31.875405105095822,34.492769838575285,8.144493271397286,100.0,4.4776119402985,16.4179104477612,13.432835820895535,0.4219409227371216,0.22075055187637968
010513,98.333333,16.88888888888888,23.44444444444442,22.333333333333314,98.41269841269842,26.976013679915912,23.97145061011309,22.58487216899159,100.0,7.7777777777777874,11.111111111111144,16.66666666666667,1.5730336904525757,0.0
010514,98.214286,23.363095238095205,25.148809523809494,1.7857142857142827,99.04761904761905,25.900918000821072,30.261917774612584,11.84169472381246,97.24770642201835,4.770642201834862,15.029190992493785,23.669724770642233,0.44247788190841675,1.309328968903437
010515,94.117647,30.000000000000025,28.23529411764707,17.647058823529413,100.0,18.36889832923796,17.957322004914445,18.1631101670762,100.0,3.8461538461538485,26.923076923076934,11.538461538461545,0.0,1.2345679012345678
010516,100.0,40.0,50.00000000000001,0.0,100.0,11.111111111111112,0.0,0.0,100.0,0.0,21.428571428571434,28.57142857142858,0.0,0.0
010517,100.0,11.11111111111111,11.11111111111111,0.0,100.0,37.49999999999999,37.49999999999999,0.0,87.5,0.0,0.0,0.0,1.4492753744125366,1.639344262295082
010519,100.0,20.0,20.0,0.0,100.0,16.666666666666664,49.99999999999999,16.666666666666664,94.44444444444444,0.0,5.882352941176471,29.41176470588236,0.0,5.128205128205128
010520,100.0,8.695652173913038,6.521739130434775,21.7391304347826,96.42857142857143,9.680760987139072,11.23446336779102,11.037589399058282,97.36842105263158,5.263157894736839,21.49122807017542,16.5204678362573,0.9615384340286255,0.7194244604316548
010521,98.461538,22.27106227106227,20.63003663003663,21.75824175824175,100.0,22.230485344835614,30.183224415048382,6.362191256170253,95.65217391304348,15.875722269584159,11.319503646869332,6.810646964099649,0.6329113841056824,1.3559322033898304
010522,92.307692,45.454545454545446,45.45454545454546,0.0,100.0,33.33333333333333,37.466392921738276,4.181942611331115,100.0,7.692307692307697,7.692307692307694,15.384615384615394,0.0,0.6666666666666667
010523,100.0,14.28571428571429,7.142857142857149,10.714285714285715,92.6829268292683,30.518116473522078,22.264779228399597,5.758104738154613,96.875,3.2258064516129004,16.129032258064527,51.612903225806406,0.0,0.0
010601,99.173554,63.0353117956425,48.59504132231405,2.509391435011271,97.58064516129032,45.5001410959629,35.52333374486318,9.085698160461387,98.11320754716981,30.777100570698806,28.0416028380231,4.5500107864051955,0.36275696754455566,0.12406947890818859
010602,100.0,19.444444444444468,11.111111111111125,13.888888888888891,94.44444444444444,36.94369795295446,26.94812160622852,4.341041549163378,100.0,1.999999999999998,15.999999999999984,11.999999999999988,0.8064516186714172,0.5847953216374269
010603,100.0,35.71428571428569,71.42857142857143,0.0,100.0,85.71428571428571,71.42857142857142,0.0,95.65217391304348,27.27272727272726,31.818181818181802,0.0,0.0,4.054054054054054
010604,100.0,37.500000000000014,25.00000000000001,0.0,100.0,29.64090741022688,40.71818517954626,7.421101855275494,100.0,11.428571428571432,11.428571428571429,0.0,1.2422360181808472,1.3605442176870748
010605,100.0,5.555555555555562,5.555555555555562,0.0,100.0,63.63636363636363,54.54545454545454,9.090909090909088,100.0,33.33333333333336,42.85714285714287,4.7619047619047645,2.702702760696411,0.78125
010606,96.0,45.3333333333333,24.266666666666666,0.0,100.0,47.70944418078798,28.65916641076464,14.245833449652356,91.66666666666666,9.090909090909093,13.636363636363635,13.63636363636364,0.0,2.479338842975207
010607,73.333333,,,,100.0,89.99999999999999,90.0,0.0,100.0,14.28571428571429,42.85714285714287,0.0,0.0,0.8
010609,96.296296,18.389182833627263,18.471487360376244,13.743712848651095,100.0,30.085387298045234,32.771024896519016,12.37742407817701,96.68508287292819,13.735887581071365,24.136740331491655,11.032908959884727,1.2634239196777344,0.49575070821529743
010610,100.0,20.0,60.0,0.0,,,,,,,,,2.3809523582458496,0.0
010612,100.0,15.151515151515152,9.090909090909092,15.151515151515158,100.0,18.827573681302827,23.537918409313182,12.013121808490295,100.0,8.108108108108103,13.513513513513503,24.324324324324305,0.38535645604133606,0.5714285714285714
010701,95.715677,23.753884292756883,27.25340513853831,8.614376008535737,96.80150517403575,24.855661494532907,22.79473142561879,10.629865463246029,97.910447761194,6.0295464929034415,8.405119446233297,22.636387529198334,0.7433881163597107,1.5298394425931536
010702,97.584541,21.655167786477136,23.432033983008488,10.588710274492373,97.17391304347824,20.506170560224227,16.549318463805804,12.90070626688044,97.51693002257333,3.2250680849326723,5.6025486902514405,31.23886630814673,0.43557170033454895,0.8383233532934131
010703,98.69281,23.394298896028975,23.68264953040036,11.95309496347557,98.54014598540147,24.516167968191596,26.760679022839824,16.278752325192055,90.9090909090909,9.35064935064935,19.39935064935073,22.44075369075371,1.1461317539215088,0.21008403361344538
010704,97.530864,4.732510288065844,2.469135802469134,29.864785420340954,97.43589743589743,9.931985147432204,13.50639224906093,19.15273987014454,94.20289855072464,4.438405797101443,2.9438405797101366,37.01992753623181,1.2820513248443604,1.2779552715654952
010705,97.345133,10.76106194690264,8.247787610619458,11.111111111111093,97.93103448275862,42.78231886800627,38.78431188878009,8.44976865126284,98.82352941176471,3.7005163511187655,4.302925989672985,31.47829412889666,1.1956521272659302,0.7083825265643447
010706,97.959184,33.855981416957015,37.40113931751562,6.009070294784573,96.96969696969697,27.274482908051308,27.385752641982474,7.98066781954588,94.6524064171123,6.186309782857087,8.883356981183004,20.40199854138479,0.8196721076965332,0.5751848808545604
010707,98.360656,28.779599271402535,18.214936247723127,14.754098360655728,96.61016949152544,20.95531587057011,15.870570107858248,17.25731895223421,94.44444444444444,5.773420479302822,9.694989106753797,17.89463260051497,0.0,0.5263157894736842
020101,98.892246,37.42398554443221,33.707587221679326,5.0587506213994535,98.72549019607845,40.10610262315931,34.25911011408041,9.092940019153433,98.59459459459461,15.730513895765155,17.681416234991257,12.251819365652539,0.5880483388900757,0.8370260955194485
020102,94.117647,12.132513477954381,20.95219000704939,38.84745058083397,100.0,0.0,4.739685443434053,61.99767905473039,100.0,0.0,0.0,71.4285714285717,0.46296295523643494,1.06951871657754
020104,88.461538,23.351648351648368,14.377289377289387,27.014652014652007,100.0,46.15384615384616,38.46153846153847,15.384615384615389,100.0,13.513513513513594,13.513513513513622,18.918918918918994,0.0,4.137931034482759
020105,98.766328,35.91094153140772,30.409024380652333,3.934494789935007,99.03722721437737,42.35648183207635,33.83272091151487,4.30636744108749,98.90185312285521,20.519396076901852,22.559905727763844,9.308435717194367,0.4571531116962433,0.5197132616487455
020106,100.0,11.184844287780665,0.0,31.967227929096584,100.0,5.349097475236484,5.349097475236478,35.75758916025217,100.0,3.1250000000000258,4.687499999999968,34.375000000000014,0.0,1.092896174863388
020107,100.0,11.111111111111109,5.555555555555553,11.111111111111125,100.0,17.157910980798466,17.197592645664763,44.983576199819204,100.0,3.9999999999999996,0.0,43.999999999999986,0.0,1.5037593984962405
020108,100.0,0.0,3.8485926787965368,42.29647367753587,100.0,14.290271712116967,7.1291848636491215,21.45135856058482,97.87234042553192,2.252816020025024,4.505632040050042,39.17396745932413,0.0,1.2903225806451613
020109,90.909091,10.000000000000002,9.999999999999998,20.000000000000004,100.0,8.333333333333336,0.0,0.0,100.0,0.0,0.0,35.71428571428572,1.2048193216323853,2.5974025974025974
020110,100.0,7.625255824482427,3.8102717860822186,41.88471613299649,98.87640449438202,17.91014036581772,13.42509587439397,33.17805382426161,100.0,4.901960784313664,8.823529411764548,41.17647058823555,1.663893461227417,0.8960573476702508
020111,95.588235,1.4700530737538264,1.4700530737538284,58.20493024109857,100.0,3.3547840499540174,3.354784049954006,39.94618678672256,98.11320754716981,6.043956043955981,2.060439560439508,37.2252747252747,0.3003003001213074,5.2264808362369335
020112,100.0,21.422199162934742,13.25927737517549,17.350837708932136,98.80952380952381,16.328336463601527,12.542989170289426,22.277707034641768,100.0,5.882352941176417,1.470588235294098,22.058823529411885,0.6182380318641663,0.6369426751592357
020201,100.0,27.794314529923643,19.456020170946516,30.53253130833707,100.0,15.590118332048917,28.062212997688096,12.583716003082598,100.0,0.0,5.263157894736841,15.789473684210527,0.0,0.0
020202,93.333333,3.3373656870418915,3.337365687041877,46.31295161822465,100.0,4.141953874177549,0.0,29.253161440378562,94.5945945945946,3.003003003003031,3.0030030030030397,42.1806421806422,0.0,3.1446540880503147
020203,100.0,14.285714285714286,14.285714285714283,0.0,100.0,0.0,0.0,0.0,100.0,0.0,8.333333333333332,16.666666666666668,0.0,0.0
020204,100.0,14.223255331535537,6.893021326142126,14.223255331535537,100.0,17.597795667712006,5.848484521552037,35.352617644591994,100.0,6.9767441860465045,11.627906976744198,27.906976744186192,0.0,2.4539877300613497
020205,100.0,12.5,37.49999999999999,12.5,100.0,20.000000000000007,39.99999999999999,0.0,92.85714285714286,0.0,23.07692307692308,15.384615384615389,0.0,0.0
020301,96.825397,3.2380952380952386,9.841269841269847,21.46031746031746,96.29629629629629,8.444823100438553,10.498540643174332,18.33296783839374,98.55072463768117,4.477611940298509,4.477611940298508,36.05051664753158,0.0,0.6060606060606061
020302,100.0,18.186360670385785,3.0277289534480687,12.110915813792232,100.0,29.024537928597844,3.217463097846454,28.994459790316355,97.87234042553192,0.0,4.565217391304299,28.69565217391307,1.4388489723205566,0.4
020303,100.0,4.879813660924353,2.4399068304621743,24.699534152310875,89.65517241379311,23.076923076923066,23.076923076923066,11.538461538461535,100.0,0.0,7.407407407407406,51.851851851851826,0.0,0.0
020304,100.0,43.254800033537265,40.55137503144117,8.096912467510748,96.0,22.493717179497818,12.233713562268392,19.558283543948086,100.0,0.0,6.451612903225805,35.48387096774192,0.0,0.0
020305,100.0,0.0,10.148426449042004,34.77616515324937,100.0,1.694101607317964,0.0,55.93440815576787,99.21259842519686,1.682085786375089,0.0,60.58312307261006,0.31347963213920593,0.5300353356890459
020306,100.0,3.1222626022593407,0.0,65.64995862645894,92.85714285714286,7.125160579922918,0.0,35.425807904703106,100.0,0.0,0.0,68.18181818181816,0.0,0.0
020401,97.169811,22.034474429192855,21.229936885022394,10.179170410439564,98.57142857142858,41.69436587942362,32.359657813588676,9.108765981542275,79.35222672064778,,,,0.42283299565315247,0.4608294930875576
020402,100.0,7.0177977384239805,8.774417836554978,26.308782419498232,100.0,11.787516527490924,31.420962929385983,11.787516527490924,100.0,1.470588235294132,7.3529411764705745,26.470588235294297,0.3322259187698364,0.0
020501,98.75,36.421586267646184,35.17552564396149,2.4983006611972898,98.75,42.73497003726125,34.3777433463659,5.703810389673182,98.71794871794873,14.037698412698424,29.414682539682534,7.1924603174603225,1.0610079765319824,0.5050505050505051
020504,100.0,17.241379310344815,13.793103448275858,6.896551724137926,95.83333333333334,19.00826446280992,4.545454545454544,18.595041322314056,100.0,7.407407407407406,14.814814814814811,22.222222222222214,0.9756097793579102,0.5681818181818182
020505,100.0,19.992084186999488,11.997889116533205,8.007388092133816,100.0,27.19918178169284,45.35893631620079,0.0,100.0,0.0,0.0,21.428571428571498,0.0,0.7633587786259541
020507,93.548387,35.0742985004326,35.7910841799481,7.014859700086519,100.0,66.65763882115459,57.57904042867105,6.052398928322351,100.0,29.999999999999865,33.33333333333314,6.666666666666721,1.492537260055542,1.293103448275862
020508,100.0,20.53981953704861,20.46467151877358,16.720650583461207,95.33333333333334,17.96181546524867,23.492495056134803,13.551240510087375,97.14285714285714,7.76190476190476,13.33333333333334,15.071428571428571,0.5458515286445618,1.0285714285714285
020509,100.0,21.736324912487884,34.783855594449825,4.344397115262976,100.0,35.28794359443672,17.69645124450621,11.7276615666203,100.0,0.0,0.0,31.818181818181422,0.7407407164573669,0.9259259259259258
020511,100.0,0.0,0.0,60.00000000000001,100.0,12.499999999999998,0.0,37.49999999999999,,,,,0.0,0.0
020513,100.0,7.14285714285714,0.0,28.57142857142859,100.0,23.08745640958804,46.24337948149817,0.0,95.0,6.617647058823609,5.882352941176364,19.117647058823607,0.0,3.076923076923077
020514,100.0,40.0,0.0,20.0,100.0,50.0,33.33333333333333,0.0,,,,,0.0,5.555555555555555
020515,100.0,30.769230769230766,23.076923076923066,7.692307692307703,100.0,20.0,0.0,0.0,,,,,0.0,2.5
020601,99.662162,26.354801418498607,21.96575545574471,13.505650314202704,98.9873417721519,24.478918352425243,22.94423222687733,18.95873375705508,98.8732394366197,7.26237058775576,12.776147387299282,23.262105649302946,0.647773265838623,0.7182761372705506
020602,100.0,5.555555555555554,5.555555555555554,13.888888888888884,88.57142857142857,27.586206896551737,27.58620689655173,0.0,96.96969696969697,3.1250000000000027,3.124999999999998,18.750000000000018,0.0,0.91324200913242
020603,93.333333,0.0,0.0,28.33443209948355,100.0,0.0,11.11111111111111,22.222222222222225,100.0,8.333333333333334,8.333333333333332,25.000000000000007,0.0,1.9230769230769231
020604,100.0,6.898511384415824,10.347767076623727,13.785656739219858,96.0,45.83333333333333,33.333333333333314,12.5,96.7741935483871,0.0,3.2258064516128657,30.82437275985683,0.5102040767669678,0.0
020605,89.285714,0.0,3.5714285714285743,75.00000000000001,96.29629629629629,3.6831495316020426,0.0,62.815328669117356,78.57142857142857,,,,0.0,2.1739130434782608
020606,97.409326,7.398678762730632,5.314337946008663,29.33516104546217,97.96954314720814,7.859163810226076,5.185396151495076,32.35288031927354,99.17355371900827,0.8429752066115703,3.355371900826429,35.88429752066136,0.6430867910385132,1.3437849944008957
020607,96.153846,23.99999999999999,11.999999999999996,7.999999999999997,100.0,26.66666666666668,13.333333333333327,6.66666666666667,100.0,11.111111111111112,11.111111111111109,22.222222222222225,0.0,0.0
020608,100.0,8.333333333333332,8.33333333333333,24.999999999999996,100.0,20.52691322255984,25.648587582837006,12.824293791418494,93.61702127659575,8.865248226950271,13.238770685579063,18.67612293144215,0.0,1.0033444816053512
020609,100.0,7.501854015093848,7.501854015093845,42.48990591782232,100.0,13.043478260869568,8.69565217391304,26.086956521739136,96.66666666666667,0.0,3.448275862068967,31.034482758620708,0.0,0.0
020610,100.0,12.903225806451603,6.451612903225804,12.903225806451603,98.0392156862745,0.0,2.3255813953488387,41.05156723963601,100.0,7.407407407407406,11.111111111111109,14.814814814814811,0.0,1.1428571428571428
020611,91.428571,3.0965500110348603,12.38620004413942,15.824149922755984,95.45454545454545,38.67799954672122,21.87472489990095,12.323575168090878,100.0,11.62790697674415,9.302325581395248,23.255813953488474,1.0498688220977783,1.1799410029498525
020701,100.0,17.38259893652453,21.16266652649295,16.53268447669084,100.0,15.287518017738453,17.195827971118902,17.717302581627212,100.0,7.228915662650574,10.50332717732231,33.73493975903632,0.3784295320510864,0.411522633744856
020702,100.0,2.63363435414953,5.258590324112167,28.961299511457913,100.0,11.551418482853558,3.8420927143294725,23.077696625842,100.0,0.0,2.499999999999936,70.00000000000011,0.0,0.0
020703,98.823529,4.710356232673676,7.065534349010491,53.87967442357051,98.76543209876543,10.014378539292295,13.769770491526995,45.97512064211591,100.0,3.4090909090908603,2.272727272727227,56.81818181818195,0.4273504316806793,0.936768149882904
020801,96.695652,25.85580699211487,23.74238242975895,8.069947018228403,97.70580296896085,26.757743787007847,25.988132559884132,9.38350142613934,98.78048780487805,13.595609838917502,17.65030546268688,14.014418760335474,1.5681544542312622,2.199170124481328
020802,95.890411,10.77883192703828,12.929017184958255,27.680192500510326,91.46341463414635,26.143162314342668,17.563571980264406,19.76210483618969,100.0,2.985074626865659,4.477611940298527,29.85074626865685,1.0928962230682373,1.443298969072165
020803,100.0,21.060396449009353,10.52585903241122,5.258590324112152,86.95652173913044,8.655237394057327,8.655237394057368,11.789143724854066,100.0,12.5,24.999999999999996,12.5,0.6666666865348816,0.0
020804,96.341463,15.753630508376148,16.341353255675827,12.665072218263997,96.81528662420382,19.059694331975404,19.69720484808902,20.560673631357776,98.63945578231292,10.403554239170669,4.183635690484964,25.620140688633953,0.44964027404785156,2.528089887640449
020901,100.0,41.66666666666664,41.666666666666664,0.0,100.0,43.333333333333336,26.66666666666665,0.0,100.0,5.88235294117647,11.76470588235294,23.52941176470588,1.875,0.7575757575757576
020902,100.0,0.0,0.0,60.00000000000001,100.0,50.0,50.0,25.0,,,,,0.0,0.0
020904,100.0,11.363636363636365,15.90909090909092,13.63636363636364,100.0,31.62586527097753,33.35359333670999,19.248128763577004,100.0,9.615384615384613,15.384615384615472,15.384615384615364,0.4866180121898651,0.2590673575129534
020905,100.0,4.54783869673875,9.088184346584297,18.16887564627537,100.0,13.33333333333334,13.333333333333327,33.33333333333334,100.0,9.090909090909092,18.18181818181818,13.636363636363635,0.0,0.0
020907,100.0,0.0,0.0,80.0,100.0,37.49999999999999,0.0,12.499999999999998,100.0,22.22222222222222,11.111111111111109,11.11111111111111,0.0,8.88888888888889
021001,99.337748,27.91799701601092,24.606565246992393,11.094118082670382,90.86538461538461,,,,99.59677419354838,8.69077656293799,14.423885618166436,25.62377347911421,0.07147962599992752,0.6891798759476223
021002,100.0,6.825338025560246,6.825338025560222,40.88455534093625,97.2972972972973,0.0,5.750250952392776,38.96737877097757,100.0,3.4482758620689413,3.4482758620689316,31.03448275862056,0.0,0.8403361344537815
021003,93.548387,0.0,0.0,37.62102221457231,100.0,16.644684724388796,4.161171181097214,37.615020824160474,97.5609756097561,4.99999999999994,2.499999999999958,49.444444444444706,0.7017543911933899,1.2295081967213115
021004,100.0,7.090944211560013,4.051968120891427,25.110142511524273,99.01960784313727,42.67006275291978,55.57466109494541,8.876441030896602,98.66071428571429,6.908027430415421,9.66115369100432,40.89350544574447,0.2712477445602417,0.9033423667570009
021005,100.0,4.764521446811248,9.529042893622474,14.277864230994833,96.66666666666667,39.58188025793418,39.58188025793429,13.890826322754378,95.34883720930233,0.0,0.0,68.6046511627906,0.0,2.2598870056497176
021006,96.153846,11.96478243232101,44.457828379826864,7.683041890889074,100.0,5.722297583351514,14.292997803046815,34.28280087878125,97.2972972972973,5.705705705705705,2.702702702702703,24.774774774774773,0.0,1.3605442176870748
021007,100.0,23.873984098876022,25.365492736478995,13.426039212733677,54.285714285714285,,,,94.0,8.648648648648608,0.0,24.97297297297315,0.2652519941329956,0.8620689655172413
021008,100.0,3.33626498700155,6.672529974003077,23.32087380524343,100.0,7.657164501598227,10.232395742758808,15.451387446963357,100.0,3.5714285714285485,3.571428571428539,35.71428571428557,0.0,0.9090909090909091
021009,100.0,27.77777777777777,27.777777777777775,0.0,91.30434782608695,28.141822031974765,4.541298104165403,16.085884680071953,100.0,15.789473684210426,5.263157894736794,21.052631578947494,0.0,7.575757575757576
021010,97.368421,5.592105263157891,5.592105263157894,50.657894736842074,100.0,5.397571906512588,0.0,64.86747603116248,89.13043478260869,2.614379084967322,4.830917874396133,22.53481102585963,1.1428571939468384,4.705882352941177
021011,100.0,0.0,18.181818181818176,18.181818181818183,100.0,8.333333333333336,8.333333333333332,8.333333333333336,100.0,3.389830508474535,5.0847457627118935,23.72881355932207,0.9646302461624146,5.947955390334572
021012,94.117647,31.250000000000007,18.749999999999996,0.0,100.0,40.0,44.99999999999998,0.0,86.95652173913044,10.0,24.99999999999999,10.0,0.0,0.0
021013,100.0,2.633177319661286,15.781710161645208,26.31008100120969,100.0,19.365539245909783,25.78226180108502,12.857478264086113,97.82608695652173,2.334152334152326,0.0,30.282555282555222,0.0,0.0
021014,100.0,16.742282670359614,9.423551290664403,18.142162776826755,97.94871794871794,14.55036438679256,11.366963312264666,17.654052270842133,99.06976744186046,2.3835319609967223,3.2863849765258037,39.25319800041821,0.1576458215713501,0.6852925672113864
021015,93.181818,2.274260171131565,18.19408136905248,35.219182430138915,96.82539682539682,9.953325314172545,7.968890316437862,32.36790831509111,96.7741935483871,3.2258064516128977,0.0,50.05376344086023,0.0,1.2135922330097086
021016,100.0,0.0,20.0,20.0,100.0,15.744974971521353,42.12751251423928,5.248324990507118,100.0,5.555555555555556,22.222222222222218,16.666666666666668,1.4184397459030151,2.34375
021101,97.380952,34.645708586470654,24.54880276879375,4.415611915486547,98.70370370370371,31.37459562300703,27.466232605067404,9.204348695019764,98.00796812749006,14.345251515562097,15.597043531431302,12.692376325653107,1.335149884223938,1.3139502376292984
021102,100.0,0.0,0.0,37.50000000000001,,,,,100.0,0.0,0.0,80.0,1.0309277772903442,5.813953488372093
021103,96.551724,3.6808795511274637,7.12601853059578,3.6808795511274637,100.0,24.974001453144318,14.984400871886603,15.058682434331342,100.0,4.166666666666668,4.166666666666668,25.000000000000007,1.5723270177841187,2.0066889632107023
021104,100.0,23.809523809523828,14.285714285714297,14.285714285714272,100.0,6.250000000000005,18.749999999999996,12.499999999999991,100.0,0.0,3.333333333333354,23.333333333333275,2.7272727489471436,1.1494252873563218
021201,96.810507,19.730955406553914,13.760029846877178,17.79631376905919,98.45261121856866,19.664083763471215,11.125814016010347,23.383604971676153,98.47161572052401,8.778322100310275,15.799472878305332,26.772634420977752,0.8517887592315674,1.3306908267270667
021202,100.0,22.222222222222225,11.111111111111109,11.111111111111112,100.0,0.0,0.0,40.000000000000014,100.0,0.0,0.0,25.0,1.3157894611358643,1.5384615384615385
021203,100.0,0.0,0.0,86.6666666666667,93.75,3.121935789973096,0.0,22.536770520322865,94.73684210526315,5.614035087719217,2.807017543859592,27.71929824561412,0.0,0.0
021204,100.0,4.999999999999999,10.0,24.999999999999996,100.0,33.33333333333334,33.33333333333333,16.66666666666667,95.45454545454545,19.047619047619055,9.523809523809527,33.33333333333335,0.0,0.0
021205,100.0,12.499999999999996,4.166666666666665,20.833333333333332,100.0,3.703703703703705,0.0,33.333333333333336,100.0,6.451612903225748,3.225806451612862,35.48387096774193,0.4739336371421814,1.5873015873015872
021206,97.402597,5.633853692178874,12.676170807402416,34.34649468980815,98.71794871794873,7.89639571105859,5.264263807372403,49.38535869882401,99.07407407407409,1.8518518518518143,1.8518518518518152,58.080808080808225,0.2770083248615265,2.004008016032064
021207,98.734177,3.851333153784005,10.23431187718827,16.509561001885288,100.0,11.482210089667921,9.180463149208308,44.890696492119986,100.0,0.7407407407407401,3.703703703703698,46.666666666666664,0.4587155878543854,0.3246753246753247
021208,93.684211,2.104897498378061,2.104897498378062,51.682048457730104,96.5909090909091,3.9540686424279428,2.372441185456768,43.96691272751081,95.65217391304348,2.4456521739130523,3.532608695652193,38.4239130434783,0.19379845261573792,2.4489795918367347
021209,100.0,13.837732523078333,14.240470296507674,31.214075158037748,100.0,20.000000000000007,19.999999999999996,20.000000000000007,100.0,5.263157894736774,5.263157894736747,42.10526315789498,0.0,0.7874015748031495
021210,94.871795,0.0,0.0,33.83405109679739,98.36065573770492,13.260433985590645,9.930937460033242,40.14579869548534,94.73684210526315,0.0,3.7593984962406966,28.57142857142855,0.6644518375396729,0.8
021302,100.0,0.0,0.0,51.61290322580646,100.0,0.0,0.0,79.52967888518798,100.0,0.0,2.061855670103051,50.06115673597778,0.2493765652179718,0.8875739644970414
021303,97.435897,0.0,0.0,86.84210526315789,100.0,0.0,3.030303030303031,60.60606060606061,97.14285714285714,0.0,0.0,97.14285714285712,0.0,0.0
021304,96.551724,0.0,0.0,75.86206896551728,100.0,4.310895211658567,17.393476752255374,47.96946564885495,95.71428571428572,0.0,0.0,61.82795698924737,0.0,0.0
021305,100.0,0.0,0.0,20.0,100.0,0.0,0.0,38.97150987929956,100.0,3.124999999999999,0.0,56.249999999999964,1.0752688646316528,3.0303030303030303
021307,100.0,0.0,3.2258064516129052,32.258064516129046,98.59154929577466,9.968968681152477,8.814654760378733,20.234908054534323,100.0,0.0,3.8461538461538414,32.692307692307665,0.35211268067359924,0.0
021401,100.0,30.769230769230774,7.69230769230769,7.692307692307693,100.0,7.692307692307694,23.07692307692307,0.0,100.0,5.2631578947368425,0.0,21.05263157894737,0.0,2.0408163265306123
021403,87.5,0.0,0.0,42.857142857142854,,,,,,,,,0.0,0.0
021405,94.444444,5.55555555555555,11.111111111111098,25.555555555555557,100.0,50.0,25.0,25.0,100.0,14.999999999999918,15.000000000000057,30.00000000000021,0.8547008633613586,0.8333333333333334
021406,100.0,33.33333333333333,24.999999999999993,0.0,100.0,13.353162371031898,6.706324742063749,33.293675257936215,100.0,0.0,0.0,26.66666666666668,0.0,0.0
021409,100.0,0.0,0.0,0.0,100.0,22.222222222222225,11.111111111111112,11.111111111111112,100.0,19.999999999999908,19.999999999999634,13.333333333333492,0.0,1.2048192771084338
021410,100.0,13.33333333333333,6.666666666666664,26.66666666666666,,,,,,,,,0.0,0.0
021501,95.833333,61.18936345216185,76.48670431520212,4.1605156923052435,98.0392156862745,40.00000000000002,17.99999999999999,10.000000000000005,97.36842105263158,13.513513513513514,8.108108108108112,29.729729729729726,0.911854088306427,1.607717041800643
021502,100.0,5.00329738536735,0.0,30.003297385367357,100.0,14.28571428571429,7.174677916010087,28.635070117734536,100.0,8.695652173913086,13.04347826086957,21.739130434782766,0.6369426846504211,1.89873417721519
021503,98.611111,16.607548558122854,15.878254339805688,19.704432656994435,99.01477832512316,15.284194730885941,12.143883409459338,18.147832054842006,98.93048128342245,3.326403326403312,8.872883872883849,29.926492426492523,0.49751242995262146,2.3580786026200875
021504,94.444444,6.060606060606059,12.12121212121212,17.171717171717184,100.0,16.778810210402657,8.293282067713337,41.56253337605468,100.0,5.555555555555556,11.111111111111109,11.111111111111112,0.0,6.25
021505,100.0,68.75,68.75,0.0,92.3076923076923,41.66666666666666,36.36363636363637,0.0,100.0,5.555555555555556,22.222222222222218,0.0,2.857142925262451,2.4390243902439024
021506,100.0,19.999999999999986,50.0,0.0,100.0,0.0,0.0,40.0,100.0,0.0,0.0,40.0,1.4492753744125366,1.8518518518518516
021507,100.0,38.46153846153846,23.07692307692307,0.0,100.0,22.222222222222225,55.55555555555555,0.0,100.0,13.33333333333334,13.33333333333333,26.66666666666668,0.0,0.0
021508,96.491228,19.594399484879663,5.265289797724487,13.148758009752163,100.00000000000003,18.00747625240114,16.33517272876535,28.094699197081276,100.0,7.017543859649011,7.017543859649028,17.543859649122876,0.0,3.614457831325301
021509,98.913043,22.838202214028314,22.838202214028257,13.757390108480848,98.0392156862745,14.55301270394102,14.647578175671569,13.472413736326255,98.9010989010989,5.494505494505498,4.480135249365962,20.963651732882628,0.9487665891647339,2.1825396825396823
021510,83.333333,30.555555555555557,38.88888888888889,0.0,90.9090909090909,20.0,42.50000000000001,12.5,100.0,14.28571428571429,28.571428571428566,21.428571428571434,1.8018018007278442,1.0204081632653061
021511,100.0,17.78282581193003,4.440210609349008,6.663979809779163,100.0,25.448327147273453,31.323377561831116,9.856744845651805,95.74468085106383,0.0,13.33333333333333,31.34751773049636,1.8691588640213013,0.7117437722419928
021601,53.846154,,,,98.22222222222223,23.00094433633959,14.86563599723375,15.334811186710917,98.91304347826086,5.808404143871434,4.42711364606366,43.409923883675575,0.16163793206214905,0.8903728436282694
021604,100.0,0.0,0.0,83.33333333333333,100.0,0.0,0.0,100.0,100.0,0.0,0.0,70.6896551724139,0.7662835121154785,2.3696682464454977
021701,100.0,27.952012684072983,17.65390274783555,8.325253700471894,100.0,33.80246209391472,23.92556678965111,12.66647653569763,98.50746268656717,12.436868686868626,23.169191919191853,13.76262626262631,0.21367521584033966,0.48426150121065376
021702,96.721311,16.848451715945323,15.143119134836251,13.642660648872827,100.0,35.06158653030624,32.47599192343695,1.2961898977296806,100.0,14.285714285714294,12.857142857142897,11.428571428571441,0.0,0.8658008658008658
021703,100.0,60.00000000000001,40.0,0.0,92.3076923076923,33.33333333333333,8.333333333333336,16.666666666666664,100.0,14.285714285714285,0.0,14.285714285714285,0.0,2.4390243902439024
021704,100.0,0.0,0.0,16.666666666666668,,,,,100.0,0.0,0.0,44.44444444444444,0.0,2.380952380952381
021705,100.0,6.6681315272464,6.668131527246391,6.657145072898411,100.0,0.0,0.0,8.333333333333336,100.0,9.523809523809495,19.047619047618806,42.857142857143266,0.0,0.0
021706,100.0,12.5,12.499999999999996,12.5,91.66666666666666,20.000000000000004,20.000000000000004,30.000000000000004,100.0,12.5,0.0,12.5,0.0,0.0
021708,100.0,7.1428571428571495,14.28571428571428,35.714285714285744,100.0,16.666666666666668,16.666666666666668,0.0,72.0,,,,0.6578947305679321,0.8064516129032258
021709,100.0,0.0,0.0,42.85714285714286,100.0,0.0,0.0,75.0,83.33333333333334,0.0,0.0,80.0,0.0,0.0
021710,100.0,47.05882352941173,58.82352941176471,5.882352941176467,100.0,42.85714285714286,47.61904761904765,7.142857142857145,100.0,11.76470588235294,20.588235294117645,8.823529411764703,0.390625,0.0
021801,95.448677,33.142683679427996,24.021443611522923,4.5133008117525675,95.68162574089757,33.754430117625816,28.66134927163576,6.824436298178366,97.46670997076971,14.8623216498507,17.618224067042167,11.909164211812097,1.9910534620285034,1.3605753813734023
021802,94.736842,6.872785270240633,7.164967212142915,32.88782749210551,100.0,24.98721438294483,12.50677918791602,20.927542794079066,97.46835443037975,4.051282051282015,4.051282051282,25.846153846153978,1.5280135869979858,1.3937282229965158
021803,96.774194,25.710339925093056,23.253666845818838,5.246106321156423,97.12230215827337,20.402885168850492,21.930266164021823,11.88308443333245,95.67567567567568,3.5092076938496266,6.962419710478448,18.851369606330806,2.240896463394165,1.834862385321101
021804,100.0,0.0,4.34782608695652,47.826086956521756,100.0,14.810087688198722,0.0,33.29078919378853,94.11764705882352,0.0,4.248366013071936,31.045751633986825,1.2787723541259766,2.083333333333333
021805,94.871795,17.116812249598826,3.6006164982687014,11.11723604526651,99.02912621359224,14.982815075955811,9.965154600039035,10.012456539058242,96.40287769784173,5.294226157535484,6.253458771444382,25.05072864785089,1.1403508186340332,1.1514614703277237
021806,97.307692,27.06783527844327,26.53719886710406,8.264975797521195,98.55595667870037,26.445005839797243,31.56347635446089,10.279232684119991,99.06976744186046,10.493817638856319,14.808050643533207,16.309988030159044,1.7415729761123657,1.0777084515031197
021807,98.333333,36.1971316779455,18.803829610407096,3.4622039688594737,100.0,31.85355460338354,29.01401483807533,7.237849683220066,100.0,4.109589041095895,5.479452054794524,9.589041095890423,2.601625919342041,0.7246376811594203
021808,96.974522,26.671543773233715,22.315896098588507,7.611960357585347,98.7228607918263,22.495274937154562,21.76473363210497,8.820534380550658,97.07495429616088,10.739149107613969,12.898121983872398,14.722826699457528,1.8668831586837769,2.224099099099099
021809,96.809816,39.928718946048456,28.292403423461625,2.779810593868759,97.57347915242656,38.562361237119546,32.07200973102837,5.299102774005373,97.72816294555417,15.161268065101124,19.393769987035743,10.251758190143857,1.9636399745941162,1.2669962917181705
021901,98.076923,20.63061618505406,15.586973200793091,9.720270984570462,99.15254237288137,32.751067272500336,30.165101396672917,4.589771854836958,98.7878787878788,6.826993865030665,9.933742331288332,19.86748466257666,0.0,0.13175230566534915
021902,100.0,2.2705981673863627,4.548690785572712,40.904492041554526,98.0392156862745,10.394242378185357,6.237631939189215,33.91719415339218,89.47368421052632,2.941176470588235,2.9411764705882355,41.17647058823529,0.8264462947845459,0.0
021903,100.0,0.0,0.0,0.0,100.0,50.0,16.666666666666664,16.666666666666664,100.0,0.0,0.0,57.14285714285714,0.0,0.0
021904,97.5,0.0,0.0,43.89802727747689,100.0,3.7314396791541333,11.151565431972358,18.472394215403867,100.0,0.0,1.8518518518518514,42.59259259259263,0.0,0.0
021905,93.75,12.499999999999993,6.249999999999996,7.500000000000007,100.0,0.0,0.0,40.01537082105802,92.3076923076923,0.0,0.0,24.999999999999996,1.6393442153930664,1.0
021906,100.0,3.2258064516129066,3.225806451612906,45.16129032258066,100.0,16.596459875755237,16.63475448897965,36.76495617394262,98.9247311827957,1.0869565217391217,0.0,45.10869565217405,0.0,0.8108108108108109
021907,100.0,0.0,0.0,30.220073936903308,98.21428571428571,15.59529572440052,9.607173561846235,37.11625140944861,96.05263157894737,2.63157894736839,3.947368421052567,49.78070175438614,0.0,0.36496350364963503
021908,95.744681,0.0,2.6583609982492766,36.40942768033127,100.0,3.2110129345638874,0.0,25.74916885269321,100.0,0.0,0.0,41.86046511627895,0.38461539149284363,0.0
021909,100.0,1.351351351351352,1.351351351351352,52.70270270270271,96.07843137254902,7.985693451517865,0.0,38.46982133625853,95.81151832460732,1.1154108809469623,0.0,54.636774378602645,0.22650057077407837,0.5882352941176471
022001,95.628415,16.74147144952965,20.42505909172439,15.311441550168617,97.9746835443038,25.64820895071399,22.62215690922815,14.135088827946282,98.70466321243525,6.855729473776076,10.353100917609765,23.135575279665215,0.8636875748634338,1.527614571092832
022002,97.619048,0.0,0.0,61.55495033075627,100.0,0.0,3.3311390812646917,76.69072245738055,98.24561403508771,1.7543859649122535,0.0,60.818713450292435,0.0,2.941176470588235
022003,97.959184,4.170158540693742,3.1042174204048516,24.18049923112117,94.94949494949495,15.40805158510405,23.435270045683676,28.235440270228594,98.18181818181819,3.848998459167971,8.456086286594774,26.684129429892216,0.3401360511779785,0.9950248756218906
022004,100.0,14.285714285714281,14.285714285714281,0.0,100.0,31.578947368421055,26.315789473684198,5.263157894736843,93.93939393939394,0.0,6.611570247933822,61.15702479338847,0.0,0.0
022005,97.04142,5.6816351471430355,16.452831587704353,40.631711670606634,98.77300613496932,5.623270588348316,2.4990500365901736,51.569670764815356,94.55782312925169,0.34364261168384547,1.745342738288994,59.268929659597205,1.0290557146072388,1.8120805369127517
022006,96.666667,13.944754880890404,6.972377440445196,13.473552215266638,100.0,9.090909090909092,15.151515151515143,24.242424242424242,100.0,7.500000000000037,10.294117647058778,19.999999999999996,0.0,1.0380622837370241
022007,100.0,0.0,0.0,71.42857142857147,100.0,0.0,0.0,81.82770054098074,88.88888888888889,0.0,0.0,50.08818342151674,2.0725388526916504,2.840909090909091
022008,98.639456,10.405511815108076,12.395039824142374,37.42460097655132,95.91836734693877,14.49211372616146,13.116535875403917,32.27039121942866,98.56115107913666,7.194244604316482,5.755395683453184,26.40774598366426,0.16260161995887756,0.18281535648994515
030101,98.608964,41.864284704902445,36.70696830929802,5.419572425005119,99.03314917127071,50.085665858490934,48.59993105065888,4.910154040579898,98.60139860139857,16.739466318677977,23.60521585137235,16.087583890030835,0.5085625052452087,0.09125012673628713
030102,100.0,11.538461538461542,11.538461538461544,19.23076923076924,100.0,15.384615384615389,15.384615384615389,19.230769230769234,100.0,0.0,6.249999999999998,18.750000000000007,0.0,0.4761904761904762
030103,100.0,0.0,0.0,9.09090909090909,100.0,13.636363636363633,18.18181818181818,9.090909090909088,90.0,0.0,12.345679012345673,39.50617283950626,0.0,1.36986301369863
030104,97.272727,12.655608280608305,8.169885669885684,35.76874514374521,98.87005649717513,17.002881844380383,12.968299711815522,26.352865834133798,95.54317548746518,5.817157543246965,6.975573255243026,39.162313679052914,0.2104155719280243,0.6393180607352157
030105,100.0,9.999999999999998,6.6666666666666385,3.333333333333339,100.0,46.666666666666856,60.0000000000003,3.333333333333292,100.0,5.555555555555544,5.555555555555547,47.22222222222231,0.36496350169181824,0.851063829787234
030106,100.0,0.0,0.0,53.33333333333335,100.0,5.882352941176474,5.882352941176474,35.29411764705884,100.0,0.0,6.666666666666668,29.999999999999993,1.2903225421905518,0.0
030108,100.0,7.486631016042789,7.352941176470568,28.342245989304843,96.42857142857143,13.194933145672014,13.19493314567202,29.820548909218925,100.0,1.562500000000001,0.0,40.625000000000014,0.460829496383667,0.5952380952380952
030109,98.461538,26.650124069478895,36.02977667493796,16.35235732009927,100.0,31.999999999999986,28.999999999999986,5.000000000000003,94.64285714285714,9.09090909090913,9.17355371900829,44.203069657615075,0.7225433588027954,1.455604075691412
030201,98.407281,28.28394375102411,28.677075847218823,12.599314435103992,99.13700107874863,38.614607277347496,36.665050476006975,9.335628907675215,98.78504672897198,14.07534714503603,17.552242770017024,18.410478746964763,0.20073603093624115,0.25944543538187126
030202,97.959184,4.489795918367358,2.244897959183678,43.586413586413656,100.0,8.333333333333378,19.444444444444624,27.77777777777761,100.0,1.9417475728155362,7.766990291262137,39.80582524271849,0.0,0.7905138339920948
030203,100.0,0.0,0.0,36.36363636363636,100.0,0.0,0.0,71.42857142857142,91.30434782608695,0.0,0.0,56.7632850241547,0.9174311757087708,0.0
030204,100.0,15.000000000000025,25.000000000000053,24.999999999999996,98.18181818181819,22.450592885375553,28.063241106719428,22.292490118577,100.0,4.651162790697661,4.651162790697663,37.20930232558144,0.1834862381219864,0.9029345372460496
030205,96.969697,9.31818181818181,7.765151515151506,44.455868205868214,100.0,14.864864864864868,13.513513513513518,27.027027027027028,97.46835443037975,1.2987012987013091,2.6446280991735565,41.29870129870135,0.2358490526676178,1.3123359580052494
030206,100.0,0.0,9.999999999999998,50.0,100.0,0.0,12.5,87.5,100.0,0.0,0.0,91.66666666666667,0.0,0.0
030207,93.589744,6.643356643356641,3.8461538461538463,41.71522921522928,100.0,7.352941176470597,4.411764705882349,39.70588235294111,98.0,1.128936423054067,2.257872846108134,45.81105169340469,0.0,0.3062787136294028
030208,100.0,0.0,0.0,59.99999999999999,100.0,0.0,0.0,0.0,100.0,0.0,3.921568627450994,29.411764705882327,0.911854088306427,0.6872852233676976
030209,100.0,14.117647058823529,14.117647058823541,17.647058823529385,98.83720930232558,21.47058823529414,29.55882352941182,5.882352941176399,97.16981132075472,7.974134049030028,9.935695372588556,32.90523623394641,0.3454231321811676,0.199203187250996
030210,100.0,2.439024390243907,2.4390243902439077,31.707317073170763,100.0,0.0,0.0,43.333333333333194,98.07692307692307,0.0,10.05530417295122,47.76269482151842,0.9803921580314636,0.34965034965034963
030211,96.153846,4.166666666666665,0.0,45.83333333333331,100.0,7.142857142857145,0.0,28.57142857142858,100.0,0.0,0.0,39.99999999999999,1.25,0.0
030213,99.058824,16.44913613169474,13.609451111928717,23.278122572221605,97.82608695652175,34.9414210471171,38.831740533875056,13.446562132275917,98.67256637168141,3.6036036036036085,8.363201476408996,34.91197396857778,0.29950082302093506,0.4976775049767751
030214,100.0,0.0,0.0,19.047619047619065,100.0,9.523809523809495,4.761904761904791,28.571428571428402,97.67441860465115,0.0,0.0,69.0517241379311,0.0,0.0
030215,98.611111,3.5879629629629695,6.307870370370388,28.174603174603185,98.08917197452229,8.57142857142859,11.198156682027664,27.49454280863453,98.28571428571429,2.07373271889401,4.796816087138652,49.83242563887739,0.2985074520111084,0.33975084937712347
030216,98.866856,19.980149389240864,14.574206686153538,13.441216850716055,98.75930521091811,32.5480769230771,33.91452991453013,13.53418803418805,97.0074812967581,7.145758263700321,6.879883164457355,29.132096086323518,0.4575853645801544,0.49295774647887325
030218,100.0,8.000000000000014,0.0,31.99999999999998,96.66666666666667,17.333333333333332,18.222222222222218,40.333333333333314,100.0,0.0,0.0,57.14285714285718,0.0,0.0
030219,90.909091,0.0,0.0,50.0,100.0,8.333333333333336,24.999999999999996,25.000000000000007,100.0,19.999999999999993,3.333333333333334,26.66666666666666,0.0,0.0
030220,100.0,0.0,5.1246214768227425,37.689261588632604,100.0,4.854368932038841,22.33009708737872,21.359223300970815,100.0,1.5873015873015834,1.5873015873015854,47.61904761904763,0.18975332379341125,0.437636761487965
030301,98.214286,32.32142857142856,25.000000000000007,7.321428571428574,97.36842105263158,27.619047619047628,23.428571428571427,8.063492063492065,96.34146341463415,1.2639623750734843,2.527924750146971,38.50676072898288,0.6024096608161926,1.6835016835016834
030302,100.0,40.0,29.999999999999996,0.0,100.0,0.0,44.44444444444445,0.0,83.33333333333334,20.0,10.000000000000002,30.0,0.0,0.0
030303,100.0,8.108108108108105,2.7027027027027035,27.44282744282744,86.11111111111111,7.5,7.499999999999998,11.428571428571429,100.0,2.564102564102563,2.564102564102565,56.41025641025639,2.6143791675567627,0.0
030304,100.0,48.69791666666673,35.41666666666672,4.42708333333334,100.0,32.35294117647054,26.470588235294105,2.94117647058827,97.22222222222221,8.333333333333306,8.333333333333313,35.042735042735146,0.0,0.0
030305,100.0,6.1224489795918355,2.040816326530613,26.530612244897934,100.0,7.500000000000016,10.000000000000025,44.999999999999865,96.92307692307692,3.1290743155149903,6.9752281616688645,26.59713168187741,0.3731343150138855,0.0
030306,100.0,15.217391304347831,0.0,18.115942028985508,100.0,11.764705882352944,23.52941176470588,5.882352941176472,100.0,7.692307692307694,7.69230769230769,30.769230769230777,2.542372941970825,3.0303030303030303
030307,100.0,19.99999999999999,3.999999999999998,3.9999999999999973,100.0,26.315789473684152,21.05263157894727,0.0,100.0,4.545454545454546,9.090909090909092,18.181818181818183,0.9345794320106506,0.0
030401,100.0,42.04081632653063,46.93877551020414,12.857142857142842,100.0,56.73076923076934,50.96153846153856,2.884615384615387,100.0,19.166666666666714,26.666666666666593,18.33333333333338,0.0,0.16366612111292964
030402,100.0,12.5,0.0,37.5,,,,,100.0,0.0,0.0,54.54545454545453,0.0,0.0
030403,100.0,7.738095238095242,3.5714285714285734,30.35714285714287,100.0,33.33333333333334,33.33333333333332,26.66666666666668,100.0,5.2631578947368425,5.263157894736841,21.05263157894737,0.0,0.0
030404,96.666667,3.3333333333333317,0.0,31.111111111111118,100.0,3.225806451612881,3.2258064516128795,35.48387096774194,100.0,0.0,0.0,46.153846153846075,1.0204081535339355,1.4018691588785046
030405,100.0,0.0,0.0,36.36363636363637,100.0,6.66666666666667,6.66666666666667,20.00000000000001,100.0,0.0,6.666666666666665,20.000000000000007,0.0,1.8181818181818181
030406,100.0,9.523809523809526,9.523809523809526,21.428571428571445,100.0,23.529411764705912,20.58823529411763,11.764705882352903,95.45454545454545,6.8181818181818,11.363636363636333,24.878246753246838,0.0,0.25252525252525254
030407,100.0,60.00000000000001,20.0,0.0,,,,,,,,,0.0,0.0
030408,100.0,33.333333333333336,16.666666666666664,33.333333333333336,100.0,7.1428571428571495,14.285714285714299,35.71428571428572,100.0,0.0,0.0,8.333333333333334,1.3333333730697632,0.0
030409,100.0,15.384615384615396,11.538461538461556,11.53846153846153,100.0,0.0,0.0,57.14285714285712,100.0,0.0,0.0,33.333333333333385,0.49504950642585754,1.0416666666666665
030411,100.0,47.058823529411775,64.70588235294119,5.882352941176472,100.0,25.000000000000007,62.5,0.0,100.0,7.142857142857145,7.1428571428571415,14.28571428571429,0.0,0.0
030412,100.0,18.750000000000018,0.0,31.249999999999975,100.0,0.0,0.0,16.666666666666668,100.0,7.142857142857145,7.1428571428571415,42.85714285714287,0.0,0.0
030413,85.714286,33.33333333333333,16.666666666666668,0.0,100.0,31.57894736842107,10.526315789473689,10.526315789473676,100.0,0.0,16.666666666666664,25.000000000000007,0.0,0.0
030414,92.857143,15.476190476190473,8.33333333333333,8.33333333333333,100.0,26.666666666666668,19.999999999999996,13.333333333333334,100.0,0.0,8.000000000000018,44.00000000000006,0.5347593426704407,0.0
030415,98.181818,0.0,3.636363636363647,22.545454545454493,100.0,18.918918918919104,18.918918918919108,24.324324324324223,100.0,4.255319148936154,6.38297872340427,44.68085106382983,0.0,1.3888888888888888
030416,93.75,27.500000000000007,7.500000000000017,24.999999999999968,100.0,26.666666666666615,6.6666666666666226,13.333333333333247,100.0,8.333333333333332,4.166666666666667,24.999999999999996,0.0,0.0
030417,100.0,12.5,12.5,0.0,100.0,33.33333333333334,0.0,0.0,100.0,0.0,0.0,28.57142857142858,0.0,0.0
030501,99.441341,6.145251396648059,6.721931879617973,30.185619030455936,97.79411764705883,20.89345172031084,15.667374414901369,32.453674661004605,96.89922480620156,4.280155642023333,5.836575875486369,50.570687418936544,0.18315018713474274,0.1326259946949602
030502,100.0,0.0,0.0,31.57894736842105,94.54545454545455,34.56277056277051,34.74458874458882,15.424242424242381,95.04950495049505,5.311740890688248,5.234817813765172,33.78137651821865,0.0,0.7159904534606205
030503,99.082569,9.76408912188729,8.693752730449981,16.360856269113174,100.0,12.087912087912164,15.38461538461546,23.076923076923066,98.74213836477988,1.3214855320118415,3.2809295967190675,52.499145591250866,0.2083333283662796,0.45662100456621
030504,99.2,11.369230769230787,21.876923076923095,21.615384615384592,98.85714285714286,17.324675324675358,13.86147186147189,18.398268398268307,96.47577092511013,5.4537840960892074,10.91127860997146,37.30195255279868,0.0946073830127716,0.0
030505,100.0,0.0,0.0,9.090909090909092,96.07843137254902,10.303030303030356,10.303030303030363,44.06060606060594,95.71428571428572,0.7591442374051025,4.520358868184939,44.55228981544778,0.1432664692401886,0.30120481927710846
030506,97.887324,12.983220371637742,13.688865532928073,9.378396758665497,99.42857142857143,26.31292517006798,20.625850340136083,16.27210884353741,98.81889763779527,3.585657370517908,3.585657370517925,37.015574067366884,0.08714596927165985,0.23687327279905251
030601,98.780488,20.731707317073166,18.29268292682931,18.69918699186987,98.91304347826086,32.13315217391309,30.706521739130533,15.285326086956537,100.0,9.090909090909083,5.78512396694214,33.884297520661185,0.25673940777778625,0.13458950201884254
030602,99.047619,25.533769063180873,31.72122182206222,8.506958338891119,97.46835443037975,18.39055793991415,18.83507050889023,13.272021254853808,99.27007299270073,4.050978607191623,10.34072436439298,31.071745949176176,0.1887979805469513,0.9785932721712538
030603,100.0,0.0,0.0,49.999999999999986,100.0,31.250000000000156,18.75000000000007,6.249999999999929,100.0,0.0,0.0,21.05263157894742,0.0,0.0
030604,98.901099,16.483516483516492,26.579670329670385,19.780219780219756,100.00000000000003,19.191919191919226,29.292929292929397,17.171717171717088,95.18072289156626,2.611976600985227,4.501785714285706,35.30888238916274,0.5305039882659912,0.15267175572519084
030605,99.038462,13.836684149184174,8.96889568764571,28.798805361305394,98.31932773109243,21.37476459510364,15.40893193435568,20.460048426150024,95.9731543624161,0.0,3.565166569257741,41.07673766022562,0.12135922163724899,1.2165450121654502
030606,100.0,7.692307692307686,7.692307692307697,23.076923076923073,100.0,23.52941176470588,23.529411764705873,17.64705882352938,100.0,0.0,5.263157894736856,49.99999999999997,0.7490636706352234,1.2244897959183674
030607,100.0,7.777777777777783,6.666666666666656,41.11111111111113,100.0,12.280701754386039,12.820512820512903,22.807017543859583,95.08196721311475,3.666666666666643,0.0,36.88888888888891,0.0,0.8
030608,96.969697,9.375000000000005,9.374999999999991,43.750000000000014,100.0,9.756097560975604,2.439024390243902,36.58536585365851,97.02970297029702,0.0,2.03731911652704,45.925361766945926,0.0,0.0
030701,99.065421,32.96516567544613,20.617388841687934,9.430756159728128,100.0,56.97674418604674,48.83720930232579,10.46511627906963,94.39999999999999,7.140921409214074,9.94346322773572,29.477103745396448,0.18796992301940918,0.20533880903490762
030702,100.0,0.0,0.0,46.153846153846146,100.0,6.666666666666752,10.000000000000004,20.000000000000075,96.66666666666667,0.0,0.0,52.29885057471275,0.0,2.7210884353741496
030703,97.222222,5.555555555555561,6.018518518518517,47.685185185185226,96.96969696969697,6.060606060606059,0.0,57.57575757575757,98.61111111111111,1.3888888888888802,1.4705882352941209,38.0718954248366,0.0,0.0
030705,100.0,40.00000000000006,26.6666666666667,6.666666666666655,100.0,14.285714285714288,42.85714285714287,14.285714285714288,100.0,0.0,30.0,10.0,0.0,2.3255813953488373
030706,100.0,0.0,0.0,0.0,100.0,15.384615384615493,7.6923076923077485,7.692307692307604,100.0,0.0,0.0,23.07692307692308,1.8181818723678589,0.0
030707,100.0,9.090909090909097,9.090909090909097,9.090909090909097,95.23809523809523,4.761904761904759,29.36507936507935,20.634920634920633,100.0,0.0,0.0,52.941176470588246,0.0,0.0
030708,97.674419,16.27906976744187,16.279069767441893,29.900332225913562,100.0,19.607843137254914,25.49019607843142,23.52941176470587,97.67441860465115,2.401415571284129,3.5894843276036417,54.65116279069772,0.0,0.0
030709,100.0,0.0,0.0,36.36363636363636,100.0,0.0,0.0,60.0,100.0,14.285714285714285,28.57142857142857,0.0,0.0,0.0
030710,100.0,20.0,0.0,0.0,100.0,0.0,0.0,60.0,100.0,0.0,0.0,12.5,0.0,0.0
030711,100.0,0.0,0.0,8.333333333333336,100.0,11.111111111111112,0.0,0.0,91.66666666666666,0.0,0.0,18.181818181818176,0.0,0.0
030712,100.0,32.000000000000014,24.000000000000014,12.000000000000004,100.0,33.333333333333336,51.85185185185188,3.703703703703705,100.0,20.0,15.0,15.0,0.0,0.0
030713,100.0,6.666666666666669,19.999999999999996,0.0,100.0,10.000000000000004,10.0,20.000000000000007,100.0,7.142857142857145,7.1428571428571415,57.14285714285716,0.0,0.0
040101,98.474447,58.19251021547174,43.055883883894936,1.804752736940452,98.40232389251995,60.04566490394778,51.73547125663206,2.3316974255615026,99.0522610343894,37.80973883105451,44.34357001018592,2.5241233049987897,0.6864848136901855,0.22583559168925021
040102,98.606272,43.08945350420091,33.62490014872404,1.6665786787738006,98.53862212943638,48.00557213757515,42.16188919119223,3.5716279763349714,99.44367176634218,22.12531036623223,27.535381750465664,7.617318435754219,0.8866370916366577,0.45980926430517716
040103,99.272433,50.399522083298955,38.08832159011859,2.133609362620878,98.24929971988794,50.180295447410074,45.795663479256994,2.832667647245145,99.478390461997,26.350596114984114,35.34108374763476,5.013940243135241,0.8079690337181091,0.17653289396257502
040104,97.798861,45.18590087526126,34.05056433621923,2.9884633380614627,98.33641404805915,48.16850292342015,42.18923708572767,3.0520430519705726,99.0305741983595,22.186520856444943,28.771463780960893,6.867397733018675,0.645775556564331,0.26895276517061695
040105,100.0,52.45901639344249,40.983606557377094,4.918032786885215,97.5,34.726522187822454,38.49200206398346,7.622549019607853,100.0,27.450980392156904,29.41176470588236,9.803921568627477,0.12269938737154007,0.0
040106,95.833333,24.99999999999986,16.66666666666658,13.257575757575792,93.10344827586206,26.120689655172423,29.48275862068963,7.586206896551705,94.44444444444444,11.805555555555562,5.555555555555528,18.055555555555618,0.8438818454742432,2.1929824561403506
040107,98.211624,44.845248026194554,33.156021350886896,3.01283882972715,97.91154791154793,45.52923035397262,38.055881511831586,5.339904726371397,96.77871148459391,17.901228397886438,28.413517297150015,4.6937400219748255,0.49125564098358154,0.47412904555761703
040108,97.811448,30.8039382013111,27.06885691696875,7.07247626787861,97.76847977684795,35.66116237422302,33.11301914913011,5.5621005659435925,97.63033175355449,11.751547984358098,15.032776718427506,13.568035543657217,0.2343292385339737,0.5638732257437293
040109,98.423423,44.10649903984466,31.5256409301877,2.9019563394563503,96.88972667295009,45.87812194641236,39.760658325306295,5.02963100563038,99.40535183349853,22.886595573902188,30.93155976034656,7.578210883434018,1.215306282043457,0.49261083743842365
040110,97.521866,52.71445273319982,40.06343238568673,2.7329165109618856,97.87516600265604,52.97422669619918,47.683104757908126,3.1543959717135297,98.75886524822694,20.86353733412555,28.013468013468046,5.189146365616936,1.2891343832015991,0.5383290267011198
040111,100.0,0.0,0.0,10.000000000000002,78.94736842105263,,,,100.0,9.090909090909092,9.090909090909086,9.090909090909092,0.7575757503509521,3.6231884057971016
040112,97.124183,44.96946914570027,33.676467503639394,2.611251632673991,98.20864067439409,50.99726567785618,48.35124302397444,2.9529162144140244,98.89394925178921,23.272302497688145,31.43641608741116,6.603601621301477,0.8025681972503662,0.4619347961268544
040114,100.0,66.66666666666666,16.666666666666668,0.0,100.0,100.0,50.0,0.0,100.0,0.0,0.0,50.0,0.0,0.0
040115,100.0,27.272727272727273,0.0,45.45454545454545,,,,,,,,,0.0,0.0
040116,96.0,29.1666666666667,29.166666666666696,4.166666666666671,96.55172413793103,51.78571428571429,39.28571428571423,1.7857142857142867,98.21428571428571,12.72727272727272,19.999999999999982,18.181818181818166,1.600000023841858,0.26595744680851063
040117,98.496241,51.66274713558287,34.29168583848791,3.1355391325601722,99.06716417910447,49.025212632810096,37.50939238632948,2.083715661285767,99.13232104121475,30.30031184587117,33.52877098551853,5.05147592806189,0.5383154153823853,0.13364517206815904
040118,100.0,28.571428571428555,42.85714285714285,7.142857142857158,90.0,55.55555555555556,55.55555555555556,0.0,100.0,36.36363636363637,18.181818181818183,9.090909090909092,0.0,0.0
040119,100.0,20.0,20.0,0.0,100.0,14.285714285714288,0.0,0.0,100.0,0.0,0.0,33.33333333333333,0.0,0.0
040121,99.193548,43.13963764913831,41.5377817057004,3.2368537339814387,98.4375,54.45665445665462,56.91086691086681,2.42979242979243,98.9247311827957,19.96618765849537,23.31360946745558,11.124260355029596,0.22446689009666443,0.0
040122,98.499464,41.7435796623157,34.305822758600506,2.58888950246813,98.77085162423175,49.65398861270292,44.325013458647796,3.2161015064369995,98.22175732217572,22.074194067337892,28.557036313855168,7.121576214857976,0.5482016205787659,0.38818799389990294
040123,97.014925,50.15566103587857,41.96110401503567,1.213668499607227,99.04761904761905,44.78233305156373,46.27430262045661,2.252747252747248,99.5049504950495,14.603333333333332,22.281746031745993,8.125555555555588,0.5684509873390198,0.3519577650681918
040124,97.590361,39.89989369241674,24.539629104653994,6.183262461611138,98.94179894179894,41.693121693121746,31.904761904761852,4.31216931216931,97.57575757575758,14.31017491993101,13.603368176538943,11.914968500334318,0.613967776298523,0.2477291494632535
040125,98.076923,21.61803713527849,21.551724137930957,9.748010610079566,100.0,32.43243243243247,37.83783783783781,8.108108108108102,100.0,8.888888888888918,15.555555555555573,11.111111111111068,0.0,0.3676470588235294
040126,98.670213,64.1317926766126,40.40282788624774,2.17558403021107,99.99999999999999,60.36745406824152,43.3070866141732,2.099737532808408,100.0,48.181818181818116,48.78787878787897,0.3030303030303009,0.599571704864502,0.2147766323024055
040127,92.857143,26.587301587301564,23.01587301587302,3.571428571428542,90.47619047619048,63.15789473684211,47.36842105263159,0.0,100.0,38.095238095238095,28.57142857142856,0.0,0.0,0.22172949002217296
040128,97.844828,45.087427099708094,33.88415426228241,1.783973148836187,98.38945827232797,38.61195191023724,31.47468229485818,7.669934482536355,98.78048780487806,17.14396384713446,19.72733476248458,8.296610156121831,0.40434134006500244,0.3088803088803089
040129,98.473968,52.10570163044104,39.19905652745346,1.3895240794985726,98.78640776699031,54.721675787819926,46.64662466935175,2.374596274682415,97.79411764705878,30.949972690523275,36.03023354057539,4.192639273031549,0.989590048789978,0.1959247648902821
040201,99.067599,36.73114137574188,32.0598473115253,2.814737462388467,97.59825327510917,36.4097801699398,39.235702215961005,4.999142072752235,99.77324263038551,17.184410167907064,27.98151943335865,8.947254880811146,0.8921933174133301,0.23014959723820483
040202,96.428571,44.76190476190484,26.19047619047625,0.0,91.8918918918919,24.6527777777778,27.777777777777807,8.333333333333291,100.0,11.11111111111111,5.5555555555555545,11.11111111111111,0.0,1.0869565217391304
040203,97.5,34.60227272727279,37.6420454545455,1.2499999999999956,96.26556016597509,35.331196581196735,31.16890516890526,8.750508750508757,97.36842105263158,9.176788124156516,12.938596491228042,8.986627407680063,0.9254498481750488,0.9685230024213075
040204,100.0,47.27272727272729,36.363636363636346,0.0,96.29629629629629,34.596612115991945,38.54914345870416,1.8949181739879424,100.0,10.204081632653073,18.367346938775515,10.204081632653073,0.19267822802066803,0.7858546168958742
040205,97.580645,36.999443826473914,39.46051167964414,7.591768631813179,95.1219512195122,40.089418777943315,37.95827123695979,7.958271236959752,96.875,6.382978723404287,14.432624113475208,13.049645390070866,0.14430014789104462,0.7429420505200593
040206,97.560976,31.951219512195028,29.268292682926752,12.926829268292652,94.54545454545455,21.395858223815225,18.00079649542015,15.551573078454762,100.0,11.666666666666686,23.333333333333346,8.333333333333346,0.2369668185710907,0.9638554216867471
040207,100.0,21.428571428571434,14.28571428571429,0.0,100.0,23.076923076923073,15.384615384615389,7.692307692307692,100.0,13.333333333333334,33.333333333333336,6.666666666666667,2.752293586730957,0.9433962264150944
040208,97.04142,43.371398620216624,36.13352347494896,4.4871794871794926,95.41666666666667,42.41050487180527,38.1441404312923,4.40269289533996,99.27797833935018,27.32441471571893,37.5680551332727,5.930880713489387,0.8432888388633728,0.2826855123674912
040301,98.863636,52.75974025974031,53.896103896103945,0.0,97.43589743589743,71.15384615384623,73.77622377622369,1.3403263403263401,98.86363636363636,9.453044375645014,11.847265221878219,13.168214654282792,0.29282575845718384,0.26666666666666666
040302,97.701149,27.820783485808,15.156579873328555,9.74372507623742,99.01960784313727,35.97919113945293,34.97231079040108,7.01459976506124,100.0,13.967468175389003,27.917256011315388,15.06364922206508,2.196193218231201,0.7575757575757576
040303,97.701149,47.50957854406138,38.122605363984725,2.681992337164704,99.1304347826087,43.01334481274222,58.82049074472682,2.617305208781739,100.0,20.952380952381034,27.61904761904763,7.619047619047614,1.015965223312378,1.2232415902140672
040305,96.551724,6.896551724137859,0.0,25.00000000000001,100.0,20.930232558139505,25.581395348837255,2.3255813953488427,100.0,5.714285714285716,0.0,22.857142857142865,0.3086419701576233,3.0555555555555554
040307,98.765432,27.595186222637214,28.902029947781596,5.052045509561866,96.93877551020408,37.65049383606081,34.55410568812631,5.861149160118229,98.86363636363636,7.651888341543501,18.81621786915607,12.619959861339147,0.483091801404953,1.1315417256011315
040308,97.777778,50.48888888888911,32.00000000000006,5.079365079365043,98.55072463768117,41.152679474216356,44.15234243343445,0.0,100.0,14.893617021276611,19.148936170212767,4.255319148936175,1.0948904752731323,0.7590132827324478
040309,100.0,43.74999999999997,21.874999999999986,3.1249999999999987,100.0,47.05882352941176,33.33333333333335,3.9215686274509785,96.7741935483871,16.666666666666657,26.66666666666668,0.0,0.2557544708251953,0.4716981132075472
040310,94.594595,20.0,2.8571428571428563,14.285714285714286,100.0,38.70967741935483,12.903225806451607,12.903225806451607,100.0,0.0,6.66666666666667,3.3333333333333313,0.4716981053352356,0.0
040311,100.0,27.777777777777782,16.666666666666668,5.555555555555556,86.36363636363636,15.789473684210522,21.052631578947363,10.526315789473681,100.0,7.6923076923076925,7.6923076923076925,46.15384615384615,1.5957447290420532,1.1363636363636365
040312,100.0,22.222222222222225,38.888888888888886,0.0,100.0,44.117647058823586,41.17647058823532,5.882352941176442,100.0,15.151515151515152,15.151515151515142,6.060606060606061,0.8230452537536621,1.8181818181818181
040313,96.969697,26.666666666666657,29.999999999999982,6.666666666666664,100.0,37.83783783783783,43.24324324324323,2.7027027027027013,100.0,8.333333333333337,25.714285714285694,11.111111111111116,1.9841269254684448,0.7782101167315175
040401,98.717949,47.11374095989488,37.47775586237131,1.974358974358973,98.88268156424581,49.46205683851029,39.77247316636862,1.717758985200843,99.29078014184397,28.92629292792177,41.984525587077506,5.04954526944482,0.30549898743629456,0.20833333333333334
040402,100.0,18.181818181818183,9.090909090909093,18.181818181818183,100.0,16.666666666666668,16.666666666666664,0.0,100.0,18.181818181818183,9.090909090909092,9.090909090909092,0.9174311757087708,1.098901098901099
040404,100.0,11.42857142857148,14.285714285714358,31.42857142857135,100.0,22.22222222222222,22.222222222222225,16.66666666666667,95.23809523809523,14.603174603174713,0.0,20.317460317460228,1.0,1.2903225806451613
040405,100.0,32.25806451612902,16.129032258064505,6.451612903225803,100.0,36.84210526315788,52.63157894736842,0.0,96.875,16.12903225806453,19.354838709677416,22.58064516129034,0.0,0.0
040407,100.0,100.0,100.0,0.0,80.0,41.66666666666667,41.66666666666666,0.0,88.88888888888889,60.0,80.0,0.0,0.0,0.0
040408,100.0,57.142857142857146,14.285714285714286,0.0,100.0,37.49999999999999,25.000000000000007,0.0,100.0,18.181818181818183,27.272727272727277,18.181818181818183,0.0,0.0
040409,97.191011,43.70483297676994,36.87166248336499,1.7220322423058152,98.5148514851485,52.30905233380489,55.4490806223479,2.47524752475247,100.0,29.93197278911567,25.170068027210874,0.68027210884354,0.12195122241973877,0.2777777777777778
040410,100.0,47.36842105263155,31.578947368421026,7.894736842105258,87.5,42.47076023391813,51.352339181286524,0.0,93.10344827586206,3.9999999999999987,20.00000000000001,7.999999999999997,0.0,1.1494252873563218
040413,95.238095,44.54212454212456,54.59706959706969,0.0,100.0,46.01769911504433,45.13274336283179,3.5398230088495457,98.9795918367347,20.13888888888894,29.513888888888857,9.375000000000012,0.41152262687683105,0.6051437216338881
040414,100.0,23.07692307692308,15.384615384615389,0.0,100.0,6.249999999999998,0.0,18.749999999999996,95.23809523809523,10.0,9.999999999999996,10.0,0.0,0.0
040501,100.0,53.22580645161293,55.64516129032261,2.4193548387096784,99.28571428571429,50.26785714285731,45.89285714285704,5.000000000000016,98.18181818181819,24.081439393939398,34.25189393939395,5.5776515151515085,0.4938271641731262,0.24691358024691357
040502,100.0,45.45454545454547,36.363636363636374,0.0,100.0,44.44444444444444,22.222222222222225,11.11111111111111,100.0,28.57142857142857,57.14285714285715,0.0,0.0,0.0
040503,100.0,39.39393939393936,36.36363636363634,0.0,96.15384615384616,44.055944055944046,56.64335664335665,0.0,100.0,11.764705882352944,11.764705882352935,14.70588235294118,4.878048896789551,0.0
040504,100.0,33.333333333333336,38.888888888888886,5.555555555555556,100.0,33.33333333333332,27.77777777777778,11.111111111111107,100.0,29.411764705882355,23.52941176470588,5.88235294117647,0.0,0.9009009009009009
040505,100.0,32.39436619718318,33.8028169014085,5.63380281690137,98.33333333333333,30.555555555555554,36.66666666666665,3.3333333333333375,100.0,13.953488372093078,23.255813953488406,18.604651162790606,0.25974026322364807,0.30959752321981426
040506,100.0,33.333333333333506,46.6666666666667,0.0,100.0,10.000000000000028,20.00000000000004,9.999999999999995,100.0,18.421052631578956,42.105263157894726,13.157894736842113,0.0,0.641025641025641
040507,88.888889,37.50000000000001,37.5,0.0,100.0,80.0,40.0,0.0,100.0,16.666666666666664,33.333333333333336,0.0,0.0,0.0
040508,90.0,0.0,0.0,33.333333333333336,100.0,42.85714285714285,50.00000000000002,0.0,88.88888888888889,25.000000000000007,37.49999999999999,0.0,1.0416666269302368,1.36986301369863
040510,94.736842,27.777777777777782,16.666666666666664,5.555555555555556,100.0,27.27272727272726,36.36363636363636,0.0,100.0,22.22222222222222,11.111111111111112,0.0,1.298701286315918,1.5151515151515151
040511,100.0,40.0,40.0,0.0,100.0,57.14285714285715,42.85714285714285,14.285714285714288,,,,,0.0,0.0
040512,100.0,20.0,20.0,0.0,100.0,80.0,80.0,0.0,100.0,14.285714285714285,28.571428571428577,14.285714285714285,2.5641026496887207,0.0
040513,100.0,80.00000000000001,80.0,0.0,100.0,22.22222222222222,22.222222222222225,11.11111111111111,100.0,14.285714285714285,57.14285714285715,0.0,0.0,0.0
040514,81.25,20.625000000000078,13.750000000000053,17.291666666666604,90.9090909090909,9.999999999999998,0.0,19.999999999999996,100.0,0.0,25.0,25.0,0.0,0.0
040515,100.0,63.636363636363654,36.363636363636374,0.0,100.0,49.999999999999986,35.71428571428573,0.0,100.0,33.33333333333333,88.8888888888889,0.0,0.0,0.0
040517,100.0,22.222222222222207,16.666666666666657,27.7777777777778,100.0,31.250000000000007,43.75,6.250000000000003,100.0,4.545454545454545,0.0,13.636363636363635,0.0,0.0
040518,100.0,33.333333333333336,44.44444444444446,0.0,100.0,16.666666666666668,83.33333333333333,33.333333333333336,100.0,0.0,0.0,33.33333333333333,0.0,0.0
040519,96.153846,44.23076923076922,40.170940170940156,7.9059829059829045,100.0,33.33333333333333,60.60606060606059,0.0,92.5925925925926,20.467836257309944,15.984405458089663,3.7037037037037033,0.0,0.0
040520,98.097826,31.391741621316037,28.58257806282737,4.483860895474626,98.21567106283942,37.70352066140862,38.67677711538748,4.775978904031281,98.84649511978712,19.633884697803733,25.014691431017894,8.517694168947076,0.5267593860626221,0.8985746746539971
040601,100.0,47.14285714285713,29.999999999999975,1.4285714285714275,100.0,51.66666666666666,51.666666666666735,0.0,100.0,14.705882352941204,14.70588235294118,8.823529411764722,0.0,1.03359173126615
040603,98.734177,2.5316455696202698,3.797468354430404,26.898734177215125,100.0,11.842105263157913,14.473684210526343,18.421052631578895,96.55172413793103,2.2988505747126613,4.655172413793109,29.909688013136215,0.3205128312110901,1.0676156583629894
040606,98.245614,54.81658692185016,49.463051568314754,1.7543859649122646,98.86363636363636,51.053639846743394,70.88122605363989,1.1494252873563242,92.85714285714286,17.55918228568999,48.3297207701135,5.984104721832663,1.09375,0.44510385756676557
040607,87.5,14.285714285714286,0.0,14.285714285714286,,,,,,,,,0.0,0.0
040608,96.969697,45.62870080111461,37.57111343318239,3.0825496342737537,95.91836734693877,50.23674242424239,65.81439393939401,0.0,100.0,12.903225806451626,37.096774193548384,6.451612903225799,0.0,0.45801526717557256
040701,95.907928,48.61884738281512,44.03439173521854,1.080112451932358,98.0295566502463,42.41204290703733,43.30600434048704,2.9776674937965275,96.12590799031477,20.77340114971665,27.52471563729139,6.587883727248027,1.5807301998138428,0.3852080123266564
040702,100.0,46.28099173553716,35.53719008264457,2.4793388429752,100.0,45.00000000000007,50.83333333333321,2.500000000000007,96.5909090909091,10.621921182265968,11.863711001642045,15.548029556650238,0.9269988536834717,0.5780346820809248
040703,98.837209,42.79069767441853,34.65116279069758,2.325581395348839,100.0,42.85714285714289,58.441558441558485,3.89610389610389,100.0,6.511350059737163,21.7443249701314,8.691756272401468,0.17543859779834747,0.1869158878504673
040704,98.507463,49.25373134328366,52.23880597014938,1.7412935323382883,98.73417721518987,45.02712477396024,42.971669680530496,2.5316455696202436,98.18181818181819,22.222222222222253,27.777777777777814,11.111111111111127,1.3745704889297485,2.113821138211382
040705,100.0,42.857142857142875,50.00000000000001,0.0,100.0,56.66666666666666,69.99999999999997,0.0,100.0,13.333333333333334,39.99999999999997,10.0,0.0,0.7462686567164178
040706,98.93617,45.642730496453865,54.48581560283694,0.0,97.82608695652173,35.504201680672296,29.889020825721623,4.53964194373402,100.0,16.666666666666703,26.19047619047618,11.90476190476193,0.7541478276252747,0.8077544426494345
040801,97.619048,26.829268292682926,41.46341463414634,2.4390243902439024,100.0,30.909090909090914,32.72727272727275,7.272727272727261,98.76543209876543,11.392405063291125,16.455696202531637,16.455696202531627,0.49140048027038574,0.5128205128205128
040802,95.555556,19.185185185185237,14.370370370370411,4.444444444444405,97.36842105263158,5.482456140350882,18.640350877193015,14.254385964912295,88.63636363636364,2.489177489177488,12.932900432900441,25.54112554112552,0.3968254029750824,1.951219512195122
040803,100.0,12.5,25.0,37.5,100.0,28.57142857142857,0.0,0.0,100.0,8.333333333333332,16.666666666666668,8.333333333333332,0.0,0.0
040804,96.969697,22.42424242424248,18.787878787878864,12.121212121212052,96.66666666666667,35.29411764705891,35.29411764705896,26.666666666666565,100.0,0.0,11.538461538461561,15.384615384615309,0.42016807198524475,2.857142857142857
040805,100.0,0.0,0.0,33.33333333333334,100.0,0.0,0.0,90.0,100.0,5.263157894736841,10.526315789473681,42.10526315789473,1.8633540868759155,0.0
040806,100.0,13.043478260869563,17.391304347826082,8.695652173913041,96.875,6.6666666666666705,23.33333333333334,13.333333333333341,97.14285714285714,2.9411764705882346,2.941176470588236,35.294117647058805,0.5730658769607544,1.0526315789473684
040808,100.0,0.0,0.0,37.5,83.33333333333334,40.0,0.0,0.0,100.0,0.0,9.090909090909092,36.36363636363637,0.0,0.0
040809,100.0,25.0,75.0,0.0,,,,,100.0,0.0,33.333333333333336,11.11111111111111,0.0,0.0
040810,100.0,14.28571428571429,7.142857142857145,35.71428571428573,90.9090909090909,40.00000000000001,50.0,10.000000000000002,100.0,2.777777777777779,8.333333333333332,13.888888888888895,0.0,1.1764705882352942
050101,99.045936,41.60620559888966,34.12012884248397,3.834424250808418,99.20724801812003,57.420793669456394,48.11676199108243,2.298271461233423,98.7044817927171,21.021976002554723,22.77509754592874,8.7981660375471,0.4262332320213318,0.3341450982613128
050102,98.333333,0.0,0.0,30.33333333333336,100.0,8.333333333333336,6.666666666666665,25.000000000000007,98.64864864864865,2.040816326530616,2.0748299319728023,44.93197278911577,0.2961500585079193,1.0060362173038229
050103,98.93617,8.692267773741527,9.807991696938267,32.01868188894665,100.0,13.333333333333371,11.11111111111111,12.222222222222209,96.29629629629629,5.24999999999999,2.5833333333333353,33.59469696969693,1.047120451927185,0.6600660066006601
050104,98.082192,21.295855748745886,17.400100889910455,11.884767566357926,97.79005524861877,45.03778694576445,35.44890350506406,3.230875448771068,99.01719901719902,9.194541692915136,11.455728503241595,15.20966081798871,0.29175785183906555,1.0385756676557862
050105,93.6,3.6571428571428424,5.329870129870134,24.690331890331905,98.59154929577466,14.561766735679777,14.561766735679779,20.703933747412005,100.0,1.1494252873563193,4.597701149425274,36.78160919540235,0.9554139971733093,1.381692573402418
050106,100.0,19.17808219178082,20.547945205479458,8.219178082191808,100.0,17.74193548387101,22.580645161290324,16.129032258064495,98.37398373983739,1.7424242424242478,3.4848484848485017,30.21929824561412,0.15948963165283203,1.192504258943782
050107,97.959184,18.367346938775487,24.489795918367335,6.6326530612245085,97.67441860465115,27.3519163763066,24.912891986062725,12.369337979094064,100.0,4.999999999999997,7.500000000000008,32.49999999999998,1.5151515007019043,0.6493506493506493
050108,98.666667,13.589743589743584,8.153846153846152,18.034188034188038,100.0,30.985915492957776,28.169014084507047,11.267605633802809,98.64864864864865,7.058287795992715,4.23497267759562,23.929872495446293,0.4319654405117035,0.46511627906976744
050109,100.0,0.0,5.882352941176467,47.05882352941174,100.0,23.999999999999996,19.999999999999993,24.0,100.0,0.0,4.255319148936189,57.446808510638256,0.0,1.1235955056179776
050110,97.854785,32.57789103489201,32.26994707309391,2.734326058099469,98.19548872180451,45.46430445058642,42.67111419387112,3.8812087994732813,98.58156028368793,10.581976298962383,10.538353134810265,16.0354470587485,0.3383379280567169,0.6623887393914303
050111,87.5,28.571428571428573,28.571428571428573,28.571428571428573,100.0,20.0,20.0,40.0,100.0,4.166666666666664,8.333333333333332,24.999999999999986,1.7391303777694702,0.0
050112,97.87234,4.2553191489361915,4.25531914893616,31.382978723404236,97.61904761904762,4.878048780487814,10.162601626016263,26.829268292682983,96.96969696969697,1.010101010101007,1.0101010101010033,47.264309764309836,0.625,0.6564551422319475
050113,100.0,6.000000000000004,12.000000000000002,38.00000000000003,100.0,11.111111111111104,7.936507936507933,20.63492063492063,97.9381443298969,0.0,2.164948453608261,32.371134020618584,0.5571030378341675,0.9681881051175657
050114,99.115044,4.578684109272779,4.463255098114653,24.201616006156172,100.0,19.58762886597942,15.463917525773196,9.278350515463941,100.0,1.5503875968992331,1.5503875968992276,49.61240310077527,0.49226441979408264,1.263001485884101
050115,100.0,28.645833333333396,26.562500000000085,9.89583333333333,99.13419913419914,49.515550239234486,49.86244019138752,5.753588516746416,97.6958525345622,11.62171199507574,15.199897165569423,16.075133689006833,0.8652657866477966,0.25252525252525254
050116,90.909091,22.22222222222222,0.0,11.11111111111111,99.68652037617555,46.17811210871157,35.431760668353746,1.8962110444760312,99.75728155339806,11.465443076685283,13.392614100353828,15.604930990331638,0.47080978751182556,0.7213706041478809
050201,100.0,17.74193548387092,17.741935483870947,12.903225806451626,100.0,27.173913043478315,30.434782608695656,14.130434782608695,98.95833333333334,7.3495370370370345,7.465277777777788,12.673611111111107,0.15772870182991028,0.8347245409015025
050202,100.0,0.0,0.0,80.0,100.0,0.0,0.0,53.84615384615385,99.28057553956835,2.941176470588231,8.823529411764705,39.96539792387554,0.8810572624206543,0.32786885245901637
050203,98.630137,8.439334637964796,9.784735812133082,16.707436399217237,100.0,15.714285714285744,20.000000000000004,19.99999999999998,100.0,3.614457831325301,10.843373493975903,31.32530120481936,0.10101009905338287,0.31315240083507306
050204,100.0,0.0,0.0,74.99999999999999,100.0,6.249999999999999,24.999999999999993,31.250000000000007,100.0,7.142857142857132,3.571428571428558,33.92857142857139,0.0,0.0
050205,98.275862,0.0,1.802507836990594,33.4639498432602,97.46835443037975,5.185790118415687,2.613311555737036,39.861167823601434,97.22222222222221,0.9345794392523402,1.0221962616822375,55.43224299065438,0.553505539894104,2.1881838074398248
050206,100.0,6.896551724137922,6.896551724137924,41.37931034482759,97.77777777777777,13.580246913580243,13.580246913580238,29.629629629629626,100.0,0.0,2.816901408450706,42.25352112676059,3.939393997192383,1.3157894736842104
050301,89.230769,37.544055944055934,27.024708624708623,8.527738927738923,96.82539682539682,53.30216247808291,58.15312682641729,1.6949152542372863,100.0,11.688311688311678,14.285714285714288,14.285714285714274,0.54347825050354,0.0
050302,100.0,12.50000000000002,12.500000000000002,18.571428571428527,97.05882352941177,17.647058823529377,17.94117647058823,0.0,100.0,12.499999999999979,9.374999999999984,24.99999999999996,0.0,0.0
050303,100.0,16.66666666666667,0.0,8.333333333333336,95.65217391304348,5.113636363636377,0.0,23.295454545454515,100.0,5.5555555555555385,19.444444444444397,30.555555555555596,0.8771929740905762,0.0
050304,100.0,7.863247863247851,10.256410256410268,26.495726495726565,96.29629629629629,39.16083916083918,39.510489510489506,16.08391608391609,98.24561403508771,1.7543859649122788,15.84795321637428,36.023391812865476,0.0,0.0
050401,98.621421,25.505346238543193,26.731706836495785,7.8092019669175725,99.17269906928645,38.71543672111614,42.41919857289464,6.897861389653058,98.7939698492462,10.460974740878417,14.664192618727775,18.273164459758817,0.3075346052646637,0.5524861878453038
050402,100.0,0.0,20.000000000000007,20.0,100.0,0.0,9.090909090909092,36.36363636363635,92.0,0.0,3.9999999999999822,55.99999999999999,0.0,0.6172839506172839
050403,98.648649,8.24790307548926,5.452003727865788,17.660764212488356,100.0,22.727272727272748,19.6969696969697,9.090909090909108,98.59154929577466,2.8169014084507142,8.45070422535217,24.346076458752464,0.0,1.400560224089636
050404,100.0,8.974358974359003,2.564102564102561,23.076923076923002,100.0,8.823529411764696,5.88235294117647,29.411764705882426,100.0,5.555555555555578,16.666666666666703,22.22222222222225,0.5025125741958618,3.5502958579881656
050405,99.173554,6.611570247933853,4.95867768595042,23.64817001180639,100.0,16.161616161616195,17.171717171717173,15.15151515151516,98.0392156862745,3.112760255617396,5.215419501133778,36.7759224902083,0.7042253613471985,1.6483516483516485
050406,100.0,3.7373737373737246,7.474747474747485,33.2828282828283,95.83333333333334,13.191489361702125,17.58865248226949,19.290780141843967,99.04761904761905,0.0,2.884615384615392,50.76923076923089,0.5115089416503906,0.29411764705882354
050407,98.496241,6.290495824815483,4.559786563182145,18.76407608883957,99.3103448275862,18.43971631205676,21.276595744680847,20.92198581560285,92.88702928870293,2.3668388773074747,10.797216349541944,28.11127224387453,1.218686580657959,1.6091954022988506
050408,98.979592,14.45578231292515,17.559523809523835,2.0408163265306296,98.28326180257513,16.769996850889676,21.25182057943631,20.981685954967748,97.15639810426542,4.3789932990493945,6.79445223624745,21.933962614187063,0.8739076256752014,0.8567931456548347
050409,92.753623,3.162055335968377,26.890645586297797,9.334650856390043,96.42857142857144,11.282467532467559,9.35064935064935,20.99837662337664,91.86046511627907,1.1851520572450789,6.097197376267138,40.39206917113895,0.98591548204422,2.0188425302826376
050410,98.113208,20.7547169811321,22.641509433962284,45.59748427672956,100.0,9.523809523809524,9.523809523809524,61.904761904761905,95.19230769230771,0.0,0.0,71.84418145956614,0.3861003816127777,1.276595744680851
050411,97.222222,2.941176470588223,0.0,68.13725490196086,97.43589743589743,0.0,0.0,62.051282051282065,90.80459770114942,0.0,0.0,55.58292282430215,2.7295284271240234,0.2808988764044944
050412,97.142857,0.0,2.9411764705882346,55.88235294117647,94.73684210526315,11.11111111111111,27.77777777777778,44.44444444444444,95.23809523809523,0.0,2.380952380952371,75.47619047619055,0.6896551847457886,1.2345679012345678
050501,100.0,15.384615384615344,23.07692307692313,15.934065934065893,100.00000000000003,45.00000000000009,51.87499999999999,3.124999999999993,98.03149606299215,8.015199653196134,12.067087972777964,34.56399875804248,0.19940179586410522,0.8537886872998933
050502,98.026316,16.63875598086126,17.882775119617236,11.638755980861276,97.97979797979798,9.895833333333337,17.6215277777778,15.798611111111112,100.0,5.61797752808989,10.11235955056179,31.460674157303465,0.6281406879425049,0.9079118028534372
050503,95.454545,16.447391622403813,12.076569517016738,6.550306137083017,97.52475247524754,25.567859881585303,17.032874532874505,12.175370018507246,98.1203007518797,2.657631289970092,5.432274124224585,26.721094002048652,0.668647825717926,0.5314437555358724
050505,93.913043,21.793478260869566,21.920289855072465,5.833333333333335,98.0,27.131594906003603,20.618556701030936,16.325045482110347,100.0,0.0,3.6231884057971078,33.33333333333343,1.1182109117507935,0.3663003663003663
050506,100.0,21.05263157894737,31.57894736842105,26.31578947368421,91.66666666666666,18.181818181818183,18.181818181818183,0.0,100.0,0.0,0.0,56.52173913043475,0.0,0.0
050507,99.24812,12.851093250367258,15.181016124125295,16.27128165240689,99.14163090128756,18.204471206200683,16.859692951551356,15.975487370016781,99.29328621908127,2.473498233215545,10.247349823321507,24.9948035751403,0.1839362382888794,0.5703422053231939
050508,96.245734,10.055626966889774,17.49030406453613,21.07536235095966,99.23954372623575,29.95642288745743,29.934002778830404,16.206896551724164,99.58506224066387,1.2752525252525233,5.89225589225589,35.252525252525245,0.5211726427078247,1.043115438108484
050509,90.47619,19.84126984126984,9.523809523809522,33.015873015873005,99.42196531791907,52.046783625731116,49.707602339181314,9.67161493477283,97.9381443298969,3.1405116456662823,17.82741504390984,24.154257350133655,0.4859086573123932,0.4158004158004158
050510,98.780488,3.6585365853658436,6.341463414634145,29.26829268292682,100.0,15.492957746478888,22.535211267605636,21.126760563380255,90.9090909090909,8.641975308642001,9.78226711560046,45.38720538720548,0.52173912525177,0.5535055350553505
050601,99.209486,24.98978255615812,23.733086217494655,9.96014704362887,99.29328621908127,43.048492904000376,42.311023453243536,7.486172447798327,100.0,18.965517241379303,28.275862068965413,12.413793103448281,0.43668121099472046,0.1135718341851221
050602,100.0,50.00000000000001,49.99999999999999,0.0,100.0,45.71428571428574,42.85714285714286,8.571428571428577,100.0,12.499999999999968,12.500000000000016,0.0,0.5780346989631653,0.0
050603,100.0,13.33333333333333,33.33333333333334,0.0,100.0,50.00000000000002,40.909090909090914,4.545454545454546,100.0,9.523809523809524,33.33333333333335,9.523809523809524,0.0,0.0
050604,100.0,31.578947368421048,26.315789473684216,0.0,100.0,54.54545454545454,27.272727272727277,9.090909090909088,100.0,0.0,22.222222222222225,5.555555555555556,0.787401556968689,0.0
050605,100.0,44.44444444444444,22.22222222222223,11.11111111111111,93.93939393939394,19.393939393939405,35.151515151515156,22.727272727272737,94.54545454545455,7.843137254901967,9.80392156862744,17.647058823529424,0.44052863121032715,0.5050505050505051
050606,100.0,37.46938775510201,39.51020408163264,10.285714285714315,100.0,24.242424242424292,27.272727272727277,12.121212121212112,98.07692307692307,1.9230769230769151,13.782051282051228,43.589743589743584,0.0,1.3761467889908259
050607,100.0,0.0,40.0,0.0,100.0,50.0,50.0,0.0,84.61538461538461,18.181818181818183,27.27272727272727,27.27272727272728,2.068965435028076,0.7692307692307693
050608,100.0,17.647058823529406,11.764705882352944,5.882352941176469,100.0,33.333333333333336,44.44444444444445,5.555555555555555,100.0,0.0,17.06666666666659,40.0,0.6711409687995911,0.819672131147541
050609,100.0,20.0,0.0,0.0,100.0,25.0,37.5,25.0,100.0,20.0,0.0,0.0,0.0,1.5151515151515151
050611,100.0,13.333333333333327,13.333333333333329,23.33333333333332,100.0,45.45454545454546,33.33333333333333,6.0606060606060606,100.0,9.259259259259249,27.777777777777757,14.814814814814813,0.0,1.4492753623188406
050612,100.0,15.384615384615485,7.692307692307703,7.692307692307742,100.0,28.57142857142855,23.809523809523803,14.285714285714313,100.0,4.347826086956543,17.391304347826154,30.4347826086956,0.0,0.0
050613,100.0,7.692307692307666,38.46153846153845,0.0,100.0,66.66666666666666,77.77777777777777,0.0,100.0,23.5294117647058,35.294117647058684,8.8235294117647,0.5376344323158264,0.6993006993006993
050614,100.0,100.0,0.0,0.0,,,,,,,,,0.0,0.0
050615,100.0,0.0,19.999999999999996,0.0,100.0,26.47058823529414,11.764705882352944,17.647058823529402,100.0,13.513513513513493,27.02702702702699,18.918918918918905,0.0,0.0
050616,100.0,42.85714285714286,14.285714285714288,28.571428571428573,100.0,16.666666666666664,0.0,16.666666666666664,,,,,0.0,2.0
050617,100.0,6.45161290322579,9.67741935483871,48.38709677419359,100.0,18.604651162790702,11.627906976744185,32.558139534883715,97.87234042553192,0.0,4.25531914893618,54.13711583924348,0.4016064405441284,0.45662100456621
050619,98.591549,29.999999999999947,25.63380281690139,12.957746478873304,100.0,35.00000000000003,50.0,8.749999999999982,98.85057471264368,11.781609195402284,20.68965517241376,18.390804597701162,0.3401360511779785,0.16666666666666669
050621,93.75,19.999999999999993,19.999999999999996,6.666666666666664,100.0,40.9090909090909,49.999999999999986,9.090909090909092,95.0,15.789473684210527,10.526315789473681,15.789473684210527,0.0,1.5625
050701,99.115044,32.63288609763055,29.576934056523008,7.1081929774479375,97.43589743589743,33.3539258668793,28.043045037863646,9.932908197156898,98.9208633093525,11.362269840057833,20.468514990029117,20.37447104721558,0.40295499563217163,0.21201413427561835
050702,100.0,3.846153846153833,34.615384615384535,11.5384615384615,100.0,14.81481481481484,7.40740740740741,14.814814814814802,100.0,5.5555555555555385,5.555555555555566,33.33333333333331,0.0,1.2345679012345678
050703,100.0,0.0,0.0,31.25,100.0,20.0,40.0,0.0,100.0,0.0,0.0,50.0,0.0,0.0
050704,100.0,40.000000000000014,40.00000000000001,0.0,100.0,33.33333333333333,50.000000000000014,16.666666666666664,100.0,0.0,16.666666666666664,16.666666666666664,2.3809523582458496,0.0
050705,97.169811,29.215318589545298,28.156897618311174,7.637063099288591,96.8,32.96463938118917,33.033171830506994,7.294721407624635,98.52941176470588,17.358322177599298,27.095046854083005,13.49397590361447,0.29154518246650696,0.6593406593406593
050706,91.666667,16.666666666666615,12.500000000000021,4.166666666666654,96.66666666666667,55.13888888888887,44.86111111111109,0.0,100.0,11.111111111111084,3.7037037037037353,18.518518518518523,0.37735849618911743,0.38910505836575876
050707,100.0,16.666666666666668,0.0,0.0,100.0,14.285714285714285,28.57142857142857,14.285714285714285,,,,,0.0,0.0
050801,97.87234,34.85309017223911,17.223910840932124,4.457953394123609,100.0,44.77611940298503,31.343283582089555,4.477611940298499,100.0,20.547945205479433,20.54794520547951,9.58904109589041,1.4285714626312256,0.49261083743842365
050802,100.0,0.0,0.0,28.57142857142858,,,,,100.0,14.285714285714285,0.0,14.285714285714285,2.2727272510528564,0.0
050803,100.0,33.333333333333336,16.666666666666664,16.666666666666668,100.0,42.85714285714285,14.285714285714288,0.0,100.0,14.285714285714285,0.0,14.285714285714285,0.0,0.0
050804,100.0,18.18181818181819,15.151515151515147,6.060606060606044,100.0,60.00000000000001,45.0,0.0,96.15384615384616,15.38461538461536,16.02564102564103,8.333333333333352,0.43103447556495667,0.0
050805,100.0,28.571428571428573,28.571428571428577,0.0,100.0,33.33333333333333,33.333333333333336,0.0,100.0,16.666666666666664,0.0,0.0,0.0,1.7543859649122806
050806,100.0,7.142857142857147,0.0,35.71428571428578,97.2972972972973,16.69316375198727,11.12877583465819,28.29888712241648,100.0,4.34782608695653,4.347826086956538,26.086956521739147,1.2422360181808472,1.5625
050809,100.0,20.0,0.0,0.0,100.0,40.0,20.0,20.0,100.0,0.0,0.0,0.0,0.0,0.0
050901,100.0,39.99999999999994,40.000000000000014,5.00000000000003,100.0,35.99999999999998,28.000000000000004,2.0000000000000027,100.0,14.705882352941144,22.058823529411733,17.647058823529417,0.0,0.0
050902,100.0,0.0,0.0,0.0,,,,,,,,,0.0,0.0
050903,100.0,0.0,0.0,0.0,100.0,20.0,0.0,0.0,100.0,0.0,0.0,28.57142857142857,0.0,2.1739130434782608
050904,100.0,40.0,20.0,20.0,100.0,62.499999999999986,37.5,0.0,100.0,0.0,0.0,33.33333333333333,0.0,1.1627906976744187
050905,100.0,60.0,40.0,40.0,,,,,100.0,0.0,37.5,12.499999999999998,0.0,0.0
050907,100.0,0.0,0.0,33.333333333333336,100.0,7.142857142857142,7.142857142857142,7.142857142857142,100.0,14.285714285714288,0.0,42.85714285714287,0.0,0.0
050909,100.0,0.0,0.0,36.36363636363636,100.0,0.0,0.0,16.666666666666664,100.0,0.0,0.0,47.36842105263159,1.1235954761505127,0.0
051001,100.0,22.22222222222222,33.33333333333334,0.0,100.0,34.48275862068968,62.06896551724138,0.0,100.0,10.344827586206893,41.379310344827616,13.793103448275856,0.0,0.0
051003,100.0,28.571428571428577,28.57142857142857,14.285714285714288,100.0,0.0,16.666666666666664,16.666666666666664,,,,,0.0,0.0
051005,100.0,22.136089577950013,21.963824289405693,2.4978466838931923,97.5609756097561,14.878048780487813,22.43902439024389,4.878048780487812,100.0,6.250000000000017,3.1250000000000173,28.124999999999968,0.0,0.0
051007,100.0,71.42857142857142,57.142857142857146,0.0,100.0,55.55555555555557,61.11111111111111,0.0,100.0,0.0,0.0,40.0,0.0,9.30232558139535
051009,100.0,8.29959514170041,7.894736842105275,24.49392712550611,100.0,21.739130434782627,30.434782608695656,0.0,95.83333333333334,9.374999999999979,13.020833333333384,21.875000000000032,0.0,0.0
051010,100.0,17.983870967741915,12.822580645161292,5.080645161290318,100.0,29.03225806451612,27.41935483870968,11.29032258064516,96.66666666666667,17.619047619047613,30.952380952380977,6.666666666666665,0.0,0.6211180124223602
051011,100.0,0.0,0.0,46.666666666666664,96.0,4.799999999999991,12.800000000000002,41.600000000000016,98.38709677419355,1.6129032258064568,3.2732447817836823,47.48576850094877,0.31347963213920593,0.7662835249042145
051012,100.0,0.0,0.0,57.142857142857125,100.0,4.545454545454544,0.0,50.0,100.0,3.33333333333333,1.6666666666666763,54.99999999999997,0.0,1.4563106796116505
051101,92.857143,0.0,0.0,8.163265306122442,97.84946236559139,24.201151297925517,18.963831867057657,21.874660584338006,98.78048780487805,2.010006901311256,8.290200138026274,33.38509316770194,0.1321004033088684,0.6868131868131868
051103,100.0,22.22222222222222,11.111111111111114,33.333333333333336,100.0,38.46153846153845,7.6923076923076925,7.69230769230769,100.0,4.761904761904762,4.761904761904764,42.857142857142854,0.0,0.0
051104,97.619048,5.555555555555565,7.142857142857141,11.904761904761898,96.7741935483871,24.193548387096815,43.548387096774185,3.629032258064529,96.96969696969697,0.0,3.3333333333333472,15.757575757575736,0.0,1.9417475728155338
051105,94.444444,0.0,0.0,23.611111111111093,94.44444444444444,11.111111111111141,11.111111111111112,36.4197530864197,92.5925925925926,0.0,9.876543209876598,35.802469135802475,0.0,0.0
051107,100.0,0.0,0.0,62.50000000000001,90.0,0.0,0.0,32.500000000000014,100.0,6.666666666666668,13.333333333333334,26.66666666666667,0.0,0.0
051108,95.454545,18.484848484848495,20.324675324675347,3.030303030303045,96.22641509433963,29.946524064171154,24.064171122994665,12.25490196078429,100.0,2.564102564102567,2.5641025641025723,28.205128205128265,0.23980815708637238,0.9950248756218906
060101,98.293061,37.03971066460928,28.95235153503934,3.971074988994617,98.10805539301738,39.48446222135287,34.70765075241731,5.681030300653737,98.43324250681201,18.294460579234016,22.97827155741114,9.737442613084104,0.4925345480442047,0.8083031923258374
060102,97.435897,16.783128889121667,23.20168965921762,11.023217757345305,97.90209790209792,11.434375354331754,15.527905853873584,18.62372274400807,100.0,4.516129032258003,3.2258064516128218,33.54838709677438,1.6042780876159668,2.0935960591133003
060103,98.863636,12.490018829212092,13.624567707250646,26.13953946343248,96.10389610389609,5.2135932989772416,9.736641290567354,39.018529672896804,91.54929577464786,0.0,4.563380281690015,51.49295774647924,1.6071428060531616,1.2345679012345678
060104,95.705521,5.07814675810525,4.571429967083197,37.47935859655521,89.34911242603552,4.0370743559201445,4.759526805001131,34.82165094951418,96.52173913043478,5.217391304347731,6.086956521739021,41.84057971014518,3.320683002471924,2.971311475409836
060105,95.0,5.680764180832094,10.867938148715982,26.471462816086554,95.17426273458445,9.980970605936509,12.688296614199492,26.69728996773646,99.22077922077926,1.8311688311688181,4.948051948051967,42.5108225108225,0.9047993421554565,2.111746590409151
060106,98.714653,12.183745198687491,12.487553088852085,21.540922653455194,97.96437659033077,15.41038225482913,13.612235680392478,29.867920734607196,99.67105263157895,1.9801980198019609,8.250825082508147,40.51155115511574,2.4435224533081055,2.5100401606425704
060107,100.0,16.01109931123046,13.344451312554716,15.963918029798679,100.0,22.86775589755608,21.79364558643171,18.437239553680513,100.0,4.999999999999962,4.9999999999999565,22.50000000000031,0.8823529481887817,1.7684887459807075
060108,97.654941,18.58269075856481,20.580305801044037,8.147884076397037,98.21182943603853,18.87546604233567,18.641044989134162,14.97256903095813,98.66412213740455,5.6216036510859535,8.71321109016867,20.002593757508475,0.7925218343734741,1.4253716147424151
060109,98.617512,18.521657018182168,23.15607303155586,20.312571345256384,97.82608695652173,13.435070402350991,8.930026779736108,22.04235640636435,96.96969696969698,1.5384615384615294,10.293571163136297,33.83351913786708,1.4285714626312256,1.6701461377870561
060110,100.0,24.60572329185039,16.41819614612564,16.367863982336825,100.0,28.383611634350377,28.356187106522796,10.00000000000001,100.0,2.4390243902439024,12.195121951219514,25.60975609756096,1.0230178833007812,3.116883116883117
060111,96.618357,8.211573985867348,15.398915279829092,24.39498863535542,97.86324786324785,12.36479586016688,16.55993440518052,35.342152849774386,97.47474747474747,1.5295815295815036,5.368265993265958,45.202922077922274,1.9871795177459717,2.382573179033356
060112,96.052632,9.24799087714217,14.608125973576856,36.88616707527384,98.73417721518987,11.577095652176379,7.721588283754641,41.35760360029913,96.55172413793105,2.2988505747125947,1.1494252873562976,52.29885057471303,1.325757622718811,2.5316455696202533
060201,89.042996,27.648472779039412,21.80288270094468,11.841256626245512,99.51632406287784,37.35654951020892,37.59355216549466,9.188809066664307,99.40740740740745,11.064538411957628,18.56977015428575,14.85686837081161,0.9789316654205322,0.9975615162935048
060202,95.175439,15.1782311216518,16.239543756299195,24.781043168070497,96.73735725938013,10.439592822052875,11.548628473597152,34.542640987819816,99.28571428571432,1.4285714285714257,4.292717086834719,49.40277516364475,3.166109323501587,2.744807121661721
060203,98.648649,9.861737507384511,8.209316584726814,25.95352992574743,99.13294797687858,17.72795536734581,17.350685782499713,26.12374973972375,96.88715953307391,2.334630350194529,4.7164249498879895,34.43354349168049,2.1812081336975098,1.3964784456587735
060204,96.482412,9.312952881030425,7.6561269753055985,29.070308405183646,96.63865546218487,5.180462562165964,5.647730223523655,37.93153448758581,97.74436090225564,2.3076923076922737,4.61538461538455,39.99999999999998,4.414002895355225,1.2305168170631664
060301,97.363796,33.204378535355374,30.667155272240436,10.390790792554622,99.31972789115645,40.19338255615738,37.85690779017286,9.425908128931926,97.94871794871793,9.97637457044677,13.458234205656963,16.166484932593242,0.5545286536216736,0.8707865168539325
060302,97.101449,2.8992187024892053,4.348828053733807,50.23584024957137,96.87499999999997,17.6867088607595,22.902953586497876,27.50808720112517,97.26027397260275,0.0,0.0,57.639620653319554,0.8875739574432373,1.893939393939394
060303,100.0,6.5465348433972315,14.377959265244238,35.24095086372221,97.36842105263158,6.9766924810960935,5.391427596120598,37.72567196192112,96.49122807017541,10.588235294117652,11.176470588235327,42.147058823529214,0.4892368018627167,0.5760368663594471
060304,94.805195,7.171812805784606,11.026096919550735,26.99808597177149,98.14814814814815,6.875214132829531,8.124879376991249,37.46660411328621,98.13084112149534,1.8914107699154283,5.206942590120154,41.357921673342204,1.9952114820480347,2.5431425976385107
060305,87.5,14.285714285714285,0.0,14.285714285714285,,,,,,,,,2.5,0.0
060306,85.294118,34.604040252831346,64.22171448775632,0.0,90.69767441860465,39.14361873967393,42.34432956336937,2.3140064621195715,96.82539682539682,5.191256830601013,15.482695810564492,13.2969034608381,0.456620991230011,1.0101010101010102
060307,98.958333,3.1256470068599946,10.418823356199983,33.3291924894293,100.00000000000003,6.847275839463916,5.481098404836473,36.986488455095106,98.91304347826086,2.1978021978021203,4.395604395604281,49.04569115095455,2.136752128601074,1.7857142857142856
060308,98.198198,1.8059636954157088,2.7089455431235674,47.19856397880195,98.50746268656717,13.03260522868249,17.61976817278929,30.92634685687669,97.5,0.8333333333333174,2.4999999999999525,49.91666666666729,1.682692289352417,1.969057665260197
060309,97.637795,10.998931357462844,23.838308658914823,25.202428877712254,97.63313609467455,16.14025157652147,19.195206505393276,18.668096768144945,97.60479041916167,1.8346111719605338,5.610320068151344,31.741207253255354,0.23837901651859283,0.9735744089012517
060310,92.727273,17.53545964045096,15.265636579083042,24.484889839857882,96.77419354838712,19.7924016015515,16.750505576365594,14.416783300360233,92.75362318840583,3.051106025934305,4.424103737604863,39.43554538520241,0.7727975249290466,2.1487603305785123
060311,90.0,0.0,0.0,33.33333333333333,100.0,0.0,0.0,22.222222222222214,100.0,0.0,0.0,55.55555555555556,0.9523809552192688,1.2195121951219512
060312,97.945205,11.644222555608001,12.325811166636834,20.62886758924689,99.33333333333331,9.619268585117448,11.58054320323873,31.084308092779178,94.64285714285714,0.0,4.6875000000000275,44.63166845685665,1.2953368425369263,2.6685393258426964
060401,90.01218,28.332341311626,40.44521744871321,7.7909530758956755,91.79265658747303,27.948411348671883,29.079280172723998,9.96248808076349,99.18981481481481,9.133884046278505,14.875660865277885,19.099995517905956,0.45052850246429443,0.9674582233948988
060402,94.285714,14.894250370417527,30.098464020367548,10.432657453914915,95.8904109589041,8.485400254055037,14.235817025930505,21.98101631515092,93.75,2.6657894736842094,3.959703947368392,45.40202850877191,1.3661202192306519,1.1695906432748537
060403,100.0,6.4664742134130755,4.848083734614405,14.522988098498336,96.61016949152543,19.1102489111141,18.95622254699266,28.670445519792366,94.91525423728814,1.768607221812778,8.621960206337507,25.47531319086242,1.1627906560897827,0.5263157894736842
060404,92.982456,30.498351263455973,31.570846000053557,12.210115325311131,98.24561403508771,19.983807560270765,26.6701752861196,14.019889687716311,96.3855421686747,3.868103994927093,16.677235256816786,15.218769816106537,0.0,0.6097560975609756
060405,92.857143,7.128938262635039,12.107095674245821,16.370216898700605,98.07692307692307,25.531417980890446,25.31450117869142,19.682369002150356,95.77464788732394,4.4523809523809055,7.428571428571355,34.30112044817922,0.33557048439979553,0.39370078740157477
060406,97.297297,36.007490311985954,54.51428702791491,0.0,100.0,34.90713393009941,26.18035044757434,8.655181472717686,91.48936170212765,7.0432868672046105,21.129860601613775,29.975893512210877,1.1111111640930176,0.0
060407,98.863636,17.83979838584355,35.120750512647106,9.084558704457168,96.19047619047618,28.77448347929194,25.71453716286281,10.694947818470876,97.45762711864407,1.753205128205134,9.462606837606993,28.234449192782336,0.0,0.42194092827004215
060408,100.0,8.783480261172889,20.806305402156948,18.409012897051056,100.0,14.618567608660832,19.985850274970705,11.530492521845867,98.09523809523809,6.939750810718421,10.855094726062221,24.222563577402386,0.9146341681480408,0.7259528130671506
060409,95.934959,25.25905845864307,35.864758384723146,11.988732523540177,95.65217391304348,22.5359267190481,21.697228769925793,21.89059660103158,98.66666666666667,4.694444444444354,3.380116959064271,40.05555555555581,0.9535160660743713,1.349527665317139
060410,97.058824,21.33167204677733,34.69935694731234,5.589609876215869,97.04433497536947,18.923811392737655,30.580773224127466,12.532704608404458,98.46153846153847,5.583392984967776,6.427333935036768,33.50139532953628,0.4784688949584961,0.43620501635768816
060411,98.095238,41.3036819948838,37.375173443811484,10.856115729683133,97.53086419753086,29.3906598233595,27.67314046480425,6.41995356021097,100.0,9.734513274336276,16.81415929203521,15.044247787610713,0.42313116788864136,0.1607717041800643
060412,96.551724,0.0,13.777977473326702,44.837827752435075,100.0,6.2457160660504645,18.743379374805265,46.88960432028251,100.0,0.0,0.0,56.603773584905994,1.1396011114120483,0.3472222222222222
060413,96.470588,27.2462245704371,32.14032796041777,5.970391380853764,94.78260869565217,18.240724659053758,30.709102389383247,11.851621854982291,95.74468085106383,2.1505376344085914,6.744868035190637,30.666108085463005,1.1560693979263306,2.941176470588235
060414,100.0,0.0,0.0,33.33627992633517,92.3076923076923,0.0,0.0,7.689357131897914,100.0,0.0,3.7037037037037015,40.74074074074077,0.6535947918891907,1.3157894736842104
060415,97.191011,15.484819952401415,15.482354783662768,24.05082298050646,99.46236559139786,8.624762166922041,15.631826870182245,17.30373678560193,96.03960396039604,2.1537010843941493,4.628948609146611,35.0806223479491,0.830737292766571,1.0727056019070322
060416,100.0,0.0,0.0,0.0,,,,,90.0,6.111111111110996,21.111111111111335,21.11111111111135,0.0,1.2987012987012987
060417,97.463768,16.874963378780837,20.693068748554833,12.37114881035215,74.26470588235296,,,,93.03135888501743,3.2817762508284125,5.885569540066566,34.94034467615439,1.0309277772903442,1.0745466756212223
060418,87.5,0.0,0.0,57.14285714285714,100.0,14.285714285714288,0.0,28.571428571428577,93.33333333333333,0.0,0.0,50.000000000000014,0.0,0.0
060419,98.901099,24.373534339320177,45.18916026548915,7.191083747166743,97.6190476190476,26.850287004954392,33.35889278883734,13.6709411039193,97.49999999999999,5.163373860182379,6.733915906788264,24.066616008105314,0.624442458152771,0.7150153217568949
060501,91.240876,23.901399684804954,24.779223422051015,21.867463008726364,100.0,29.799328074763853,29.791420072722424,12.43475898315788,99.05660377358491,3.883495145631034,22.718446601941654,17.475728155339937,2.2435896396636963,1.4580801944106925
060502,98.076923,27.650727650727664,35.49896049896052,1.9230769230769236,100.0,24.999999999999993,29.166666666666657,10.41666666666666,98.7012987012987,10.842767295597488,35.14465408805033,13.408805031446544,0.32786884903907776,0.0
060503,100.0,0.0,0.0,0.0,100.0,0.0,0.0,40.0,100.0,20.000000000000284,20.000000000000277,33.333333333333144,0.7633587718009949,0.8333333333333334
060504,93.617021,17.004900832154735,31.90145709305005,19.152715192579684,100.0,9.675759687014306,3.226325097808031,29.036925880272264,91.48936170212765,0.0,12.732919254658448,36.335403726708265,1.954397439956665,0.35335689045936397
060505,97.959184,31.02178347576494,33.47004338440207,8.944167111209332,98.4375,14.987617591266641,11.733884062057138,11.875116009354544,98.36065573770492,3.3649698015531033,5.004314063848135,18.119068162208528,1.5384615659713745,0.5830903790087464
060506,100.0,30.769230769230766,30.76923076923076,7.692307692307692,78.94736842105263,,,,100.0,0.0,0.0,42.10526315789427,0.9345794320106506,2.197802197802198
060507,97.5,20.216244315685508,38.45914313087194,5.614127080165812,97.61904761904762,24.406934235290603,14.450656773169914,7.348039762292154,100.0,4.545454545454548,9.090909090909086,45.454545454545475,3.7037036418914795,0.0
060508,97.0,63.03460146697719,76.50762375026314,0.0,98.1651376146789,29.44170563349397,23.44691748367844,2.8737646339786105,98.0392156862745,13.861386138613895,21.94719471947202,14.521452145214466,0.2770083248615265,0.8141112618724559
060601,98.257081,31.112022182006495,33.16383951681467,11.287418040167939,98.85844748858447,23.613652447078223,25.4473441994495,11.418452981112138,97.87985865724386,8.654654346127911,13.699872415487016,24.411928551004912,0.4270584285259247,0.3210845522654299
060602,97.0,17.624357718550232,19.522904947262074,27.03710622583584,97.85714285714285,15.36149143713036,11.75296396347921,21.421260359746526,95.65217391304348,0.5028157683024989,2.7294786287078314,43.57087864081882,1.2658227682113647,0.9936766034327009
060603,96.774194,12.905570560191556,16.12875640468335,24.731044869008347,100.0,36.36006645521824,30.301565725217745,15.153803554347284,94.28571428571428,3.044776119403012,25.449419568822567,12.829187396351541,0.0,1.0204081632653061
060604,100.0,15.680518209648016,19.599998268015884,31.376624276355372,100.0,30.430071799020546,36.95699282009791,13.045174152352626,100.0,0.0,5.2631578947368975,21.052631578947622,0.37735849618911743,0.4166666666666667
060605,98.958333,33.36616735161003,27.114018681492343,15.614782704038603,98.76543209876544,16.082738525151854,24.740321835034067,9.089157197770161,98.88888888888889,3.389206115306736,4.531221219377443,44.33597347577815,0.7352941036224365,0.2824858757062147
060606,97.333333,5.4233889113832285,11.988749783090254,18.93433335261419,96.70329670329672,56.12908511135027,48.16983158386225,6.573116588426959,99.3103448275862,4.1958041958041905,7.066617592933368,35.406698564593206,0.2857142984867096,1.132686084142395
060607,97.627119,16.76017476721802,19.709303724583943,26.531210299718413,96.9387755102041,15.381556498457211,16.060281209345327,29.539319602550467,96.7948717948718,3.2258064516128964,6.129032258064539,41.06427638693357,1.1111111640930176,0.14084507042253522
060608,98.876404,15.106402528072927,17.349195615513175,5.712239912758445,95.69892473118281,26.213955181667316,33.778283977922314,12.584656822278758,100.0,6.086956521739224,8.739130434782643,36.91304347826075,0.22371365129947662,0.0
060609,97.87234,23.587149783427712,21.98165597512356,17.201831269434713,100.0,24.998300617064846,24.996034773151234,13.640380359664977,97.82608695652173,4.770053475935811,7.176470588235219,40.395721925133884,0.8298755288124084,0.0
060610,100.0,15.53917565679813,37.919022854610496,13.772213660192241,100.0,29.98514103997777,37.934950775013746,8.015849557357093,100.0,1.6393442622950567,13.114754098360654,24.59016393442627,0.6779661178588867,0.0
060611,96.0,0.0,2.173711256236112,23.007027625105472,94.44444444444444,9.048937289331352,3.046969663714203,20.221464607666626,100.0,2.325581395348789,13.953488372093206,39.5348837209304,0.6557376980781555,1.0600706713780919
060612,98.214286,25.182350658133586,29.675528877497975,19.867194516293463,95.23809523809523,17.671924290936644,24.262547935767444,19.82071785551903,99.15966386554622,16.80672268907593,20.168067226891147,28.1045751633986,1.1472275257110596,0.6224066390041494
060613,99.401198,20.064693636567835,26.62060204276021,12.755508803665554,97.98657718120806,27.548252856328503,34.294294703494124,14.042775639036645,98.61111111111111,4.970760233918082,3.563596491228014,40.82602339181277,0.8588957190513611,0.12903225806451613
060614,98.742138,18.269007995872375,26.678012123629898,15.07212488989463,97.36842105263158,40.07206352042697,36.106233426629295,16.55703165749918,97.23502304147466,2.8112449799196226,7.053466390815694,41.984048507642946,0.32573288679122925,0.8244994110718492
060615,87.5,6.246892436881944,6.246892436881944,25.012430252472235,,,,,100.0,9.999999999999812,19.999999999999613,0.0,0.8196721076965332,0.0
060701,98.263027,26.18190215851082,32.78285278825155,10.695615208388396,98.06114839671885,32.47001043357699,38.66633465765789,13.059749563947268,98.85151763740771,5.723599036140143,11.778891883750797,21.781725684460753,0.76295006275177,1.1095305832147937
060702,100.0,43.468431473031444,37.79719412977166,11.299321859822989,96.49122807017544,23.13464859518504,29.90107625107526,11.803168790881632,100.0,5.6603773584904635,35.84905660377332,15.094339622641478,0.3246753215789795,0.7067137809187279
060703,97.338403,16.56407151897222,20.822301863199517,15.986897658645704,99.62962962962963,16.44084344146843,31.368427990829407,9.292512098725,97.57085020242914,4.20312568020544,10.849549431892374,32.265172901192315,0.3169572055339813,0.6469500924214419
060801,96.981132,39.22530581533492,35.733079818811895,7.0730866274558375,98.18181818181817,40.723389066185064,33.5422184479077,7.576740325858419,98.54927463731867,11.176931773426118,14.734389543533593,17.21762416193392,0.8146206736564636,0.6494433342848986
060802,95.765472,15.395061075210258,20.84208912592178,18.401103399990358,98.99328859060402,27.188920392903764,19.283441866598306,12.122346474271932,96.21451104100946,2.9032258064516054,5.171065493646155,31.196226291103002,0.4453240931034088,0.7857517024620221
060803,94.392523,16.696027506678245,20.785777671268214,6.922853908776561,96.53179190751446,19.958977337872003,10.821105107653912,11.752785115213763,93.89671361502347,4.35627081021083,16.638732591197247,21.16550059418422,1.0325654745101929,0.5123825789923143
060804,95.121951,37.2897081138753,31.475670158082135,12.871808672699801,95.65217391304346,16.7935970154002,11.881073003175507,18.638011659946436,97.10144927536231,3.149066988104903,4.980424036853218,23.822779132677372,0.608364999294281,0.32388663967611336
060805,97.175141,7.029645863297766,9.971907940827261,23.662017701492243,100.0,27.604601555458828,21.842989238241294,16.65230931370444,97.60479041916167,1.2269938650306849,3.723291728368947,41.07608772300955,0.2049180269241333,0.7616974972796519
060806,93.846154,7.831843745047719,10.949145726920403,8.476503273152693,98.55072463768117,13.373898127588966,11.746440453780355,13.004499001928266,100.0,2.1276595744680873,10.63829787234043,31.914893617021313,0.19230769574642181,0.20833333333333334
060807,97.5,13.626161776658044,11.10104403688136,23.6329757538936,97.88359788359787,15.31498016858634,9.910517710683694,28.877212627678418,96.6824644549763,3.5946831849270713,3.8401858304297645,44.192231255646206,0.8914100527763367,0.4444444444444444
060808,92.086331,19.935946167090975,16.732886423692005,24.416991212745742,96.37681159420289,9.650770707489881,6.725003883872824,19.13180203540314,100.0,13.380281690141071,20.422535211267846,21.830985915492825,0.9009009003639221,0.8519701810436635
060809,98.734177,17.70525015261402,22.23709192899961,23.938915668826276,98.00000000000001,21.648738281579035,19.56834633099353,35.50765761358364,93.5483870967742,2.433747971876609,5.422751036596263,55.7865478221079,0.3039513826370239,0.32573289902280134
060810,95.652174,15.089773114492452,11.234087273912937,17.456017728689584,95.50561797752809,16.823851140632637,21.666614169677665,19.69767384405526,97.65625,1.6492450638791893,4.065040650406468,39.19715447154473,1.09375,0.1736111111111111
060811,97.761194,26.28744805777558,28.793374172413877,8.317495956251085,99.31034482758618,19.00996632649963,11.26342318393597,20.112655812416463,96.93251533742331,2.526163839768994,5.593648502345647,21.4218693612414,0.6036217212677002,0.4357298474945534
060812,98.717949,40.093426247245695,40.029781986232834,15.825985129073482,96.68508287292818,15.889781439789289,16.01385390166989,15.512873254491188,97.2375690607735,4.564116002795165,13.755606322909417,27.550776250730387,0.6060606241226196,0.570884871550904
060901,97.567568,35.84197831028558,32.262914972567124,5.808858089757354,97.87234042553193,31.455188450948306,23.423745343382148,7.3192516713707185,95.2443857331572,9.845352949060604,12.528008912556151,18.53728866225843,0.5836942195892334,0.33905065815715996
060902,98.214286,33.95933656672987,37.21285163152455,10.441003661647837,98.29545454545453,39.63637902544729,47.53536723181674,8.420745829087037,96.76258992805755,9.676713410046696,9.33977380644047,17.726059126059134,0.7129277586936951,0.36288232244686364
060903,98.734177,32.35828608688822,35.618646378412606,10.592519330189317,98.34254143646406,25.194284666861094,20.65960727999582,15.675486947828798,93.73549883990721,2.9140518408320144,4.393621387434419,38.596533732232594,0.6324110627174377,1.101806963420009
060904,97.113402,21.783959383764238,21.174801163547396,14.304316254880582,96.38826185101578,31.05571379731543,21.62518999858415,9.313543829446715,92.68292682926828,5.605842563118202,7.01585644616239,20.89152838532769,0.31578946113586426,0.5384615384615384
060905,99.53271,20.606726750057206,17.79758789706566,13.474466548805651,95.86466165413535,20.350587621130853,12.361190390429163,20.301831646174776,95.58011049723757,3.991720875221706,3.9325842696628652,29.480659297335944,0.47879618406295776,0.2985074626865672
060906,97.127937,28.025110194734403,24.53770179843264,11.775547626433603,97.20279720279719,23.040507373849735,24.351625052074066,10.782588333930013,92.82051282051283,3.761164425863444,4.569294915716972,31.21689847636467,0.8765243887901306,0.5978477481068154
060907,92.039801,29.99265416593995,28.9650646287348,8.799779197660326,98.46827133479214,20.00327494240909,18.47602588299067,15.842996394725553,95.3229398663697,3.034645843511458,3.9744371196249224,34.5017276011578,0.17636683583259583,0.48543689320388345
061001,94.571429,33.77812299223835,32.32043521415818,13.416855084914555,96.68508287292819,27.56386844624784,23.32232707690268,11.239727814329026,98.47094801223241,8.316872247340589,13.573722091346335,17.097678864941148,1.3120131492614746,2.2852306390181973
061002,96.875,6.5360226353180355,4.902016976488532,28.65558807271777,95.94594594594594,24.18124159069676,15.648017251304951,12.857528346913979,100.0,5.172413793103414,18.965517241379263,15.517241379310482,3.1413612365722656,2.272727272727273
061003,94.230769,10.766437638650356,12.678721806409373,23.651494647309658,98.64864864864865,12.43665782712265,9.600917510687621,28.120430818643133,100.0,4.16666666666672,6.250000000000029,18.750000000000195,1.452784538269043,2.6252983293556085
061004,96.629213,10.682931737667435,16.647121680509578,23.559265573446297,94.3820224719101,12.288328134388099,12.441962507289697,24.77523917752412,100.0,0.9900990099009672,3.960396039603912,44.653465346534496,1.8050541877746582,3.7848605577689245
061005,100.0,13.654047084454133,36.41079222521101,9.102698056302755,100.0,26.260254907151513,23.685889338527293,10.513670383899541,100.0,5.128205128205134,12.82051282051282,20.512820512820536,0.0,2.247191011235955
061006,100.0,31.573553068161896,32.8384895039079,7.621527451620218,100.00000000000003,20.72497220550544,28.108097704424463,3.6457020329321486,98.66666666666667,9.647058823529497,10.90196078431372,26.901960784313577,1.5625,0.7518796992481203
061007,96.306818,8.001284672193643,13.003372610368409,45.12698855060891,96.30541871921181,6.157920620132782,6.403078605888901,44.45658864542352,93.07958477508652,1.0957324106112725,3.9370067051727755,46.401627963113526,3.005581855773926,5.129390018484288
061101,94.444444,24.742055312227656,25.047614362513514,8.720677062768237,97.07602339181285,24.743943649938707,25.825244433351852,11.749906340813142,97.11538461538461,1.4563106796116414,7.766990291262026,34.62783171521037,0.34100598096847534,0.0
061102,100.0,12.465729062785499,43.712301969064036,6.260281281164352,94.44444444444444,29.651626912356914,12.06453364044608,6.0322668202230725,100.0,0.0,0.0,42.105263157894754,0.8130081295967102,0.0
061103,97.5,24.986261491895085,29.983513790274095,5.635647343781311,97.67441860465115,0.0,2.6756764715526002,18.576060502658645,100.0,5.405405405405286,0.0,54.054054054054454,0.0,0.0
061104,100.0,73.46452122971478,73.47349382451796,0.0,100.0,60.73217399341626,72.81921541280167,0.0,92.1875,6.672297297297282,8.657094594594577,19.08783783783779,0.26954177021980286,1.2084592145015105
061105,95.348837,41.8308030585126,44.17289193310775,4.650464829313277,95.0,34.914212842398854,26.436902350932424,15.015982115330473,98.50746268656717,2.985074626865739,5.970149253731349,44.13646055437114,0.9259259104728699,0.6622516556291391
061106,96.428571,57.26183920736704,51.51583465346854,4.07625164288105,96.15384615384616,8.649455899265197,8.649455899265213,32.74613464901907,94.33962264150944,7.5471698113209404,12.075471698113338,25.283018867924152,0.46296295523643494,0.0
061107,95.714286,66.98697395680237,75.22507481760762,2.851409093992365,98.3606557377049,35.485598727715406,59.312997133191224,1.6595732429570915,97.70114942528735,0.0,1.1904761904762167,32.73809523809541,0.0,0.5181347150259068
061108,100.0,10.015351696297639,15.023027544446467,14.979165555024647,85.0,12.525692879461051,12.525692879460987,0.0,100.0,100.0,100.0,0.0,0.0,2.7027027027027026
061109,91.071429,1.9643963388607182,12.818762281455449,3.555987841493604,97.91666666666666,23.507511456155086,34.545680232421525,12.480340130049349,97.82608695652173,0.0,0.0,52.71739130434805,3.1339030265808105,0.3067484662576687
061110,100.0,49.908757439515036,57.14937446860612,0.0,100.0,71.40821657563534,71.41534077416297,0.0,100.0,3.2258064516129457,3.22580645161294,32.25806451612877,0.44247788190841675,0.0
061111,92.727273,25.08386380689869,50.05769377373371,2.01655713736695,100.0,25.02437596651401,21.722836672480454,21.621518487199936,98.24561403508771,1.7543859649122422,5.2631578947367235,49.56140350877202,0.8823529481887817,0.6134969325153374
061112,100.0,44.47150458046658,44.42279633562675,0.0,86.8421052631579,18.643424017507236,24.857898690009538,6.441836768487007,100.0,0.0,1.9999999999999771,21.999999999999932,0.6191950440406799,0.0
061113,100.0,44.46789465863232,70.43320491864307,1.8453880107616039,100.0,10.359482426038776,41.3245989427887,10.331149735697148,98.11320754716981,4.159999999999992,8.319999999999984,16.000000000000057,0.36496350169181824,1.5267175572519083
061201,97.89916,14.35246468515929,24.314688644995634,26.163809350840186,98.73417721518987,22.68421176448067,25.26907104319498,25.089018043308258,99.32432432432432,3.0508474576270745,5.762711864406702,37.70653075737833,0.5873715281486511,0.8878127522195319
061202,98.780488,4.865852651538677,4.869077918430991,44.86736238711897,98.2456140350877,8.486662696298158,6.599692818857143,50.948186690906894,100.0,3.3898305084744824,3.389830508474481,49.15254237288184,0.8350730538368225,1.1961722488038278
061203,100.0,10.802389919838612,18.901496385872992,13.516417269021174,96.66666666666667,10.346961224676877,6.897974149784589,28.277568979741496,100.0,7.142857142857142,14.28571428571428,21.428571428571427,1.7094017267227173,2.6785714285714284
061204,100.0,5.656933546136825,16.98080184688983,15.090990161311156,96.96969696969697,6.2114918918374755,12.273104864897508,26.89010054020858,100.0,1.6949152542372996,3.3898305084745965,55.93220338983056,0.48899754881858826,1.078167115902965
061301,99.324324,12.926212861082963,13.658194215618474,12.826081346841622,96.24060150375938,13.359491536220403,11.518163543004482,12.071001150306296,99.39024390243902,11.58536585365847,18.292682926829173,24.303135888501927,0.522193193435669,0.17953321364452424
061302,93.333333,66.76413062933186,66.7641306293319,8.308967342667039,100.0,3.8619974142499345,7.723994828499787,19.151551390288805,96.66666666666667,10.344827586206893,44.827586206896555,10.344827586206893,0.0,0.0
061303,96.774194,21.520995861507632,18.90066457734445,15.511521690385559,96.7032967032967,18.557710159067685,22.853954856037987,12.296156467997001,97.84482758620692,6.080740964461858,9.137051578912144,26.22529279506029,0.8130081295967102,0.2555366269165247
061304,100.0,31.675820641591574,33.36994923303304,13.31868697345344,100.0,22.225170854649203,31.096131511194926,8.870960656545748,98.80952380952381,0.0,7.936507936508004,32.53968253968272,0.0,1.1976047904191618
061305,83.333333,6.723508967907681,6.723508967907681,29.87210482220772,88.88888888888889,7.831868614636177,13.363289403648555,30.39023150178202,100.0,2.5000000000000315,2.499999999999924,45.00000000000035,0.5617977380752563,0.5952380952380952
061306,95.0,43.70321771432909,78.21406790192249,0.0,100.00000000000003,45.8640136191363,72.96847101788406,2.0786630604131924,100.0,3.448275862068955,10.344827586206637,37.931034482758704,0.0,0.0
061307,92.063492,8.123443703785293,26.58782552141184,11.501337575878708,98.41269841269839,27.828044177334498,24.557339881769057,24.597926379311417,98.66666666666667,4.000000000000011,13.500000000000162,18.66666666666681,0.746268630027771,0.78125
061308,100.0,12.925137545491278,32.25623853787573,12.868532219638832,100.0,46.26943884146978,53.924853893437174,0.0,96.7741935483871,9.677419354838717,6.451612903225803,37.53665689149563,0.0,0.0
061310,100.0,64.2502405065571,49.93807727732161,0.0,100.0,13.5931504093563,9.062100272904257,4.573092205961401,97.2972972972973,8.108108108107913,5.4054054054052765,14.189189189189449,0.0,0.0
061311,94.594595,13.462700012229647,30.354267171551204,6.0756951814994355,97.5609756097561,28.178481075296087,26.009659705758548,7.327980691687279,100.0,0.0,7.547169811320832,30.188679245282955,1.0909091234207153,1.2552301255230125
070101,95.99386,39.84595633845013,31.34838504233586,3.6083867240221923,96.41056066449121,40.43495927951841,36.262515615304224,5.387439135599236,96.58637741266548,17.513819263750996,18.629869450441962,8.807241548293348,3.582331657409668,1.7381017381017378
070102,95.762213,47.182824899419764,33.30488257472459,2.651886817389138,95.99292869770183,47.35923925797947,39.72454326865442,2.91692599746649,96.03384452670547,23.120867881641853,22.5400468663268,5.797677200967801,3.4898924827575684,0.9526974631660573
070103,97.590361,46.033161002395275,35.90014174637348,2.8742053773213128,98.88059701492537,41.93618334725582,36.648336618201846,4.59224865854342,99.48253557567918,19.158643135559036,18.652592380921583,7.331612708776723,3.193277359008789,1.4065335753176045
070104,95.748031,43.17902109024879,28.429808697635288,4.060779275263026,95.6386292834891,45.772832487550886,38.45863600936858,5.974032673285938,96.37023593466425,22.524734946145863,22.04031610827591,5.9039189854352925,3.7962281703948975,2.0281233098972415
070105,96.774194,53.45046082949304,36.93548387096771,4.930875576036861,97.46835443037975,46.7113427649541,36.31173988582799,0.0,96.22641509433963,19.83228511530398,25.796645702306115,0.0,4.2682929039001465,0.927643784786642
070106,96.272258,40.707220418309745,35.87544679971876,3.6051645579446205,96.23829264547827,47.58629058661389,41.18682097508986,4.281493622240128,97.58632840028191,16.60881451198898,21.47404718950581,7.883566541348761,1.8421052694320679,1.0847679452330614
070107,95.905707,36.372839652430635,32.3266681660768,4.231917744810384,96.53631284916203,44.27028002891898,37.636101508789814,3.764621056558065,98.41269841269839,15.991990416833971,19.130865697854887,9.86498868762414,1.4267185926437378,1.2630141662399725
080101,99.321913,49.22133067307957,36.74834843622874,3.0609049819485694,99.49554896142432,52.086064327521996,47.837911709699824,2.8178643567474593,99.06481780070943,22.107784270516404,23.81465866197205,7.506539588710635,0.5546227097511292,0.2391846921797005
080103,92.537313,24.029850746268746,20.831556503198367,8.08102345415778,100.0,18.181818181818173,9.090909090909092,7.27272727272727,100.0,8.69565217391305,8.695652173913036,24.63768115942031,0.38759690523147583,1.8218623481781375
080104,98.84058,40.283468531547214,36.124708954678376,5.2241069780639116,98.24561403508774,41.96079410895144,37.27294315423482,4.2463159436075575,98.42931937172776,20.040766467466753,25.97281581805365,8.815129601188522,0.23824650049209595,0.3117206982543641
080105,98.635887,34.689912231469116,27.211937564915527,3.633972738749243,98.82845188284519,47.1246248774163,42.88532998457207,2.991682327392237,99.58027282266528,18.450338428020146,20.09931982278204,7.709533108821737,0.6035133004188538,0.3234850118611171
080106,97.326203,42.541002979971225,35.65756379051934,5.0472867975020135,97.506678539626,50.276243895336556,42.99355662139483,4.85535353407983,98.71428571428574,19.35343618712491,24.280307792413208,8.800391284743721,0.7197943329811096,0.5376344086021506
080107,97.142857,8.571428571428564,7.142857142857135,24.353741496598612,96.34146341463415,18.677792041078284,18.67779204107829,11.745827984595621,98.71794871794873,2.7192982456140378,10.96491228070174,21.052631578947352,0.0,0.41551246537396125
080108,99.055118,52.977218854361695,40.27329839772681,2.466838631101086,97.95321637426902,54.33296134185112,44.39289812261332,2.4522849189208906,98.8349514563107,30.366683866953082,31.239228332599993,4.680771560373977,0.48944205045700073,0.2046105579047879
080201,86.0,22.15306122448976,24.90022675736957,14.35147392290248,100.0,52.17391304347826,43.47826086956522,0.0,100.0,6.250000000000008,12.500000000000034,26.87500000000002,0.3322259187698364,0.5628517823639775
080202,100.0,10.909090909090898,7.272727272727295,10.909090909090915,100.0,9.52380952380953,16.666666666666657,11.90476190476191,100.0,12.499999999999993,16.666666666666647,18.749999999999975,0.0,0.6134969325153374
080203,96.551724,3.4421107760099914,0.0,42.6631661640149,100.0,10.313619508516123,10.313619508516132,20.778078059204304,100.0,0.0,0.0,51.724137931034456,0.0,0.6802721088435374
080204,100.0,11.11111111111111,0.0,11.11111111111111,100.0,12.500000000000004,12.5,0.0,100.0,8.333333333333336,8.333333333333332,33.33333333333334,0.0,0.0
080205,97.435897,12.14489214489215,14.204314204314246,11.648351648351671,99.06542056074767,14.434060228452761,30.477673935617883,12.149532710280408,97.76536312849163,7.439606741573043,9.201193820224725,30.629915730336954,0.35545024275779724,0.2621231979030144
080206,100.0,0.0,0.0,40.0,100.0,12.5,12.5,12.5,100.0,2.777777777777767,2.7777777777777586,44.444444444444485,0.0,0.0
080207,100.0,19.04761904761903,19.047619047619026,15.87301587301586,97.05882352941177,12.215232393134142,10.698442936842719,32.46081293859223,100.0,7.526881720430105,11.827956989247282,29.032258064516164,0.0,0.3508771929824561
080301,99.085366,21.862014432222946,22.44251412420694,8.666180000297034,99.5294117647059,37.668053451370284,37.86463361780943,6.29049350967273,99.29245283018868,11.696428571428605,20.047619047619126,15.982142857142875,0.27192386984825134,0.29890401859847227
080302,94.845361,14.581763236784548,10.355316817173293,26.489204890314657,99.0,25.211284431161967,17.22236395590867,13.102621263292589,100.0,3.478260869565212,5.21739130434781,39.13043478260862,0.12690354883670807,0.5319148936170213
080303,100.0,13.043478260869563,4.347826086956521,21.739130434782606,100.0,50.000000000000036,36.842105263157904,2.6315789473684266,98.0,20.40816326530614,12.430426716140994,10.667903525046356,0.0,0.646551724137931
080304,100.0,0.0,9.523809523809524,23.80952380952381,100.0,11.694281133083926,23.474078033137367,35.42490646712986,98.85057471264368,3.5224323322209936,7.044864664441991,42.82536151279194,0.9153317809104919,0.0
080305,99.009901,6.291783024456312,8.271981044258277,30.845392231530848,100.0,8.461990656229695,13.539185049967518,22.02592741561214,98.91304347826086,4.462204462204469,7.808857808857816,37.77888777888776,0.8421052694320679,0.851063829787234
080306,94.615385,19.814609700491374,21.720042997098062,20.735312106034367,99.18032786885247,33.3728868066177,34.179175351759696,15.85696323973868,96.81528662420382,3.320086377411222,7.306512784219805,28.10096720924739,1.127819538116455,1.7218543046357615
080307,100.0,9.992791139655294,15.00360443017234,22.49819778491381,100.0,37.49999999999999,27.500000000000004,4.999999999999998,100.0,3.1249999999999987,12.49999999999999,15.624999999999991,0.0,0.9523809523809524
080308,100.0,6.900726392251814,10.209846650524609,13.841807909604514,96.55172413793103,37.54789272030652,31.99233716475094,1.8199233716475094,100.0,9.090909090909093,18.18181818181816,13.636363636363638,0.31152647733688354,0.35335689045936397
080309,97.222222,2.9007851799111575,5.8015703598223185,20.76326422038497,100.0,20.7069755760658,17.222326866327627,24.19162428580398,100.0,4.761904761904761,23.8095238095238,19.047619047619044,0.0,0.43478260869565216
080401,98.636364,32.37303725476286,31.190088407399166,10.552807349752864,97.75,42.24574012242927,42.939544571865184,4.894739107880815,98.44444444444444,12.96114081996436,16.57661867544227,18.84072398190044,0.4911591410636902,0.7258330583965688
080402,100.0,9.928447131016203,11.455900535787922,38.85463891560187,100.0,42.15356592405774,42.153565924057744,23.27308392882161,96.82539682539682,3.713527851458889,7.427055702917765,50.13262599469501,0.0,0.36900369003690037
080403,98.630137,15.068493150684976,26.6596417281349,14.462592202318202,98.82352941176471,25.12709953781984,37.63926464509823,16.23262127531656,99.20634920634922,3.227513227513233,8.042328042328045,40.648148148148046,0.34246575832366943,0.0
080404,100.0,2.4363708669469455,16.938921082200267,11.022674191064139,100.0,4.434750026763727,5.920137030296539,35.392356278771,99.2,4.018604651162786,6.455813953488368,40.986046511627784,0.3164556920528412,0.6956521739130435
080405,98.802395,22.692115768463044,19.560878243512978,26.946107784431128,96.41025641025641,21.874778453837877,23.136637816057693,12.193764841673058,99.59514170040487,8.478057889822601,16.115779645191452,26.064425770308063,0.5600000023841858,0.4807692307692308
080406,98.701299,11.783795735245482,9.252282145067056,16.97665487281128,100.0,23.792953458025206,14.275772074815116,14.345367551109167,100.0,6.896551724137935,10.344827586206904,38.79310344827573,0.2012072503566742,0.0
080407,96.0,0.0,4.370658600720464,12.360543235396932,97.14285714285714,15.737093323092127,9.391013331870306,15.224666703242443,96.42857142857143,11.538461538461545,11.538461538461542,26.923076923076938,0.0,1.048951048951049
080408,99.236641,16.15872812872182,12.345592173099886,13.398450926007255,98.63013698630135,24.205770265820973,19.86621709274653,12.846200177043125,100.0,6.208530805687194,7.652900022568261,20.521327014217956,0.16515277326107025,0.3009027081243731
080501,100.0,10.485597055962081,8.868491180576115,14.512076477306364,97.32142857142857,36.09183455307952,43.12007236247021,10.13778472165118,99.53703703703702,4.71044231646147,11.755965952272396,29.56756345949227,0.23174971342086792,0.25477707006369427
080502,100.0,2.1290933392737714,0.0,42.526732011583796,100.0,1.687802770835262,0.0,66.24394458329476,97.6,0.7999999999999976,0.8340425531914929,41.72580943570763,1.0822510719299316,0.5291005291005291
080503,100.0,10.70545944731525,14.27394592975366,25.06178386879342,98.57142857142858,26.539139257448298,26.56865999077138,27.791800575843183,97.19626168224299,5.700934579439267,12.336448598130884,42.0404984423676,0.0,0.0
080504,100.0,0.0,6.902715585728719,27.63072367470741,100.0,13.591187675998015,18.12158356799736,18.121583567997355,100.0,6.000000000000009,10.000000000000007,27.99999999999998,0.0,0.7407407407407408
080505,97.647059,10.823472541388963,15.581221748335128,28.187719986018624,100.0,12.046709036131336,13.232027796714544,27.772524355111845,99.08256880733946,5.504587155963297,11.146788990825643,27.798165137614657,0.0,0.0
080506,95.238095,24.902265555084544,21.1233850612452,9.532952646934088,100.0,16.666666666666664,25.0,8.333333333333332,100.0,0.0,0.0,55.55555555555557,0.0,0.0
080507,100.0,3.846153846153825,3.8461538461538707,15.384615384615348,100.0,8.333333333333329,8.333333333333337,16.66666666666669,98.71794871794873,2.5974025974026054,9.090909090909104,46.03174603174596,0.0,0.0
080508,100.0,7.142857142857166,7.142857142857167,21.42857142857141,100.0,10.526315789473674,10.526315789473676,10.526315789473685,100.0,0.0,4.545454545454571,36.36363636363637,0.0,0.0
080601,99.093904,38.01086674444275,43.620448020016326,6.740305602269224,99.27470534904803,46.11646579138153,47.80249067907537,3.7167748958678075,98.4189723320158,15.429280791650262,24.941827042330658,15.685334000393562,0.0836353525519371,0.2556092019312695
080602,94.736842,12.385433350529244,12.272372468892065,26.591886949921943,100.0,34.374999999999986,34.375,3.124999999999999,100.0,4.494382022471916,10.112359550561804,34.83146067415731,0.0,0.0
080603,100.0,19.15385388403177,32.83517808691168,10.992434356920258,100.0,31.946135118685326,33.333333333333336,4.161594643944004,98.01980198019803,2.031631734602033,13.128455702713119,26.23119454802621,0.17301037907600403,0.17211703958691912
080604,99.285714,12.499244657263352,11.825969603542415,12.95374924445366,100.0,28.671339143978198,22.117890196783183,12.299697487045863,97.79411764705883,0.0,2.2558922558922534,39.36026936026932,0.14598539471626282,0.34305317324185247
080605,99.0,6.082600583008981,5.048672173638155,31.295718982895604,100.0,19.07131011608624,15.695186618348595,31.586921360276794,98.13084112149532,2.8694968553459175,5.738993710691845,39.43380811444079,0.4907975494861603,0.5134788189987163
080606,100.0,0.0,7.880242419353248,25.126604616454962,100.0,15.384615384615378,12.820512820512823,28.205128205128233,100.0,4.255319148936174,6.382978723404268,36.170212765957416,1.1235954761505127,0.8620689655172413
080607,95.238095,20.0,14.999999999999998,30.0,100.0,33.33333333333333,33.333333333333336,0.0,100.0,0.0,10.0,20.000000000000007,0.7246376872062683,0.0
080608,100.0,20.689655172413772,25.86206896551721,10.34482758620689,100.0,36.58536585365854,43.90243902439025,9.756097560975624,100.0,16.85393258426968,23.59550561797755,12.359550561797752,0.0,0.0
080701,99.765258,15.772772839902052,16.694790964125556,12.849685973312358,99.06759906759906,30.1538101014718,28.280075519066816,13.839687727975042,99.65034965034964,8.803065755675476,13.02305556422176,30.110452479747025,0.20033389329910278,0.35959463877084014
080702,98.245614,3.633208511571117,3.633208511571117,21.14624297388275,100.0,16.413436930809514,13.891130426763215,24.054135060982663,96.1038961038961,2.597402597402602,5.1948051948052045,39.740259740259674,0.2364066243171692,0.7672634271099744
080703,100.0,16.932122523545168,13.532040935776234,8.490448910093832,100.0,18.644542743339816,20.850263205300152,16.550909709573467,97.72727272727273,2.950879765395899,4.68774116375983,46.948094543209464,0.14903129637241364,0.15698587127158556
080704,98.901099,10.968837222685842,19.74390700083455,17.140637396154837,100.0,13.491624120891506,13.47522093047098,29.226384531791428,100.0,2.0000000000000036,1.5,25.49999999999994,0.10405827313661575,0.2120890774125133
080705,97.887324,3.5458112135566107,2.124218699365721,40.37609192911187,100.0,6.566396555332951,4.918817091768085,36.83730526567593,98.06451612903224,0.7859454461396181,1.4497907701791126,48.97638840180137,0.14524328708648682,0.5413766434648105
080706,97.368421,14.916924812341405,18.951672714979697,25.522465978747096,100.0,13.670605876682496,27.36977400121391,23.606697847120575,99.13043478260872,3.5087719298245688,7.934609250398757,45.25518341307803,0.0,1.0869565217391304
080707,97.647059,5.941566639773879,8.237206924796634,35.35357889961176,100.0,25.56955173940856,26.915317620430066,20.363627417212022,98.91304347826086,1.0869565217391333,6.5217391304347965,50.501672240802534,0.6465517282485962,0.9569377990430622
080708,100.0,22.215099507561426,19.99358955680529,5.553774876890339,97.9381443298969,22.659913005818453,30.242437087069113,17.60031634247838,99.17355371900827,5.968778696051434,0.826446280991739,42.653810835629024,0.21276596188545227,0.21810250817884408
080801,99.04502,33.59377365943131,36.313638985721404,4.528685616849961,99.40546967895365,41.40977999659398,44.83198317790353,4.252992434148338,99.86320109439124,18.286891679748813,37.405808477237066,10.176609105180532,0.06942033767700195,0.21056325671170378
080802,100.0,36.36363636363637,27.27272727272728,0.0,100.0,33.333333333333336,33.333333333333336,0.0,100.0,0.0,14.28571428571426,0.0,0.0,1.4285714285714286
080803,100.0,4.339115785639483,8.678231571278966,9.32672481641202,100.0,11.467505241090162,19.11250873515027,11.635220125786146,99.23076923076923,2.430555555555551,12.003968253968248,26.43849206349201,0.6033182740211487,1.0452961672473868
080804,100.0,0.0,0.0,49.979430793971346,100.0,14.285714285714285,14.285714285714285,14.285714285714285,100.0,0.0,0.0,33.33333333333334,0.0,0.0
080805,100.0,16.087685239892433,21.83991897073539,6.894722245668189,100.0,26.66666666666666,25.0,13.333333333333325,99.01960784313727,9.908218606591586,11.848143512724253,22.799332498957067,0.0,0.13440860215053765
080806,100.0,18.75,31.249999999999996,12.5,100.0,11.111111111111112,33.333333333333336,0.0,100.0,1.8518518518518614,24.074074074074176,33.33333333333337,0.9523809552192688,0.5494505494505495
080807,60.0,,,,100.0,39.92714025500911,9.963570127504557,5.0546448087431655,100.0,8.695652173913066,13.043478260869573,21.73913043478259,0.0,0.0
080808,100.0,0.0,0.0,50.00000000000001,100.0,7.1428571428571415,21.428571428571427,0.0,100.0,3.846153846153845,19.23076923076922,26.923076923076906,0.0,0.7462686567164178
080901,98.556999,35.96976753315042,30.894071806181827,5.522794161575775,99.42279942279943,38.840664598168836,37.676430265579484,7.282951586293805,98.28815977175464,10.398341757570275,14.745290032760058,14.787165416582345,0.44890978932380676,0.3751563151313047
080902,96.480331,15.886548796432677,11.443595777300548,15.895513242443435,94.72295514511873,22.297422160822848,19.43915491307364,10.409705354389095,97.67441860465115,3.837306495512452,4.790586056495843,28.58305483586979,1.1263073682785034,1.808066759388039
080903,98.4375,41.458579932346545,43.029389263789696,4.703414482255648,100.0,35.89743589743589,33.333333333333336,10.256410256410254,100.0,1.7543859649122733,8.771929824561393,22.80701754385966,0.5291005373001099,1.4044943820224718
080904,95.833333,19.722222222222243,12.619047619047633,2.7777777777777817,98.57142857142858,61.75299603201109,47.81550664862399,3.027619416615927,100.0,1.428571428571422,1.4285714285714288,10.000000000000005,0.0,1.643835616438356
080905,100.0,17.72708440784298,27.396403175757317,11.299473243652319,100.0,14.06250000000001,18.750000000000018,15.624999999999996,98.4126984126984,1.6129032258064533,6.74486803519062,36.0703812316716,0.42918455600738525,0.0
080906,95.652174,11.13535087684103,9.929505430167566,11.393111020594686,95.19999999999999,20.28419197518712,25.35636141016208,12.328692574440382,91.96428571428572,,,,0.11961722373962402,0.6605019815059445
080907,96.072508,7.89797066451879,10.333307185210346,22.758667669488663,97.88732394366197,17.547651758589346,15.509822322620026,17.130077096784245,95.48387096774194,2.3702549055565774,4.398462897821057,34.89362402680755,0.35545024275779724,0.6918573709419904
080908,95.876289,21.195256951112928,21.15571356127879,10.524799585684477,98.82352941176471,43.65712190084642,41.21070866749669,13.083036567358672,98.88888888888889,7.954545454545471,12.500000000000025,18.425324675324653,0.18315018713474274,0.4166666666666667
080909,99.547511,10.929518902459284,8.251745492029114,17.67141970894523,96.7391304347826,18.2476060067515,15.70870678241651,26.239243093424697,98.46153846153847,5.735215293907448,5.181347150259072,24.27949038633329,0.78125,0.47732696897374705
080910,96.363636,9.310532388616865,9.195349659069525,15.989272168250858,96.22356495468279,18.635309416139982,20.973495079194155,17.431598335830895,93.89204545454547,5.952131679890792,13.416751278021,28.877801197488566,0.7786988019943237,1.1989854738298362
080911,100.0,9.844085459501597,16.902937368831527,14.170774265657764,100.0,15.921972552291628,12.728371263342641,23.76787409730415,97.5,0.0,1.2499999999999936,51.562500000000036,0.767754316329956,0.4132231404958678
080912,97.619048,9.729278756330055,7.336229459764235,26.794786972424347,100.0,4.865898679001913,7.298848018502873,19.5347595961393,89.47368421052632,2.913533834586467,0.0,29.761904761904702,0.0,2.097902097902098
081001,100.0,7.137952987878718,2.379317662626239,11.896588313131199,97.5609756097561,37.83366776115775,40.743949896631406,8.315091815639065,100.0,18.918918918918916,27.027027027027,21.621621621621614,0.0,0.7936507936507936
081002,100.0,8.163265306122444,8.163265306122442,20.408163265306104,100.0,53.84615384615383,33.333333333333336,10.256410256410254,95.0,9.224709784411282,11.83665008291875,40.816749585406306,0.0,0.0
081003,100.0,8.799999999999999,2.97142857142857,29.714285714285708,97.72727272727273,26.76480344999171,19.05291093050257,16.01011776413998,100.0,5.714285714285718,8.571428571428545,34.28571428571431,0.34246575832366943,0.0
081004,100.0,8.349303135888508,16.698606271777013,13.358885017421615,,,,,91.30434782608695,0.0,0.0,42.85714285714285,1.1904761791229248,0.0
081005,97.826087,16.144172512755155,6.918931076895063,21.655344615524683,100.0,36.24316713599471,33.97796918999505,9.160178896803044,98.93617021276596,0.0,2.150537634408606,44.56391875746711,0.190476194024086,0.0
081006,98.571429,0.0,1.4319755585601006,56.76523057135731,100.0,10.022749599296832,5.739103458973166,44.271237267979934,96.89922480620154,0.0,4.268077601410927,41.90917107583768,0.1485884040594101,1.1725293132328307
081007,100.0,5.537799988378168,5.537799988378168,48.63952001859493,100.0,33.33333333333333,16.666666666666664,0.0,96.66666666666667,0.0,0.0,51.56862745098041,0.9009009003639221,0.0
081008,100.0,16.666666666666668,0.0,0.0,100.0,11.11111111111111,22.22222222222222,22.22222222222222,100.0,0.0,0.0,35.71428571428572,1.9607843160629272,0.0
081009,100.0,3.1165688310414343,0.0,21.90591428618141,100.0,28.988474814251457,25.788334405897167,6.49388638623998,100.0,8.695652173913068,13.043478260869593,30.43478260869565,0.0,0.42194092827004215
081101,100.0,11.724283379321298,20.657070715947054,16.906389684645823,95.6043956043956,,,,97.05882352941177,2.9850746268656763,8.955223880597048,36.395522388059646,0.4789781868457794,0.8522727272727272
081102,100.0,4.154677827186324,8.309355654372649,25.047955357921374,100.0,8.060416817950761,19.91866966814321,16.062740541718096,100.0,1.6129032258064557,6.451612903225799,29.03225806451616,0.0,0.9090909090909091
081103,97.368421,10.920463465474862,15.895608846156318,29.533612514318893,98.47328244274811,15.619510407862844,38.6020815381977,20.28944661302368,99.51690821256038,1.4705882352941178,3.92156862745099,48.77450980392152,0.26501765847206116,0.6660323501427212
081104,98.947368,8.520812080105104,14.056264762377465,23.22924076575945,100.0,11.182663804558933,14.537462945926618,42.85393028723295,99.0867579908676,0.9132420091324198,3.750815394651006,43.60730593607298,0.0,1.092896174863388
081105,98.26087,15.835671166851904,5.281079331968432,15.72973556010522,99.20634920634922,6.392468509828421,16.71194665194463,18.86722552338335,99.35483870967742,0.6493506493506513,3.8961038961038996,37.41496598639454,0.4410143196582794,0.12360939431396785
081106,91.22807,,,,97.9381443298969,14.72754050073638,16.82621502209132,12.665684830633287,91.11111111111111,2.247191011235958,6.005424254165058,32.70050368074396,0.5336179137229919,1.7699115044247788
081201,99.404762,35.53310801721805,36.72663186037115,2.4174191216034373,100.0,41.11586757990865,36.425038051750356,6.7874809741248,88.76404494382022,,,,0.15625,0.21941854086670326
081202,99.319728,28.19643980502059,29.69631672392617,7.540792166572116,100.0,39.336280577659885,30.953138815207787,3.2431476569407556,99.36305732484077,11.715367965368,15.584415584415586,19.128787878787932,0.5274261832237244,0.45610034207525657
081203,100.0,12.82202900108856,5.122898496190095,10.275362513606835,100.0,28.22720254526738,7.7153417863659755,12.796518972535441,95.0,0.0,7.894736842105261,21.05263157894738,0.28248587250709534,0.9146341463414633
081204,100.0,14.285714285714286,14.285714285714286,0.0,100.0,3.703703703703703,3.7037037037037033,33.33333333333332,100.0,0.0,5.17241379310343,39.6551724137931,0.3003003001213074,1.0033444816053512
081205,100.0,3.1249999999999973,5.208333333333328,28.124999999999986,100.0,10.29411764705882,11.76470588235294,24.264705882352935,99.3920972644377,0.6179261641287563,3.4063543568887424,45.53106970585451,0.0,0.0
081206,98.4375,17.303727038415936,21.121384445444455,6.3869001350079655,98.0,26.724126559068168,22.57507601590894,12.080098672277446,100.0,3.846153846153854,6.410256410256422,29.487179487179443,0.3780718445777893,0.6521739130434783
081207,100.0,3.1249999999999987,0.0,21.874999999999993,100.0,11.764705882352937,8.823529411764707,17.647058823529406,100.0,2.6666666666666745,5.333333333333337,45.33333333333331,0.3164556920528412,1.0380622837370241
081208,100.0,13.33333333333338,16.66666666666667,19.999999999999964,100.0,27.57588815474481,28.885377765010062,6.6432059752944514,97.10144927536231,13.725490196078463,15.196078431372568,14.787581699346388,0.18450184166431427,0.6134969325153374
081209,100.0,13.605431385923497,10.599451150838354,19.687187703240753,100.0,7.55605751749215,12.142581675940722,28.87168751032999,100.0,3.2258064516129075,9.677419354838708,39.78494623655912,0.8319467306137085,0.5628517823639775
081210,98.550725,12.312661498708028,22.633025370579674,12.541396538392924,99.01960784313727,27.302207201943812,31.61338162991986,14.018503704635776,98.70410367170624,3.256939859788109,5.426137256751247,43.98574765188532,0.2283974140882492,0.2772277227722772
081211,97.014925,17.477962209811363,11.593920878008893,11.9865146237522,98.0,22.727818877769952,22.807348793033405,19.026530950868807,96.7741935483871,4.694925403559743,8.059728114767692,20.316222655403955,0.1686340570449829,0.3472222222222222
081212,99.029126,9.872981416578336,20.721838295768485,19.55849336024404,100.0,15.603939865215132,18.321376611649026,20.217729393468108,99.61538461538461,0.772200772200774,7.73487773487775,44.64607464607467,0.27835768461227417,0.6611570247933884
081301,91.463415,35.23636465809454,28.101538964627533,8.247981884144378,98.73949579831933,34.64348191417927,29.39886667518752,7.323635142773314,99.184339314845,14.649522608539112,21.2147961328289,11.995661442382834,0.47031158208847046,0.5584950029394474
081302,100.0,20.695171286347907,29.855454693491932,10.996554795985775,99.43181818181822,35.455637237062334,37.13243321930266,9.317323989061357,100.0,4.166666666666668,15.97222222222221,18.74999999999999,0.0,0.5359877488514548
081303,100.0,24.509803921568675,27.254901960784334,11.960784313725398,97.2972972972973,29.523809523809515,37.61904761904762,9.047619047619044,100.0,1.88679245283019,3.7735849056603725,37.7358490566038,0.554016649723053,1.6891891891891893
081304,100.0,21.53846153846149,15.384615384615369,0.0,100.0,23.160963019002285,24.378087312536188,3.6513728806016785,100.0,13.043478260869568,17.39130434782607,6.521739130434785,1.1257035732269287,0.7067137809187279
081305,98.888889,14.646464646464693,22.424242424242443,28.181818181818116,100.0,36.58536585365854,40.24390243902439,8.536585365853663,98.88888888888889,3.3333333333333366,7.7777777777777795,29.44444444444439,0.16313213109970093,1.5414258188824663
081306,100.0,17.033841709635357,14.813707523140996,18.526744113809936,99.09909909909909,18.14675086798436,22.672298313239835,18.946936766997464,99.42196531791907,2.9411764705882435,8.235294117647092,41.317647058823404,1.2334802150726318,0.8456659619450317
081307,100.0,35.48387096774198,19.354838709677477,4.838709677419393,98.09523809523809,37.799352750809106,24.746494066882445,2.0280474649406703,100.0,10.37735849056605,23.5849056603774,5.660377358490573,0.8391608595848083,0.6963788300835655
090101,98.817967,40.53537584840551,34.153455931372044,3.563183710700744,99.20273348519362,47.2309413558459,45.24468029816988,4.205428682957916,98.75000000000004,13.056707764423775,18.655749686655703,14.816821633394733,0.26752275228500366,0.3282275711159737
090102,100.0,0.0,0.0,71.42857142857143,95.83333333333334,9.174684537064259,13.531644328669687,17.42783916642171,89.74358974358975,2.564102564102571,15.38461538461541,19.487179487179443,1.1695905923843384,1.4598540145985401
090103,100.0,13.447803832877014,14.244902817691743,21.142891152413764,98.14814814814817,14.524173241947397,21.77872193082116,21.905226716049718,95.89442815249271,0.0,2.2003429039357174,45.168070452501546,0.22421523928642273,0.5593536357986327
090104,100.0,0.0,8.33333333333335,16.666666666666654,100.0,40.0,20.0,0.0,93.75,13.333333333333336,13.333333333333336,26.66666666666667,0.0,0.0
090105,96.774194,12.903225806451655,38.709677419354975,20.4301075268817,92.85714285714286,8.124821070712777,12.187231606069167,27.213951712949896,100.0,0.0,25.925925925925863,51.851851851851904,0.0,3.488372093023256
090106,96.875,28.124999999999886,31.249999999999893,6.250000000000005,100.0,6.118214335118458,4.0788095567456395,32.66999980238332,97.2972972972973,2.7777777777777777,2.7777777777777795,41.66666666666667,0.4219409227371216,0.0
090107,100.0,11.111111111111109,11.111111111111109,0.0,100.0,0.0,12.5,12.5,100.0,0.0,0.0,0.0,0.0,0.0
090108,100.0,42.10526315789473,52.631578947368425,0.0,100.0,47.36842105263158,47.36842105263158,0.0,100.0,8.571428571428577,11.428571428571427,25.71428571428573,0.8695651888847351,0.0
090109,85.714286,16.666666666666664,0.0,0.0,100.0,80.0,60.0,0.0,100.0,11.111111111111112,55.55555555555555,0.0,0.0,0.0
090110,100.0,0.0,0.0,21.428571428571438,100.0,0.0,0.0,33.33333333333333,79.16666666666666,,,,1.0309277772903442,2.272727272727273
090111,100.0,18.749999999999996,24.999999999999993,6.249999999999998,100.0,15.384615384615394,26.923076923076938,23.07692307692309,100.0,6.250000000000003,9.374999999999996,25.00000000000001,1.5384615659713745,0.8771929824561403
090112,100.0,50.0,33.333333333333336,0.0,100.0,83.33333333333333,66.66666666666667,0.0,100.0,0.0,9.090909090909092,27.27272727272728,0.0,2.127659574468085
090113,100.0,13.360323886639671,46.82860998650479,2.564102564102559,100.0,19.994479712945072,34.27822246756832,5.724537675959189,97.5609756097561,5.006418485237483,2.567394094993576,34.40308087291406,1.1173183917999268,3.7267080745341614
090114,100.0,20.000000000000036,11.428571428571427,0.0,100.0,18.882561905756862,10.79563264026743,24.37833037300198,78.04878048780488,,,,0.0,5.128205128205128
090115,100.0,14.285714285714283,28.571428571428566,28.571428571428566,100.0,20.0,0.0,0.0,100.0,0.0,16.666666666666668,8.333333333333336,2.2727272510528564,0.0
090116,100.0,5.55555555555555,22.2222222222222,33.33333333333336,100.0,3.2258064516129052,6.4516129032258105,32.25806451612906,100.0,0.0,7.407407407407396,35.185185185185176,1.5789474248886108,0.684931506849315
090117,98.4,3.044877913813378,6.763319268635722,32.54396647529448,98.55072463768117,7.741806842288606,9.455001713546084,29.288348736366075,92.27557411273486,0.23410066328521284,1.35540354720951,61.68202516885103,0.21466904878616333,0.6165228113440198
090118,99.082569,33.72908796546138,32.81165677280084,4.58715596330275,96.52173913043478,28.421828908554573,32.05014749262538,6.489675516224169,96.875,7.819904982573635,12.31709679919399,21.349958137814156,0.5376344323158264,0.8383233532934131
090119,96.491228,9.110495537088354,10.00000000000001,25.698794895470808,98.63013698630137,13.884595223054081,16.65210553905295,29.73427062191689,98.07692307692307,3.9989680082559294,2.9927760577915383,32.951496388028936,0.1555209904909134,0.9259259259259258
090201,99.350649,24.316473000683587,25.546821599453242,2.6144907723855155,100.0,47.86932401890282,49.68387683818132,3.032081951334061,98.66071428571429,4.621982537236765,9.206471494607081,22.615819209039536,0.0874890610575676,0.4484304932735426
090202,93.939394,15.151515151515161,18.181818181818194,32.2314049586777,100.0,24.999999999999915,24.999999999999954,0.0,91.13924050632912,2.5316455696202462,5.561676830830726,43.127658484087526,0.9708737730979919,0.0
090203,100.0,1.9999999999999962,1.9999999999999931,26.00000000000007,96.36363636363636,5.45454545454544,9.421487603305712,21.18063754427392,92.45283018867924,1.0766045548654204,4.057971014492748,51.3721061547148,0.18796992301940918,0.9111617312072893
090204,100.0,39.99999999999999,26.666666666666657,0.0,100.0,12.499999999999996,37.49999999999999,0.0,97.05882352941177,3.1897926634768656,0.0,25.19936204146727,0.0,1.1976047904191618
090205,100.0,0.0,0.0,24.999999999999993,100.0,41.663308888709786,41.70360222419224,0.0,100.0,0.0,0.0,26.923076923076966,1.6129032373428345,1.7543859649122806
090206,100.0,35.555555555555614,50.000000000000085,13.333333333333306,100.0,21.138211382113784,20.325203252032487,8.130081300812998,97.39776951672863,3.0832678711704546,12.784760408483855,35.10850353495673,0.0,0.3250975292587776
090207,100.0,57.14285714285711,35.71428571428569,0.0,100.0,5.88235294117647,0.0,5.88235294117647,100.0,2.2727272727272716,11.363636363636367,27.27272727272728,1.2658227682113647,0.8547008547008548
090208,98.214286,17.8571428571428,28.57142857142849,30.68181818181827,96.29629629629628,14.039004616362616,18.08222960932865,26.66340151933565,97.24770642201835,1.8518518518518496,1.8518518518518559,57.539682539682424,0.0,1.7902813299232736
090301,99.723757,43.002821206065846,58.16582422318882,8.95027624309394,98.83990719257538,33.95696982635136,50.236457057323136,8.373477778660893,98.18456883509835,4.937524598008588,6.011903600840694,35.792514000973625,0.2123786360025406,0.7027192178429575
090302,100.0,7.812500000000006,18.75000000000001,15.625,100.0,6.171147687495346,12.319952334847692,36.90772324420942,96.82539682539682,0.5319148936170206,0.5319148936170206,65.1958341320043,0.0,0.7168458781362007
090303,100.0,27.272727272727273,90.9090909090909,0.0,100.0,40.0,10.0,0.0,100.0,0.0,0.0,23.076923076923084,0.0,0.0
090304,100.0,24.285714285714302,48.57142857142858,5.7142857142857,100.0,19.410642541260742,23.863340752088263,7.464520045090631,98.66666666666667,0.0,6.777777777777769,50.76495726495723,0.0,0.0
090305,100.0,33.33333333333333,83.33333333333333,0.0,,,,,100.0,0.0,0.0,33.333333333333336,0.0,0.0
090306,100.0,32.43243243243245,35.13513513513507,0.0,100.0,23.29870013043686,20.955336661719095,11.60437187963837,96.82539682539682,3.492063492063498,3.4920634920634948,29.14862914862915,0.5102040767669678,0.0
090307,93.181818,4.999999999999997,32.49999999999998,0.0,100.0,4.166666666666669,12.500000000000005,25.00000000000001,95.83333333333334,0.0,0.0,30.43478260869565,0.0,3.7037037037037033
090308,100.0,0.0,19.999999999999993,19.999999999999993,100.0,8.695652173913047,30.434782608695667,13.04347826086957,90.0,0.0,0.0,75.0,0.0,0.0
090309,100.0,24.999999999999993,12.499999999999996,0.0,85.71428571428571,16.666666666666664,16.666666666666664,33.33333333333333,83.87096774193549,0.0,3.846153846153847,19.23076923076922,0.0,1.0
090310,100.0,15.38461538461538,23.076923076923087,23.076923076923055,,,,,81.81818181818183,0.0,0.0,33.33333333333334,0.0,0.0
090311,100.0,9.523809523809522,23.809523809523807,28.57142857142859,100.0,6.261321096485932,6.231131505856779,25.045284385943727,100.0,0.0,8.33333333333334,37.500000000000014,0.0,2.3622047244094486
090312,91.666667,0.0,0.0,48.958333333333364,86.8421052631579,,,,92.0,2.666666666666656,2.740740740740738,44.425925925925924,0.2865329384803772,0.0
090401,96.721311,16.393442622950843,6.557377049180346,22.950819672131104,100.0,34.07516548281393,27.27772524355114,2.2694785916917626,96.82539682539682,3.174603174603162,3.174603174603171,46.753246753246756,0.5076141953468323,1.4124293785310735
090402,57.142857,,,,100.0,100.0,100.0,0.0,,,,,0.0,4.3478260869565215
090403,100.0,6.666666666666644,33.33333333333327,6.666666666666644,100.0,16.12953594403855,6.445568671538368,25.81350321653869,97.2972972972973,8.108108108108105,2.70270270270271,36.67953667953668,0.0,0.0
090404,100.0,6.249999999999996,6.249999999999996,0.0,100.0,24.999999999999993,49.999999999999986,0.0,100.0,2.564102564102571,0.0,23.0769230769231,0.7692307829856873,0.7936507936507936
090405,100.0,25.0,25.0,0.0,,,,,100.0,0.0,11.111111111111107,38.88888888888889,1.0,0.0
090406,85.714286,21.42857142857141,7.142857142857136,19.047619047619055,100.0,16.666666666666664,0.0,0.0,100.0,7.142857142857145,0.0,21.428571428571434,0.0,8.21917808219178
090407,85.714286,0.0,0.0,0.0,100.0,0.0,0.0,33.33333333333333,100.0,5.882352941176483,17.647058823529413,11.764705882352928,1.9607843160629272,0.0
090408,100.0,0.0,14.285714285714286,0.0,100.0,40.0,40.0,20.0,100.0,12.5,24.999999999999996,25.0,0.0,0.0
090409,91.666667,0.0,0.0,16.666666666666682,100.0,11.111111111111107,22.222222222222214,11.111111111111107,100.0,5.555555555555573,11.11111111111114,44.4444444444444,0.0,5.88235294117647
090410,100.0,0.0,0.0,0.0,,,,,90.0,0.0,11.111111111111112,11.111111111111112,0.0,8.064516129032258
090413,94.444444,29.41176470588235,17.647058823529413,0.0,95.83333333333334,17.625709853261352,17.625709853261352,12.770005171195114,90.47619047619048,31.29251700680274,31.292517006802733,0.0,0.0,0.6535947712418301
090501,100.0,29.29216867469884,27.974397590361473,4.932228915662656,99.02912621359224,27.880795548609516,39.29099910192369,11.961433853961905,99.31972789115646,3.535900718999299,6.36265143307395,22.495814045109793,0.16207455098628998,0.49180327868852464
090502,99.0,6.0000000000000036,8.000000000000002,26.749999999999996,100.0,8.314311034723435,8.323262704657507,32.43637600594405,95.74468085106385,0.7429922323539301,2.971968929415724,44.5132881303094,0.4103967249393463,0.29455081001472755
090503,98.113208,1.8867924528301967,3.7735849056603934,32.66509433962262,100.0,30.303030303030187,30.303030303030287,12.121212121212197,96.42857142857143,10.067873303167389,20.0226244343891,35.602632661456255,0.0,0.0
090504,100.0,2.6315789473684212,0.0,28.94736842105264,100.0,8.120807121042061,10.775535774883188,24.33631783653974,98.66666666666667,2.7070707070707063,6.747474747474751,21.45454545454549,0.0,1.2987012987012987
090506,93.75,7.6923076923076925,0.0,38.46153846153846,100.0,2.4999999999999885,2.5000000000000266,29.999999999999975,100.0,0.0,0.0,31.16883116883115,0.0,0.0
090507,100.0,17.24137931034486,17.241379310344865,13.793103448275845,98.71794871794873,42.80420555464805,56.124621588011124,13.307854639550905,94.92753623188403,3.024351924587587,7.677402461377334,27.505891594658312,0.15923567116260529,1.023890784982935
090508,100.0,40.47619047619047,47.619047619047606,0.0,100.0,41.18651787747666,17.626964245046683,5.875654748348895,100.0,15.38461538461539,30.76923076923077,23.076923076923084,0.0,0.0
090509,100.0,45.72192513368982,36.09625668449197,12.032085561497324,97.43589743589743,31.13553113553113,31.318681318681307,2.564102564102564,95.65217391304348,5.966386554621838,16.997708174178772,12.333842627960285,0.29411765933036804,0.0
090510,100.0,11.000000000000004,25.999999999999996,0.0,100.0,32.105880728879086,28.56156819436777,10.736471562672564,100.0,0.0,8.695652173913041,26.086956521739168,0.0,0.4830917874396135
090511,97.826087,10.869565217391303,19.56521739130432,20.434782608695645,100.0,39.97915581031778,23.077495719496792,3.0730291074220006,97.75280898876404,0.0,3.370786516853941,33.55602793805037,0.4219409227371216,0.851063829787234
090601,92.857143,33.33333333333336,13.888888888888896,5.555555555555558,100.0,60.00000000000001,45.714285714285744,0.0,100.0,17.647058823529424,11.764705882352938,20.58823529411766,0.0,0.0
090603,100.0,0.0,0.0,50.0,100.0,22.26994523783958,22.26994523783958,22.16256845270052,,,,,0.0,0.0
090605,100.0,14.285714285714288,14.285714285714288,0.0,100.0,0.0,0.0,20.0,100.0,0.0,12.499999999999998,25.0,0.0,0.0
090606,100.0,0.0,22.22222222222222,0.0,100.0,50.000000000000014,16.666666666666668,16.666666666666668,100.0,9.09090909090912,9.090909090909113,36.36363636363642,0.0,3.7037037037037033
090607,96.296296,28.39506172839502,11.111111111111116,22.222222222222236,96.42857142857143,15.984511132623384,11.988383349467536,25.00000000000001,95.6140350877193,1.7543859649122724,5.263157894736841,49.12280701754393,0.5617977380752563,2.555366269165247
090608,100.0,22.222222222222218,11.111111111111109,0.0,100.0,57.14285714285714,42.857142857142854,0.0,100.0,9.090909090909092,0.0,45.45454545454547,1.6393442153930664,0.0
090610,96.875,50.0,31.25000000000001,0.0,100.0,19.21149348479787,38.42298696959574,11.549170286223417,92.10526315789474,2.7777777777777657,2.777777777777769,27.91666666666669,0.0,0.0
090611,100.0,16.666666666666668,0.0,0.0,100.0,0.0,0.0,25.010065222642723,100.0,0.0,14.285714285714285,28.57142857142857,0.0,1.2048192771084338
090612,83.333333,50.0,50.0,0.0,100.0,0.0,0.0,20.0,100.0,0.0,28.57142857142857,0.0,0.0,0.0
090613,94.444444,23.333333333333375,50.00000000000013,5.555555555555543,100.0,0.0,0.0,20.0,100.0,0.0,0.0,50.000000000000064,0.4926108419895172,0.0
090614,66.666667,,,,,,,,100.0,0.0,20.0,40.0,2.127659559249878,0.0
090701,98.639456,39.349489795918466,44.430272108843624,6.349206349206353,98.83381924198252,52.935868290459496,51.79275745160342,4.747657980633437,99.37888198757763,15.055308283358285,19.49107477511242,14.78872282608692,0.5052825212478638,0.18674136321195145
090702,98.275862,10.344827586206916,3.4482758620689715,19.70443349753695,100.0,55.494328261921225,66.60394602440711,0.0,91.52542372881356,1.8733273862622615,1.6949152542372927,31.1626523936961,0.7092198729515076,0.37735849056603776
090703,97.222222,3.240740740740757,2.7777777777777763,23.148148148148177,100.0,22.222222222222104,61.11111111111096,0.0,94.11764705882352,2.0645161290322553,12.387096774193534,18.387096774193566,0.0,0.5102040816326531
090704,94.545455,13.68467895740625,7.983471074380158,11.308691308691294,100.0,11.620843270485476,23.26418575349859,20.942267020654366,94.52054794520548,5.838668373879637,13.213828425096018,29.91357234314985,0.0,1.3245033112582782
090705,94.78673,7.486099997948347,12.61607271085944,14.568022814468303,97.2972972972973,17.053563455341507,20.80689518429882,19.54625673346021,95.27896995708157,2.9979575336924342,3.633373757868686,36.515925628849956,0.3725782334804535,1.0393466963622866
090706,96.694215,6.743801652892568,10.181818181818185,21.369539551357764,96.69421487603306,36.45207862438971,41.485855131730375,4.622336903542567,98.28571428571429,4.347800168701931,9.229872758216784,25.889336309958498,0.30627870559692383,2.0066889632107023
090707,100.0,20.408163265306136,22.44897959183675,12.244897959183659,96.22641509433963,9.766718159653049,16.231606767295183,22.100467159262184,92.85714285714286,3.3333333333333224,7.766410912190966,24.68497543945107,0.3802281320095062,1.6597510373443984
090709,97.87234,5.3191489361702216,7.7338736913205,20.70246538331644,100.0,11.758567037304084,11.74907973131949,17.66156882091763,98.55072463768117,4.552238805970149,8.955223880596996,33.13432835820899,2.0066890716552734,0.7042253521126761
090710,91.304348,5.434782608695664,5.434782608695664,13.043478260869522,96.66666666666667,41.686805219913104,60.819236346060876,0.0,95.83333333333334,0.0,0.0,26.086956521739125,2.1126761436462402,0.8130081300813009
090711,95.652174,5.797101449275361,10.26570048309179,20.703933747411977,98.59154929577466,30.294134914577477,34.838255151764095,5.301473610051113,96.11650485436894,3.1100478468899446,8.297891192628033,35.226534349341335,0.6172839403152466,0.6263048016701461
090713,100.0,23.529411764705884,47.05882352941177,0.0,100.0,22.222222222222225,22.222222222222225,5.555555555555556,100.0,5.882352941176474,5.882352941176471,23.529411764705895,0.0,0.0
090714,98.648649,20.774345774345786,20.763620763620782,8.22072072072071,98.0392156862745,32.334784712143076,26.343492985002364,12.187711659409821,94.84536082474226,0.0,3.1994047619047623,27.485119047619065,0.17513135075569153,1.5686274509803921
090715,100.0,11.363636363636362,9.09090909090909,9.090909090909099,100.0,53.74321611776074,38.3986320719649,15.418927960746412,97.36842105263158,1.3333333333333357,12.444444444444457,28.888888888888836,0.5830903649330139,1.4450867052023122
090716,100.0,15.000000000000004,27.50000000000002,2.5000000000000018,100.0,26.162576969028596,23.791471372116547,7.147780534877313,100.0,2.222222222222211,13.33333333333334,22.222222222222225,1.3953487873077393,2.5773195876288657
090717,96.428571,7.656250000000002,5.8258928571428745,16.406249999999993,99.99999999999999,7.015310452524033,10.527209152323708,33.37576806871039,93.84615384615384,5.210426282921522,7.572631007330982,26.31046119235105,0.0,1.674641148325359
090718,100.0,9.090909090909088,9.090909090909088,6.060606060606059,98.11320754716981,15.316315205327399,15.316315205327433,23.529411764705884,89.87341772151899,1.2658227848101253,5.379746835443038,44.123948423618195,0.42553192377090454,0.4444444444444444
090719,94.827586,8.01724137931036,15.34482758620689,19.325096809883778,98.21428571428571,17.12088716848878,16.294239143012497,23.369331754538667,89.99999999999999,3.8176975436519744,7.7833678603137075,35.22104313758658,0.7849293351173401,0.5119453924914675
090720,97.333333,4.000000000000004,1.3333333333333326,42.33333333333334,95.52238805970148,10.277038999912506,6.435520079820331,34.71161072651478,96.875,3.1746031746031633,0.0,48.88888888888893,0.32894736528396606,0.3205128205128205
100101,96.330681,33.612451418604664,24.53911441542042,4.957085401383599,98.25716498838108,36.43702365264302,29.06973245959778,6.593149847110028,97.88084766093557,15.394431573129491,15.769386302316285,14.428009335858928,0.562008261680603,0.9637363316241429
100102,97.101449,30.298746778547578,22.638838648903384,9.043105367643923,95.73070607553359,32.58515589002492,27.415311155497097,10.417442803374758,97.67932489451479,11.728523328906078,12.779469624645113,15.19815787077286,0.5286141037940979,1.439342015078821
100103,94.936709,8.612653203163157,6.300973995644061,20.289381427986203,97.16312056737588,10.52399153691824,11.53058952130431,16.83446815196702,97.02127659574468,4.789079261165704,5.225946026404009,24.62864205471422,1.1751538515090942,2.056404230317274
100104,95.863747,2.033210663445942,1.3506798980845993,50.033793239937474,95.68733153638814,1.136887512465223,2.906040379226587,48.62050015435587,96.09375,1.093638162603685,1.6062481579722925,60.879541914024294,0.9267431497573853,2.70148581719946
100105,98.0,0.0,1.6657333545118154,37.04316235030468,97.5609756097561,4.006825071723512,3.943396967764871,49.99701318513094,97.0873786407767,2.0620274253492097,0.0,55.71831346917839,0.7952286005020142,1.6528925619834711
100106,89.873418,1.2669486313359282,6.963486521521101,44.11294672003182,100.0,2.8947356477300077,2.8947356477300072,50.74410772882616,97.43589743589743,1.2820512820512762,2.6923076923076796,39.05982905982914,1.128668189048767,2.680965147453083
100107,94.444444,13.524146801650698,24.773310959014772,15.195448756990322,98.68421052631578,34.85001100438726,36.07087146714985,4.004343921642334,98.48484848484848,1.53846153846153,7.9352226720647385,35.5465587044535,0.9983360767364502,2.155887230514096
100108,95.238095,7.938954832742431,11.313010636657971,32.52606611825051,97.87234042553192,0.0,4.252627934998966,37.14377435892882,92.3076923076923,0.0,2.1091811414391897,51.72318720705823,1.25,1.3966480446927374
100109,94.789579,4.227914773475254,3.0584798892006075,42.685867475160435,97.56097560975606,9.036523983950191,10.89213754154785,31.45131367251157,95.34368070953437,0.9237699939258952,2.488695417425911,47.165604440103465,0.8455718755722046,3.68725011106175
100110,100.0,0.0,0.0,72.53920916208662,96.66666666666667,6.6527589444038835,10.466256388859916,30.974235944508205,100.0,0.0,0.0,55.882352941176464,0.4524886906147003,0.9569377990430622
100111,97.60479,26.564232815618368,18.64687203203308,3.6967834286107637,99.28229665071767,31.172089629120936,24.41899896978024,6.774338942307713,98.46153846153848,16.269307107855223,17.343893995959046,10.423968674907305,0.2666666805744171,0.8576789064593943
100112,100.0,0.0,3.325859048432566,34.096580415791784,100.0,6.656925164387855,13.31385032877571,46.713286713286756,97.77777777777777,0.0,0.0,57.126099706744924,0.790513813495636,1.694915254237288
100113,94.897959,8.535587866575236,2.7073304320790976,23.87844048198564,95.36082474226805,9.320571645969759,10.561981294869328,34.34599273808423,96.46464646464645,1.549982584465325,4.350981075119001,28.68878021825758,1.332288384437561,2.42914979757085
100201,98.173516,19.569841339923247,15.74001494690432,16.60806747042946,97.98657718120806,27.440377483034943,29.402782328722303,12.373429330560079,98.39449541284404,6.299239210009633,9.072961382316716,26.127614305680364,0.48440811038017273,1.2994513427663876
100202,100.0,30.605954252056126,42.84711519387164,6.123632368425081,100.0,13.799807735928546,0.0,27.556410062539843,97.5,0.0,2.564102564102556,42.39316239316239,0.7575757503509521,1.4492753623188406
100203,100.0,3.2270503458414668,16.135251729207337,22.57489215048319,94.11764705882352,0.0,18.75,42.18750000000001,97.36842105263158,0.0,2.6315789473683755,46.31578947368419,0.0,0.5681818181818182
100204,96.969697,15.147395373076787,3.029479074615357,24.847166519384576,100.0,14.891064561492367,4.257446198756353,23.405956959005085,98.33333333333333,6.910039113428944,8.604954367666231,18.774445893089965,1.2461059093475342,2.5974025974025974
100205,98.947368,14.736361704973774,23.158938365057114,22.94664285096036,98.82352941176471,25.562992526926813,28.852638368241607,8.238459412144108,98.85057471264368,2.380952380952361,7.142857142857095,35.31746031746055,0.5961251854896545,0.5952380952380952
100206,100.0,16.11846068579951,19.33540567242555,19.35950263861784,100.0,0.0,0.0,19.96244131455392,100.0,0.0,28.57142857142843,38.09523809523836,0.5882353186607361,0.0
100207,97.285068,6.919974554582917,7.249502952877897,25.110327275314813,98.58156028368793,15.086559271762557,22.275246548101357,27.363404807322024,92.48554913294797,0.593655856813745,3.7001594896331764,54.118376749955985,1.847389578819275,1.051779935275081
100208,98.611111,23.805963063191292,20.828140578265053,10.123350187532713,98.76543209876543,35.699898056731215,29.624079238083116,5.063843459565811,97.1830985915493,8.721804511278146,7.372977899293688,35.6208703577126,0.16835017502307892,1.5463917525773196
100301,97.252747,16.597979984052273,18.936714644178657,15.710629382903402,92.5531914893617,21.26318440947374,15.119686093934263,21.08202178920308,97.95918367346938,12.156073061524298,10.540617374617996,28.343441283077958,0.5789908766746521,0.9683098591549295
100307,100.0,2.1014050946221676,4.201240805305089,44.22800299836271,93.85964912280701,0.9365220166108985,4.679682536894409,62.074418740015204,93.06930693069307,0.0,3.0000000000000315,48.363636363636374,0.9404388666152954,2.952029520295203
100311,84.065934,0.6093799966815272,2.43751998672611,51.48620617938154,96.7948717948718,6.60738053148398,7.260300644060676,44.99578661524073,92.63803680981594,0.0,1.9506172839505997,57.72649572649588,2.143622636795044,5.209513023782559
100313,96.153846,14.6048413578951,15.46143663680823,22.68743522251339,92.3076923076923,13.170897517523914,4.110807123244743,18.88202997534088,99.25373134328358,3.787878787878756,7.607323232323217,38.58251633986931,0.6042296290397644,1.3311148086522462
100316,100.0,24.999999999999996,12.499999999999996,0.0,100.0,0.0,6.243881426949131,31.278145436033995,100.0,14.814814814814813,14.814814814814808,29.629629629629626,0.0,0.0
100317,98.989899,21.515108054861443,30.834320911238574,14.148657523079232,93.82716049382715,1.2521528103961173,7.764702078270407,27.983789536263657,94.11764705882352,2.0744931636020594,0.0,64.34181989627533,0.9487665891647339,0.20491803278688525
100321,100.0,14.590597758405973,25.01245330012453,20.821917808219137,97.36842105263158,5.722975088331319,8.584462632496983,38.06371781683736,94.5945945945946,0.0,0.0,64.37346437346461,0.0,2.112676056338028
100322,96.666667,14.15748953557891,17.69686191947362,12.23257590857763,100.0,29.411764705882348,23.529411764705888,17.64705882352941,100.0,0.0,0.0,46.666666666666586,1.3793103694915771,3.90625
100323,98.550725,5.875512787388497,2.944515962639133,37.92474047266296,97.22222222222221,0.0,0.0,32.24226688750619,98.24561403508771,7.017543859649192,12.28070175438608,36.591478696741895,0.8097165822982788,4.10958904109589
100401,98.93617,8.265480546893654,4.859920621570212,39.403301283682914,99.99999999999997,16.6695672604182,13.905446444887268,15.980168640520699,98.30508474576271,1.1627906976744233,2.9069767441860344,55.85998062015521,0.7246376872062683,1.1363636363636365
100402,100.0,0.0,0.0,36.427046643184894,98.21428571428571,3.7080566176963794,1.854028308848189,43.24802665414451,92.3913043478261,1.1171497584540853,0.0,64.3112961207591,0.8042895197868347,0.8797653958944283
100403,100.0,0.0,4.360244699845858,61.520152045099024,100.0,7.139663805436334,0.0,39.29609263233195,97.05882352941177,0.0,0.0,57.95206971677573,0.0,0.0
100404,97.368421,6.108869812638541,9.346299471532413,34.117681140767665,98.29059829059833,18.423549980686737,9.090650348655176,37.835515393007924,95.12195121951218,1.636824018809899,1.5916078856936033,42.71127167987194,0.28985506296157837,0.76103500761035
100501,98.566308,12.97755660480769,9.744889626807272,31.18030317067423,98.42767295597484,16.091083961916652,17.12791283388782,27.646961240243712,99.644128113879,7.565630146275345,12.254806125773834,31.79308340598685,0.343839555978775,1.7754868270332187
100502,100.0,2.938978281895712,0.0,29.402971951112242,100.0,0.0,18.750000000000004,24.999999999999993,100.0,0.0,0.0,36.666666666666686,1.0695186853408813,3.508771929824561
100503,98.717949,6.549193842142621,6.549193842142615,28.386150572266626,98.68421052631578,9.515057166300581,9.565181685172194,12.088048565601659,92.3076923076923,0.0,2.170745920745944,22.701777389277375,0.5802707672119141,0.641025641025641
100504,99.137931,9.476620301842805,2.5776964259678126,35.94387463299364,99.18032786885244,7.583576820350675,16.86426589254369,28.988472672068895,97.82608695652179,0.7352941176470654,0.7352941176470636,46.849569867472596,0.1388888955116272,1.740506329113924
100505,100.0,6.6666666666667185,6.666666666666724,46.66666666666648,100.0,11.538461538461531,3.8461538461538436,15.384615384615374,97.05882352941177,0.0,3.1565656565656575,56.18686868686872,1.7937219142913818,4.166666666666666
100506,97.183099,2.86330558265309,2.8633055826530875,29.056608542487865,100.0,3.0749945760914126,7.687486440228524,40.013499505821635,100.0,1.2987012987012798,1.298701298701284,44.155844155844406,0.4651162922382355,2.4630541871921183
100507,97.039474,14.898062057669364,15.145849958766108,19.146661888510447,99.66666666666667,26.21266656294817,31.86666134057693,10.506027591948659,98.31081081081084,3.433769151943918,12.973893212976137,25.038184835770107,0.755667507648468,2.68370607028754
100508,98.305085,5.198462940412703,1.6968483481390686,32.779708094619785,97.61904761904762,9.756097560975602,9.75609756097561,34.1463414634146,100.0,0.0,5.405405405405403,45.945945945945944,0.8849557638168335,0.0
100509,98.591549,5.632112515922539,2.8150035266498663,49.90247196350938,100.0,4.469871468418418,2.984586488999357,52.237271822569355,96.29629629629629,0.9259259259259149,0.925925925925917,51.14883401920437,0.21321961283683777,2.6970954356846475
100510,95.081967,6.502951096121363,4.877213322091017,36.158041736931025,97.72727272727273,4.545454545454543,2.2727272727272716,28.671328671328734,92.7536231884058,1.5345268542199155,3.069053708439846,49.09939449581399,0.5555555820465088,0.0
100511,100.0,8.05218905316905,0.0,24.329233966256364,100.0,4.347826086956517,8.695652173913047,8.695652173913041,88.13559322033898,0.0,5.9800086918730715,33.30725771403751,3.365384578704834,1.6216216216216217
100601,97.918552,27.039967272869813,21.786014209151737,8.127600972034012,98.60031104199068,31.952257417023734,27.2672533889653,9.469219270841894,96.4941569282137,9.478369366083136,12.533680269217825,12.57712660188741,0.5659665465354919,1.272613849033063
100602,97.222222,12.16680900099359,12.270935834376182,12.645225567131854,97.6190476190476,10.483407019609313,12.33006441808715,28.87014098501642,93.91891891891892,1.4768835616438376,7.250956889605137,28.529999328498608,1.2702078819274902,3.7593984962406015
100603,95.16129,10.317276628574113,8.7055788610829,11.455108732340074,100.0,22.001002066762688,34.00325671697873,9.998747416546626,98.24561403508771,10.751237067026508,10.796221322537052,12.460638776428306,0.48543688654899597,3.0848329048843186
100604,96.314103,14.21802204900301,11.982441443262834,12.434278662154547,98.92241379310343,19.637527161003444,15.054786588716459,11.00221127993986,96.21052631578947,5.439470580034215,7.156936277177057,17.969011965322203,0.7680000066757202,1.901016060308096
100605,96.240602,15.568342603705448,10.838007264838314,17.610364592370384,98.30508474576271,16.664403935150744,14.800987507659155,12.284951618070236,92.81767955801105,1.1717171717171637,1.7575757575757422,26.95342312009007,1.1589404344558716,1.9400352733686066
100606,95.16129,10.076187325542367,16.898712979406966,15.763993883916168,94.21965317919076,15.025413485313303,11.534966976123883,25.506151187785246,93.30143540669856,3.456530448717929,7.041718362282857,25.927880922840714,1.663893461227417,2.714535901926445
100607,96.261682,5.007998740062642,7.744994063657233,20.06366501503261,97.93814432989693,23.68708918597106,23.177413577796884,19.66380519782711,95.45454545454545,2.337662337662296,5.976523476523496,27.302697302697283,0.6861063241958618,1.6333938294010888
100608,99.137931,20.844618787042748,9.55854000705544,6.113776125507936,95.65217391304348,29.0975485511274,25.2812721665109,9.233385182458944,97.8021978021978,6.765109890109879,5.63186813186813,14.594780219780217,1.1866235733032227,3.08030803080308
100701,97.176471,9.745688404749496,14.952393998813998,33.55968303062317,97.66355140186917,9.655086379728356,8.713486811996066,36.13188601709642,94.81865284974091,2.406171117310999,2.4061711173109965,47.923024730020124,0.8110687136650085,3.128430296377607
100702,94.017094,3.790280819011764,3.6189015500035926,28.072841792076883,99.33333333333333,10.871504834832077,10.886410725427098,28.250602091509364,91.37931034482762,2.916360968451915,1.8341892883345396,33.0666116409882,0.20790021121501923,2.88659793814433
100703,98.461538,1.532991730417698,0.0,54.928231855634095,100.00000000000003,0.0,4.052054979796777,62.179411317182044,100.0,1.4084507042253205,0.0,60.56338028169027,0.0,5.084745762711865
100704,91.22807,19.72022216013873,9.694301758967597,10.286457974378413,98.4375,17.4506949171913,11.470426336237988,15.856136985892944,90.78947368421053,4.96575342465758,5.234833659491183,23.58121330724074,1.3651877641677856,1.3245033112582782
100705,84.615385,4.712742195210618,9.425484390421225,13.28892005610104,91.30434782608695,6.035437892785206,7.48708080405756,31.053431742160353,100.0,5.357142857142827,3.5714285714285547,21.428571428571512,0.0,1.3605442176870748
100801,97.206704,6.0323601187420035,6.875974570156344,38.317488497390094,98.21428571428571,12.97963573409053,15.402258597118038,23.21887207781771,92.60204081632652,0.7772640306122436,5.770634734156806,47.595837537046414,2.61716365814209,3.2288698955365627
100802,95.0,12.858157116813647,11.213721875021367,18.849309715604143,96.78899082568807,15.23885923368773,22.62530445565903,12.539665469971837,91.70305676855897,4.686853596874256,8.326246839806924,26.33992185704434,1.8404908180236816,2.95411690760528
100803,96.978852,20.740650766459996,25.63974360209286,15.264488034572777,95.79579579579578,12.591128752086195,16.659409170383057,27.233372317496602,93.38842975206609,2.249146125961237,7.175685020010982,40.54502156198726,1.2575178146362305,2.4242424242424243
100804,97.13467,4.3657323601089,7.83794977764298,27.465842143346475,97.38805970149255,9.143369189600016,11.854024724225749,34.08028625124837,95.75289575289574,0.7844579273150689,3.4994177851320503,36.28293628293648,0.8810572624206543,2.363488182559087
100901,94.888179,18.264816994845678,15.572985720865024,18.765231809554404,93.14285714285714,12.745647197789141,9.835768704522977,25.161181968989954,93.67088607594938,3.470650419342362,4.981884057970995,21.889475207916608,2.389486312866211,4.24
100902,96.511628,14.478940372883768,13.13561398319141,21.968119807561944,94.96402877697841,,,,91.07142857142857,5.786401098901082,5.60439560439557,29.33035714285723,3.5549702644348145,4.730617608409987
100903,93.548387,10.489657222230127,6.4657495227082284,23.80770318315444,92.59259259259261,5.5678643056997155,4.058647574216307,36.33974079061209,89.16666666666669,1.7654914529914456,0.0,44.19948107448112,1.6965126991271973,3.962460896767466
100904,95.535714,7.679490775307511,4.517066268517963,25.714846698712375,95.45454545454547,8.721797811440803,9.293675076627212,22.101189096389806,94.5945945945946,3.7761165420739498,0.9584052137243498,33.35678442061425,1.3986014127731323,4.814814814814815
100905,94.915254,17.12099903748771,15.954426996152725,15.144512876972664,96.66666666666667,12.294803110777577,6.138709721972843,20.265836130178755,88.28828828828829,1.8181818181817788,0.909090909090894,37.19696969696983,2.3171615600585938,3.9398280802292263
101001,100.0,18.10900310598563,12.065629691594841,19.23167871731301,98.61111111111111,11.321827762080664,15.48740590095939,22.44309846587918,98.95833333333334,5.280172413793092,10.506465517241436,29.400143678160994,0.3484320640563965,1.1406844106463878
101002,95.348837,11.90557374889465,11.859423089531393,20.360887544823395,96.15384615384616,16.666666666666668,16.666666666666664,20.833333333333336,98.0392156862745,10.361067503924712,12.50654107796964,20.774463631606558,0.0,0.7843137254901961
101003,91.666667,0.0,9.716166272164692,25.02180142020708,100.0,40.0,40.0,0.0,95.0,10.526315789473683,31.57894736842107,10.526315789473683,1.0526316165924072,1.1363636363636365
101004,100.0,100.0,100.0,0.0,100.0,29.984345648090162,39.937382592360656,10.015654351909829,100.0,0.0,13.33333333333333,26.666666666666668,0.0,6.122448979591836
101005,97.647059,2.521868241496317,4.878497205500346,33.466012695310084,98.48484848484848,15.856441772699483,28.541595190859027,23.309151720971734,95.0980392156863,3.097667638483962,9.220116618075837,56.57677356656949,0.20000000298023224,2.55863539445629
101006,96.153846,0.0,3.8428374338928015,12.30972637387908,100.0,0.0,49.99999999999999,0.0,100.0,3.2258064516128435,9.67741935483864,29.032258064516327,0.6578947305679321,2.479338842975207
101007,97.247706,9.30891447651256,11.12297109079117,33.50035773809499,99.0,15.323722970855544,23.318708868693182,26.682858038232542,98.95833333333334,3.173076923076897,8.44551282051279,28.365384615384748,0.6700167655944824,0.5747126436781609
101101,98.561151,7.3548749468550705,8.771354272604274,33.98595707010347,96.32352941176471,7.737182285148708,8.707019691111263,29.158244649641297,98.24561403508771,0.0,2.923976608187141,65.5945419103316,0.7215006947517395,2.0
101102,100.0,35.23266991846753,30.155113278978366,9.534660163064895,85.71428571428571,8.333333333333336,8.333333333333334,16.66666666666667,96.0,0.0,13.636363636363638,22.727272727272734,0.0,0.0
101103,100.0,8.328142518998373,0.0,25.021801420206838,100.0,16.666666666666664,33.33333333333333,16.666666666666664,90.9090909090909,3.5353535353534764,3.198653198653225,41.919191919192286,0.6289308071136475,1.4184397163120568
101104,99.270073,1.45816344453169,9.531813289437268,20.56020973855698,96.42857142857143,5.62109362890853,5.364779276534619,16.98846770902629,92.7536231884058,0.0,15.43255573210077,43.04636718185756,0.49668875336647034,1.1406844106463878
101105,85.714286,0.0,0.0,66.66666666666666,100.0,0.0,0.0,36.36881209257309,100.0,0.0,0.0,36.36363636363637,2.040816307067871,2.7777777777777777
101106,95.876289,1.0913547953424185,0.0,33.20377181955825,100.0,10.292289416249961,11.765247580370378,25.008057758009382,97.32142857142856,0.8928571428571566,0.9821428571428693,48.207521645021664,0.4716981053352356,1.2690355329949239
101107,100.0,0.0,15.057333413792541,39.47686484182276,100.0,27.985958753839448,39.9799410769135,32.021563342318046,100.0,0.0,0.0,57.14285714285714,0.0,0.819672131147541
101108,97.959184,6.116287226093639,6.527699415971534,26.819996819539323,97.14285714285714,2.8543298277019504,0.0,47.70311031550681,94.44444444444444,2.7777777777777235,16.666666666666654,42.59259259259288,0.46296295523643494,1.1049723756906076
110101,97.43668,43.23140647831393,35.54970792674171,3.167306178088854,98.38090010976954,46.542440780639524,39.71611384146617,3.9125497201704276,98.92299407646739,20.787742075955606,22.93814760283021,8.661283837374093,1.5211864709854126,0.8748606226949137
110102,97.87234,34.961471556115015,31.49258169280076,6.920229004760092,97.20853858784893,38.78213900183168,32.669551328752156,4.369219974116464,97.97570850202429,7.507686253480261,11.970494596868491,18.620427767324806,0.5882353186607361,1.09628217349857
110103,97.378277,27.232431135956844,25.38606298776779,7.717569786535298,99.37888198757764,32.064487236901,34.205105239587844,5.418719211822617,99.2619926199262,9.794825233127137,11.66399229476334,19.130990926170103,0.7048457860946655,0.9939498703543647
110104,93.478261,9.338475923328655,4.669237961664329,6.98340345956054,98.07692307692307,41.2955465587045,33.60323886639684,5.870445344129541,100.0,7.017543859649186,8.771929824561434,22.80701754385965,0.17985612154006958,1.4925373134328357
110105,96.8,19.943434343434426,17.446464646464673,21.31717171717168,98.78048780487805,22.007554489306326,18.07973048848967,8.447756622939098,99.0,3.0927835051546393,13.402061855670135,26.804123711340207,0.6430867910385132,1.4957264957264957
110106,96.831683,31.930138781396835,25.17897999543045,4.722892278934482,98.28660436137072,34.502293715704525,31.350911911850964,4.704620494701305,97.62658227848098,13.64343273272182,19.291518476738894,10.100481939103824,0.7991803288459778,1.6945470345426896
110107,98.630137,25.09339975093411,32.03611457036121,8.31257783312577,100.0,41.42857142857151,35.71428571428576,4.285714285714228,100.0,7.407407407407398,12.962962962962962,11.111111111111097,1.0489510297775269,0.5545286506469501
110108,97.393365,22.954573930482987,32.00065627892359,4.7490064249029915,96.99999999999999,31.90261883573462,26.62523807664324,9.306743390120092,98.08219178082192,13.706781573817528,14.258746280906898,15.110290345747352,1.0151139497756958,1.8638573743922204
110109,100.0,23.40425531914895,14.89361702127663,5.319148936170194,96.37681159420289,31.305294322535705,26.707593173110478,5.506792058516202,99.15966386554622,12.726423902894474,10.177404295051339,17.824463118580727,0.34246575832366943,0.7142857142857143
110110,96.363636,38.58585858585867,31.489898989899135,6.717171717171699,96.03174603174604,28.955453149001492,26.67050691244238,3.421658986175112,98.76543209876543,10.03367003367003,9.988776655443314,17.485970819304146,2.095238208770752,2.2821576763485476
110111,96.007984,28.18834618909621,29.22183364161504,3.5438866786878642,95.9692898272553,28.57836773669444,32.340066734011415,7.839435466334418,98.86104783599089,9.45456310403007,12.719824711187746,14.627187813492792,1.3157894611358643,0.958744915746659
110112,97.512438,31.44767614916852,26.639277218732953,6.396699258859014,96.62921348314607,30.656613756613577,31.504232804232647,4.68465608465608,99.4535519125683,13.410341034103379,19.521452145214468,12.849284928492821,1.2529833316802979,1.0728402032749857
110113,97.916667,34.13978494623665,42.809139784946446,2.0833333333333144,95.1219512195122,23.12500000000005,31.24999999999999,2.8124999999999556,100.0,0.0,3.125,15.625,1.8666666746139526,0.7672634271099744
110201,98.001,34.96551590555564,27.517896056610596,6.030703304540773,97.92911190760654,33.79839872355612,29.848387368043213,6.512329527580491,98.1563126252505,13.348579512253606,17.731933266688507,10.771660611411802,1.33894681930542,1.0621613915027088
110202,94.915254,43.71884346959108,25.249252243270057,11.839481555334048,96.34146341463415,30.994755917309302,26.503067484662413,12.153515965093428,98.47328244274809,19.79073199672469,34.83689549838452,8.618821372009638,1.1725293397903442,1.0673234811165846
110204,99.53271,23.89018691588784,15.420560747663563,10.835280373831724,99.02597402597402,24.448051948052147,25.705627705627798,16.63760049474335,97.11934156378601,15.271454078785778,19.970706394375565,10.71141613659189,1.492537260055542,0.872219799389446
110205,98.787879,14.138102334823643,17.75459513164434,9.289617486338805,95.81589958158996,17.800244207148033,16.026780665902034,21.737303651529693,98.23008849557522,6.278971765697432,6.257901390644738,16.26632954066583,0.800582230091095,1.4245014245014245
110206,91.09589,17.861310319618816,17.11366266067182,7.8669694080653105,95.79524680073123,38.34666883573463,36.79770406154587,9.21193819924447,96.96969696969697,7.867797601637889,18.815025278903583,13.778047048008993,1.7962309122085571,1.9585253456221197
110207,97.314578,23.838016731202995,18.985670887796676,6.542823514051139,97.97979797979797,26.337491609116732,25.788337592176408,8.319279498621777,97.74919614147912,10.340372247712626,16.33504910091452,14.320224302733608,1.187477469444275,1.5284249767008387
110209,100.0,0.0,14.285714285714286,14.285714285714286,100.0,0.0,0.0,100.0,,,,,1.0309277772903442,2.73972602739726
110210,98.679868,22.41179673522897,19.022235556889022,11.319576402084627,93.96551724137933,32.18908469539231,29.304323347684186,12.811633173729481,99.39393939393939,29.600071736011547,31.47417503586806,2.4659253945480675,2.020547866821289,1.8086956521739128
110211,94.736842,25.000000000000014,8.333333333333329,19.444444444444457,97.91666666666666,14.692982456140257,21.271929824561422,17.21491228070188,100.0,6.25,6.25,6.25,2.429149866104126,1.214574898785425
110301,99.433962,49.44302205697164,49.46379163201317,3.3002741493307366,99.0291262135922,47.794538302227394,52.11432760838372,1.6071810869498757,99.3103448275862,22.095710849943607,29.054726279122434,8.40410291023602,1.1226252317428589,0.7078080070780801
110302,100.0,29.629629629629637,59.25925925925929,3.703703703703699,100.0,11.111111111111011,16.666666666666643,22.22222222222225,90.9090909090909,0.0,9.090909090909074,9.090909090909067,0.4032258093357086,0.9259259259259258
110303,98.076923,27.58875739644975,21.81952662721898,7.692307692307714,97.95918367346938,33.75000000000004,29.83333333333337,4.2500000000000036,100.0,13.999999999999984,24.0,15.99999999999998,0.6960557103157043,0.4629629629629629
110304,99.649123,45.122100122100086,44.15879442195264,1.0661911188226962,99.16201117318437,54.03428133678093,49.47652334897381,3.71987615308501,97.85714285714285,22.059913199957688,32.735259870858584,9.376414259261825,1.1978521347045898,0.8620689655172413
110305,98.857143,46.209888357256865,44.98972105588654,3.097718321778474,98.9795918367347,35.97505042785654,35.902632139824945,7.167761968741162,98.46153846153847,16.678779069767447,13.499273255813938,9.484011627906973,0.7285090088844299,0.9425070688030159
110401,97.385621,32.24245253657018,38.30454403983835,6.160908807967588,98.27586206896551,24.206537388547726,30.044986734680666,8.811504300014123,98.13664596273291,12.103287337662326,12.745535714285719,16.560470779220765,1.45797598361969,0.353045013239188
110402,100.0,0.0,0.0,0.0,100.0,33.3333333333334,23.809523809523853,4.76190476190482,100.0,0.0,0.0,53.333333333333336,0.6211180090904236,0.0
110403,100.0,26.66666666666682,66.66666666666714,0.0,100.0,35.71428571428583,35.714285714285744,2.3809523809523485,94.5945945945946,2.8153153153153045,17.45495495495498,25.337837837837736,0.6557376980781555,0.7117437722419928
110404,100.0,62.499999999999964,56.24999999999995,0.0,100.0,47.05882352941174,52.94117647058816,0.0,100.0,0.0,16.666666666666664,33.33333333333333,1.6666666269302368,0.8620689655172413
110405,100.0,14.285714285714288,42.85714285714287,0.0,,,,,,,,,2.941176414489746,0.0
110501,97.099114,38.5507642154185,31.006744142887726,7.0914450060065235,97.77341191879503,45.45267423482283,41.273815470968145,6.348207355732612,98.65831842576026,18.240704995922794,23.274707332796613,11.191238148233476,2.5014147758483887,1.5970661303679166
110502,100.0,11.538461538461544,3.846153846153851,30.76923076923078,100.0,36.84210526315781,21.05263157894732,21.05263157894751,100.0,12.50000000000004,33.33333333333341,24.999999999999932,0.5586591958999634,1.9867549668874174
110503,98.850575,22.12643678160922,18.63026819923374,9.913793103448292,99.0909090909091,33.67559523809514,49.03273809523811,4.821428571428581,98.85057471264368,3.52941176470588,21.490196078431342,14.313725490196068,0.6337135434150696,1.2422360248447204
110504,99.595142,29.410063620590034,19.717563138615876,7.350106034316534,99.38271604938274,33.02162478082992,26.396046968811422,8.256734498698247,96.1038961038961,10.266807428379451,17.002095430042967,16.59004750707803,0.5658436417579651,1.0735373054213635
110505,91.111111,31.522921522921504,18.83255633255623,9.943667443667461,98.73417721518987,23.113796047015505,23.905254777070056,10.374942543830885,100.0,7.575757575757574,5.303030303030284,24.242424242424253,0.6937562227249146,1.0357815442561207
110506,97.844828,47.52231596967478,28.857605771582442,2.325140621178779,98.03921568627453,40.56637164870282,34.10964613554802,4.458307649796982,98.20627802690582,16.72859278240448,29.066057261124413,7.794149049754427,3.3540968894958496,2.58320914058619
110507,96.674584,24.560819228277623,20.915060963817133,7.716197624936211,98.2625482625483,28.242302865230194,29.36005411804512,7.444293127542363,98.03439803439802,17.086449165067368,25.580702799285277,9.193266126956786,0.7561436891555786,1.1621315192743764
110508,96.72619,31.514497510784565,26.431637420705165,5.014401755325845,98.42696629213484,29.00977132407487,26.111673200048568,8.480132987654272,98.69706840390879,12.039103634011198,14.692136406692327,15.729792481814256,1.3899613618850708,1.343054489639294
120101,97.338517,55.19895247804635,49.86421283267502,1.475993247972184,97.36417428725123,56.75101064272423,55.28899587054832,2.4215094413008322,97.66009852216753,26.460529438532525,32.99629720682517,5.538738609869185,1.2453854084014893,0.4157820240622789
120105,100.0,0.0,14.285714285714285,14.285714285714285,100.0,13.333333333333325,13.333333333333325,26.666666666666654,100.0,7.142857142857145,7.142857142857142,0.0,2.17391300201416,2.380952380952381
120106,100.0,16.666666666666664,16.666666666666664,16.666666666666664,100.0,22.22222222222222,77.77777777777777,0.0,100.0,12.500000000000004,25.000000000000007,12.500000000000004,1.923076868057251,2.5
120107,97.282609,34.93175877101625,36.08799855773139,3.8153519699390936,97.65395894428154,40.66592625218649,41.036063617660275,5.192822374814133,97.7914110429448,12.619087667170085,20.803075089009184,12.027887013079761,1.2579355239868164,0.7096257296554881
120108,100.0,12.5,12.5,12.5,100.0,100.0,100.0,0.0,100.0,0.0,9.09090909090909,33.33333333333334,6.329113960266113,0.0
120111,100.0,3.030303030303031,9.090909090909086,12.121212121212125,100.0,37.03703703703706,29.629629629629626,0.0,100.0,0.0,6.249999999999998,43.75,0.0,1.8518518518518516
120112,100.0,29.99999999999999,49.99999999999999,19.999999999999996,100.0,60.0,40.0,0.0,100.0,0.0,6.66666666666671,20.000000000000004,0.0,1.2195121951219512
120113,100.0,9.090909090909092,9.090909090909092,27.272727272727277,83.33333333333334,10.416666666666668,20.833333333333336,39.583333333333336,100.0,0.0,0.0,25.0,2.5641026496887207,2.7027027027027026
120114,98.11617,50.37265602400773,42.0990754654493,2.06763361381292,98.05527123848518,50.737477043472786,49.565241396774304,2.830190763372006,97.68115942028984,25.392614064593438,35.08925640816772,5.553154165007779,1.004672884941101,0.5032953864589575
120116,95.652174,14.3478260869566,9.1304347826087,0.0,100.0,18.18827531635721,22.735344145446522,13.6352874472738,78.57142857142857,,,,0.0,1.9230769230769231
120117,98.0,20.30000000000005,22.69999999999999,10.099999999999977,95.18072289156626,51.41762713851351,52.083900562785324,2.67933669446881,95.91836734693877,10.638297872340418,14.893617021276595,17.02127659574467,0.7352941036224365,0.7462686567164178
120119,99.130435,21.666666666666693,20.748792270531432,7.391304347826086,98.67549668874173,26.26550517888211,26.53147043887477,4.3341970705123405,98.32635983263597,10.04074511617501,16.332018998314485,12.667369496176436,1.3377926349639893,0.8928571428571428
120120,100.0,18.750000000000004,18.75,0.0,100.0,26.315789473684216,52.63157894736842,5.2631578947368425,93.33333333333333,0.0,0.0,42.85714285714285,0.0,0.0
120121,99.470899,26.001511715797434,32.31292517006805,2.1730914588057453,97.3568281938326,34.95719181566385,38.66512723245762,3.1968741587789964,98.79518072289156,13.584090684850397,19.646557111064844,10.388414440290745,0.9325681328773499,1.0137581462708183
120122,100.0,53.84615384615362,30.769230769230653,7.692307692307744,96.0,20.005208261948248,20.005208261948248,4.9947917380517595,100.0,19.999999999999996,11.999999999999998,19.999999999999996,0.0,1.6129032258064515
120124,96.590909,8.279220779220783,5.795454545454549,19.058441558441572,97.3913043478261,10.67448011619697,17.252524960800404,21.343244248215683,96.8503937007874,2.474323062558345,4.948646125116687,23.049219687875247,0.8210180401802063,1.7301038062283738
120125,97.833935,31.45951521402772,30.496246633430616,3.36370408572574,98.38709677419354,38.16369420083807,41.418430611848976,5.458730811160423,97.19101123595506,15.177192627355756,22.789959694635282,12.161715360338086,1.2586276531219482,0.7720438845997561
120126,100.0,12.727272727272783,11.151515151515177,14.666666666666694,97.10144927536231,23.191934242221134,15.944572748267952,14.485286448632841,96.92307692307692,4.615384615384635,9.510489510489524,22.377622377622373,0.2976190447807312,0.8571428571428572
120127,93.333333,0.0,0.0,7.619047619047655,100.0,15.794884373568499,10.529922915712337,5.258107918002733,,,,,0.0,0.0
120128,90.909091,33.73125191307015,35.60350984593405,3.346597285991231,100.0,28.282602466476646,29.29020621339497,3.0293864815817044,98.0392156862745,18.367346938775512,28.571428571428605,8.163265306122451,0.6097561120986938,0.2028397565922921
120129,96.585366,30.488789577336828,28.077033782760225,7.578397212543549,95.9322033898305,26.110783710992397,31.342773157422997,8.808260107424433,96.36363636363635,7.200163720127388,21.40845831284692,14.508823959409604,0.7822685837745667,0.31887755102040816
120130,95.734597,38.4885296334398,30.25330940746156,2.760298432169074,99.30795847750865,35.880210914780015,35.94005768507274,6.3313249055003755,97.35294117647061,11.311332810704524,14.95498591408122,14.494759393893949,0.37253859639167786,0.3045685279187817
120132,92.0,52.888888888888744,51.99999999999985,8.66666666666673,96.7032967032967,49.46598007369196,57.495727188621984,2.3535827920838406,100.0,7.894736842105264,10.526315789473692,3.9473684210526314,0.2525252401828766,0.29411764705882354
120133,98.319328,23.34321964079752,27.106607348821917,10.844455429230534,98.96907216494846,27.21403371432176,30.625187518652584,8.309694647396782,97.33333333333334,6.049645390070933,15.47517730496456,21.768715524034693,0.8364312052726746,0.8377425044091711
120134,96.216216,28.717541070482294,34.68733439321675,2.9226285108638184,98.3402489626556,34.305827514040125,35.98050488279833,3.794571941351997,96.91358024691358,7.615147198480507,15.349002849002844,15.936609686609723,0.3434065878391266,0.5056890012642226
120135,96.581197,13.797313797313798,15.50671550671551,38.6705578372245,95.83333333333334,11.875000000000005,10.000000000000004,30.76388888888889,97.76119402985076,2.34487734487736,3.982683982684012,41.695526695526816,0.41152262687683105,0.4815409309791332
120136,95.918367,30.434782608695652,17.391304347826104,4.347826086956522,91.30434782608695,42.85714285714289,35.714285714285694,0.0,100.0,2.0408163265306127,2.0000000000000027,18.367346938775512,0.38910505175590515,0.8583690987124464
120201,98.039216,32.07744810497116,25.951899769325376,4.300628126034291,97.98657718120806,39.065584906885206,38.10422917848433,5.573139950621383,97.88235294117646,20.9966309810979,28.69376980925578,5.329622768122908,0.6530612111091614,0.3009781790820165
120202,100.0,12.499999999999964,12.499999999999964,12.499999999999964,92.0,24.253013663186852,28.803044992191367,25.245046848031876,97.22222222222221,2.8571428571428665,11.428571428571471,18.57142857142845,0.0,1.1976047904191618
120203,95.505618,2.247191011235958,3.595505617977521,43.39575530586768,99.13793103448276,7.198473067405127,4.463402670141764,48.603950403779166,96.61016949152544,4.60157126823797,10.41468819246602,31.923220812109736,0.6097561120986938,1.5817223198594026
120204,100.0,5.12820512820512,0.0,25.641025641025653,96.96969696969697,9.095934479512453,18.797738121710157,22.41715901935388,98.11320754716981,3.996983408748113,14.02714932126694,19.98491704374056,1.1538461446762085,0.4032258064516129
120205,97.619048,7.1428571428571725,2.3809523809523903,28.046218487394853,96.96969696969697,10.101010101010106,6.565656565656569,49.494949494949516,100.0,0.0,3.7735849056603583,15.0943396226415,0.0,1.8867924528301887
120206,93.670886,12.773302646720332,22.324510932105877,15.61181434599161,98.83720930232558,16.86705811637756,9.724311758974117,29.85556414499143,92.80000000000001,3.6874999999999907,6.221590909090899,27.744318181818244,1.1382113695144653,3.0181086519114686
120207,100.0,7.142857142857146,0.0,35.71428571428571,100.0,0.0,0.0,59.999999999999986,100.0,7.142857142857145,7.142857142857142,21.428571428571434,0.0,2.5
120208,100.0,23.809523809523803,28.571428571428573,19.047619047619044,100.0,11.76470588235294,11.764705882352938,23.52941176470588,100.0,8.695652173913041,17.391304347826086,30.43478260869565,2.013422727584839,0.0
120209,100.0,6.249999999999997,0.0,25.000000000000007,96.29629629629629,11.904761904761905,0.0,26.455026455026463,100.0,7.142857142857162,9.523809523809568,33.33333333333319,1.08695650100708,0.5681818181818182
120210,96.666667,22.3333333333333,14.999999999999995,8.666666666666682,100.0,37.50000000000002,34.37500000000006,3.1250000000000027,100.0,2.7777777777777772,16.666666666666675,11.111111111111109,0.390625,2.4719101123595504
120211,94.736842,21.05263157894731,31.57894736842097,5.263157894736827,100.0,12.5,37.5,0.0,100.0,9.090909090909092,0.0,18.181818181818183,0.0,1.4285714285714286
120212,100.0,18.750000000000004,6.25,12.500000000000004,93.33333333333333,42.85714285714287,28.57142857142858,0.0,90.9090909090909,0.0,10.000000000000002,40.0,0.0,1.1111111111111112
120213,93.548387,15.874363327674011,19.10016977928693,15.365025466893076,94.20289855072464,20.5027589487848,15.544939236514773,10.515156545513932,95.23809523809523,4.999999999999998,25.000000000000007,4.999999999999998,0.761904776096344,0.5836575875486382
120214,96.428571,8.390567765567749,9.32158119658119,20.25717338217344,98.86363636363636,24.75510612514048,18.106148718831335,16.27646265706563,97.0873786407767,2.0202020202020257,16.437098255280024,26.39118457300278,1.214574933052063,0.6787330316742082
120215,95.454545,47.72727272727269,19.318181818181767,0.0,97.2972972972973,19.593643567913745,13.515891080215688,10.812712864172552,100.0,5.405405405405405,13.51351351351352,8.108108108108107,0.0,0.0
120301,97.849462,44.162829233399265,44.52657240207771,1.5577780621536215,98.46153846153847,38.433520009998745,39.57856702732542,5.625759891479077,98.4126984126984,17.716684082201358,31.556457065584965,6.043260188087807,1.2191581726074219,1.1652867218644587
120302,97.571278,19.170995618703213,19.142372891830025,9.73587360759413,96.76258992805758,24.24996016449708,24.25371799884703,11.541596564108238,94.87951807228922,8.448096050657922,13.108455518921486,16.821415297262536,1.9393267631530762,2.7428901400317596
120303,95.612009,29.08995528111739,30.7435428516612,6.47114689561908,96.07072691552068,25.02565269780947,30.49649868656709,10.846865017291961,92.47787610619473,11.232697036276194,19.885370802630913,17.037535620967954,1.3818386793136597,2.058489494605338
120304,92.982456,29.824561403508707,17.105263157894733,10.526315789473715,95.77464788732392,13.121854350746808,16.240545189034915,12.560940798154242,97.5609756097561,7.472384665367154,12.345679012345695,15.767814598223872,1.4827017784118652,1.3745704467353952
120305,98.538622,38.620407636183444,37.72270408712291,1.9491560244417356,97.0909090909091,31.507837186420584,28.06019895217483,6.396286899883237,99.30715935334874,23.079876388016054,30.74803058872847,8.886978839304472,1.1882997751235962,0.7670182166826461
120306,100.0,0.0,0.0,0.0,100.0,11.11111111111111,22.22222222222222,11.11111111111111,100.0,0.0,0.0,20.000000000000007,0.0,1.5384615384615385
120401,98.140496,43.98557267556115,40.71190160659575,3.8355422293892185,98.81556683587141,45.81871996082871,50.135638546593206,3.7374574401963505,98.16124469589815,22.93285654025965,36.05582140102131,6.584659871472222,0.5473453998565674,0.44969083754918493
120402,100.0,37.83783783783782,32.432432432432435,13.513513513513507,99.99999999999999,16.397991706633768,19.671186337853012,6.554927542581828,98.48484848484848,6.250000000000034,12.76041666666671,21.093749999999897,0.2531645596027374,0.28328611898017
120403,98.039216,7.843137254901937,31.37254901960778,22.103386809269246,100.0,27.781797079905157,31.112140052455757,8.8838084909999,97.33333333333334,6.843033509700196,16.3033509700177,23.23809523809521,0.8064516186714172,0.8264462809917356
120404,100.0,25.0,15.0,10.0,95.0,41.666666666666664,26.666666666666668,16.11111111111111,,,,,0.0,0.0
120405,100.0,24.999999999999996,24.999999999999996,3.571428571428575,100.0,26.67332484682008,43.334925506848286,0.0,100.0,4.545454545454545,4.545454545454545,18.18181818181818,1.485148549079895,1.7142857142857144
120406,92.307692,38.46153846153846,38.46153846153846,0.0,100.0,6.666666666666665,6.666666666666665,26.66666666666666,100.0,7.142857142857145,7.142857142857145,35.71428571428572,1.0,0.9708737864077669
120407,100.0,24.782608695652158,38.04347826086957,13.260869565217385,100.0,57.142857142857174,51.428571428571445,2.857142857142859,100.0,9.09090909090909,13.636363636363635,13.636363636363633,0.8849557638168335,0.0
120408,100.0,26.666666666666558,13.333333333333286,0.0,100.0,38.11355377135814,23.810114637785755,14.284828043321385,100.0,7.999999999999997,28.000000000000004,3.9999999999999987,0.9259259104728699,0.4716981132075472
120409,100.0,37.5,87.5,0.0,100.0,19.999999999999996,29.999999999999993,9.999999999999998,,,,,3.225806474685669,0.0
120410,88.888889,25.0,37.5,12.5,90.9090909090909,30.0,60.0,10.0,90.0,11.11111111111111,22.22222222222222,22.22222222222222,0.0,0.0
120411,100.0,20.0,40.0,0.0,100.0,0.0,0.0,7.686912684434144,100.0,20.0,40.0,20.0,0.0,0.0
120412,100.0,20.0,0.0,20.0,100.0,26.66782456076203,6.671298243048139,6.662614037332881,100.0,27.77777777777778,77.77777777777779,5.555555555555556,0.0,0.0
120413,100.0,18.181818181818183,9.090909090909092,18.181818181818183,100.0,19.999999999999993,13.33333333333333,0.0,,,,,0.0,3.260869565217391
120414,100.0,14.285714285714285,14.285714285714286,0.0,100.0,52.94117647058824,35.29411764705882,0.0,95.23809523809523,19.999999999999993,25.000000000000007,19.999999999999993,1.0752688646316528,1.2195121951219512
120415,86.666667,30.769230769230766,23.076923076923073,0.0,95.23809523809523,28.580286599156196,38.10704879887495,11.89295120112508,100.0,0.0,4.761904761904762,14.285714285714283,0.0,0.0
120416,100.0,9.999999999999995,0.0,9.999999999999995,100.0,31.25,31.25,12.499999999999996,100.0,0.0,8.333333333333265,29.16666666666658,0.4784688949584961,0.5
120417,100.0,10.0,10.0,20.0,100.0,22.222222222222214,11.111111111111107,33.33333333333333,100.0,0.0,28.57142857142857,0.0,0.0,0.0
120418,100.0,16.00000000000002,8.00000000000001,20.000000000000004,100.0,4.1623716123799746,8.3301685564905,20.822708725360997,92.85714285714286,8.035714285714285,16.071428571428566,31.25,0.0,1.8867924528301887
120419,100.0,25.00000000000001,25.00000000000001,12.499999999999995,100.0,19.999999999999993,26.66666666666666,6.666666666666667,95.23809523809523,4.999999999999998,15.000000000000005,0.0,0.0,1.4084507042253522
120420,100.0,23.07692307692308,0.0,0.0,100.0,81.25,81.25,0.0,,,,,3.7735848426818848,0.0
120421,93.939394,15.757575757575752,6.303030303030305,13.373737373737368,100.0,37.03703703703706,40.74074074074074,0.0,100.0,9.999999999999995,16.666666666666664,9.999999999999995,0.5376344323158264,0.6097560975609756
120423,72.727273,,,,100.0,57.14285714285713,71.42857142857142,0.0,83.33333333333334,0.0,20.0,20.0,0.0,1.1627906976744187
120424,100.0,59.45945945945947,44.594594594594604,0.0,98.87640449438202,62.52142449057322,55.76080746524471,1.1426394972386202,100.0,9.523809523809522,23.809523809523803,19.047619047619044,0.5063291192054749,0.24813895781637718
120425,100.0,50.00000000000001,33.333333333333336,0.0,100.0,49.99999999999999,41.66666666666666,0.0,100.0,0.0,0.0,25.000000000000007,0.0,0.0
120426,100.0,26.92307692307692,34.61538461538461,7.69230769230769,100.0,20.001736539533713,39.98610768373022,13.340279491468207,100.0,4.761904761904762,14.285714285714285,52.38095238095236,0.8403361439704895,0.8928571428571428
120427,100.0,6.451612903225812,3.225806451612906,32.25806451612905,100.0,0.0,0.0,28.584717673036526,100.0,0.0,40.0,20.000000000000004,1.7094017267227173,2.941176470588235
120428,100.0,27.90697674418603,20.930232558139533,0.0,100.0,32.55813953488375,30.23255813953491,0.0,98.50746268656717,6.060606060606065,12.121212121212139,10.606060606060614,0.0,1.0526315789473684
120430,95.238095,5.0,5.0,5.0,100.0,39.99999999999999,46.666666666666664,0.0,100.0,14.814814814814811,29.629629629629626,25.92592592592592,1.3513513803482056,0.9433962264150944
120431,98.507463,11.04477611940297,19.402985074626805,17.388059701492573,100.0,22.725254454611,20.4571692090057,20.44828880929412,100.0,4.545454545454576,3.030303030303053,33.33333333333324,0.0,1.3071895424836601
120432,86.666667,23.499999999999925,30.999999999999957,0.0,88.88888888888889,0.0,0.0,50.0,100.0,0.0,0.0,20.0,1.408450722694397,1.5873015873015872
120433,100.0,33.33333333333333,33.333333333333336,0.0,100.0,16.666666666666664,24.999999999999993,16.666666666666664,100.0,0.0,25.0,25.0,0.0,0.0
120434,84.210526,20.0,13.333333333333334,0.0,100.0,31.249999999999993,43.75,6.249999999999998,97.05882352941177,3.0303030303030294,9.09090909090909,12.121212121212118,0.8771929740905762,3.875968992248062
120501,99.479167,51.746323529411676,48.03921568627444,3.7377450980392264,98.36956521739131,45.54399771704442,50.63679799935188,1.1448032770550696,98.85057471264368,21.005251312828165,32.215866466616575,11.721680420105002,0.35874438285827637,0.39603960396039606
120502,99.019608,24.019607843137337,13.888888888888923,20.588235294117652,99.3006993006993,26.084164007654252,26.88324293400531,15.213587289382936,99.12280701754386,5.516811955168127,19.397451863205283,26.550435865504333,0.1302083283662796,0.6640106241699867
120503,100.0,33.33333333333333,66.66666666666667,0.0,100.0,25.004069882016317,56.24491264747958,12.506104823024478,100.0,5.882352941176421,29.41176470588231,17.647058823529367,0.0,2.2222222222222223
120504,100.0,5.8823529411764675,5.8823529411764675,32.35294117647057,100.0,25.01184509114505,27.286726016807812,29.5349554873942,98.4126984126984,6.424792139077853,16.250944822373395,27.36205593348443,0.197628453373909,0.43010752688172044
120601,98.734177,24.168974150771557,23.64150778440116,6.793273068767386,97.68009768009766,28.346616698764905,29.59831735943813,8.108791227108371,95.95628415300548,10.330408393874581,17.948391762085407,17.59595691348409,1.5166666507720947,1.821524064171123
120602,94.444444,45.370370370370345,48.55379188712525,2.9761904761904585,51.28205128205128,,,,100.0,10.8108108108109,27.027027027027124,10.810810810810754,1.4457831382751465,3.733333333333334
120603,100.0,21.250000000000007,16.250000000000004,7.500000000000028,97.43589743589742,22.552887387424125,24.04186416254092,19.115922295580972,98.73417721518987,2.564102564102592,21.866096866097003,9.045584045584027,1.704545497894287,2.6052104208416833
120604,96.742671,18.448796950425592,12.26189662671744,11.92511885508634,90.20618556701031,20.278230049392718,20.74433998292523,14.867853773979805,96.5811965811966,5.903008524288939,12.026367073340225,35.30650435324434,1.6895761489868164,3.425677688412273
120605,97.058824,50.00000000000002,35.29411764705884,7.0588235294117645,100.0,43.750000000000036,40.625000000000036,15.625000000000009,96.22641509433963,5.87002096436058,19.916142557652027,17.40041928721168,2.090592384338379,1.2048192771084338
120606,97.645429,17.207129137225262,18.253761338330346,11.671419260224889,96.38802889576878,24.60064407624501,24.395892008650303,15.31719467946725,93.16239316239317,6.232221147875797,11.401728599396957,33.52638593537634,2.3425917625427246,3.6453689945517587
120607,98.406375,13.180610889774266,10.549468791500686,14.654714475431637,97.97979797979795,20.8312807332454,17.726832655732718,19.968613530069828,95.28619528619527,3.2223047729580205,9.741710123483557,24.647422059073328,2.002913236618042,3.4428794992175273
120608,94.573643,14.265431331094815,8.659267089499652,20.77167019027485,94.1747572815534,25.411843946788593,23.813836750065455,22.07885195044544,87.03208556149731,1.5372274550698708,3.0959877487699217,55.71781375061945,2.925211191177368,5.019478573569074
120701,96.539379,41.74487705217942,32.56101015682534,4.068732349005821,96.45776566757492,44.52738008685828,44.09662370696354,5.161327678894711,98.6866791744841,17.01068274023968,28.394008498082123,8.843568623973077,0.7370184063911438,0.6058507876060238
120702,97.029703,28.507379039790752,24.472258546609353,12.278161778442005,99.24812030075188,26.483093903669854,28.65727844703565,8.26860787218963,97.11538461538461,10.800970873786389,20.631067961165027,14.172060409924464,0.45300114154815674,1.4457831325301205
120703,96.551724,13.793103448275858,20.68965517241379,11.111111111111107,97.2972972972973,11.509730956084725,20.243995383606567,19.83613054177337,100.0,6.896551724137953,13.793103448275849,24.13793103448284,0.5586591958999634,1.1494252873563218
120704,97.794118,19.78145424836601,19.681372549019642,12.647058823529449,98.94736842105263,19.2373818002494,26.235125170039815,16.940619125484353,98.19277108433735,6.734417344173433,8.56368563685637,18.50948509485093,0.6233303546905518,0.8189262966333031
120705,100.0,18.604651162790688,23.25581395348837,11.62790697674418,97.87234042553192,23.758865248226975,21.513002364066217,8.86524822695036,84.375,4.435483870967742,4.435483870967739,27.643369175627242,0.7042253613471985,0.38022813688212925
120706,98.837209,8.1395348837209,5.813953488372089,20.581395348837262,98.71794871794873,22.4039206087847,19.805727381959016,15.584086155489313,95.78947368421052,5.597326649958253,7.83625730994156,22.84043441938174,0.4761904776096344,1.658374792703151
120707,98.039216,27.668845315904097,23.96514161220048,10.457516339869258,100.0,24.5330764456399,24.5330764456399,13.211440984793695,97.43589743589743,5.438596491228069,16.315789473684212,16.14035087719298,2.654867172241211,0.6535947712418301
120708,100.0,22.727272727272712,20.454545454545453,2.2727272727272716,96.07843137254902,26.49122807017544,32.607499140006894,14.334365325077405,100.0,12.500000000000004,22.500000000000014,10.000000000000002,0.7751938104629517,0.42194092827004215
120709,100.0,3.529411764705899,2.3529411764705963,37.647058823529434,100.0,6.329239105070357,8.861594033802353,34.18184688760298,93.65079365079364,1.763668430335102,2.116402116402084,45.14991181657847,0.21141649782657623,2.6378896882494005
120801,98.826979,43.49102144190118,39.08140368917493,2.1186810501326714,98.91891891891892,49.116706302016944,43.89095468080634,4.523748715069838,99.47643979057592,21.444854537559685,35.89882761615285,5.3354320451584645,0.11627907305955887,0.5266622778143515
120803,100.0,33.333333333333314,36.111111111111114,0.0,100.0,43.47826086956524,78.26086956521738,4.347826086956523,97.14285714285714,33.142857142857125,34.28571428571428,5.714285714285712,0.0,0.0
120804,88.888889,12.5,0.0,25.0,90.9090909090909,9.090909090909083,9.090909090909083,43.181818181818194,,,,,1.1627906560897827,1.282051282051282
120805,98.863636,25.304097311139607,31.065941101152365,2.304737516005124,98.75,39.29435483870967,29.17338709677419,3.790322580645163,98.50746268656717,13.691159586682017,21.656423763535305,16.56142365097578,0.7407407164573669,0.0
120806,100.0,64.2857142857143,35.714285714285715,0.0,100.0,72.72727272727272,81.81818181818181,0.0,100.0,25.000000000000007,16.666666666666664,8.333333333333336,0.0,2.2222222222222223
120807,100.0,0.0,0.0,28.57142857142857,100.0,9.999999999999998,0.0,9.999999999999998,100.0,0.0,5.0,20.0,0.9803921580314636,0.0
120808,100.0,58.73015873015865,42.85714285714282,1.5873015873015996,97.01492537313433,42.36354958992033,36.11428935315454,3.0920718838749774,99.23954372623575,27.00599925009376,32.53655793025872,7.911511061117318,0.5976095795631409,0.3968253968253968
120809,100.0,23.07692307692308,30.76923076923076,0.0,96.29629629629629,11.538461538461545,23.076923076923066,7.692307692307697,94.73684210526315,0.0,0.0,6.250000000000002,0.0,0.0
120810,95.238095,29.720133667502008,29.720133667502026,5.555555555555586,100.0,33.87245800176839,41.93622900088424,4.837422634836411,100.0,13.888888888888888,22.857142857142858,13.888888888888888,0.3333333432674408,0.7092198581560284
120901,98.666667,31.7102773769439,33.46136905940815,4.832090748757408,99.19614147909968,41.39448546618707,39.58108000964361,5.090181746897555,94.1489361702128,14.992457483867499,26.348304219055287,10.694211360704196,1.230068325996399,0.2714318027595567
120902,98.765432,24.27200751476108,29.255568974771847,8.695652173913087,96.34146341463415,13.812191203990205,17.707937441013048,11.478603205486552,98.01980198019803,15.65035652815346,28.165724120973746,15.601180231128584,1.0327022075653076,1.206896551724138
120903,95.744681,17.58865248226949,13.617021276595745,10.638297872340416,96.29629629629629,49.01234567901242,39.87654320987652,0.0,100.0,8.000000000000004,16.00000000000002,10.000000000000005,1.3736263513565063,0.29239766081871343
120904,100.0,35.12195121951215,37.56097560975612,12.439024390243922,92.0,30.434782608695638,21.73913043478261,4.347826086956521,100.0,17.241379310344822,27.586206896551722,13.793103448275856,0.0,3.225806451612903
120905,96.703297,16.04652657284237,11.348885033095565,5.639097744360888,96.29629629629629,40.91312505319639,31.628405091107258,6.734587058200519,100.0,10.63829787234043,17.0212765957447,17.021276595744688,0.2551020383834839,1.1890606420927468
120906,100.0,25.000000000000014,28.571428571428584,3.571428571428572,100.0,25.001628536066097,25.001628536066097,9.995440099014928,94.73684210526315,11.764705882352938,23.529411764705877,11.764705882352938,1.8181818723678589,0.5586592178770949
120907,97.619048,10.11904761904763,15.476190476190512,10.11904761904763,97.2972972972973,31.10206633836557,39.08664444053856,11.761098896665736,100.0,1.92307692307693,17.307692307692346,7.6923076923076845,0.0,0.9708737864077669
120908,96.551724,25.057471264367805,17.701149425287376,3.4482758620689844,94.11764705882352,15.564781536257666,18.629563072515342,6.611310782453998,100.0,7.142857142857144,21.42857142857149,23.809523809523732,0.2531645596027374,0.4608294930875576
120909,97.87234,4.255319148936162,10.638297872340411,24.601063829787183,100.0,18.183324632542163,14.543818970382826,19.999526544058206,98.4126984126984,6.442577030812334,12.83846872082168,20.868347338935596,0.7042253613471985,0.38910505836575876
130101,95.998693,44.68259887701452,30.676944959896716,3.261103159216181,97.32746423518317,47.617516393414725,35.889676598108814,3.675765927226692,97.8013646702047,25.154390028896696,25.261113353158294,6.232705969047486,2.169323682785034,1.0475505802608607
130102,95.995334,31.71388997644083,26.581365294285074,4.163235376984436,96.98440207972267,34.92708505926028,32.190094906060125,5.141029374772002,97.24172517552657,13.965752065492929,15.958822192673718,11.899046731469541,1.5855422019958496,2.0236582266106167
130103,96.595331,32.21345577283708,26.389372489220147,5.176660334185593,97.60330578512398,30.19099406054347,23.83954424274021,6.437267862229601,97.11664482306685,9.835448265034053,11.091214816918903,13.268125627388876,1.6787594556808472,1.8723786698621931
130104,95.305164,27.48408579069703,18.449322363221533,4.66056309854578,96.91629955947143,32.335416446155975,25.935239126952116,7.0453773233577435,96.46107178968654,11.35104808798578,12.283748650685315,11.040727931161944,2.0447609424591064,2.066919062723831
130105,96.270122,32.70565081885586,26.411007182205687,4.47983198184695,97.43311641359364,35.6715311868266,28.97383099516688,5.001846665907538,98.22046465645076,11.709378432611523,12.784419590199276,11.20731930292385,2.0421254634857178,1.8358410060633281
130106,95.918367,24.393449272395227,18.060125163183024,6.445606925315214,96.37155297532655,26.16328718467577,23.782108741582235,7.2201237898724875,96.00725952813067,10.197508766412247,10.734336280654944,15.359596536395467,1.9163763523101807,1.6067841999553671
130107,94.589552,30.82222493491353,22.858512629817394,3.5935443398887017,95.54848966613673,35.55357441300922,31.05820894544325,5.139911997860608,98.3157894736842,15.438187738598664,16.571204225890416,10.613883468091831,2.1171634197235107,2.0966084275436794
130108,96.363636,9.217765472711024,7.253323650657816,31.846167811551123,100.0,30.548117357897624,19.974655222725865,8.217403686630021,98.85057471264368,13.696060037523438,18.52720450281425,4.971857410881805,0.3824091851711273,1.3435700575815739
130109,93.632959,32.51640031382583,24.434406714181506,3.2750063675204517,98.45201238390094,35.93194018762249,30.2478862526404,4.7510085431810865,98.4189723320158,14.04296637941505,21.656279518936927,9.695140292458508,2.093764305114746,3.279424977538185
130110,95.945946,30.94284558398878,19.839828530888873,4.040766788523267,96.92307692307692,20.929954955592745,3.05658944633433,20.664424066987866,100.0,1.785714285714285,5.357142857142862,24.999999999999993,1.6359918117523193,0.42462845010615713
130111,95.465116,43.845254095956896,24.354040306988217,2.9190280329945706,96.83972911963883,46.51571788236647,34.611571572826776,4.05577607124189,97.30639730639732,26.956971064617193,25.673330163913725,7.687326419342908,2.52718186378479,1.5400875736071267
130201,98.181818,27.74505859637727,12.847481274422083,10.349796339858903,97.95918367346938,24.144392911287248,16.903227065993992,15.702819170522616,93.54838709677419,1.2048192771084325,3.614457831325303,20.481927710843355,0.44052863121032715,0.6182380216383307
130202,97.975709,30.3076884517445,25.766527434329998,6.837137004598068,98.72340425531915,37.15550473532738,29.89564663697478,5.382375631485941,98.02371541501978,7.849714365483321,7.0411324442153695,20.1783739235015,0.8152173757553101,1.5359297860669225
130203,98.0,28.754600868963752,22.0057076971,6.224240159754282,99.17355371900827,30.669218409918486,31.050992912946523,9.082859192983408,99.12280701754386,12.280701754385964,12.368421052631568,13.533834586466165,1.849836826324463,1.4018691588785046
130204,100.0,42.857142857142854,14.285714285714281,7.142857142857142,83.33333333333334,20.0,40.0,0.0,100.0,8.695652173913041,17.39130434782609,17.391304347826082,0.4385964870452881,0.0
130205,97.257384,31.605254160934262,29.94934760110766,8.43869955490707,68.72586872586872,,,,97.83549783549785,9.347482582776747,12.698572306415507,16.49261413967304,2.266288995742798,1.8545775684427435
130206,97.931034,21.09181290961785,21.824345281684906,4.355055699683982,99.35483870967742,32.065954893828575,21.456252765945976,7.274810638135467,96.12403100775194,6.737231182795708,12.891065028161798,27.083333333333353,2.1052632331848145,1.0810810810810811
130207,96.808511,27.32390108618074,27.737819895835987,6.062057381992506,96.09929078014183,31.952609811567378,31.871846031105882,8.978147470090219,97.87234042553192,10.192928850866673,14.805297145722696,15.71959137425589,1.4822134971618652,0.9321595028482652
130208,93.171806,24.648519583511156,15.589843268834972,9.724331995197106,97.70992366412216,31.648713563783044,24.19913585368137,8.28806812304248,96.46464646464645,11.124687149449853,13.376179299709618,13.156034637778353,1.7704918384552002,0.851063829787234
130301,86.842105,8.125482625482725,14.94437294437333,31.609681109680736,98.0392156862745,22.800298741565925,23.170146408951236,20.73085411945533,100.0,4.395604395604381,7.692307692307682,26.373626373626408,2.0864381790161133,3.5830618892508146
130302,93.661972,2.1465057776430907,1.7124041990031793,47.34443989906717,92.0,6.045892995986926,9.541603148929815,44.91034549698488,94.73684210526315,0.0,0.0,53.21637426900582,1.1075949668884277,2.814569536423841
130303,93.846154,6.455089820359281,2.5948103792415136,39.377689066311795,88.63636363636364,7.42424242424243,10.075757575757583,42.34848484848485,83.78378378378379,0.0,0.0,50.82582582582581,0.8823529481887817,2.623906705539359
130304,97.5,32.506077970467196,35.00514471492976,5.0163437813817895,100.0,66.75553029482876,33.33333333333333,0.0,100.0,19.999999999999993,20.000000000000007,9.999999999999996,0.9900990128517151,3.2490974729241873
130305,87.037037,18.12822086135592,6.964031960302143,0.0,98.0,24.690695056362387,22.593415939605745,9.970776282802522,98.50746268656717,7.545605306799333,5.970149253731345,28.938640132669935,1.0554089546203613,1.7699115044247788
130306,96.774194,13.333333333333334,6.666666666666669,3.3333333333333335,100.0,9.40359798453405,12.507626129209084,31.25381306460454,100.0,0.0,12.000000000000004,15.999999999999995,1.7543859481811523,9.655172413793103
130401,98.069498,33.92055139484013,25.16063158657131,6.374054033740872,97.7961432506887,36.233327343073285,26.69393661427824,6.399318647668468,99.26380368098162,10.310803500626296,11.804961795605303,16.4836991830036,1.9481747150421143,0.913508260447036
130402,97.520661,25.8933406727477,16.967636095849304,14.156410713561174,98.7179487179487,28.40651485186249,24.237247756501517,8.628316048966324,98.27089337175792,9.780008212959398,12.759060364159334,14.008987435148748,1.8059489727020264,1.440922190201729
130403,97.260274,24.32741860226089,12.929444171831612,9.399182654906477,100.0,26.429976145065194,26.417082175385005,4.836613114148935,98.52941176470588,9.08887905578216,14.209762627805425,18.14301779542745,0.6465517282485962,0.4514672686230248
130501,97.727273,10.509165557931865,11.033622668878746,19.78484961173287,96.8253968253968,13.81970262899297,15.849315392176184,28.69221071596123,98.1566820276498,1.4164719626168174,3.329439252336456,37.89135514018695,1.1940298080444336,1.7200938232994525
130502,100.0,4.900983030837712,2.942806059714933,23.520286065596398,98.27586206896551,9.103975195667182,4.618221034518315,33.15143313041926,90.07633587786258,0.0,1.7600741083835088,38.88352951824222,1.7027863264083862,4.326923076923077
130503,97.333333,15.096931437905955,17.893047282940437,20.956298221347925,95.41284403669727,34.10145840313872,36.049657394192955,26.388742533248298,97.79411764705883,0.740740740740735,3.1851851851851785,33.283950617283885,1.408450722694397,0.44493882091212456
130504,95.364238,2.1560421268064167,3.6502294611978345,45.03862636663592,99.27007299270073,3.0037456915556566,3.75468211444457,50.371778336274666,94.392523364486,0.9345794392523368,1.2461059190031145,53.97392601900569,1.5606242418289185,4.199475065616798
130601,98.046875,26.712568021953267,27.331013593251953,12.407460742929203,98.92280071813285,31.905582032990644,34.858498552949925,12.975284945631058,98.18181818181819,12.626105778279713,17.46989509346492,21.464818171912082,1.9546027183532715,1.174496644295302
130602,97.807018,9.432632629048886,13.66879325520443,18.81307192275227,99.13043478260867,7.829643769700641,10.877345746220147,28.614705300703314,95.75757575757575,4.406213704994184,4.928861788617885,29.393015521064324,1.8909090757369995,0.8566978193146416
130604,70.967742,,,,100.0,14.333727144386494,14.277712142602251,17.18366807272852,100.0,20.454545454545446,6.818181818181824,15.909090909090901,2.857142925262451,1.7123287671232876
130605,98.507463,28.781745403414586,31.781277978458025,7.625388414880199,100.0,18.96220526509934,18.975441585832186,24.28354214693128,98.55072463768117,16.099558916194088,27.977315689981104,11.814744801512273,2.6521060466766357,1.8425460636515913
130606,100.0,16.666666666666664,16.666666666666664,33.33333333333333,100.0,7.692307692307676,0.0,53.84615384615391,100.0,12.500000000000004,0.0,37.50000000000001,1.408450722694397,1.6666666666666667
130608,96.296296,11.548905313763866,15.36571812440008,13.817285463161904,98.24561403508771,13.194054523451653,19.748142038578656,15.74698593494435,100.0,12.499999999999956,12.500000000000005,17.18750000000006,2.5,1.6129032258064515
130610,71.428571,,,,83.33333333333334,0.0,40.0,0.0,100.0,0.0,0.0,44.99999999999999,0.0,0.0
130611,100.0,11.23141564318036,9.954751131221752,7.498383968972196,98.59154929577466,15.714285714285722,14.285714285714276,11.666666666666677,96.03960396039604,5.1250000000000115,5.038461538461529,16.317307692307693,1.9713261127471924,1.338432122370937
130613,98.522167,4.158911799929763,7.124082129311056,37.66911046093291,98.3606557377049,8.927864723372302,8.382848919522523,23.845039666416902,98.56115107913669,0.7246376811594243,4.371980676328497,47.82263630089712,1.021450400352478,1.9933554817275747
130614,97.573657,18.042313583801626,22.81901821554186,16.032601320756584,96.46697388632872,19.321595735747525,24.419616984758218,23.945277554518825,95.53571428571426,7.626170488704381,17.1836607887733,25.596285337959518,3.6283671855926514,1.8367346938775513
130701,98.679868,49.15306975515933,35.34955321589578,0.9890055066276909,81.81818181818183,36.695522489230996,31.21031349365535,2.7480721282336082,98.75389408099689,17.150291572956164,27.16434159733393,9.835919947481342,0.8474576473236084,0.8824895494658616
130702,98.084815,33.742507966588484,28.65298258715699,4.167458776760739,98.0746089049338,31.615425122959007,29.635554988472794,6.235775125514077,98.51668726823243,9.479048900723635,12.636137948474838,16.15852037195381,1.6738109588623047,1.0459795162344738
130703,93.333333,38.55555555555556,53.44444444444452,0.0,96.62921348314607,34.50620934358366,36.66469544648135,2.424600827912477,98.4375,4.7619047619047645,11.204481792717086,14.752567693744172,0.6085192561149597,1.4736842105263157
130704,97.708333,44.130738484774795,35.64520899659883,4.957614538071111,97.16024340770794,33.63312413511919,29.24863343456702,6.906306912456441,96.49122807017544,12.896791814763493,12.941259813453401,15.900235292992113,1.2349308729171753,1.2677798392084108
130705,96.685083,27.9856579979519,21.88393554960118,1.6584381858936854,97.5609756097561,25.886153570884694,23.960343060575042,8.478688124994987,96.90721649484536,6.463400886795771,10.805527025560087,21.30063378341142,0.5216095447540283,0.9353078721745909
130801,96.948357,10.867551625024122,7.094302332313705,28.833620107982917,98.11827956989244,12.167321660807731,9.471176708671617,22.196984169364903,93.17507418397626,4.074370395137485,5.7212505229055814,35.72278156771783,0.8767881989479065,1.7652671755725193
130802,96.190476,6.200461040375617,3.956790443929517,21.410392260621343,95.83333333333334,13.061301328622918,9.674637609422087,32.74491922168167,90.72164948453609,3.3656761673741555,5.609460278956955,30.308237009268097,1.3722126483917236,0.9505703422053232
130803,98.37587,6.062648087376948,8.068100919587689,35.40553117119824,97.35234215885947,7.546301536014963,5.358042103957462,35.68892915278948,90.36458333333334,1.367846260596731,2.0747406574178235,47.88186051702051,0.4524886906147003,1.6848364717542121
130804,97.333333,5.566202784034563,10.045548209034695,32.53438223183985,94.62365591397851,10.831762455985794,12.019244711929122,25.354761278906373,94.8905109489051,0.0,4.522940563086544,47.214043768358884,0.4761904776096344,1.7543859649122806
130805,78.125,,,,100.0,61.53846153846154,92.3076923076923,0.0,95.83333333333334,4.347826086956523,0.0,21.73913043478262,4.477612018585205,2.4
130806,97.794118,8.811915571078698,5.86631110502361,21.46257737613289,98.09523809523807,3.958955041940858,7.1280596190131895,31.60201718021297,92.94117647058823,1.2669683257918507,5.067873303167429,35.5275606746195,0.8113590478897095,2.460850111856823
130807,100.0,36.36363636363636,45.454545454545446,0.0,91.30434782608695,36.52173913043481,26.086956521739136,8.695652173913022,100.0,3.2258064516129186,12.903225806451617,48.387096774193594,0.6369426846504211,1.8404907975460123
130808,96.052632,8.237965528342691,10.641124618121745,15.060476644040605,94.16666666666667,13.027853754301223,9.275250962735296,22.389799723922366,95.76719576719577,4.514766842353044,4.199134199134211,26.55084301636032,1.2074991464614868,1.9033232628398793
130809,94.514768,16.179313568431244,19.17565502613524,12.03973394474062,94.52554744525547,14.822721067849464,11.479578147180508,18.925824562994624,93.87755102040816,2.1170610211706165,3.902034039020335,29.015989718044487,1.5124017000198364,2.0484171322160147
130810,89.795918,30.635543324233986,30.635543324234057,8.151027748887213,100.0,48.40366489191577,41.54661585850791,6.857049033407852,96.29629629629629,3.8461538461538476,23.076923076923077,19.23076923076924,0.4651162922382355,1.4925373134328357
130811,100.0,7.693421913954246,2.5596456775163485,28.21404197830063,100.0,26.30493687762412,21.007864620199438,31.524684388120537,100.0,0.0,0.0,36.538461538461576,1.2345678806304932,0.8888888888888888
130812,94.871795,6.417782311901309,10.25975510158578,51.12163539914609,98.57142857142858,12.347817036839203,4.632315859475498,45.805286925485206,92.94117647058823,0.0,2.6652062796641096,60.89083607155901,0.6928406357765198,0.9900990099009901
130813,92.857143,5.920938330070646,4.137926711098498,39.07111508340932,94.20289855072464,7.543927674651256,3.209682394624031,32.440454397380115,98.66666666666667,1.3636363636363573,4.09090909090909,47.30303030303023,0.3484320640563965,0.6825938566552902
130901,91.878173,24.12177757416537,24.790230415634305,13.67528033195487,98.21222606689733,27.785400705439056,29.580378085137397,14.005250657578875,98.08400884303605,9.02841851787473,15.312030745722613,23.184186285704413,1.0325435400009155,1.3215077605321508
130902,97.608696,7.728650033601582,9.233837692884617,29.868766940734456,97.4947807933194,13.563760896811234,16.575271470534535,30.471352870568296,88.97637795275595,1.5369473046638409,4.320613769432681,47.38041676728585,1.6919889450073242,2.2359821121431027
130903,96.308725,5.592163710494165,4.143128118387806,42.19273639791159,95.59748427672956,7.379146313051374,6.660201044831964,43.1197035289079,96.19047619047618,1.9710497835497813,2.8787878787878807,44.40446127946126,1.182732105255127,1.7038007863695939
130904,98.453608,11.511346417309506,9.620172201367831,26.416973945749472,97.70114942528735,8.377175541500792,7.773895191223436,33.661648505039885,94.76744186046511,1.16959064327486,4.756667007120735,51.37571643923749,0.756302535533905,1.559792027729636
130905,98.198198,4.529745404985245,4.014472903305952,32.755386083753315,97.62611275964393,9.469824502393159,8.18540236653546,36.405316836288975,91.71974522292994,1.727120057790989,3.9899796688934166,53.81639260632881,1.1200995445251465,0.7889546351084813
130906,96.850394,6.4197746329149785,7.6306728444452085,38.86442667934637,95.42334096109843,4.454347830059479,7.458320656045471,42.32157494746072,86.328125,1.2254901960784348,4.131652661064413,50.93481796941997,2.4954628944396973,3.4990791896869244
130907,97.435897,8.199319697271758,6.700811732476448,29.75076493280469,98.34710743801654,8.002769936353149,6.4559085544288255,33.567405251359006,93.57798165137613,0.9254788347014329,1.8669142010356545,38.67251550468141,1.3868613243103027,1.8076644974692697
130908,95.927602,4.439665486231707,0.9325937477647681,39.10282263794139,95.53349875930522,5.013650646157766,6.729803557326932,41.81625521485356,92.90780141843969,1.0978835978836008,2.641654641654647,45.27377025846422,2.279981851577759,3.1588873173031584
131001,97.87234,17.678868962206298,18.515702104265447,30.38530695061476,96.69811320754718,15.373267289956999,13.592127540503366,30.169389932735864,97.17223650385601,4.5021414960360895,3.6952079625601617,34.818706892935836,1.7732962369918823,2.24679029957204
131002,98.496241,8.275998113529644,22.60939419027735,17.94569051845652,97.22222222222221,5.961864615882293,17.051525258819176,17.09710307348073,98.21428571428571,0.0,3.603603603603601,44.09114997350292,0.9756097793579102,0.8460236886632826
131003,96.296296,12.646997105849978,12.4937498594036,19.179411821435963,99.0,19.036377336546668,14.62521405760393,20.632330769078514,96.66666666666667,5.172413793103417,4.3103448275861975,39.29597701149425,1.4164305925369263,1.2139605462822458
131004,100.0,25.56948445655199,11.307903713793355,11.814708115861364,93.33333333333333,16.279778007977715,6.863724623692617,25.150304101616367,100.0,1.612903225806444,4.838709677419356,24.193548387096794,0.790513813495636,0.42016806722689076
131005,96.296296,18.51585014409221,7.420749279538896,21.733909702209367,100.0,13.953488372093032,13.953488372093034,6.976744186046506,100.0,8.333333333333341,3.3333333333333353,41.666666666666664,1.0948904752731323,0.36231884057971014
131006,95.769231,13.869429107754438,17.749487112386102,17.56091619549115,95.39007092198584,16.64687624695235,11.701623944377491,20.331447004916463,90.47619047619047,3.535370684776457,5.318625559499925,33.14731354289942,0.8957133889198303,2.666666666666667
131007,95.918367,17.87978863936593,15.79260237780715,14.673712021136074,98.38709677419355,10.014714584369012,6.687376081704531,9.982015507993436,100.0,0.0,2.272727272727274,38.63636363636366,2.236421823501587,1.7985611510791366
131008,96.363636,10.891807173195035,14.957912274911065,25.29497971211555,97.8494623655914,7.800399310802622,2.1572294681968107,39.836229708511496,88.63636363636364,0.0,0.0,36.84501262626258,1.8621973991394043,1.7208413001912046
131101,98.207885,30.91059688957527,29.460044100133906,11.432182382289254,98.28326180257511,36.466447133861074,28.703695237505222,10.734481936278426,92.48120300751876,10.075304047676845,10.792074535501445,18.768055734725202,1.3732833862304688,1.5779092702169626
131102,100.0,7.23268916772619,13.275817144084463,26.476738415690182,97.1830985915493,17.216420157785734,21.585551412284087,19.99095317695033,95.06172839506173,5.162738496071797,12.844494325975802,23.953111360518783,2.170283794403076,1.5414258188824663
131103,100.0,19.413927152877275,19.445316367060627,19.461010974152323,93.10344827586206,21.607509067699535,29.645054406197218,8.03754533849768,100.0,8.000000000000025,8.000000000000004,12.000000000000037,2.6022305488586426,0.4329004329004329
131104,96.629213,13.115736714898228,12.077813730887133,18.556749252258655,97.89473684210527,16.889246812049965,18.47027322744642,20.39112711325398,92.61744966442953,2.777777777777778,3.728658076484163,39.224606099606106,1.8099547624588013,2.654028436018957
131201,98.21718,23.042423586670676,17.523478270051974,6.678267841323993,97.60658189977556,26.40518934904575,24.91296159141624,8.633364346451767,94.18386491557223,6.328308875168847,8.935332413128108,18.109759797089282,3.0123038291931152,3.515419429533733
131202,93.835616,16.20955341281089,12.431535504644296,10.104191406183267,96.94117647058823,21.273694271838792,17.254874661476183,13.759705368893732,97.27403156384503,8.894258969884477,11.892568999559682,16.743538897627683,1.9818562269210815,3.2893842598885414
131203,95.652174,24.699448052793613,28.41892171733425,5.0472819166877265,95.74468085106383,28.251350167858714,15.800613049189904,6.637717121588091,97.2972972972973,13.888888888888879,11.42857142857144,8.333333333333327,1.9607843160629272,6.655574043261231
140101,96.947005,42.89971616709552,31.913757908574237,2.865376243848037,97.37085724865767,42.327904017758165,35.22659267769571,4.1159163253302715,97.70922419059251,20.496337111567907,23.246231924706777,8.91808039920553,1.341924786567688,1.0770868557830797
140102,94.603175,19.68681729720842,14.386068946867805,10.400445629636804,96.02649006622516,24.756313099707356,18.709367128748863,10.689344383374593,95.73170731707317,4.179023885950926,9.912465037384376,19.060976314675333,0.590468168258667,0.4807692307692308
140103,97.345133,32.31898318800526,35.71605766613298,3.9952561581390214,98.06763285024155,38.06059787223971,46.11584162215765,7.4980897027127815,95.20958083832335,9.788666940927282,15.321722966281209,15.917665549699244,1.2484394311904907,1.4276846679081316
140104,93.333333,92.85714285714286,92.85714285714286,0.0,100.0,15.384615384615385,15.384615384615389,30.76923076923077,100.0,0.0,28.571428571428577,0.0,4.819277286529541,5.747126436781609
140105,96.074308,35.74030530920124,29.88560425663692,3.699241416069631,97.4957118353345,33.505082777951124,28.675838485033584,5.886117228309056,94.23580786026193,10.90235407226014,12.908181750331243,15.683518819192683,1.5356367826461792,1.3321898227558604
140106,92.44186,25.902967177714398,14.111242830457828,4.6494059372185506,96.79930795847754,28.63377474892701,20.883864749369682,7.24205045942536,95.01698754246885,9.358091680130071,11.816171187937828,17.661213698783136,2.01029896736145,1.2133153582909884
140107,99.333333,26.836216310523202,20.041148719076652,6.669144050441698,99.375,15.173292274967418,13.262656055799804,8.88400393269897,97.67441860465115,5.448005827718066,4.1677290111090795,18.218903660535425,0.7698229551315308,1.1955593509820666
140108,95.947902,24.166548534738762,19.14288938408473,9.501381305670433,97.36434108527132,22.776827198118195,22.882259510595986,10.32966043505103,94.96062992125984,7.203189973021917,13.01104325858497,15.914972036605981,1.8563357591629028,2.2256164084660703
140109,96.551724,21.55172413793103,3.6206896551724155,14.137931034482756,97.77777777777777,4.748650642643587,7.001126082398235,21.467479516949442,100.0,3.846153846153847,0.0,65.3846153846154,1.5503876209259033,1.2244897959183674
140110,98.058252,9.833208862335074,8.88722927557881,10.92025558044974,97.91666666666666,15.798641658162374,7.599128846973438,21.516658651120395,96.80851063829788,5.447085455574399,8.71533672891902,22.41055146827648,0.7398273944854736,1.3994910941475827
140111,97.321429,19.331035892377926,18.413583687040493,7.4023991478228846,98.46153846153847,25.67307692307697,18.750000000000036,13.846153846153832,95.41284403669725,5.671392827356119,7.768378410580293,19.352237976091153,1.30130136013031,1.4801110083256246
140112,98.496241,47.766778369178596,36.55582877454283,1.360013273850815,97.44623655913979,43.65064198072961,34.1736856077081,3.2578255078255034,98.08917197452227,29.113590516578792,28.071390973854232,7.103151285127192,1.081994891166687,0.6981099948918781
140113,98.62069,37.62455973415375,26.672818117148196,2.8052744135847774,97.47292418772562,45.74112886274682,33.785351463159834,3.3496759559237423,98.31223628691981,16.35932717919337,15.956719341622936,12.083851308328972,0.8232235908508301,1.2291483757682178
140114,93.0131,26.332551957705526,24.55383107820409,5.459511712562801,94.59459459459461,20.221787345075086,26.2100456621005,11.121983039791274,90.50632911392405,5.427431940350292,10.355196991959739,18.288264444708094,1.4294222593307495,1.8068535825545171
140115,98.113208,24.29616212352259,16.571201107800913,11.499982694811054,98.11320754716981,15.50435851672107,13.738253008229567,14.798235516729441,99.51456310679612,4.413741598207626,5.903659447348788,28.29411709097086,1.1396011114120483,0.9252120277563608
140116,95.238095,27.804474044136455,14.7222381031445,8.404675261779042,93.56223175965665,19.87132323244755,12.290618603841185,12.113736131042257,93.41317365269461,6.382798273840762,5.727506298485953,18.874254783107485,1.5535098314285278,2.691131498470948
140117,93.371758,22.443809133567488,16.510523097157762,7.911885457869567,93.61702127659575,23.700321436389522,16.582719610970386,10.233106161124796,94.89247311827958,6.623674566579803,12.935236305539974,14.493052862322708,1.698113203048706,1.846647932557206
140118,95.529412,27.359723826823465,20.162052790083493,6.758531685774659,98.34515366430257,25.198586438320874,20.31708879675369,10.753497549453668,94.57142857142858,8.969834025039466,9.27946435703449,16.251639044944817,1.4473683834075928,2.317769566677864
140119,96.491228,25.181121249078593,21.237505376648652,5.417569881949453,96.7741935483871,33.81443157865925,34.33248473898882,4.550244997399474,96.26168224299064,13.35268505079833,10.803701015965245,18.187590711175574,0.7682458162307739,1.7287234042553192
140120,94.951923,23.608251222739177,12.056047747619424,8.361120262370257,95.07389162561576,21.20033334918282,13.488579366079767,10.61036097196205,93.70786516853931,9.33560245180787,11.128393886908068,15.475040349588282,1.0018784999847412,1.4451775054979579
140201,96.990741,32.861857708845505,21.699976756868438,5.526191476967537,97.81181619256017,33.05727675992989,24.146965415638803,6.31871311661366,98.8779803646564,12.327838902831948,16.141265417923414,11.914895748882213,0.5684667825698853,1.2827090815802977
140202,100.0,14.51612903225808,8.064516129032246,37.09677419354842,85.21739130434783,4.12346894597677,11.037821335362388,35.53159165313573,89.2255892255892,0.0,1.067654192654196,64.8984930510666,0.8407079577445984,3.261927945472249
140203,100.0,0.0,0.0,52.59740259740258,100.0,3.7037037037037015,0.0,44.44444444444443,96.46739130434781,0.2732240437158462,0.2732240437158451,72.23886745025648,0.626468300819397,2.192393736017897
140204,97.058824,12.121212121212116,12.121212121212123,21.2121212121212,97.87234042553192,21.733917267027735,8.709553954592703,8.709553954592714,95.55555555555556,0.0,9.523809523809524,19.047619047619058,1.0810810327529907,3.293413173652695
140205,97.349398,20.56882084154211,23.956560946886615,7.805660722234139,97.02970297029704,22.11961338116193,22.338898924671323,8.340838198106301,98.2456140350877,5.205625508877263,11.175153196983704,20.969606112097992,0.9953786134719849,1.5718562874251496
140206,100.0,17.651878008411085,12.938156448062282,5.87849759327112,97.84946236559139,31.27664157881476,29.119631814758495,5.588807489283264,98.59154929577466,12.300242130750615,13.00242130750606,20.314769975786934,0.17421603202819824,4.6875
140301,96.725664,38.282389399592795,29.97937082685689,2.622934480491325,96.34482758620693,32.84062973754321,26.575517332769156,8.134604016280333,96.82835820895527,16.17955014609368,17.92214660008511,11.085933429602063,1.435306429862976,1.4407053005053219
140302,100.0,15.000000000000002,5.000000000000002,20.0,100.0,8.695652173913048,13.043478260869568,13.043478260869573,100.0,0.0,0.0,39.99999999999999,0.0,0.628930817610063
140303,97.790055,28.996862186459282,26.654089745317314,1.1973742468284996,98.63636363636363,26.158072864118427,26.64666109143375,6.147186424879878,97.9253112033195,3.7903225806451593,4.741366366366375,27.784946236559154,0.21723388135433197,1.881331403762663
140304,96.73913,22.39262731573405,18.197454582187667,9.493377408853947,97.14285714285714,22.983735970140735,18.03799801771964,19.566588190162317,95.78651685393257,10.822102554876375,13.253012048192872,16.34087397793898,0.9025270938873291,1.8365472910927456
140305,96.253602,25.612146346193278,25.73149137867136,7.042965679853282,98.51485148514851,30.018033990333194,26.65482947412813,9.1082317972305,97.70491803278686,7.727255903471779,14.481843753995694,15.62108846627501,0.2595476508140564,1.148573545757688
140306,97.565071,12.758332735258238,14.6008126425313,14.79149699988175,98.2313927781872,11.400569308234122,12.648867517522339,21.276699102338444,96.5474722564735,2.5553037953052833,4.906453340668264,37.09665478945953,1.3030403852462769,1.1119759813188035
140307,91.485507,21.3990895547729,12.681484702805987,8.708320327868105,97.0873786407767,18.220410852277347,14.09336375734466,12.83666365403181,97.34042553191487,7.902201665516369,10.786271127203237,22.27240911708273,0.9362914562225342,1.274409044193217
140308,96.658711,15.595851293164184,11.549734893983068,15.593518531846605,95.86507072905333,20.62446747993937,15.861503919667141,19.205670021596983,96.27791563275434,4.528129859557605,5.801139138396616,31.601330518211775,1.5859248638153076,1.7036401519794093
140309,97.435897,12.293062293062292,10.537460537460506,13.005313005313,97.6923076923077,12.079075221980212,15.228681521192788,9.687933108941658,100.0,3.191489361702123,5.319148936170209,21.27659574468084,0.5328596830368042,1.3192612137203166
140310,92.647059,16.51982097186702,9.860613810741668,20.305920919092284,97.55244755244755,12.069703391551807,18.550205202975054,30.640269182084566,93.35664335664337,3.260507608333686,3.273827621653695,37.81420625410396,1.0209041833877563,1.2493492972410203
140311,97.808219,27.001870287638553,26.086525158354156,8.549758662922065,98.22616407982262,25.396180362076514,23.593703396806216,10.07707938549205,95.72649572649573,6.442590538650704,13.266142643583958,17.123981289482483,1.1528326272964478,0.9252912954078136
140312,96.347032,13.379974436456887,10.767667462589817,12.013850502380903,98.17444219066935,24.08692546678978,18.21671779074787,14.412563447747445,96.87499999999999,5.933886194127251,9.706681270536848,22.053472044656353,0.6997261643409729,0.8374689826302729
150101,97.417309,43.13532561278253,28.86480167464862,3.1829488553374805,97.01033194108591,43.76706690748721,36.465939748135646,4.4906422999210145,97.84698996655526,22.560535673167205,24.091125208125387,8.614612816686911,3.675158739089966,1.384609532504089
150102,95.721393,33.35808311705393,24.97425286857912,5.499962761897993,97.07227813357733,34.7304649371191,30.354767051300797,6.941390243615916,98.79253567508236,17.70715033707311,18.73229741530628,8.618182192082175,1.8123667240142822,1.5067308879832038
150103,95.247428,34.97368010885452,27.977318437854006,4.352349824200192,95.84379599965357,40.84070743312012,38.241234532829914,5.1806341434270635,96.3004032258065,20.69589527171518,26.521971310796328,7.026419085781837,2.537003517150879,1.2225041708141149
150104,97.343454,49.70538929522139,31.67170893869376,1.8904930267646192,97.52973467520586,60.39627183901821,50.67135190045137,1.0276381198689257,98.0460572226099,34.90370433116101,32.30776967074991,3.8615439039011052,3.034114122390747,1.2147134302822926
150105,96.402878,50.97126871520927,34.81802756411471,2.3073328038991763,97.95396419437343,52.28190516428973,40.43824258199145,2.200356530947283,97.8571428571429,33.39204072091124,33.13717125506787,3.167474173263897,2.3539390563964844,0.8092485549132947
150106,96.294852,34.3746214139432,26.07638180373761,4.8648428724939565,97.36247174076858,37.24731991141351,31.612716412384938,5.443582113568273,95.58333333333339,14.901729471659758,17.715324353807148,10.653659130535384,1.7562321424484253,0.9088140913030239
150107,97.435897,42.54717579238007,35.37827081273358,3.477314352314363,96.56652360515022,41.5078139820144,41.09817901376277,3.1814859549831827,98.16176470588238,27.121137314890163,32.027235084845735,7.078339428632047,2.4600467681884766,1.0904305320548975
150108,96.914176,43.756019918463274,31.482254540025185,3.000854866381499,96.79314976494291,50.56501455646506,45.92282693994008,3.0266934895065325,98.09792843691152,32.5032484366778,33.2127508068177,3.7499101111911814,3.276329517364502,1.3454886556838834
150109,94.926004,35.381733511038576,29.431656014879934,5.523281277887528,97.70642201834863,44.33124862848341,37.21938775510193,4.079026771999072,96.4705882352941,18.89300582519795,26.754474861298544,10.119967700879966,1.8799272775650024,1.5313493210054898
150110,95.949617,37.69664422203227,26.578109760520768,3.8921398344543405,96.73095014111006,42.502691028297576,34.77663514494117,5.173888343359448,96.91097686082298,18.337555270463017,20.23805876508694,9.014428043033979,2.809739589691162,1.032120622210795
150111,95.480456,37.157170336660414,29.638806873704517,3.7875568925141225,95.83333333333334,36.30674942130466,32.194230808885116,6.151978404136739,96.09195402298852,16.213946746613694,18.268186317802567,11.711716986543866,4.126302719116211,2.204309919394637
150112,96.053117,32.954509295372674,24.03095094906405,4.317937554619255,96.10960757780784,35.33335809061083,32.06126639922762,6.36610066619102,95.6640625,15.184091688326323,17.085603115963934,11.042003566068262,3.2632601261138916,1.494240382525538
150113,97.619048,57.49020677854058,33.590270163975376,1.38720949363942,97.82157676348547,60.62535220289137,42.395376216433185,2.2570197792700624,97.97541576283439,38.94603083739979,39.56817429265347,2.585051603291535,2.1099965572357178,0.3769520732364028
150114,98.022599,65.1958590613858,44.19433114664298,1.0645507056023176,97.21509710516672,64.2379081892839,50.50133414644975,1.6961928700925066,98.2585398526457,44.81711314838216,45.517715099287564,2.542524433829301,1.981320858001709,0.4202259575640672
150115,96.769047,37.790082879234774,27.06207792821905,4.010722728687077,97.10610932475882,39.790197894972344,31.81484913797225,5.981882985225371,97.34088927637313,15.83324089223776,17.936414505295083,10.453392514864982,5.159806728363037,1.903458571784026
150116,96.25,49.16443768796303,31.276971498655453,2.2478817727430784,98.03625377643503,49.51682482059926,41.39580174601645,3.1399026822919964,98.59649122807016,33.10030598059633,34.67743245968048,4.441549557267605,2.6041667461395264,0.6776127182694814
150117,96.653048,42.09041811498766,28.981344462101895,2.8423453042212388,96.87070676232639,46.17678747420438,37.548766161888864,3.9585998240217304,98.18443804034592,24.70843141937033,26.556689077042332,5.504556357714889,2.9835364818573,0.9074598923528953
150118,95.232592,36.40113776969966,28.094388109055927,3.2680421973823797,96.81624467285032,40.82912522318026,36.42984394151509,5.056195354655045,97.16212419218883,19.478897966161714,23.6555080641373,8.248960812978682,1.877436637878418,0.9974776427424902
150119,97.318278,33.797678671798,22.83098871819807,4.120077818393333,96.35416666666666,34.96508189797213,30.62269770971937,5.424714520060977,97.77027027027029,16.064306003909852,19.086812164814397,7.513395325455635,2.58528995513916,1.340250756593169
150120,96.675532,49.80114759089712,29.167081566060787,0.825374758220507,97.53997539975398,54.64815089241001,40.87872557054216,2.5513649217561123,96.38989169675091,31.08696049296974,26.418067554230497,3.669970971376794,2.9145729541778564,1.1650074136835415
150121,98.269581,61.12249873349745,42.9492149068963,1.5326633907752059,97.01619778346121,58.347183227628605,45.13511101014683,3.8588017478223517,98.26707441386338,40.93086846885566,38.232775462383515,3.9770528750208167,1.584433674812317,0.7166403898523721
150122,97.392924,71.8588483478024,47.15906433375787,0.9656688691449659,97.83245459871122,74.08076382865836,60.36842005002483,0.7304369030752366,98.04964539007095,47.86605709835843,45.65619298118227,1.7826470293302608,3.2144877910614014,0.32292787944025836
150123,95.759717,34.176898302315436,26.417256672214357,3.9473297769205384,97.82244556113902,39.38345842755282,36.50407781695824,4.823037523297555,96.82464454976302,16.474939744411568,24.00552294808992,8.438939493105602,1.4512498378753662,1.11466929424806
150124,95.061728,26.458162644624004,25.00810495068083,7.477827455495894,97.0149253731343,30.372504227074838,24.866154621002217,9.762672230816236,95.71428571428572,12.449881792399694,11.543027630691455,11.46018228211,4.602057456970215,1.4602803738317758
150125,96.37946,34.40625293960919,26.361637959862346,4.234364118334942,96.90687726225731,40.234445948830995,35.119188238809315,5.433304692749829,97.30439348853494,15.522312595738452,19.32065535860632,8.532250497211987,2.06559419631958,0.9574493359625574
150126,96.428571,39.62264150943399,39.622641509434,5.660377358490568,100.0,30.0,19.999999999999996,6.000000000000002,100.0,16.666666666666657,15.000000000000014,3.3333333333333304,3.786816358566284,1.3869625520110958
150127,86.428571,31.398888467854135,22.63815207780737,5.3447249589490555,97.67441860465115,34.55531173357441,35.07874015748034,5.5376274686975275,94.85294117647058,16.165057894015312,14.357391063100295,13.780649869287748,2.9001073837280273,1.1363636363636365
150128,96.152351,38.229339420518045,24.825858637621856,3.506575736002319,96.76326684230332,38.72251861645915,31.772933378417,4.740192342033483,97.06703910614524,21.27903640011256,20.74789214565911,6.920831455626271,3.423950433731079,1.6189996220234346
150129,96.183206,20.565783565334435,21.532704684927346,7.400089806915081,97.27891156462584,30.79584301928075,29.903824239938043,4.29964902684716,97.45222929936305,9.333333333333323,8.666666666666686,7.999999999999992,4.9111809730529785,2.2035676810073452
150130,97.395349,65.40765502030334,45.505396706374526,0.78317898058585,97.20216606498194,65.0959495341496,52.27839582793716,1.1488732876370027,98.36363636363636,45.51280470498599,43.792000999828005,2.6205033149855996,2.6569297313690186,0.5099439061703213
150131,99.094567,71.59174850548952,47.8897382699865,1.1224965864872993,97.14013346043853,69.78232146142959,52.56813386810707,2.062370698366643,97.96672828096118,51.27500723070004,50.50269545636758,1.4286668030824192,1.8348623514175415,0.05159071367153912
150132,96.09466,35.16898169744034,26.835979068225846,4.0999896105161735,96.78850058779531,39.58082457023336,34.16112335860358,4.789496891773219,97.00624999999991,17.043146245164188,20.211635084620724,8.164760772223554,2.232886791229248,1.1082455634107633
150133,96.074996,36.00173664219044,23.91275161016821,4.024306178757969,96.23443668387489,38.10103214038272,30.201046928464294,5.0292144486060995,96.30466354687756,18.30317076114937,20.36719586954761,8.303947646518765,3.565612316131592,1.257091112472368
150134,95.178399,43.19052009007242,31.943705705378576,3.7717857380430813,96.86609686609684,52.446542576241626,47.66090869490908,3.253895035359511,96.875,26.96909022985215,32.106063294664985,3.5729079796243823,3.524867296218872,1.0577568838146407
150135,94.336687,37.41095038517805,23.786298634550207,4.669688483865742,95.96209311907708,39.99224638709269,32.27482426165827,4.892536201865651,96.38665843113026,20.156925773179406,22.909926544332397,7.320370405429327,3.7664635181427,1.2784161567925185
150136,95.213046,56.20682668983579,33.64917965626628,2.4614704548499677,96.6033966033966,55.62256939891211,44.42089133620165,3.496152427919471,97.55899104963387,37.48406909235288,37.63837591545889,3.620775890791666,2.6930932998657227,0.6504838965571951
150137,94.941982,38.74556256185541,31.666073079724992,3.507132978266132,96.7564739733194,43.916807929386835,37.68786174576839,4.805272970333134,97.11293518256436,20.50402227966767,27.328998779646813,7.258769288691029,2.8662281036376953,0.9666728042717732
150138,100.0,46.15384615384617,23.076923076923084,0.0,100.0,50.000000000000014,50.0,0.0,83.33333333333334,50.0,0.0,0.0,11.11111068725586,0.0
150139,72.875817,,,,98.91304347826086,37.08701535290592,30.011680015255642,6.605091736046874,97.89473684210527,19.342507622347977,16.45147555038178,6.50758615616627,1.4859437942504883,1.1836578846888126
150140,97.857918,65.46124608770717,46.11230278133225,1.60467458505228,97.5017190006876,64.07250566956324,54.16998006287659,1.7330706897044534,98.54266030736622,47.63342117350153,46.28970135036872,3.029715236111546,3.0014588832855225,0.5997001499250375
150141,96.472185,52.71962701009272,35.50881721036232,1.7599817994901545,96.85314685314684,59.628769062283915,48.91406956878519,0.8557143261658157,97.18918918918918,34.87903891239832,33.203612677128326,3.9148685800923317,4.13640022277832,1.3029989658738366
150142,94.855869,32.932164295288594,22.00437208227883,5.17721097359722,95.92822636300902,37.01777915926661,31.113272315001517,6.521199328696574,96.43543854459395,15.222158716513528,18.6101682906523,9.453872179059609,2.8135313987731934,1.2484957882069796
150143,94.940562,32.74750639199625,22.626349919035384,4.75126715789055,95.53172475424483,36.5866644791752,32.2305887197664,5.859005315375167,96.2251201098147,14.552738085749779,16.94844031836554,9.905428133410116,2.2705695629119873,1.169053216499252
150201,97.968397,38.44209264014952,33.876606429528756,3.390457585651283,97.87985865724383,44.71223421860078,43.634349331686714,4.0359747001928845,98.42465753424659,17.74213383489367,21.113376994543025,12.240813780367498,2.2437903881073,1.3113006396588487
150202,98.688525,35.93678920761547,30.411405666430547,4.374828326604634,99.66887417218543,37.736077481840205,34.882120555626415,6.815980629539952,97.6401179941003,14.190459197593178,14.38743728153224,12.583142027969988,2.058823585510254,1.256281407035176
150203,97.2,46.290143288144506,46.55384551159802,4.163099571980956,97.41697416974172,37.36969484149923,33.41500336398291,3.834670073928926,97.67441860465115,10.054057118893569,13.957203769482138,16.7927373544921,1.9607843160629272,1.4153511159499184
150204,97.156398,31.31291993995208,28.278687208842626,5.83460110220458,97.97752808988764,28.644347953504013,26.750023786883187,7.518670723810566,98.03149606299213,10.793702041946295,13.117835116043503,13.48355008646426,1.3505908250808716,1.3881177123820099
150205,95.714286,33.09078001065274,21.606782004371702,2.9586859645737142,95.34883720930233,30.09446693657225,25.29475148814201,6.592808795991183,99.0,1.0582010582010604,6.198034769463341,18.556311413454313,1.67322838306427,0.6302521008403361
150301,100.0,34.56713669367569,34.567136693675685,0.0,100.0,37.20930232558132,32.558139534883715,4.651162790697692,100.0,10.550082101806233,8.82594417077175,17.44663382594416,0.9389671087265015,0.546448087431694
150302,100.0,4.7619047619047645,4.7619047619047645,14.285714285714294,100.0,24.999999999999996,12.499999999999998,12.499999999999998,96.0,0.0,4.000000000000009,28.33333333333338,0.9345794320106506,0.0
150303,100.0,19.235312326892373,15.411873961354239,11.529375346215257,93.75,49.68750000000008,46.40625000000013,3.1249999999999427,100.0,8.33333333333334,11.111111111111114,16.666666666666675,0.9478672742843628,1.5625
150304,100.0,0.0,10.000000000000002,30.000000000000007,100.0,0.0,30.0,9.999999999999998,100.0,10.0,10.0,0.0,0.0,1.3157894736842104
150305,100.0,57.14285714285714,57.14285714285714,0.0,100.0,49.999999999999574,49.999999999999766,10.000000000000151,94.11764705882352,15.079365079365076,23.015873015873005,7.936507936507946,4.95049524307251,0.0
150401,89.583333,40.93433359188453,41.21200310261403,2.57270558622716,93.54838709677419,41.57706093189953,41.57706093189958,6.690561529271291,100.0,20.00000000000001,19.999999999999986,12.500000000000005,0.39840638637542725,0.8403361344537815
150402,100.0,50.0,100.0,0.0,100.0,37.5,37.5,0.0,100.0,0.0,0.0,40.0,0.0,0.0
150403,60.0,,,,100.0,0.0,20.0,20.0,100.0,0.0,0.0,22.222222222222214,0.0,0.0
150404,90.909091,38.181818181818194,29.090909090909097,10.909090909090914,100.0,54.545454545454554,45.45454545454547,0.0,100.0,0.0,18.18181818181818,27.272727272727256,1.1111111640930176,1.1363636363636365
150405,100.0,33.33333333333332,16.666666666666668,24.999999999999993,100.0,9.090909090909092,9.090909090909092,18.181818181818183,100.0,0.0,0.0,20.0,0.0,2.4390243902439024
150407,93.661972,51.37273985140393,46.275411917866975,0.930565231388509,97.79411764705883,45.182595182595,38.185835629017326,3.0647382920110418,100.0,14.28571428571432,26.984126984127034,3.1746031746031753,1.7029328346252441,1.582591493570722
150501,96.486718,33.40564203701593,22.58748752111851,5.840507012445547,98.20312499999999,41.189689701704516,37.55591462949997,6.011683325391348,97.45824255628177,15.669433817941398,22.142669345288766,12.340630462483958,1.2117576599121094,0.8249199704506278
150502,93.80531,24.900083238322317,10.949094221211551,3.6384191541404953,97.27891156462584,28.717325227963386,23.485106382978678,5.129483282674814,96.84210526315789,8.786446020488587,16.351457840819567,12.151300236406634,0.761904776096344,1.9057171514543632
150503,100.0,33.3758040139187,33.43951003479675,25.000000000000007,100.0,12.500000000000004,24.999999999999996,12.500000000000004,100.0,3.703703703703703,14.814814814814817,11.111111111111107,1.0582010746002197,1.2195121951219512
150504,93.277311,18.624667829703917,17.572594106206203,7.688545265808382,97.51552795031056,30.042701863353987,26.141304347826093,6.951345755693628,99.07407407407408,8.369408369408355,11.183261183261164,21.524771524771534,1.2290502786636353,2.9988465974625145
150505,96.551724,30.768002163974938,23.719045405476553,6.9189548625564825,95.5607476635514,36.18267515895713,25.364038724349093,8.220113421233181,97.72079772079772,10.858127121798878,12.422985276276568,14.84788273091881,2.4519941806793213,1.418052904281429
150506,100.0,60.0,40.0,0.0,100.0,26.66666666666667,13.333333333333336,40.0,100.0,27.272727272727266,36.36363636363637,9.090909090909088,2.17391300201416,2.4096385542168677
150507,95.540541,27.318534317477468,26.1727013256294,5.019488856496111,96.62004662004662,36.52084775185228,34.240637643153384,7.199834419828749,97.76247848537005,14.058953668152489,19.865660662613784,13.901229501087323,1.4895730018615723,1.5785157851578517
150508,100.0,29.543833945736996,29.48733434902722,7.428333183966582,100.0,28.813559322033793,23.72881355932209,3.389830508474598,100.0,14.893617021276611,19.148936170212746,14.893617021276611,1.8518518209457397,0.8130081300813009
150509,96.58606,40.24477932223998,28.566059626182575,5.335155997239726,97.43918053777206,35.222947757313065,31.01663638940726,8.195746974965452,98.83527454242929,17.569961763832044,20.99539558316266,8.94503820802636,1.8741369247436523,0.8233841086867023
150510,99.204244,24.37455491433696,20.86645667943569,5.342850347669544,98.68421052631578,41.71808960270505,38.52127359819641,8.456607495069077,98.93333333333337,14.304523694128665,17.774124085128353,11.930530078547582,0.8517887592315674,1.3457556935817805
150511,100.0,42.60770087605744,31.846644790318173,3.58701869524641,100.0,10.714285714285712,3.5714285714285707,46.428571428571416,95.65217391304348,4.545454545454543,9.090909090909086,22.72727272727272,0.5050504803657532,0.4524886877828055
150512,91.538462,23.26330637749531,15.158531086634046,8.120886893109097,97.49999999999997,34.35978671865762,34.80039162066817,6.55230857851829,99.52606635071089,6.8604657503867505,11.302199689887567,17.720855154211016,1.3882240056991577,0.7360157016683023
150513,95.945946,48.72054256524826,39.97869800088287,5.756889712519916,100.0,36.84210526315797,38.15789473684212,2.631578947368412,100.0,16.230366492146526,18.84816753926694,10.994764397905712,0.22883294522762299,0.24213075060532688
150514,96.296296,26.316129344114916,20.779939403007663,4.843757289283843,99.03846153846155,27.214334009465833,35.581473968897996,6.457065584854604,97.6,8.589743589743607,11.20940170940169,15.598290598290626,0.9730538725852966,1.3071895424836601
150515,100.0,54.54545454545453,50.00000000000002,0.0,96.96969696969697,16.015624999999968,6.640625000000027,22.656250000000014,100.0,31.57894736842105,36.84210526315789,0.0,0.9852216839790344,0.5714285714285714
150516,90.909091,29.999999999999996,49.99999999999999,20.0,100.0,26.315789473684205,15.789473684210527,0.0,100.0,4.545454545454544,18.181818181818183,22.727272727272723,0.0,0.0
150601,93.72862,36.00178266276525,30.17163771374518,4.802619675957247,97.64764764764764,37.34414903375997,36.35619920679863,5.778458211818518,98.4521835268104,14.213396457784125,19.40798768344269,10.267648667233484,1.5356520414352417,1.1602488649739364
150602,100.0,16.666666666666664,0.0,16.666666666666664,100.0,0.0,0.0,20.0,100.0,0.0,0.0,16.666666666666664,3.076923131942749,2.083333333333333
150603,100.0,50.00000000000002,21.42857142857143,7.142857142857147,100.0,0.0,0.0,14.285714285714288,,,,,0.0,1.7857142857142856
150604,98.297872,27.10077706509425,23.800541440527436,8.590785552091479,97.14285714285714,27.398107788625314,30.465908049274166,10.116376591637266,97.52475247524751,3.0048353672576593,6.05517528497036,21.950043841593484,1.1242270469665527,1.044689495066744
150605,92.226891,36.04617729309605,26.570907771975275,4.716755894578437,96.95613249776189,35.45846513708962,33.79602106953804,7.141156341059565,97.2195589645254,12.412514841371102,17.317678040225964,15.152807008866054,1.7594108581542969,0.7617728531855956
150606,91.666667,0.0,2.77777777777778,31.597222222222243,100.0,11.999999999999998,15.999999999999998,24.000000000000007,93.93939393939394,0.0,3.367003367003364,31.851851851851894,0.7246376872062683,0.3952569169960474
150608,100.0,11.11111111111111,0.0,55.55555555555555,83.33333333333334,20.0,20.0,0.0,71.42857142857143,,,,0.0,1.4705882352941175
150609,100.0,25.0,37.5,0.0,,,,,100.0,14.285714285714283,0.0,14.285714285714283,4.34782600402832,0.0
150612,100.0,16.666666666666664,0.0,16.666666666666664,,,,,,,,,0.0,0.0
150701,97.142857,37.83290741610931,21.98213507905755,2.863365325402903,98.71794871794873,32.347140039447666,34.812623274161666,3.846153846153913,100.0,6.097560975609767,12.195121951219507,15.8536585365854,0.8602150678634644,0.48661800486618007
150702,100.0,6.249999999999998,0.0,25.0,96.15384615384616,30.00000000000001,20.000000000000018,0.0,100.0,4.347826086956521,0.0,26.086956521739125,1.8292683362960815,0.0
150703,100.0,0.0,25.0,0.0,100.0,42.85714285714287,71.42857142857143,14.285714285714288,100.0,0.0,0.0,33.33333333333333,0.0,0.0
150704,100.0,28.57142857142857,14.285714285714285,0.0,,,,,100.0,0.0,0.0,14.285714285714283,0.0,4.3478260869565215
150705,96.551724,39.12547821179561,34.117061919216354,0.0,100.0,38.96103896103896,44.155844155844136,0.0,100.0,0.0,9.999999999999993,20.00000000000001,0.0,1.8433179723502304
150706,100.0,0.0,20.0,40.0,100.0,0.0,0.0,0.0,,,,,2.941176414489746,0.0
150708,100.0,20.0,0.0,20.0,100.0,30.000000000000004,10.0,10.0,100.0,0.0,25.0,25.0,0.0,2.857142857142857
150709,100.0,11.764705882352935,5.882352941176471,35.294117647058805,88.23529411764706,33.33333333333333,33.33333333333334,13.33333333333333,100.0,0.0,0.0,33.33333333333333,0.8333333134651184,0.0
150710,100.0,0.0,33.333333333333336,0.0,100.0,20.0,0.0,0.0,85.71428571428571,0.0,20.0,0.0,0.0,1.8518518518518516
150711,100.0,0.0,0.0,66.66666666666667,100.0,30.000000000000004,39.999999999999986,0.0,100.0,0.0,25.0,0.0,0.0,2.564102564102564
150713,100.0,10.000000000000004,20.000000000000004,20.0,96.15384615384616,28.021978021978033,35.71428571428573,8.241758241758244,96.7741935483871,0.0,9.677419354838703,18.06451612903228,0.9569377899169922,0.5780346820809248
150714,100.0,35.00950034565414,27.688318456735622,2.150553902600257,100.0,27.777777777777718,19.047619047618998,5.555555555555534,95.77464788732394,13.361344537815137,7.371428571428565,7.394957983193285,0.25940337777137756,1.2121212121212122
150715,95.0,16.33698088332235,0.0,25.246846846846847,95.45454545454545,14.545454545454431,4.848484848484829,56.96969696969706,100.0,0.0,0.0,22.222222222222214,1.0989011526107788,0.0
150716,94.386694,28.491471782799678,21.050612776205217,6.598695782461121,96.29343629343627,30.90316427893366,28.44918292747846,7.254758433423296,96.54178674351587,12.737035577668546,16.433954170125393,10.8402142356775,1.307759404182434,1.2829301733424736
150717,92.307692,50.0,41.666666666666664,8.333333333333334,,,,,100.0,0.0,10.0,9.999999999999998,0.0,0.0
150718,100.0,45.20630236602203,35.16045739579494,24.732571007008474,94.11764705882352,6.334841628959246,0.0,50.000000000000014,100.0,0.0,5.88235294117647,58.82352941176471,0.0,1.6260162601626018
150719,100.0,0.0,0.0,66.66666666666667,,,,,,,,,0.0,0.0
150720,100.0,14.28571428571429,7.142857142857143,21.428571428571434,,,,,,,,,0.0,0.0
150721,100.0,21.459819879618028,7.189729819427063,7.189729819427053,94.11764705882352,43.749999999999986,43.75,6.249999999999998,100.0,16.666666666666664,16.666666666666668,8.333333333333332,0.0,1.1627906976744187
150722,93.75,27.118644067796648,25.42372881355932,11.864406779661035,97.5609756097561,56.00907029478446,61.90476190476183,0.0,96.72131147540983,8.634343434343423,17.20404040404039,15.535353535353513,0.0,0.0
150723,100.0,59.99999999999999,40.0,20.0,93.33333333333333,32.14285714285714,51.78571428571431,14.285714285714295,94.44444444444444,11.965811965811977,11.965811965811978,11.965811965811977,0.0,0.0
150724,87.5,57.14285714285714,14.285714285714288,28.57142857142857,100.0,66.66666666666667,66.66666666666666,0.0,95.0,5.555555555555556,11.111111111111112,16.666666666666668,1.4492753744125366,1.8518518518518516
150727,100.0,33.33333333333332,30.952380952380985,7.142857142857138,97.82608695652173,13.405797101449288,17.995169082125585,15.57971014492755,100.0,14.285714285714295,16.66666666666665,7.142857142857147,0.35335689783096313,1.465201465201465
150728,90.797546,41.40841774595044,34.30074162243125,3.9585286219039553,97.82608695652173,44.39552581285997,34.23480838383586,5.56240098574192,98.52941176470588,20.823363828289928,27.100633356791036,8.626245416496928,1.5555555820465088,0.6622516556291391
150731,96.666667,20.26315789473684,15.17543859649122,8.421052631578945,97.6470588235294,24.39024390243882,21.951219512195042,17.647058823529534,98.86363636363636,14.38953488372094,17.877906976744157,8.139534883720938,0.4410143196582794,1.153846153846154
150732,100.0,8.33333333333333,8.333333333333334,0.0,91.66666666666666,18.18181818181818,9.090909090909092,9.09090909090909,100.0,7.1428571428571415,7.142857142857144,35.7142857142857,0.0,0.0
150801,97.809604,43.1195809366874,29.297536325052015,2.2791576917283196,97.50972762645917,45.36898586371864,37.44818603200854,3.8560699996424854,97.58125472411187,19.42503191368086,22.087333741741784,9.04985757126284,2.147841215133667,0.8990011098779135
150802,100.0,0.0,14.176224959035864,7.088112479517942,100.0,16.666666666666558,27.777777777777686,5.555555555555519,88.46153846153845,7.69230769230769,3.846153846153852,28.846153846153832,0.913241982460022,0.48543689320388345
150803,98.550725,26.62900794348463,20.6458444611092,11.684829100004173,100.0,18.749999999999982,13.541666666666623,8.333333333333302,100.0,19.999999999999996,12.000000000000002,3.9999999999999987,2.3897058963775635,1.7892644135188867
150805,98.550725,36.12011334261431,25.171297116291722,5.32316067241242,97.60479041916167,35.55459750482785,27.355705388407088,5.359626328804581,96.81528662420382,14.632904711029667,22.906916613076252,9.160307285307272,1.7682642936706543,1.3692162417374882
150806,96.27451,29.604067265601113,19.410788961535886,1.797668970497139,96.83098591549297,33.94285924481274,31.58069550452394,4.67659081739389,99.21414538310412,10.442808905771821,14.752341998728586,18.336288931526955,1.3118526935577393,0.633505396527452
150807,87.878788,12.121212121212126,24.242424242424253,12.121212121212126,100.0,5.000000000000002,20.000000000000007,15.000000000000005,96.66666666666667,7.222222222222219,13.750000000000018,14.16666666666666,4.4052863121032715,1.6216216216216217
150808,95.238095,11.111111111111118,0.0,26.66666666666667,100.0,0.0,10.000000000000004,10.000000000000004,90.0,0.0,10.00000000000002,12.499999999999982,0.0,1.574803149606299
150809,100.0,17.64705882352941,23.52941176470588,17.64705882352941,93.75,19.64285714285715,20.535714285714292,13.392857142857148,100.0,7.142857142857144,7.142857142857142,14.285714285714288,0.0,0.0
150810,97.241379,41.884945383653424,29.314599252207522,3.3513795573328538,96.7930029154519,34.77407499364221,28.62776841186877,4.306107849216738,94.9579831932773,16.998592697877246,15.65173712860289,11.144569976941929,1.6129032373428345,1.1863568956994563
150811,98.636364,28.919515994905083,23.659749837725272,4.682629185581391,98.51380042462846,27.01000306882671,23.131443719678984,6.70784770784775,97.73242630385488,5.869219025891156,9.66494856401454,17.899905921213115,0.8230452537536621,1.324308416715715
150812,94.683544,24.592342524445698,18.314533215223946,8.23128211139325,98.38383838383838,23.852224306614126,25.038973643459666,8.420043379456027,98.67021276595744,8.195667734579455,13.901027021396976,18.30813675230708,1.0995206832885742,0.9681093394077449
150901,99.190283,37.04544627670936,43.0491717796994,3.6647926505589155,99.64412811387902,45.89947089947093,54.100529100529386,3.9484126984127483,99.16666666666667,13.203921220798836,29.79526643380365,10.626378840162229,0.6688963174819946,0.570884871550904
150902,100.0,0.0,0.0,20.0,,,,,100.0,0.0,25.0,0.0,0.0,7.6923076923076925
150904,97.435897,7.6923076923076925,2.5641025641025648,37.60683760683762,100.0,0.0,5.882352941176466,52.94117647058826,95.65217391304348,0.0,0.0,57.95454545454548,0.0,1.0526315789473684
150905,100.0,14.285714285714281,14.285714285714283,7.142857142857139,100.0,50.0,42.857142857142875,0.0,100.0,0.0,10.0,20.0,0.0,1.639344262295082
150906,100.0,23.433922996878263,20.071606201167604,1.6555847545812092,98.85057471264368,34.712643678160745,26.6666666666666,11.839080459770127,96.96969696969697,8.06153846153846,8.061538461538467,14.584615384615388,0.9828009605407715,0.2631578947368421
151001,100.0,54.999999999999986,45.000000000000014,0.0,100.0,44.44444444444443,38.8888888888889,11.111111111111107,100.0,17.391304347826082,21.73913043478261,8.695652173913041,1.1049723625183105,0.6060606060606061
151003,100.0,26.7076054349744,53.41521086994884,6.6257278983589165,83.33333333333334,20.0,0.0,0.0,100.0,0.0,7.142857142857157,22.85714285714286,0.0,1.0309278350515463
151004,100.0,40.0,40.0,0.0,100.0,12.500000000000004,24.999999999999996,25.000000000000007,100.0,16.666666666666664,50.000000000000014,0.0,0.0,0.0
151005,100.0,11.11111111111111,0.0,11.11111111111111,,,,,100.0,0.0,5.0,55.00000000000001,0.0,2.272727272727273
151006,100.0,0.0,100.0,0.0,100.0,37.5,37.5,25.0,100.0,0.0,14.285714285714288,0.0,0.0,0.0
151008,100.0,31.31145317691735,15.152234352749709,8.079609412083817,100.0,34.78260869565244,47.82608695652179,4.347826086956586,100.0,25.00000000000001,39.999999999999986,9.999999999999998,0.0,0.0
151009,90.0,12.499999999999996,0.0,20.0,93.33333333333333,7.692307692307712,7.692307692307704,53.84615384615397,100.0,0.0,0.0,80.0,0.0,2.7777777777777777
151011,100.0,30.769230769230766,15.384615384615383,0.0,100.0,37.50000000000001,25.000000000000007,12.500000000000004,100.0,0.0,0.0,50.0,0.0,2.380952380952381
151012,100.0,33.33333333333333,49.99999999999999,0.0,,,,,88.88888888888889,12.5,12.5,0.0,0.0,0.0
151016,100.0,23.149526854948288,23.267507994239295,0.0,100.0,28.571428571428577,14.285714285714285,14.285714285714288,91.66666666666666,18.181818181818183,9.09090909090909,0.0,0.0,0.0
151017,100.0,80.0,59.99999999999999,0.0,,,,,100.0,20.0,20.0,0.0,0.0,0.0
151018,100.0,66.66666666666666,88.88888888888889,0.0,100.0,11.111111111111112,11.11111111111111,11.111111111111112,92.3076923076923,15.384615384615403,9.615384615384594,26.923076923076895,0.0,0.0
151019,100.0,25.000000000000004,8.333333333333334,0.0,100.0,0.0,0.0,80.0,100.0,12.5,0.0,62.5,0.0,0.0
151020,92.307692,9.037812417036447,40.96218758296353,0.0,95.0,4.999999999999911,14.999999999999936,48.00000000000012,100.0,0.0,19.04761904761905,47.61904761904761,0.0,1.4705882352941175
151023,100.0,18.181818181818176,18.181818181818183,9.090909090909088,100.0,7.1428571428571415,0.0,7.1428571428571415,100.0,16.666666666666664,41.66666666666667,0.0,0.0,0.0
151024,100.0,33.41838305809482,33.5459576452371,8.258914824167023,83.33333333333334,40.0,20.0,20.0,100.0,0.0,40.0,20.0,0.0,2.564102564102564
151025,100.0,18.181818181818176,27.272727272727266,9.090909090909086,100.0,60.00000000000001,60.00000000000001,0.0,100.0,18.181818181818183,18.18181818181815,0.0,2.17391300201416,0.0
151028,81.818182,25.000000000000004,0.0,25.000000000000004,71.42857142857143,,,,100.0,0.0,0.0,49.999999999999986,2.3255813121795654,0.0
151029,100.0,0.0,50.0,0.0,,,,,100.0,0.0,0.0,20.0,0.0,0.0
151030,83.333333,20.0,59.99999999999999,0.0,100.0,57.14285714285715,71.42857142857142,0.0,100.0,0.0,12.5,37.49999999999999,0.0,0.0
151032,100.0,29.144439076702756,48.4415846943985,6.432381872565246,100.0,15.78947368421062,31.578947368421073,21.052631578947338,93.61702127659575,8.510638297872342,19.148936170212767,33.73860182370821,0.43668121099472046,0.9302325581395349
160101,93.093162,20.372631322736854,8.220520329102298,11.545275631312293,96.231884057971,23.923575165871465,11.743155218181442,14.72121006041143,95.06339357971402,7.593950525060528,3.910050992490694,24.82632313190973,0.8542894721031189,2.0582439238011823
160102,85.869565,,,,95.83333333333334,1.421395372946007,0.0,60.610258257805796,80.48780487804879,0.0,0.0,78.68031358885014,4.339250564575195,4.504504504504505
160103,91.03139,1.7615715901806366,0.26490832050087476,51.888593891084874,94.48051948051948,8.985809296903401,4.879014317715233,33.47672802886385,95.32967032967036,2.3507202190587693,5.898814989724032,47.087224518829046,2.0857033729553223,3.3305921052631584
160104,90.881459,7.1430729882506325,6.6097436283253606,43.581019919607364,94.40789473684212,3.389084757813526,0.7173537266625969,52.17623096034081,92.01388888888889,0.8049242424242378,0.0,58.69979075708239,2.9814271926879883,3.9655172413793105
160105,90.118577,5.184667652598112,4.388604692620208,51.11507714454862,89.55223880597015,,,,88.62275449101796,0.0,0.0,64.90882895862391,3.497501850128174,4.227782571182054
160106,87.257618,4.932250720642283,4.253883259150631,57.55431375425614,87.11340206185567,8.413826204123499,7.59310286345317,56.6164149608123,86.8421052631579,0.7714090420857385,0.7714090420857425,72.84621184997114,3.8717246055603027,5.163283318623124
160107,89.772727,2.128192245690339,0.0,55.2560470550153,90.54545454545456,0.7592599101216273,0.43941068190755583,79.15496684800006,88.92405063291137,1.3595874355368147,0.0,68.17732156153583,4.317010402679443,8.100358422939067
160108,92.17016,10.59338468467745,5.898937069202618,26.208988107427675,93.5632183908046,14.144717778524829,7.7088894253171985,21.388823312951445,92.93924466338262,3.937161819615738,3.2928221670380444,37.495479772929805,1.9930498600006104,5.314571461797883
160110,100.0,12.500000000000002,0.0,62.50000000000001,89.47368421052632,0.0,0.0,94.14045906132233,87.5,0.0,0.0,92.1634765017118,4.746423721313477,6.501766784452297
160112,92.768444,10.015091666016943,5.234292515696197,24.250261066056556,94.70241988227602,10.515042713902005,4.256868131828422,25.63026032493444,93.17931793179318,2.5798661646702894,1.1506512970137555,39.96399603183592,1.6129032373428345,6.604604352748773
160113,92.398374,9.72454113585402,4.885857666796705,22.441341015559424,94.79400749063669,9.637304186581435,4.954297570999451,24.871374138450708,95.38802660753878,3.478075731699125,2.0588052341505683,33.58779767423689,1.756413221359253,4.681589880324921
160201,95.842956,11.791290500856581,5.762526948305037,18.849133576326047,91.85463659147868,15.10672639353055,10.035620276177418,26.312782774648547,96.50349650349649,4.938065432151963,4.924984331411351,27.01899771601917,2.074852228164673,3.8717822823875996
160202,77.777778,,,,81.2182741116751,,,,87.53387533875339,0.0,0.0,75.51697366893978,4.1851725578308105,9.967555875991348
160205,98.095238,0.9520622851669347,0.0,79.54902312807873,89.69072164948454,,,,79.04761904761905,,,,5.223171710968018,8.383233532934131
160206,91.509434,4.263144201673264,2.0000643433851786,39.441471639327595,92.46231155778894,6.232536248062995,2.332985586947159,49.04065957387428,87.12574850299401,1.2927450133087446,0.9869816189949125,51.81457518291383,3.5116374492645264,5.102485826428261
160210,90.909091,0.0,0.0,64.07556419399302,94.73684210526315,5.368492726279416,7.4915506015907285,51.904467117913136,81.14754098360656,0.0,0.0,65.35327822569448,4.069767475128174,10.038119440914867
160211,98.192771,6.674966308346281,4.231653153950124,35.06055138975331,92.65536723163844,6.83879778951417,1.7289798888490562,43.40744140523899,91.91176470588236,0.0,0.0,48.253103106044215,2.6495726108551025,5.669144981412639
160301,94.715026,6.142240591117402,2.4740360446333223,36.43465234813504,95.48254620123201,9.160263404659808,5.2249571018635885,33.53201760716879,91.14077669902913,1.5275284424812146,1.4606654429823391,50.09195783728438,1.7305315732955933,3.519736842105263
160302,93.832599,0.8825803225992722,0.0,56.78743270946856,90.64039408866995,2.1650632867087443,1.032094590971278,61.82065905089843,91.4772727272727,0.0,0.0,67.29301948051946,2.636054515838623,6.313834726090993
160303,97.163121,0.0,0.0,49.1243341857502,90.15748031496062,1.6495945134744732,0.0,68.2714747371823,85.4054054054054,4.633204633204596,0.0,64.31488631488628,3.6060280799865723,3.291442250149611
160304,78.494624,,,,91.78082191780823,1.429563280635814,0.0,73.82316372466512,66.92913385826772,,,,3.6125447750091553,6.079404466501241
160305,85.283019,4.727073231034404,1.6191717776591306,58.26374982428979,72.97872340425533,,,,79.6116504854369,,,,7.059938430786133,14.013965807849745
160401,88.577586,5.693501669558021,1.773106826791768,39.07558694225026,90.31657355679702,5.661199793040254,2.407834530107753,47.545964764242676,92.06349206349206,1.4499165991364158,2.173390868423807,53.39100113441655,3.533487319946289,5.645350199109862
160402,92.434988,1.522343855739436,1.7986633547368929,39.87041001303653,94.14225941422593,1.5059975828620014,1.1075279669730207,54.382134553220965,91.98813056379822,0.9028030578813302,2.1638150709865434,53.83262347717669,2.853881359100342,6.518010291595197
160403,85.669782,1.7049304390918116,0.0,51.73387871130222,83.10626702997277,3.499140090800469,2.0717419824729912,49.573370557796096,89.80891719745223,0.0,1.0418039387949378,64.08391277294227,5.788982391357422,6.683417085427136
160404,87.067395,3.461509043010126,0.9519450724450718,52.231398802186234,84.0,2.923868966882455,2.4801590105007407,60.69909557220616,86.8421052631579,1.4881848284166186,0.6760485651214194,56.7385470247965,4.090622901916504,8.43981170141224
160501,90.22646,7.288585133711207,4.599991997826548,36.262248818451575,91.22807017543863,12.894268393194439,8.947427933228951,34.25669817331239,87.88321167883211,1.6128385384494655,0.7419240127269353,51.4015343274898,2.1517770290374756,5.359661495063469
160502,90.625,3.537781207819181,0.0,75.23553154526573,96.15384615384616,3.7835311341463016,0.0,88.51372405487808,82.92682926829268,0.0,0.0,71.27110694183881,5.199999809265137,2.0100502512562812
160503,95.454545,0.0,0.0,52.85505323742611,93.33333333333333,1.523051013672932,0.0,74.54607897837064,80.88235294117648,0.0,0.0,81.09243697478988,2.9585797786712646,4.918032786885246
160504,92.270531,0.544412497813303,2.7612412101313084,67.49987267959284,93.44978165938865,0.0,0.0,81.8171991073222,83.15217391304347,0.0,0.0,74.27880349464198,1.676829218864441,5.892857142857142
160505,90.252708,2.7892154751432443,2.409689395372134,56.84235481161559,92.5324675324675,5.730699662212015,2.6510042193891534,64.05874702602785,81.19658119658119,0.4985754985754944,0.4529914529914583,78.80565730565732,2.638190984725952,2.3939808481532148
160506,87.730061,0.0,0.0,44.95688324341924,92.40506329113924,1.3465044722387358,0.7421532971590074,50.24091072783756,87.1345029239766,0.0,0.0,66.16604642920436,1.2658227682113647,4.455445544554455
160507,87.628866,1.1052403242162678,0.0,49.8731845583093,88.88888888888889,1.3308921494169226,0.0,85.23359391762921,89.6103896103896,0.0,0.0,86.97588126159549,3.5493826866149902,6.491228070175438
160508,50.0,,,,45.45454545454545,,,,60.0,,,,1.5037593841552734,5.681818181818182
160509,95.454545,15.473565718010594,15.473565718010587,36.511436185509716,100.0,3.5195733052382177,10.881374905343526,43.04151713693079,84.0,0.0,0.0,61.904761904761905,1.875,1.910828025477707
160510,94.0,0.0,0.0,58.31342256154909,94.73684210526315,3.6025655658209303,0.9006413914552335,65.99268591205791,89.32038834951457,1.0724768570783487,1.072476857078347,67.34477308647548,0.9673518538475037,6.534090909090909
160511,89.230769,0.0,0.0,83.76754826905233,97.36842105263158,0.0,0.0,94.42766585018015,57.47126436781609,,,,3.889789342880249,4.436229205175601
160601,91.259259,10.281219431768971,5.935547374178797,21.208803649926804,91.36986301369865,5.521355907128847,1.9591621989954906,48.050573462644095,88.22695035460994,3.2925376762275436,1.9616097472046907,52.78381186174622,2.3747196197509766,3.829011345218801
160602,98.275862,2.158565192146536,12.499495432962814,39.65301495473756,100.0,2.7780845479775946,0.0,70.11430783177049,87.5,0.0,0.0,59.47916666666673,0.38167938590049744,0.423728813559322
160603,91.780822,4.480912082814715,0.0,48.93738793471764,95.83333333333334,42.502859548963656,30.224279919874036,14.842332334183045,89.25619834710743,0.0,0.0,75.52866325593591,2.50250244140625,3.0558482613277134
160604,87.804878,1.250319171815463,0.0,54.6367875958482,93.21266968325791,2.8624361952831046,0.9031379958582317,56.12025280506464,82.94117647058825,0.63725490196079,18.248663101604418,53.61464515876293,2.787705421447754,2.49609984399376
160605,89.655172,4.119179044167688,7.781965320764624,37.101853103202984,92.3076923076923,4.9634249778453645,2.664225564380102,54.032788668454266,86.73469387755102,1.0637061148570106,0.2826759994615719,59.01343530163027,2.7652955055236816,4.854368932038835
160606,90.688259,25.891279188102104,19.307991391377204,20.4261030067349,88.07692307692308,15.248380327385414,11.011795001962497,38.82711778256062,92.66055045871559,0.0,0.0,58.565421473668465,2.7406415939331055,2.272727272727273
160701,94.782609,7.212817934695108,5.139540549549688,40.68726165731059,92.2813036020583,8.570231426400229,3.2435565487201017,48.876621770656485,93.88235294117648,4.681476846057567,3.6914893617021374,55.68519809477653,3.1688437461853027,6.3698792327729095
160702,77.777778,,,,85.45454545454545,,,,90.43062200956935,0.0,0.0,92.7546138072453,4.6189374923706055,10.219263899765075
160703,93.333333,16.09126227374313,11.419075457091818,42.09418415339765,93.87755102040818,10.951843847244934,3.610427000766428,31.761721765948188,75.68627450980394,,,,5.252918243408203,7.828365542089748
160704,95.789474,13.246632141662625,13.19093934287662,36.28126868636351,98.21428571428571,1.7743528155203012,0.0,64.81123292728518,83.40080971659918,0.4648373069425755,0.809716599190278,81.5366894314262,5.665299892425537,6.491499227202473
160705,93.939394,1.3276969392917144,3.9253400670445475,48.73594095342763,83.5820895522388,,,,80.38277511961722,0.0,0.0,74.34131802136788,8.251605987548828,13.186119873817034
160706,50.0,,,,86.51685393258427,0.0,0.0,67.63187380305722,75.5980861244019,,,,5.137065410614014,7.395786642761093
160801,96.385542,8.749999999999984,4.999999999999993,12.499999999999977,91.8918918918919,15.033801250448011,11.919364141213002,20.001347641361274,96.42857142857143,1.2499999999999982,0.0,38.74999999999994,4.294478416442871,3.064516129032258
160802,77.777778,,,,94.11764705882352,12.663501120445453,0.0,37.4672997759109,50.0,,,,6.86274528503418,2.197802197802198
160803,56.25,,,,86.20689655172413,0.0,0.0,52.89955860404565,64.70588235294117,,,,12.476007461547852,6.521739130434782
160804,80.952381,6.5476190476190474,0.0,28.96825396825396,83.33333333333334,3.75040721714074,6.902267886229822,51.97707054253849,87.5,0.0,0.0,54.24107142857123,7.1186442375183105,3.0172413793103448
170101,96.479648,21.283838648030635,12.075168898472956,10.111022034452029,96.26728110599075,28.81425036048514,21.764590108339338,11.029988773769396,97.46968898260413,9.252657918252504,11.152483453570136,19.03510860972585,1.0070289373397827,0.937478923585351
170102,96.283784,18.61370293186664,18.332037124564913,7.739864864864906,95.44419134396354,28.21974833013569,27.36088316266809,7.083679877258006,98.36601307189541,4.351220359319273,11.054216299314378,18.364366680649688,0.7868383526802063,0.8567511994516792
170103,93.532338,13.215875509669667,7.913525333006845,13.437086610692232,98.62542955326461,19.920384399551047,14.381977556796382,15.259890572390558,99.49748743718592,3.5353535353535297,10.179836266792737,23.217121043207932,1.0360360145568848,2.9914529914529915
170104,96.551724,10.814485230503037,7.043286867204681,21.425040168087982,96.5034965034965,11.594821453976376,10.812348840517854,17.836818893156885,97.74436090225564,2.3367430706711496,2.4229658242809973,39.89000957179012,1.4260249137878418,1.437607820586544
170201,100.0,11.111111111111105,3.7037037037037046,11.111111111111105,100.0,20.0,20.00000000000003,22.857142857142836,100.0,2.0408163265306234,12.244897959183657,30.61224489795914,0.0,0.4987531172069825
170202,100.0,0.0,0.0,57.142857142857146,100.0,12.5,0.0,37.5,100.0,0.0,3.703703703703684,82.96296296296293,2.7303755283355713,0.3968253968253968
170203,96.850394,20.232668284885463,11.347265802301044,9.685631401337998,98.64864864864865,22.929171668667482,20.648259303721478,15.886354541816731,95.23809523809523,2.0724568897326336,4.232490338328017,38.287906524736044,0.45610034465789795,1.4917127071823204
170204,96.296296,22.903439153439134,17.802028218694876,3.3652998236331624,97.91666666666666,28.297123015873005,27.067460317460313,8.916666666666641,96.19565217391305,3.4055227773416705,9.516197783461223,23.804157909397006,0.52562415599823,0.5065123010130246
170301,76.923077,,,,95.23809523809523,12.499999999999988,5.000000000000001,14.999999999999986,100.0,0.0,0.0,23.52941176470588,5.479452133178711,2.258064516129032
170302,96.590909,17.731596360628604,14.212534777050887,11.61177532145273,97.27891156462584,19.304187192118256,14.054802955665066,9.861453201970468,96.7741935483871,7.692307692307699,8.080155138978675,28.829993535875897,1.4373716115951538,0.4889975550122249
170303,92.45283,10.39187227866479,3.9376538146021334,6.346942638985309,92.85714285714286,17.318937031077134,13.401010522412241,16.30609690684784,96.15384615384616,1.923076923076904,1.9230769230769047,28.81054131054138,2.1097047328948975,1.7054263565891472
180101,99.410609,55.289724307945015,51.6806561188163,1.8951505516323353,99.37444146559427,51.46400547596486,54.91074358026103,2.123175184640904,99.63269054178146,25.250236150818417,33.79997014104868,5.2105823472205355,0.4305225610733032,0.25155371411660254
180102,100.0,22.222222222222232,16.66666666666666,11.111111111111104,100.0,33.33333333333333,33.33333333333333,16.666666666666664,,,,,0.0,0.0
180104,99.328859,65.4667480170836,59.24344112263575,0.0,98.46938775510205,66.32124352331614,71.58894645941277,1.55440414507772,100.0,30.64516129032253,41.9354838709677,2.4193548387096744,1.294964075088501,0.4702194357366771
180105,100.0,25.0,12.5,18.749999999999986,100.0,19.04761904761905,38.09523809523811,9.52380952380952,100.0,0.0,0.0,57.14285714285714,15.053763389587402,0.0
180106,100.0,58.42696629213487,51.68539325842697,2.2471910112359574,100.0,58.06451612903224,59.13978494623655,1.0752688172043001,100.0,34.21052631578949,44.73684210526317,6.5789473684210495,0.3795066475868225,0.8849557522123894
180201,100.0,34.210526315789465,34.210526315789465,2.6315789473684172,100.0,44.44444444444446,55.55555555555556,5.555555555555556,100.0,24.528301886792445,47.169811320754675,3.7735849056603765,0.3039513826370239,0.31746031746031744
180202,100.0,16.666666666666668,0.0,0.0,,,,,,,,,0.0,0.0
180203,100.0,28.571428571428573,100.0,0.0,,,,,100.0,7.6923076923076925,7.6923076923076925,23.076923076923077,0.0,0.0
180204,100.0,30.76923076923077,23.076923076923073,0.0,100.0,39.285714285714285,7.1428571428571415,3.5714285714285747,100.0,15.000000000000002,27.500000000000004,10.000000000000014,0.4464285671710968,1.4218009478672986
180208,100.0,66.66666666666666,86.45833333333333,0.0,100.0,56.666666666666664,40.00000000000001,6.66666666666667,95.65217391304348,23.076923076923098,37.762237762237774,9.440559440559444,0.5405405163764954,0.591715976331361
180209,100.0,33.333333333333336,33.33333333333333,0.0,80.0,25.0,25.0,0.0,,,,,0.0,0.0
180210,100.0,16.666666666666668,16.666666666666668,50.0,90.9090909090909,45.999999999999986,45.999999999999986,10.000000000000007,100.0,0.0,0.0,25.0,0.0,0.8064516129032258
180211,75.0,,,,,,,,100.0,18.181818181818183,18.181818181818183,0.0,0.0,3.571428571428571
180301,97.868561,48.45959331791635,42.61833434131546,3.004874307162802,99.31087289433384,45.947571372534505,48.956510918877086,3.6702623928422518,99.41176470588236,23.4919843275188,33.95894245728621,3.3816456245208166,0.6761149168014526,0.4443210219383505
180302,100.0,12.5,12.5,0.0,91.66666666666666,18.181818181818176,18.181818181818176,0.0,,,,,2.5,0.0
180303,97.647059,61.42733564013841,58.23968393327482,1.193771626297579,99.17355371900827,61.16666666666667,57.61111111111112,4.222222222222221,99.6124031007752,24.938096922532704,32.379731163777855,7.061372479660408,1.080246925354004,0.0
190101,98.939929,36.934653420485034,32.49526020358195,4.0430530429818194,99.06832298136646,38.48327305605785,39.53026523109243,7.393219748342384,97.88732394366197,11.967226878517222,18.389973978683656,12.13766551266552,0.029904305934906006,0.3163555836760519
190102,100.0,12.903225806451605,24.193548387096758,4.838709677419344,97.14285714285714,35.60439560439562,50.4395604395605,7.142857142857155,98.64864864864865,5.405405405405408,16.31274131274126,9.555984555984566,0.20449897646903992,0.46403712296983757
190103,98.461538,48.11012764795564,36.542902000045586,9.46815627204261,98.25581395348837,38.136068556155536,36.20658540986887,5.353876768652244,98.73417721518987,14.07950255385301,12.824783477681542,13.446591161447921,0.31612223386764526,0.5241090146750524
190104,98.051948,25.31307977736554,18.645640074211524,5.357142857142861,98.85057471264368,43.45711759504866,38.06366047745355,1.1936339522546473,99.33774834437085,9.333333333333307,13.333333333333286,11.466666666666685,0.11061947047710419,1.0804321728691477
190105,98.412698,28.732315160125534,30.16782099094303,14.833066950807996,100.0,35.13513513513512,31.081081081081035,9.45945945945944,100.0,10.937499999999991,7.812499999999978,18.750000000000096,0.8016031980514526,0.21008403361344538
190106,100.0,31.2205343111577,12.467260345730775,0.0,100.0,38.461538461538595,23.076923076923077,7.692307692307623,100.0,12.499999999999998,12.5,37.49999999999999,0.0,0.5291005291005291
190107,98.324022,22.628148009192024,32.249214463255754,10.861511044412145,99.4413407821229,34.35609334485742,39.28262748487473,8.426966292134864,98.54368932038834,9.778270509977824,17.16186252771618,15.901699926090181,0.9009009003639221,1.4388489208633095
190108,100.0,14.822871348663753,18.52082038533246,14.85394655065257,100.0,22.916666666666615,18.749999999999943,18.750000000000043,100.0,4.444444444444454,4.444444444444425,28.88888888888892,0.26954177021980286,0.5376344086021506
190109,99.516908,36.34048855705246,31.505373358733657,3.4119012634654364,100.0,40.51724137931056,42.67241379310368,3.017241379310367,99.39393939393939,13.373737373737379,23.757575757575832,12.808080808080769,0.0,0.36663611365719523
190110,100.0,25.531914893617,21.27659574468082,12.76595744680854,96.92307692307692,24.61538461538448,26.15384615384603,18.46153846153858,93.02325581395348,14.396456256921365,9.413067552602424,13.676633444075339,0.23529411852359772,0.2331002331002331
190111,96.907216,34.591291514505166,31.680024561290075,5.2839091232265725,99.06542056074767,38.998211091234296,39.959749552772735,4.830053667262972,100.0,11.864406779661026,15.254237288135577,10.169491525423737,0.13477088510990143,0.4424778761061947
190112,94.117647,34.37499999999999,34.37499999999999,6.249999999999997,100.0,33.33333333333328,31.111111111111082,4.444444444444468,100.0,2.380952380952378,26.19047619047618,21.428571428571473,0.6825938820838928,0.7246376811594203
190113,98.087954,37.52503602825833,32.90929563782526,5.905429983334725,97.70354906054281,50.01381534338953,47.85465735204916,4.971080839966533,98.52125693160812,17.464012554011425,21.535716123555947,11.215987496701194,0.062034741044044495,0.3894839337877313
190201,100.0,34.275394152389424,46.556352809098556,5.361936837994822,98.78048780487805,43.268522779567526,53.729866543948624,2.4505292222733477,100.0,10.84989916450589,17.522327859406495,16.951887064246606,0.12376237660646439,0.31746031746031744
190202,100.0,35.483870967742,32.258064516129096,9.677419354838673,87.5,60.317460317460316,50.79365079365078,0.0,93.75,3.2258064516129172,6.4516129032257705,27.956989247311853,0.0,0.6802721088435374
190203,100.0,0.0,33.333333333333336,11.111111111111112,100.0,50.000000000000014,49.999999999999986,0.0,92.3076923076923,0.0,0.0,50.000000000000014,0.0,2.941176470588235
190204,97.142857,27.652963671128187,51.26673040152975,8.604206500956002,100.0,23.529411764705788,11.764705882353043,11.764705882352947,100.0,5.0,17.50000000000008,24.999999999999964,0.0,0.45454545454545453
190205,100.0,7.142857142857145,7.142857142857145,0.0,100.0,6.666666666666665,19.999999999999993,19.999999999999996,100.0,4.761904761904762,9.523809523809524,42.857142857142854,0.0,0.0
190206,100.0,52.83670448939326,79.27972372964985,0.0,100.0,33.33333333333338,42.85714285714301,2.3809523809524045,98.14814814814815,3.878406708595377,17.0859538784067,17.190775681341727,0.2298850566148758,0.4524886877828055
190207,100.0,17.647058823529413,41.176470588235304,0.0,100.0,5.882352941176469,11.764705882352938,17.647058823529406,100.0,0.0,12.000000000000014,31.99999999999997,0.0,0.6369426751592357
190208,100.0,9.090909090909092,9.090909090909092,0.0,100.0,37.50000000000001,49.999999999999986,0.0,100.0,9.090909090909092,27.27272727272727,0.0,0.0,1.3888888888888888
190301,98.684211,35.89644360715539,31.750788908407305,4.28881234665836,98.87005649717513,42.871027721433336,39.997464503042565,5.24079537771222,97.84946236559139,18.99953527800317,18.57231914814728,7.225326337645195,0.9475218653678894,0.5807622504537204
190302,100.0,30.71474565357373,15.389568576947843,7.7269800386349,92.85714285714286,38.46153846153846,7.692307692307692,0.0,100.0,4.761904761904744,9.523809523809526,14.285714285714269,3.5087718963623047,3.875968992248062
190303,98.113208,30.763808771236707,27.16080600553144,3.7929672066376945,99.01960784313727,25.78125000000004,17.187499999999975,12.5,97.6470588235294,3.637566137566141,10.912698412698427,15.74074074074076,1.7021276950836182,0.9489916963226572
190304,92.857143,15.128482856502618,15.128482856502618,19.14730708896694,93.08755760368666,12.543391188251002,12.183221038904598,32.80299658804348,91.28205128205128,3.7182130584192166,2.618556701030909,40.008615096243865,2.714373826980591,2.479338842975207
190305,94.791667,29.712728643070463,28.579296750442104,8.818158100704409,98.61111111111111,27.14285714285695,28.57142857142836,40.00000000000033,80.41237113402062,,,,3.200000047683716,2.4963289280469896
190306,88.283379,9.829694070316556,5.174646886213007,38.42679925311975,86.26465661641541,6.199585657119414,2.7536021498116114,52.472485607125265,79.72166998011929,,,,4.435146331787109,8.383500557413601
190307,98.366013,28.859306428543185,29.290295428137572,7.839980950622413,99.04761904761905,37.37535639172969,34.659318658413696,8.003096815422047,99.11504424778761,15.945162035334517,22.269875246275383,11.522268972075185,1.048218011856079,1.079136690647482
190308,94.189602,9.592966492228413,10.423012835533372,20.40621989637846,95.07389162561579,21.108165422332146,18.81063602611075,21.62194432535874,90.74074074074072,1.1235316407730167,2.5085259568018063,38.414487811039514,2.786099433898926,4.68013468013468
200101,96.546141,45.35633951769143,32.285644246324246,2.7732020021239263,97.69267364414843,42.3321951218487,34.85109484833027,5.16351524557961,97.92271610453427,23.323049813814965,23.096914723939665,7.6751056215226825,1.3227109909057617,1.3314618006817724
200104,97.225187,40.803642339758674,31.21456377040643,2.358951853087982,97.97817715019254,40.09926017127828,33.22250910565147,4.389648242773428,98.05168986083497,21.667552703622302,21.277932344174328,9.251421075640758,0.9296947121620178,1.289833080424886
200105,96.776557,27.821925076912482,21.612144557001514,5.650135962349029,99.29078014184397,32.23065064110809,29.991285324408146,6.302029095512249,98.4536082474227,10.846587728302575,11.419254774869069,15.720953171539321,0.808040976524353,2.301403048349652
200107,98.614319,26.756442321491726,25.122987301645914,6.265673788645637,94.63087248322148,29.91873159502151,28.637240557523764,9.998106354969652,99.42196531791907,6.7746288798920045,9.457489878542544,21.507872244714253,0.588668167591095,1.3831775700934579
200108,95.522388,7.780247697681796,8.780565258812315,10.786974219810027,96.12403100775194,17.22450220398239,21.334549323605465,14.506763945888517,98.4126984126984,4.912676056338039,5.64507042253522,29.273239436619775,0.5364806652069092,3.6363636363636362
200109,98.124267,29.549072817212103,29.716998058046265,7.3944985571951,98.4375,36.56982721334258,34.857164333808115,8.26986920124175,99.03846153846155,7.9735008938142515,14.491711603390838,17.860221958958768,1.0473095178604126,1.007462686567164
200110,96.465696,30.392857653821146,30.939978108171417,4.5829464531197095,97.88408463661453,39.856525973437186,40.78136269800478,3.6032718007553677,95.92050209205024,11.866813970837747,17.480858367297703,14.305674885226557,0.6635211110115051,1.3184426865208625
200111,98.327759,21.44617324627633,16.120493280341613,7.762499941023216,98.55699855699855,27.13239834479701,22.301333955183765,9.970496435252388,98.71175523349439,4.74226183153794,6.062404323290202,21.82386285365573,0.2948271334171295,1.0451977401129944
200114,97.299509,19.095034182770167,18.272044567089655,11.502189680026211,97.90159189580315,25.000714101983146,22.558851371464304,11.144137475067561,96.76629103380698,4.302842525646193,6.121726223987488,24.578920623238563,1.563454270362854,1.092347291104275
200115,96.792104,37.047100371872105,24.586777798411138,3.8514514930746726,97.76238678742672,36.302332407324265,25.79612457061007,5.175317667949044,97.20624486442073,12.41877942792948,10.938887061321978,8.888917779201453,1.8423893451690674,1.6667879758352135
200201,97.036082,17.24965393031265,15.433326433269563,19.567078216070033,95.89947089947087,19.06061823106,17.631950662568116,20.438332419176035,98.18887451487713,4.338274516409787,6.614447345517892,35.91386446687495,0.7602756023406982,1.6223404255319147
200202,98.445596,15.653528250678509,14.89606464347397,24.80621350440005,97.99270072992698,20.292613055044065,22.340904440352,17.909760589318584,96.8141592920354,4.388213245942367,11.33520492275619,27.56271202577627,0.5629138946533203,1.0163339382940109
200203,100.0,39.53488372093021,27.906976744185886,11.627906976744198,100.0,24.242424242424676,24.242424242424534,12.12121212121195,98.0,12.285714285714274,10.19047619047621,10.095238095238082,0.6410256624221802,0.36231884057971014
200204,98.757764,15.587104406980172,11.830819284235433,19.343389529724927,98.52941176470587,19.402985074627026,17.91044776119406,21.49253731343281,100.0,8.661417322834627,19.685039370078698,22.04724409448816,0.7128309607505798,0.819672131147541
200205,98.148148,15.079365079365072,18.91534391534388,9.722222222222229,98.88888888888889,31.198686371100536,32.43021346469669,3.4482758620689244,97.74436090225564,5.548592913296102,15.84823971744338,17.326535262618172,0.2610965967178345,0.425531914893617
200206,98.247978,11.53234306873122,14.57922505766173,30.033135399144797,98.6861313868613,13.0244713864929,21.124669799191313,25.167693795731278,96.02510460251042,4.298212248003037,7.95558695140285,41.123647841551424,1.336248755455017,1.4184397163120568
200207,97.619048,29.039502868542666,29.81425721472554,8.14142596929482,99.10313901345292,20.909090909091024,19.54545454545461,7.493686868686876,98.71794871794873,7.365823136818686,6.503754171301441,19.30262650110099,0.8707301020622253,0.14814814814814814
200208,99.0625,16.068802521008383,10.053834033613443,20.232405462184865,99.45054945054946,21.065222865777052,21.052631578947633,18.877216965859606,97.26962457337885,3.2224004686632424,6.73839666758628,40.46176744839208,0.9803921580314636,0.5420054200542005
200209,93.548387,41.12903225806453,20.50691244239631,4.032258064516134,95.0,17.46031746031746,11.111111111111112,0.0,96.96969696969697,3.1897926634768723,3.030303030303029,6.220095693779901,0.0,1.5384615384615385
200210,97.154472,25.194537033340914,20.390501709845285,6.856909127601929,98.71794871794873,22.721576668945236,13.620699475962608,10.130439735702799,97.71863117870723,5.401240744446661,10.371476854366579,18.60203423641486,1.5098721981048584,0.5157962604771116
200301,97.258065,23.45376344086015,22.364784946236465,24.22703005933555,98.55072463768117,24.169769051196223,17.231220353978667,21.949084693703778,98.69918699186994,4.769962982548898,9.923950542670813,33.282504687338864,0.30709099769592285,0.4371903235208394
200302,97.101449,23.95118230358503,16.628527841342407,14.56903127383677,98.0263157894737,24.21700223713668,27.796420581655784,6.767337807606236,95.52238805970148,8.870967741935463,14.51612903225808,13.104838709677392,0.5488474369049072,0.11723329425556857
200303,97.482014,8.86690647482015,4.850119904076729,24.44758478931142,96.42857142857143,14.05805350028463,7.370517928286913,21.723107569721154,98.92086330935248,2.5641025641025545,3.29670329670331,45.53113553113548,0.5621486306190491,0.26578073089701
200304,96.539379,6.217183770883042,7.780429594272045,36.37219449868607,97.53086419753087,10.540744107595385,8.982970975613828,33.53325249244377,96.47058823529412,0.9540636042402791,2.873201208582983,54.48373885440302,1.074895977973938,1.3852973771702992
200305,95.3125,3.5590277777777772,5.208333333333352,14.583333333333332,94.82758620689656,16.599190283400798,20.10796221322536,18.35357624831308,98.46153846153847,1.5384615384615392,1.538461538461534,31.23076923076924,0.0,1.2711864406779663
200306,97.206704,21.22905027932957,20.670391061452428,27.032898820608334,95.12195121951218,13.53135313531375,11.36963696369657,29.547383309759407,97.63313609467454,1.7857142857142845,5.952380952380943,44.63083213083208,0.5537974834442139,0.5922165820642978
200307,97.647059,14.759358288770054,14.839572192513359,22.950980392156893,95.58823529411765,12.128712871287116,13.193069306930585,26.035103510350886,96.83544303797468,3.212406535585701,2.1068103870651584,40.48100888311341,0.30364373326301575,0.228310502283105
200308,98.455598,12.300055157198,16.98841698841695,31.84961756390328,98.92086330935251,10.566317873303198,9.94061085972869,31.691883484162954,98.68995633187772,2.231218226322719,1.346262474110342,46.086452930738275,0.4736129939556122,0.586940572267058
200401,96.25323,37.44829226869569,36.00889013031607,4.9310008669726,98.01929913661755,28.135381488668454,30.655889232017948,8.71511531675378,98.82108183079058,9.227635504416028,10.801303509913748,16.203604143991775,0.8028624057769775,0.9426339886883921
200402,96.323529,25.853428327852885,24.323696870052334,2.253836317135554,99.39393939393939,31.859756097561032,30.79268292682925,3.658536585365872,97.36842105263158,8.120256042533844,10.87131414180281,24.59833976298125,0.3610108196735382,1.3321492007104796
200403,99.456522,40.76086956521741,42.39130434782616,5.9782608695652195,97.2677595628415,21.888976585109393,27.35425661977518,24.444805546527924,98.42931937172776,5.067709218652607,5.565268772815929,29.774896189990486,0.3787878751754761,0.5341880341880342
200404,99.58159,29.01892484772063,19.164326245199753,4.184100418410046,99.06249999999999,37.37616405785617,36.960075292252846,3.976784888712659,99.59677419354841,9.913694558756262,13.208733424782812,26.434613625971572,1.167678713798523,0.7960199004975124
200405,98.333333,26.275045537340603,22.887067395264122,9.009107468123853,99.28571428571429,25.408299866131273,16.827309236947837,10.821062025881261,99.27536231884058,7.947905746374893,10.586999733216096,10.243092739344563,0.4655493497848511,0.5007511266900351
200406,98.170732,26.986062717770025,30.17421602787462,4.878048780487804,99.07407407407408,19.132791327913388,11.707317073170797,19.078590785907718,99.48717948717949,5.7942708333333215,4.741753472222241,25.295138888888847,0.07173600792884827,0.40816326530612246
200407,100.0,24.72677595628415,21.44808743169409,4.0983606557376975,98.51851851851852,22.86967418546372,14.52380952380952,9.423558897242902,97.27891156462584,2.926693149754228,15.150440575972521,20.600029117530774,0.856531023979187,1.1363636363636365
200408,98.412698,37.21340388007055,30.15873015873016,6.349206349206354,91.83673469387756,62.73155416012557,35.85557299843013,2.354788069073785,100.0,8.333333333333325,9.523809523809547,21.42857142857141,0.5,0.26666666666666666
200409,100.0,19.255319148936174,10.372340425531942,11.532882011605425,100.00000000000004,32.50000000000018,27.500000000000213,3.749999999999957,97.65625,11.665434836166519,10.994087213599366,21.28603104212857,0.7029876708984375,0.7352941176470588
200410,98.125,18.295454545454536,17.613636363636363,16.80555555555555,100.00000000000003,33.89830508474597,22.881355932203455,17.79661016949146,99.35483870967741,12.258064516128995,14.926686217008816,21.466275659824003,0.20942407846450806,0.32858707557502737
200501,96.728972,36.28895587393947,24.559868026841606,3.113357330399714,96.9759097898514,35.54006412415735,31.57045429362066,5.547302849386628,97.72991850989523,12.356730409167847,11.633556178931851,12.37019737297734,1.6146241426467896,0.575743980858382
200502,100.0,37.500000000000014,43.74999999999982,3.125000000000004,95.23809523809523,22.469857508220773,9.974424552429753,14.979905005480518,100.0,10.25641025641026,7.6923076923076925,23.076923076923087,0.0,0.3676470588235294
200503,100.0,9.999999999999998,9.999999999999998,19.999999999999996,95.45454545454545,30.15873015873016,9.523809523809506,4.761904761904753,100.0,11.111111111111112,22.222222222222218,0.0,0.0,0.9009009009009009
200504,97.402597,42.46479037584158,29.11955519772224,5.456470752966713,99.0506329113924,36.00479641962434,36.99720411099993,5.204640303198707,99.47089947089947,8.218988218988205,11.434511434511458,12.002772002772003,1.7289719581604004,0.14684287812041116
200505,96.280992,20.156524482791013,21.23977774175401,5.845907396075415,98.06201550387597,31.93518676742382,20.16827263866745,5.610136452241651,99.05660377358491,8.4715937657114,7.927978883861263,19.48843640020108,0.3097893297672272,0.4016064257028112
200506,100.0,28.395061728395024,20.98765432098766,11.1111111111111,98.83720930232558,24.740608228980456,15.313059033989344,10.500894454382582,100.0,9.523809523809515,20.238095238095273,22.619047619047603,0.7142857313156128,0.3656307129798903
200507,100.0,7.1428571428571335,11.22448979591835,11.22448979591836,95.0,22.2875816993464,19.58650126717348,15.070028011204462,100.0,3.921568627450975,6.862745098039234,27.450980392156826,0.7847533822059631,0.5820721769499418
200601,98.364677,36.47827260108087,27.23717379918516,3.475889224034636,98.31016625783592,35.52889194369991,30.333498307867906,5.1058579393158645,98.5364555614689,13.386730534601329,14.967651152327335,14.350183177167436,1.0880357027053833,1.3608980193299527
200602,96.0,26.52230256601628,17.77119579431936,4.042803968141949,97.87610619469025,28.60254737540136,27.561082360434835,4.851592063661556,96.11111111111111,10.641680388738232,5.496777378805962,26.02183625532738,0.9565455317497253,3.302433371958285
200603,99.343545,25.653434194436205,21.774344945895777,6.37410473388845,98.65771812080536,22.8591309535053,15.535036084204531,8.514892886069978,98.68766404199475,6.943321636849488,9.336408586197793,21.899673529094535,1.7248295545578003,0.432152117545376
200604,98.529412,20.614876385336746,19.016410912190967,12.686487638533684,98.23788546255507,21.963470319634744,22.048271363339918,14.324853228962814,98.4126984126984,6.45987478656799,8.52020489470687,22.482846392208863,2.0226056575775146,0.5653266331658292
200605,98.893805,36.69995725034728,35.54862574770143,2.263053996300526,98.79725085910651,29.6941839467611,30.463766890787852,4.3436594982986705,99.76744186046514,5.68335087225242,8.339756036105522,22.048644562687993,0.6315789222717285,1.5339425587467364
200606,100.0,28.872180451127786,31.89336978810672,2.2556390977443583,100.0,20.689655172413797,25.517241379310352,8.965517241379318,99.3103448275862,6.381194432188379,11.353663622462243,14.889453675106216,1.0156971216201782,0.9940357852882704
200607,98.370672,32.18119469570972,31.125367799185177,6.276167274521445,99.1304347826087,37.09665716506864,36.76133713397255,6.052604301632523,99.23857868020305,5.22747692559014,9.169157886139088,22.283100547251543,0.8382489681243896,1.109616677874916
200608,99.173554,32.44866332065132,23.303873185407394,2.486167194973385,96.7479674796748,27.790811339198758,34.21309872922822,5.395021645021535,100.0,3.2789274264062924,12.181600239736296,15.27251530166131,0.5167958736419678,0.7363770250368188
200701,96.65493,29.0277654929536,23.5744457670332,6.930499466324608,97.49478079331938,27.957729245363726,20.46202208556348,8.399264259781388,98.65023474178398,12.662562559137122,12.546363077072503,13.555027216220891,1.9125899076461792,1.5871668647088781
200702,96.774194,29.710301860201362,17.281410808641652,4.122373542874614,96.96969696969697,30.066386613879448,21.36207491824151,9.076824029225058,97.93103448275862,7.586206896551705,11.72413793103452,9.741379310344822,1.7415215969085693,0.7952286282306162
200703,97.409326,30.65093263508809,23.729978531069875,2.778992637463267,96.5,28.70715593929875,24.891527123670016,6.947987528344577,99.35064935064936,11.770623742454735,20.91640753612586,7.179440278031829,0.4527813792228699,0.3523608174770966
200704,100.0,21.05263157894737,15.78947368421052,0.0,100.0,46.666666666666664,53.33333333333336,6.666666666666667,95.83333333333334,4.347826086956521,8.69565217391304,13.043478260869563,4.5751633644104,0.0
200705,95.073892,26.14923902747285,13.032305159222279,11.294897016065145,97.26027397260273,30.487255071961123,20.626525854547342,6.712617767759037,97.86096256684492,8.879922216820647,12.861570247933907,19.182790471560548,0.9943181872367859,0.6782215523737753
200706,97.177419,17.456379758632696,7.554407490246717,16.65691230859685,94.38596491228071,24.333536403785406,12.543717903077034,15.80430440411155,97.08333333333333,6.516134079618502,11.392937952652748,17.514698654203638,3.435114622116089,0.93603744149766
200801,97.558494,30.89344217432363,29.774802403259894,3.5101511884103744,98.97872340425529,30.05583720797283,32.60117130240751,5.173301720691029,97.11431742508326,15.874455746465014,24.67168387669387,9.597223178176716,1.68245267868042,1.4823560278105732
200802,98.717949,45.41386907595084,50.59995765232709,0.0,100.0,44.08602150537631,31.182795698924732,5.376344086021553,100.0,9.375000000000007,25.0,10.937500000000007,0.0,0.5628517823639775
200803,97.87234,21.618041590377928,21.57809758737997,6.925378968189226,100.0,34.07650273224054,38.251366120218634,6.040072859744981,100.0,10.077519379844944,13.953488372093057,13.953488372093004,2.0034842491149902,0.5639097744360901
200804,98.958333,14.583333333333327,15.677083333333348,10.885416666666663,97.53086419753086,24.090909090909236,19.0909090909092,13.750000000000263,98.61111111111111,7.060185185185178,7.060185185185188,18.315972222222207,0.5263158082962036,0.5524861878453038
200805,98.255814,21.830108670961728,29.694842698862505,11.080331140630813,100.0,37.86982248520699,34.72974988812083,7.692307692307685,98.4,5.711979823455217,13.340037831021476,17.427112232030208,0.9437671899795532,0.7496876301541024
200806,98.148148,43.51160630837684,49.27710800094302,5.611226060621507,100.0,34.78260869565239,43.478260869565744,6.521739130434781,100.0,13.636363636363644,15.909090909090908,4.545454545454548,0.0,0.0
210101,98.778769,44.41481258592585,42.762453346869044,3.48657269510798,99.33774834437082,51.51616608805386,49.1145551029853,4.1608321737226515,99.38596491228068,23.496351496259322,30.34839253277809,7.960683606601712,0.18686413764953613,0.09844596019970467
210102,100.0,7.509967274666062,12.502142052623281,24.1699065372831,98.18181818181819,16.518529884435626,17.404921113058332,17.561226774271958,97.75784753363233,4.552447552447568,7.307692307692301,34.3374125874127,0.15612801909446716,0.09775171065493646
210103,97.959184,4.071075446012753,4.098301927348279,26.42115067707959,100.0,10.25828592448305,7.690056890620352,25.653029916691487,100.0,0.0,0.0,47.761194029850806,2.127659559249878,0.0
210104,100.0,4.233263482246094,9.587238647542005,24.742259425944216,100.0,13.23344291068127,13.233442910681273,13.23344291068127,100.0,5.714285714285719,18.571428571428577,31.428571428571445,0.0,0.7832898172323759
210105,98.795181,9.757483252777073,13.379123208683108,23.24175358263377,98.80952380952381,16.093684788263708,15.98422733561634,17.089119609401372,100.0,1.282051282051273,5.128205128205119,35.897435897436,0.4587155878543854,0.24813895781637718
210106,100.0,4.872485293361004,14.650042018968568,29.332670176822692,100.0,15.800147650891558,21.0668635345221,15.800147650891558,100.0,4.477611940298507,5.970149253731335,29.85074626865677,0.3105590045452118,0.0
210107,98.913043,7.744605412228246,20.63475019557915,8.865775183691007,100.0,17.83140465981305,15.858927003151454,13.855372087616846,100.0,6.976744186046487,6.97674418604651,32.558139534883715,0.17035774886608124,0.1984126984126984
210108,98.076923,13.70192307692308,13.701923076923082,4.086538461538462,100.0,17.997718755092063,26.001140622453985,5.989734397914229,100.0,0.0,13.88888888888888,33.33333333333334,0.0,0.0
210109,96.721311,18.032786885245905,24.590163934426215,15.737704918032792,100.0,26.829268292682958,26.82926829268293,12.195121951219527,100.0,9.677419354838705,11.827956989247307,18.279569892473187,0.4140786826610565,0.22371364653243847
210110,100.0,20.945903328217312,22.449172676239932,14.892878918487057,100.0,16.660328670378888,19.98859160668199,13.322558739644105,100.0,4.999999999999978,12.499999999999973,29.999999999999876,0.38167938590049744,0.4291845493562232
210111,98.181818,5.583835476811465,7.45711973070549,22.082021764547168,100.0,15.995437510184113,12.002281244907962,14.004562489815909,96.29629629629629,1.8867924528301807,3.773584905660368,44.33962264150951,0.7125890851020813,0.0
210112,97.142857,6.322449400241063,2.88341331612695,17.539980194736827,97.91666666666666,15.494289416586348,11.409334406375836,20.097433561177553,100.0,0.0,5.4545454545454435,47.27272727272722,0.0,0.2638522427440633
210114,100.0,7.142857142857145,7.142857142857145,28.57142857142858,88.88888888888889,0.0,0.0,37.5,100.0,0.0,0.0,42.85714285714285,0.0,4.477611940298507
210115,100.0,52.63157894736842,47.36842105263159,0.0,100.0,17.391304347826097,8.695652173913047,17.391304347826097,100.0,2.6315789473684106,10.526315789473664,31.57894736842108,0.0,0.38022813688212925
210201,98.825832,26.593831587240924,27.202839402124873,12.543775269424408,99.13344887348356,39.451083253643915,37.913457202695064,10.045546283072582,97.68518518518516,5.392683863673445,8.424226368801605,35.52512246331141,0.1337255984544754,0.2482073910645339
210202,100.0,10.000000000000004,30.0,10.000000000000004,100.0,12.5,25.0,0.0,100.0,0.0,0.0,66.66666666666666,0.4464285671710968,0.0
210203,96.341463,14.999328977842662,11.190849708723634,19.35957988385903,31.372549019607842,,,,97.89473684210527,7.44680851063827,8.776595744680831,33.244680851063976,0.0,0.8298755186721992
210204,99.052133,12.869519958763714,17.00829411646576,19.432069467967132,99.50248756218905,19.00951170271501,23.006260326074813,14.389435878004026,97.6284584980237,1.6596028802506477,6.609660919377512,43.167695327614204,0.5689900517463684,0.16680567139282734
210205,100.0,5.555555555555557,5.555555555555557,22.22222222222223,100.0,0.0,0.0,25.0,98.48484848484848,3.076923076923076,9.23076923076922,39.69230769230782,0.3484320640563965,0.7874015748031495
210206,100.0,7.295508600186135,4.8636724001240985,14.689255799524325,100.0,15.632520225826473,25.02451036565666,10.929840510732316,98.87640449438202,0.0,0.0,53.75972342264481,0.9456264972686768,0.3048780487804878
210207,97.101449,6.038647342995176,6.159420289855069,7.487922705314017,98.55072463768117,20.140367972337035,19.896498920884973,7.464908006915754,100.0,1.904761904761903,13.333333333333355,26.666666666666654,0.22271715104579926,0.468384074941452
210208,82.242991,,,,100.00000000000003,17.564329701887285,20.614358835955603,14.496888531251114,99.01960784313727,0.0,9.971711456859978,40.05186232909019,0.0,0.0
210209,100.0,14.59627329192548,16.537267080745355,19.720496894409955,96.55172413793103,33.21490292317056,29.615464676319768,14.53299189085292,98.57142857142858,4.353741496598634,7.1428571428571415,29.387755102040874,0.2551020383834839,0.0
210210,98.850575,4.65031542089293,12.336479296577458,24.112194715658056,99.99999999999999,14.629901463527158,19.50653528470287,20.323561899230487,96.5034965034965,0.0,1.4516129032258052,55.56682027649765,0.2185792326927185,0.2621231979030144
210211,98.198198,11.711711711711736,10.810810810810809,15.24024024024025,97.61904761904762,24.100079974313307,19.150394579742365,10.97476041681465,100.0,4.918032786885237,9.836065573770506,29.508196721311474,0.4149377644062042,0.30864197530864196
210212,100.0,7.000736919675755,6.853352984524682,15.327929255711126,100.0,12.752413714261882,4.2447421387568784,21.278272587758075,98.0,7.9999999999999964,0.0,39.53846153846153,0.0,0.33557046979865773
210213,100.0,4.32000489865899,8.64000979731798,17.512705896760778,100.0,7.692307692307687,23.076923076923077,15.384615384615389,100.0,0.0,3.8461538461538374,53.846153846153655,0.5917159914970398,1.36986301369863
210214,100.0,35.00000000000001,15.000000000000021,20.0,100.0,8.32837717971633,0.0,8.34027194839714,100.0,0.0,8.163265306122423,53.06122448979595,0.4166666567325592,0.5050505050505051
210215,100.0,6.382978723404258,8.510638297872363,40.42553191489362,100.0,20.852146576951682,12.508911536450801,24.988117951398976,98.21428571428571,1.8237082066869261,3.6474164133738536,39.89361702127672,0.37037035822868347,0.43859649122807015
210301,99.401198,27.64970059880239,30.641573994867375,7.270316509837464,99.71264367816094,27.430867347786325,30.64701926759336,9.38853473562528,99.24433249370277,10.428624873069293,18.835444390999857,21.141040029928817,0.3829583525657654,0.3877847794474067
210302,96.428571,23.015873015873023,30.555555555555546,7.142857142857143,97.14285714285714,45.282578704324585,45.66090555481051,3.0608748970089605,100.0,10.81081081081081,16.21621621621621,18.918918918918923,0.0,0.0
210303,100.0,10.544871239220173,12.502576371351912,11.415395817321304,100.0,39.45532746571676,49.981248486484795,5.259210207681025,96.875,8.191326830414818,12.175962293794202,21.179432303876382,0.0,0.5576208178438662
210304,100.0,15.789473684210531,13.684210526315796,9.473684210526317,100.0,23.397097573922245,29.7935534932938,5.320277409516752,100.0,4.09836065573769,9.01639344262297,19.672131147540945,0.15649452805519104,0.17271157167530224
210305,100.0,16.666666666666668,27.777777777777736,7.40740740740741,100.0,8.23332264041634,16.47334830341711,10.586658112333073,96.875,1.0416666666666636,1.0416666666666656,38.75175070028015,0.0,0.4807692307692308
210306,97.740113,12.075965465796,11.457186880915701,12.66050333846945,100.0,26.287500785082752,24.56431979269165,18.283983614451106,99.50248756218906,3.489048265167675,10.977579634296042,34.522194223686725,0.18148820102214813,0.8097165991902834
210307,98.630137,22.106754841757198,20.64241851676898,12.706660368445915,100.0,22.82268399326561,23.91715398833265,4.349982420108932,99.00990099009901,3.9999999999999853,4.999999999999996,25.545454545454565,0.18903592228889465,0.6211180124223602
210308,100.0,6.965837282780411,12.786334913112162,22.05848472880463,97.59036144578313,11.17510935588954,22.08437984885331,20.79347161247196,97.6923076923077,1.5632754342431683,0.781637717121587,45.009460297766836,0.4587155878543854,0.6430868167202572
210309,100.0,25.95169587583922,43.30804778097478,7.3816374574941115,96.92307692307695,29.188800278008653,29.572438995257265,11.04586263658734,95.7983193277311,2.672735760971047,6.086601307189548,21.895424836601325,0.28037384152412415,0.5758157389635317
210310,100.0,12.048192771084338,10.84337349397591,8.433734939759036,100.0,31.950600142912744,30.565228796005723,11.094842479444893,100.0,1.4925373134328352,4.477611940298515,37.31343283582092,0.0,0.35714285714285715
210401,100.0,22.54544239235316,25.109177734138484,11.70263124877366,98.99999999999997,29.59072966830325,39.49683297320368,5.61381242509346,99.70588235294117,8.554572271386435,16.551950180268726,22.81219272369724,0.5602241158485413,0.2590673575129534
210402,98.828125,18.055958178726137,20.407921691403843,13.848344735621573,99.36305732484077,28.792000335128183,38.46307005440167,7.783861846773806,99.61089494163424,8.191419475466184,13.269998484006301,17.221688817019558,0.7050528526306152,0.4194128220491312
210404,100.0,0.0,0.0,28.571428571428573,100.0,8.349187367505676,8.349187367505696,38.85982315957295,100.0,0.0,6.349206349206347,57.14285714285714,0.47058823704719543,0.7978723404255319
210405,100.0,16.666666666666668,0.0,50.00000000000001,100.0,15.16382512149836,12.12933146311595,30.293077561341754,100.0,13.043478260869545,19.56521739130432,28.26086956521754,0.7751938104629517,1.646090534979424
210406,99.038462,8.665805173706147,7.20431967493903,28.84305565448026,97.77777777777777,12.886917036577586,16.059515859955155,21.865708557713166,95.52238805970148,2.2095405326309616,3.5675961927059427,32.38401828393045,0.19157087802886963,0.22753128555176336
210407,99.555556,11.064223799498876,23.602791133188834,11.13716154851169,98.9247311827957,10.315006519494153,16.58044836520105,22.081510870803978,99.60159362549803,3.199999999999978,3.2235294117647006,42.141176470588384,0.5439005494117737,0.46253469010175763
210501,99.170124,23.402742265626458,30.063067752064264,8.85409123114684,99.1549295774648,23.49243419823313,31.422722367904665,13.723204092463655,99.22048997772833,7.546704262872314,16.771660221198854,23.40228863566424,0.38079118728637695,0.15367727771679474
210503,97.674419,13.950588930083008,16.296466419501943,13.91941992847535,98.0,24.006620896593397,28.00867565760513,19.593516087474082,100.0,1.587301587301607,1.5873015873015823,36.50793650793653,0.45766589045524597,0.2597402597402597
210504,100.0,12.538177141938602,12.538177141938602,10.33742017506685,100.0,31.255009019415336,40.634183202261454,6.2349729417540765,100.0,4.444444444444434,15.555555555555564,22.222222222222257,1.1627906560897827,0.847457627118644
210505,100.0,0.0,6.250000000000002,6.250000000000002,100.0,100.0,100.0,0.0,90.47619047619048,0.0,5.263157894736842,31.578947368421044,0.0,0.0
210601,99.497487,24.65507289890704,32.75751908543669,13.643593942903042,99.99999999999999,38.671797439958574,44.344346697439256,5.150852542599827,99.14529914529915,10.007153075822597,22.045779685264648,27.36766809728194,0.17974835634231567,0.06680026720106881
210603,100.0,25.000000000000014,40.000000000000036,4.9999999999999964,100.0,48.173557980826544,62.985636352122185,0.0,100.0,0.0,3.57142857142857,28.57142857142856,0.5747126340866089,0.0
210604,100.0,30.0,29.999999999999957,15.000000000000007,100.0,13.048869929386123,21.76878461162371,13.024068254209961,92.85714285714286,0.0,0.0,53.99159663865544,0.0,0.0
210605,100.0,9.408284808531517,5.690334390046551,26.825188388239667,98.11320754716982,11.31221928330397,3.9215679312063747,19.004526975611654,100.0,0.0,6.818181818181815,49.99999999999999,0.0,0.3875968992248062
210606,94.736842,2.878416972664218,5.5303957568339515,34.22907162197248,100.0,4.347826086956523,17.391304347826097,17.391304347826082,100.0,0.0,5.999999999999988,37.99999999999998,1.2658227682113647,0.0
210607,99.411765,17.86568008666568,16.2254812823457,12.195960470627666,100.00000000000003,22.44931208985056,29.496716193134,10.261237188662392,99.50980392156863,2.492617682820915,16.414799374674303,33.82838283828387,0.26408451795578003,0.09433962264150944
210608,100.0,11.18541984434277,16.778129766514134,22.11075912237474,100.0,3.3403104357518054,9.992388615543488,29.97716584663046,100.0,0.0,3.2786885245901662,54.0983606557378,0.28409090638160706,0.9523809523809524
210701,99.009901,14.0419264384373,16.15029756063429,8.04818314784506,100.0,28.370269738233123,31.354487414727135,16.399374928609987,98.75776397515527,9.554140127388514,17.83439490445864,25.246091488129736,0.0,0.1049317943336831
210702,100.0,14.340517894099246,14.388471051436065,14.244611579425573,100.0,46.69581867811042,46.66730040604591,0.0,100.0,4.166666666666666,8.333333333333332,29.166666666666664,0.32894736528396606,0.34843205574912894
210703,100.0,30.000000000000007,0.0,40.000000000000014,100.0,0.0,0.0,25.0,95.83333333333334,13.043478260869568,21.739130434782624,39.1304347826087,0.0,1.1111111111111112
210704,100.0,23.124508234528047,19.34774940988143,7.656618824103967,100.0,29.40584233463256,29.39745230869533,20.619327743179113,100.0,0.0,17.77777777777772,40.00000000000004,0.0,0.0
210705,100.0,12.90322580645162,9.67741935483872,32.25806451612903,100.0,58.0645161290323,58.0645161290323,0.0,91.30434782608695,23.80952380952382,19.04761904761904,4.761904761904764,0.6329113841056824,0.0
210706,100.0,9.090909090909093,18.181818181818183,9.090909090909093,100.0,25.00593820198035,16.65479026270597,45.83036423234317,95.83333333333334,0.0,5.0,55.000000000000014,0.0,0.0
210708,98.245614,32.1371610845295,30.462519936204174,10.845295055821369,100.0,30.786660457306965,17.955839756749086,7.6765647482389054,100.0,3.4482758620689635,5.17241379310344,36.206896551724185,0.2016129046678543,0.0
210709,100.0,15.501046708209488,15.524239076699617,11.206796584618576,99.27536231884058,45.9544401971861,54.09023456722753,5.217542527670675,98.13084112149532,3.934426229508185,15.676814988290383,21.518084829560244,0.5813953280448914,0.6337135614702154
210710,90.909091,0.0,0.0,49.090909090909086,,,,,100.0,0.0,24.999999999999996,24.999999999999993,0.0,0.0
210801,97.794118,32.317522368944296,34.960319797993535,8.962700607014819,99.49367088607595,39.877436784684654,41.29195616597637,5.418640031791141,99.09706546275396,10.954160928585448,15.76431241392871,19.177650993507733,0.07358352094888687,0.2679938744257274
210802,98.666667,21.44444444444444,20.037037037037027,10.814814814814815,100.0,16.13347933291849,14.52013139962662,8.057549045094405,100.0,1.408450704225351,4.225352112676049,32.39436619718315,0.0,0.0
210803,100.0,4.761904761904762,4.761904761904754,23.809523809523817,92.85714285714286,11.4702306756511,7.64682045043406,25.75594496136538,95.65217391304348,9.364548494983211,0.0,27.090301003344518,0.0,1.7094017094017095
210804,98.181818,7.523510971786835,23.887147335423165,5.6426332288401255,100.0,19.14893617021279,12.76595744680851,17.0212765957447,100.0,7.24637681159421,8.695652173913041,33.33333333333338,0.7092198729515076,0.0
210805,98.901099,16.62052260097113,12.075905692926973,22.305900741783436,97.87234042553192,21.549029325149903,18.74412470314855,14.090510545426781,100.0,6.338028169014068,12.676056338028172,30.281690140845107,0.4615384638309479,0.0
210806,99.173554,16.829537813897716,16.986448053656495,18.49059298639792,100.0,21.439997207955063,25.527268557335486,8.154184037313627,97.33333333333334,2.0507084265473545,6.231083037241739,44.71531341843238,0.915032684803009,1.272984441301273
210807,97.530864,4.035639673696775,8.07127934739357,35.86699164345403,98.88888888888889,17.228934523580676,19.526125793391415,11.50564173902617,99.23664122137404,1.5267175572519178,5.343511450381673,40.865139949109405,0.0,0.18796992481203006
210808,98.181818,10.557164162344733,10.363479615042364,21.635220703266146,100.0,30.010994828358605,31.761544731370133,15.706083223288061,99.00990099009901,6.999999999999987,15.107142857142868,24.214285714285666,0.18214936554431915,0.0
210809,98.113208,11.320754716981131,11.32075471698111,20.047169811320753,100.0,16.653092251723873,9.511204709934052,26.184658584072146,100.0,4.545454545454548,4.545454545454543,36.363636363636395,0.3344481587409973,1.5384615384615385
210901,97.368421,10.714285714285706,28.320802005012556,17.894736842105242,98.38709677419355,36.574264009219945,41.485477298382165,11.271109265540016,99.36708860759494,5.063291139240466,13.291139240506302,39.602169981916916,0.6684492230415344,0.625
210902,100.0,30.0,30.000000000000053,4.999999999999996,100.0,26.70215944587827,40.034225179954085,0.0,100.0,9.677419354838623,9.677419354838698,22.58064516129035,0.0,0.0
210903,100.0,0.0,0.0,43.47826086956522,100.0,16.666666666666664,16.666666666666664,0.0,100.0,3.5087719298245363,14.035087719298197,24.561403508772102,0.8968609571456909,0.0
210904,87.5,0.0,0.0,28.571428571428573,100.0,0.0,0.0,60.0,100.0,4.347826086956521,43.47826086956521,34.78260869565217,1.3071895837783813,0.7633587786259541
211001,99.103139,15.219663508547157,16.06763545635393,12.267777065983347,98.51851851851849,22.97692043405658,31.410071561206028,10.060247305377624,98.9247311827957,6.474820143884904,12.230215827338094,25.231243576567408,0.2624672055244446,0.440852314474651
211002,99.509804,18.70725034199729,20.702234382125006,7.871637026903796,97.22222222222221,23.278845492381837,18.697338536709484,14.431034397875262,97.27272727272728,6.479357798165131,6.498470948012232,25.611620795107026,0.299401193857193,0.12195121951219512
211003,100.0,78.57142857142857,57.142857142857146,0.0,100.0,0.0,0.0,71.42857142857142,100.0,0.0,6.6666666666666705,50.00000000000006,0.0,0.0
211004,97.647059,7.040976721363282,16.460549405766834,13.869575502864194,100.0,10.771322759943127,16.91821810593856,13.838190784732676,97.0873786407767,0.0,0.9803921568627505,44.80392156862744,0.197628453373909,0.22123893805309736
211005,100.0,4.761904761904768,4.761904761904757,9.523809523809515,100.0,31.577367938198236,36.83025953648678,0.0,96.55172413793103,3.7135278514589176,7.161803713527852,32.89124668435029,0.0,1.092896174863388
211101,98.071325,30.919115494397577,32.176049032283785,6.393759106684788,99.3269571377967,44.13113250835711,41.690995230789405,4.901630806018984,99.0410958904109,16.500491468788706,25.999076677350956,11.12748034686609,0.280349999666214,0.21261313029737106
211102,100.0,72.22222222222221,27.777777777777786,0.0,100.0,47.61904761904764,23.80952380952382,0.0,100.0,8.163265306122405,18.367346938775462,18.367346938775555,0.0,0.38314176245210724
211103,100.0,28.048780487804883,26.829268292682915,10.975609756097562,98.95833333333334,33.78117402863644,40.08833032883828,9.51380675964419,100.0,15.971929824561377,30.933333333333263,12.743859649122832,0.1675041913986206,0.7130124777183601
211104,100.0,25.000000000000004,18.181818181818212,11.363636363636367,100.0,12.01026267562622,14.011973121563933,21.96180004072467,98.57142857142858,10.419114766940773,8.852330591461017,42.34234234234256,0.5813953280448914,0.9765625
211201,99.122807,12.051656920077967,13.98391812865498,11.761695906432745,97.09302325581397,23.221993376562587,25.465363352729874,15.527286283159814,98.4375,3.2167005216528883,5.8262166337653145,29.860991903413233,0.2780352234840393,0.5488474204171241
211202,100.0,12.000000000000002,35.17460317460322,8.000000000000002,96.66666666666667,9.006666142244496,24.87655607338419,6.763942385320494,97.70114942528735,8.20271682340645,4.702194357366762,30.851619644723144,0.22675736248493195,0.0
211203,100.0,41.083760187470176,26.41380311482551,17.71427386408412,100.0,45.94990269375398,37.84200283553049,5.394992911173866,100.0,3.3333333333333144,10.0,10.000000000000059,0.4149377644062042,0.0
211204,100.0,24.655077543866803,24.655077543866803,4.313313904909412,100.0,28.360180204525587,23.88562052121035,17.911020059378398,97.52066115702479,5.015026296018048,10.800150262960209,21.393688955672367,0.4819277226924896,0.0
211205,100.0,39.01555750430348,36.69329955503588,1.1457013868589434,100.0,27.8487866608498,17.72097067132013,6.3330435222056405,100.0,1.33333333333335,5.333333333333346,26.66666666666668,0.0,0.547945205479452
211206,96.153846,3.846153846153844,3.846153846153844,29.12087912087914,100.0,16.129032258064516,19.35483870967742,25.806451612903242,100.0,0.0,3.333333333333318,26.666666666666565,0.0,0.0
211209,97.435897,31.538461538461558,45.76923076923076,8.974358974358966,97.05882352941175,20.35657685619343,33.311002634047234,12.152159839740603,94.69696969696972,0.8760683760683686,13.846153846153777,31.2932973459289,0.4322766661643982,0.6069802731411229
211210,98.630137,4.205324650645266,4.205324650645273,24.982028527133995,97.31543624161074,10.980169389469939,24.12391468115352,15.053274789805013,96.25,5.857171840129801,17.45458234198337,25.738947601394425,0.2604166567325592,0.6172839506172839
211301,99.012346,24.301210683245582,28.737071597408473,12.027116666870215,98.95287958115183,32.17983717945727,38.216523637059005,5.392030928280895,99.53051643192488,6.403489875053826,14.966609220163699,26.027574321413123,0.6960557103157043,0.04854368932038835
211303,100.0,19.618802214871632,15.4144126961038,13.757266573502138,97.36842105263158,21.99153269885683,36.00093486061371,8.206847558651251,100.0,5.128205128205137,6.41025641025644,25.641025641025646,0.5115089416503906,0.28169014084507044
211304,83.333333,0.0,0.0,0.0,92.3076923076923,41.53846153846153,24.615384615384613,16.923076923076923,100.0,6.666666666666665,13.333333333333336,39.99999999999999,3.6363637447357178,4.25531914893617
211305,100.0,9.090909090909104,9.090909090909104,20.0,,,,,100.0,0.0,8.333333333333334,0.0,2.1052632331848145,1.2987012987012987
220101,97.108737,30.056717818846433,22.475011248916708,7.823642799103875,98.21222606689736,43.31398106591715,33.99540631306925,5.939249802449374,96.4470284237726,14.290374590113924,17.253753705196004,10.481114493964865,1.4345331192016602,1.682842133380821
220102,97.0,23.66066066066062,18.633633633633643,5.276276276276283,94.6236559139785,44.343677751125455,30.736944401433803,0.0,98.52941176470588,12.064676616915435,13.557213930348269,8.955223880597043,1.0398613214492798,0.8818342151675485
220103,89.361702,16.906267970097787,7.24554341575619,6.958021851638856,100.0,34.285954300842455,34.285954300842455,11.42830141155228,89.65517241379311,0.0,7.692307692307695,15.384615384615383,0.9230769276618958,2.0408163265306123
220104,97.368421,21.79594719059231,19.441864231347132,8.665835191820525,99.99999999999999,30.027186401069677,25.29763211550789,12.289428948360579,97.2451790633609,7.974458919010114,9.892517319191638,17.157697616283514,0.6454062461853027,0.8044030482641829
220105,95.963303,26.3943958983332,17.128824489411194,8.27865847297105,96.26168224299063,41.232497167577904,31.749872384435125,8.43399617684547,98.5655737704918,9.322916666666751,11.197487997256598,11.767640874305172,0.9402487277984619,1.0230179028132993
220106,96.153846,10.063669438669434,3.9501039501039625,19.834979209979178,100.00000000000003,35.48403881557416,20.96781417379142,6.451457803330247,100.0,2.3255813953488373,16.279069767441854,9.30232558139535,0.5405405163764954,0.5813953488372093
220201,98.142415,22.894067599338822,12.554121371540296,6.631468376824379,99.24242424242425,21.914079050621147,13.62614730008785,13.23157327190787,97.00272479564033,4.994346645174179,4.732915937804292,30.545218847865428,0.8301886916160583,1.018409714061888
220202,91.411043,9.59081409388162,7.043925399753631,28.81214391887429,92.32673267326734,10.089466885456162,9.017292902134653,39.81519190413636,93.90243902439023,0.9688297831802745,2.63353520855521,40.93041902724483,1.3523956537246704,1.7269076305220885
220203,96.170213,9.35715238539892,8.561900315385293,27.87015845489794,97.25490196078434,11.81105299171761,8.333333333333359,32.132517998791485,76.92307692307693,,,,1.3450595140457153,0.6524317912218268
220204,97.647059,7.159663865546243,2.386554621848733,8.563958916900079,97.75280898876404,9.189687748863347,14.907547020475448,18.229286090018512,96.0,3.999999999999995,6.258064516129036,31.290322580645125,1.4285714626312256,0.8130081300813009
220205,96.078431,5.908152734778076,5.457193842449247,16.845354126055792,98.59154929577466,38.96719321560417,25.143072148033756,9.765191186655525,97.58454106280193,0.984386196056678,3.4272935302683596,43.14367935649403,0.692307710647583,1.6863406408094435
220206,97.916667,19.25925925925927,17.91666666666668,7.685185185185181,98.4,14.233444624693739,11.836704389036774,10.9596561002556,98.50746268656717,8.333333333333313,11.398071625344338,30.165289256198243,1.492537260055542,1.8808777429467085
220301,98.076923,5.639989709538622,4.533173593323993,30.47288646299772,98.94459102902373,11.312054581822277,4.289582973733863,26.044795964497318,98.65771812080537,3.132181151177077,2.7938056884234888,41.34489561897992,1.1294527053833008,0.95151789759855
220302,97.727273,14.772727272727174,18.181818181818112,23.86363636363632,100.0,26.089771520977024,19.566213328156767,13.046938787521576,100.0,0.0,0.0,45.714285714285694,3.1802120208740234,1.2552301255230125
220303,97.769517,3.779429987608438,3.362622507603929,51.818610963592334,96.94189602446485,6.545956786953376,2.532759482692051,40.5894018614099,86.71586715867159,4.212544744842004,2.054179483028451,47.72366366737669,1.1261261701583862,2.3086269744835968
220304,97.87234,9.270516717325188,10.486322188449776,31.442080378250633,98.33333333333333,8.332489198114923,7.63894788144648,32.35582265645902,96.36363636363635,4.83023602289656,0.9880028228651935,38.779110797459424,1.044386386871338,0.3091190108191654
220305,97.826087,8.695652173913045,0.0,24.99999999999995,100.0,7.407471826958015,3.703698102003658,35.184942911658,96.66666666666667,0.0,0.0,42.863247863247814,1.3392857313156128,1.5113350125944585
220401,96.485623,30.86849663611077,28.00448575208975,9.44564189057206,98.07692307692304,23.422817063016268,16.533073279706862,11.631801138574774,95.28619528619528,6.87677729313694,8.152531522179958,17.036731582313582,0.3031834363937378,0.7223942208462332
220402,95.789474,2.243421052631583,5.572368421052652,20.06578947368414,100.0,6.3794180002785295,4.253717252966609,27.668498116429774,90.625,5.295138888888908,3.125000000000026,29.166666666666575,0.6033182740211487,2.1439509954058193
220403,96.428571,18.62244897959185,2.0408163265305936,14.540816326530505,97.87234042553192,4.430236324009369,8.86055958550505,12.773250405596945,91.11111111111111,7.134502923976617,9.824561403508769,33.45029239766084,0.8333333134651184,0.0
220404,97.938144,16.199264652872863,5.608824165525169,20.671424795136087,96.66666666666667,17.35851088051704,11.235604808021776,11.172961232267676,94.9367088607595,2.5591634562465546,3.880022014309332,25.72234452394048,0.5042017102241516,0.5357142857142857
220405,100.0,10.344827586206867,6.896551724137908,18.96551724137928,98.18181818181817,22.59324151096851,18.891553087597067,23.334157884569613,94.23076923076923,0.0,0.0,16.826923076923066,2.209944725036621,2.0289855072463765
220501,98.529412,21.066176470588157,16.691176470588196,14.023109243697425,99.29824561403508,27.146968365351153,16.58357303524205,9.17279158923867,98.92086330935251,10.151550890435242,10.509611982545103,26.633200741940072,0.5265929698944092,1.3252346769740475
220502,97.506925,18.592099728755304,11.761873253344259,12.278009635207281,97.953216374269,21.380175543455017,21.121693323721903,13.364751258951982,94.13793103448278,6.3158681644372185,9.44008917821089,16.01968070860772,0.9794319272041321,0.9911894273127754
220503,97.580645,5.961981566820272,6.048387096774196,11.45161290322586,98.65771812080537,23.014731112990294,12.319450260418382,20.474838809668075,98.05194805194806,1.2987012987013042,1.298701298701308,41.27241805813224,1.983002781867981,1.9328585961342828
220504,94.298246,14.307046442101042,15.209236403377353,22.43444039869062,92.54901960784314,14.617315418451804,15.232685526712665,19.355906027784776,89.28571428571429,2.8357412166325933,3.510359603044972,30.722887605665207,3.5256409645080566,5.268875611080935
220505,100.0,2.3255813953488436,0.0,34.88372093023235,97.87234042553192,6.38477850676514,6.38477850676514,24.229256977240926,100.0,6.060606060606057,3.030303030303029,12.121212121212114,0.6036217212677002,0.9009009009009009
220506,97.524752,11.502221650736521,11.870562056205609,24.703541782749717,98.31460674157306,20.538812527840577,21.184588384126396,18.955745083292676,97.48427672955975,2.6461221431247766,9.352753840389646,24.275633820407062,0.994575023651123,0.4020100502512563
220507,96.491228,8.906882591093183,3.5087719298246136,23.584980550924808,98.38709677419355,6.559029810280917,5.055628529843214,14.833430893483754,100.0,3.7037037037037113,9.259259259259164,35.18518518518526,1.6129032373428345,0.0
220508,100.0,0.0,0.0,51.72413793103437,96.42857142857143,14.545598992455808,10.909069309539328,33.03697195478665,100.0,0.0,0.0,29.99999999999999,1.2000000476837158,0.425531914893617
220509,100.0,10.00000000000002,3.333333333333343,39.9999999999999,100.0,7.5000842244148656,0.0,30.00013271725981,100.0,0.0,0.0,26.923076923076906,0.9569377899169922,0.0
220510,98.717949,20.609445701357377,18.727442900236884,14.368401206636483,98.10725552050471,12.65542764954729,7.39536935402427,28.18013051091629,98.31223628691981,1.798921417565482,2.1186440677966214,45.82819722650226,1.3171759843826294,1.1150234741784038
220511,96.585366,6.829268292682912,8.292682926829206,23.76607538802662,97.49999999999999,18.170488054168878,13.282191922430483,19.248063219018775,93.88888888888887,0.0,4.075780849974397,45.39145179088252,0.8189262747764587,1.3171225937183384
220601,97.181009,27.290662291186358,26.81784297214781,8.217814257192844,97.17114568599717,28.76413255320731,19.507824209859013,7.22354265746852,97.46121297602255,6.873716022971274,5.712770368451527,21.422074126965605,0.6545930504798889,2.248466954349307
220602,96.666667,9.405412438199338,7.5081233277954755,22.175543946035756,94.32176656151421,23.032327798884218,14.476975509676784,17.444913112279327,97.63779527559059,3.7234185012587497,3.313648293963249,32.64513223441053,0.25641027092933655,1.6320474777448073
220603,93.625498,13.410439115583772,14.860975437837645,16.189917463125667,95.90163934426229,9.508877062944446,6.250761872447215,14.269270963477585,96.53179190751445,5.8317276814386805,6.455888363402844,28.735330180416863,2.0346646308898926,2.2617124394184165
220604,95.512821,7.820512820512802,13.166368515205711,34.646264588125064,90.58823529411765,9.147184694043913,9.30736330282248,31.40388314835501,86.23853211009175,1.0756089844985839,2.910471369819701,26.752190830014317,1.7716535329818726,2.046783625730994
220605,98.571429,9.400793650793641,8.035714285714251,16.765873015873016,97.6923076923077,20.58003042186107,19.737053675713337,14.905189614822536,96.07843137254902,0.0,1.0306686777275016,32.6127032009385,2.691065549850464,1.0452961672473868
220701,98.290598,18.523642624362076,7.326270851450709,10.055516026739063,100.0,18.77559503870884,10.34545560712905,16.47527624695319,97.58064516129032,4.12427389544093,2.914979757085013,31.082555888047775,0.971547544002533,1.0845986984815619
220702,96.666667,5.208333333333342,0.0,34.999999999999986,90.74074074074075,13.763990125697163,6.228674627152078,32.432534678809816,91.37931034482759,2.0114942528735504,0.0,34.482758620689616,0.6329113841056824,0.24813895781637718
220703,100.0,11.62790697674419,4.651162790697673,11.62790697674419,100.0,17.646983463312527,3.9215874675052094,19.607857267295593,100.0,2.272727272727273,0.0,40.90909090909092,0.4048582911491394,0.4273504273504274
220704,100.0,11.111111111111112,0.0,11.111111111111112,100.0,31.547000140508562,0.0,5.269074048053966,100.0,0.0,0.0,45.45454545454545,0.0,5.376344086021505
220705,100.0,8.888888888888925,0.0,8.888888888888841,96.55172413793103,16.228064519462436,7.368516073031249,18.42098212040937,88.37209302325581,2.3255813953488373,0.0,34.36692506459947,0.5249344110488892,2.459016393442623
220706,100.0,3.7037037037037024,7.40740740740741,22.22222222222221,100.0,10.0,5.0,30.0,100.0,0.0,0.0,17.64705882352941,1.2195122241973877,2.7777777777777777
220707,98.837209,11.780905752754002,2.3561811505507966,7.007343941248425,98.9247311827957,19.573031227875695,13.090361280297516,9.802143287080492,100.0,4.542504866969495,3.0499675535366833,40.785204412718876,1.2295081615447998,1.762114537444934
220708,98.253275,5.8390367819953415,7.068252435337614,30.823243350535982,94.44444444444444,6.008340109186918,4.665323210844216,33.22135594203246,94.59459459459461,1.1874169251218532,0.5405405405405462,34.919694284448404,1.3755158185958862,1.2232415902140672
220709,94.117647,10.156799899446991,12.443438914027274,22.049486461251224,95.57522123893806,12.873223218124721,14.804139586622627,22.408496983279818,93.26923076923077,0.9615384615384659,1.923076923076936,33.253676470588225,0.8633093237876892,1.1824324324324325
220710,97.647059,4.826546003016628,4.858299595141723,19.0045248868778,95.40229885057471,8.401521768934602,4.700851593753108,22.671417982380333,96.29629629629629,2.469135802469149,2.469135802469152,40.740740740740705,0.33388981223106384,1.4109347442680775
220801,96.774194,34.05157106598192,24.385001243228903,4.457263157971428,98.69402985074629,42.4794297470357,30.03287496237128,4.499372037525862,99.13606911447084,11.348399655609738,18.99080369299823,5.04052315964544,0.6251860857009888,0.8660686668728734
220802,94.444444,15.959821428571422,11.111111111111041,13.206845238095298,98.9795918367347,15.459030763820685,8.241534542078716,32.2327928675992,96.65071770334929,3.439280018227378,8.316245158350428,35.17042433908462,1.600474238395691,3.801546391752577
220803,97.959184,24.397086604739957,22.26896976127533,6.787233825388963,97.43589743589745,42.28790155992274,29.523753453379914,4.26632187326918,99.26650366748166,5.918985873919429,14.541693021294519,21.24499262070412,0.7708911299705505,0.4273504273504274
220804,97.696737,30.395753618624095,29.58625165748164,5.503291761915262,97.61677788369877,34.634232759968306,27.128195712269676,7.002268278259442,98.56972586412397,7.001710345003318,12.478852882519176,19.391247744212816,1.0461175441741943,0.8852213053263315
220805,94.951923,23.721427833930157,23.380269875738932,8.913477320004068,96.86800894854586,31.03319374151795,21.789605085794072,7.126251793284184,98.05825242718447,5.63293745682554,10.566780912907184,22.016479355969967,0.9134406447410583,1.314596554850408
220806,97.560976,7.5,4.999999999999997,7.5,97.72727272727273,18.604651162790685,9.302325581395342,2.3255813953488356,100.0,6.4516129032258025,12.903225806451607,19.354838709677402,3.1645569801330566,4.895104895104895
220807,94.366197,15.216297786720366,14.688128772635883,10.91549295774639,100.0,54.09905424551237,44.262850392767824,11.475102549456581,100.0,9.433962264150948,9.433962264150937,1.8867924528301894,0.7371007204055786,0.5730659025787965
220808,95.652174,36.36363636363637,24.999999999999975,9.090909090909093,95.74468085106383,37.77777777777777,22.22222222222222,4.444444444444444,100.0,2.6315789473684204,18.421052631578938,18.42105263157894,0.9966777563095093,1.0452961672473868
220809,95.16129,30.357142857142865,33.92857142857145,7.142857142857146,100.0,34.782608695652186,20.289855072463787,4.347826086956525,100.0,5.797101449275364,27.536231884057948,15.94202898550725,1.201923131942749,1.1904761904761905
220901,97.680412,33.87703271267097,17.19521413397806,5.32074146499667,96.49217485159203,41.616157783772046,29.42257912760569,6.2275849473872995,98.40519787359716,12.627525000523399,10.245261049511454,13.915891178506886,0.7472191452980042,0.7743170349747694
220902,100.0,13.333333333333309,6.666666666666654,26.666666666666657,100.0,41.66666666666666,16.666666666666664,0.0,90.0,0.0,0.0,33.33333333333333,0.0,0.0
220903,97.530864,12.636534839924662,2.510985561833014,13.93283113622096,97.01492537313433,19.977319285923315,10.778826455955512,13.712686567164173,97.10144927536231,4.4776119402985115,5.970149253731343,35.8208955223881,0.5514705777168274,2.214022140221402
220904,96.721311,2.9886690829142957,2.6660257162431895,43.051585600401346,96.99999999999999,14.150826400392294,7.231175706960757,32.22709657880983,96.05263157894737,1.8028227279328624,0.8872185083638845,44.63595142009234,0.3804692327976227,0.7137758743754461
220905,97.619048,2.3809523809523974,0.0,23.809523809523796,100.0,14.289331412795928,8.573567726776005,16.18606820935825,84.72222222222221,0.0,0.0,60.03734827264226,0.8474576473236084,0.936768149882904
220906,94.285714,4.692286271233668,8.72180451127819,30.336953494848224,97.05882352941177,9.044187097878776,7.5726550106809,25.86974524422458,100.0,4.651162790697669,2.3255813953488103,27.906976744186125,1.3888888359069824,1.8475750577367205
220907,94.303797,3.2620595278823137,1.9329456038316877,54.0447384751182,90.40404040404042,16.261499761405577,9.592322571956963,40.58687566356582,94.73684210526315,0.7518796992481255,1.017249004865093,54.21431730586964,0.8205128312110901,2.422145328719723
220908,100.0,13.725490196078333,11.764705882352962,5.8823529411765,97.01492537313433,11.093117408906886,15.708502024291507,20.647773279352243,97.10144927536231,4.488078541374439,6.077606358111282,12.155212716222538,2.1956088542938232,0.42643923240938164
220909,96.934866,28.802576212528287,18.585269920196453,8.132557813905217,98.58267716535435,34.32946832951123,26.967467460682393,8.388692874750873,98.24561403508774,10.91539892901151,8.033053520942358,24.087539948634902,0.5893446207046509,1.7814726840855106
220910,95.857988,18.803399838163095,6.4871180758754585,8.735824826061462,98.58823529411764,34.57697329055186,23.05176229416167,5.742855146353025,98.09523809523809,11.671360016874917,7.452231538610213,18.072421733551362,0.8016031980514526,1.3293452974410103
220911,97.014925,7.649253731343319,0.0,39.957356076758884,100.0,10.937589727966616,7.812545860960718,17.187230816100215,100.0,2.6315789473684204,2.6315789473684195,60.52631578947369,4.44444465637207,3.9119804400977993
220912,96.296296,19.341563786008226,7.818930041152252,11.522633744855973,92.85714285714286,11.263814394823052,0.0,34.89003175902306,96.15384615384616,0.0,0.0,52.0,0.0,1.1976047904191618
220913,92.02454,11.89015664723173,11.898529434151854,7.05768850188008,94.28571428571428,45.33422661845557,22.804560355692054,6.660793210610382,97.14285714285714,4.476769431176737,7.364307425097725,26.771602257924393,1.4763779640197754,2.059732234809475
220914,100.0,15.624999999999993,3.1250000000000013,21.87499999999999,96.96969696969697,0.0,6.060643559112959,33.33292084975747,96.7741935483871,0.0,0.0,24.137931034482744,0.0,0.0
221001,95.551257,23.560597621726682,18.723982936287218,10.117294285232168,98.26388888888887,28.235016049857897,17.089492237334152,9.555120037272799,95.54140127388536,7.219198789667542,9.906172155560121,19.06897271405232,1.1956771612167358,1.632462686567164
221002,96.907216,12.249822253821543,11.5466610649689,17.48102060524943,94.99999999999999,12.01332122794651,8.34388006208871,20.33799525823448,92.17081850533808,3.6633058976344786,9.333467772918947,22.408784812463242,0.6381934285163879,2.0460358056265986
221003,98.084291,23.982160503458665,23.20762758389536,10.988193685962377,97.8978978978979,18.63672148060141,11.907630448848415,7.765204291356322,98.07692307692307,2.592412764629239,7.816555345031043,23.691297409211174,1.0421836376190186,1.7081503172279162
221004,95.555556,4.44444444444445,2.2222222222222254,23.33333333333331,97.95918367346937,12.245875755430944,4.074699188762438,34.69156639625417,100.0,0.0,7.547169811320815,30.188679245283005,1.9607843160629272,1.1494252873563218
221005,95.897436,25.366762185623873,28.585773262839275,8.933862937887712,96.05911330049261,28.25140380178819,26.14735939181689,12.391680027945844,93.54838709677422,5.32032023421704,10.828393798708559,21.326973075077174,0.6273525953292847,0.8040626322471436
230101,99.325691,60.88413092997835,56.18349520025277,1.3483348876784722,99.539312039312,62.005953480036965,62.759529965221674,1.2131083970412844,99.49748743718597,32.7547293640627,43.445753600833484,2.984638286480092,1.1438698768615723,0.23373587845734323
230102,98.870056,45.144720347569034,47.538690510811996,2.315625733404295,98.75311720698254,47.2871166621167,50.85684169017507,3.5840765007431585,99.00000000000001,12.14552034735806,26.095129127165954,9.661091374863554,2.004662036895752,1.3164556962025316
230103,96.153846,36.92307692307689,33.07692307692305,7.692307692307688,95.23809523809523,10.625,10.625,16.25,100.0,5.882352941176472,5.88235294117647,17.647058823529417,0.48543688654899597,3.870967741935484
230104,99.053628,38.2012492994068,41.67247218611913,1.9034967853145468,99.15254237288136,44.16496082861303,52.023658480216405,4.078458331171564,99.04458598726114,11.199734431318522,23.723277400643582,9.912670869288856,0.5211047530174255,1.0632344711807498
230105,100.0,49.999999999999986,67.99999999999996,3.9999999999999964,100.0,15.789473684210526,42.105263157894775,0.0,100.0,18.750000000000007,37.5,6.250000000000003,0.37593984603881836,0.0
230106,100.0,57.89473684210526,52.63157894736842,0.0,100.0,83.33333333333334,86.66666666666669,0.0,100.0,29.032258064516142,48.38709677419355,12.903225806451617,0.0,0.0
230108,99.328859,48.23774659345136,54.56172462883881,3.411633109619678,99.45054945054946,51.91672174487773,49.074686054196945,3.9325842696629176,98.90109890109888,26.46632012129085,30.363872644574506,6.772254710851203,1.7191977500915527,0.9352037408149633
230109,96.0,54.571428571428534,45.71428571428572,0.0,100.0,49.999999999999986,60.714285714285644,0.0,100.0,8.695652173913047,47.82608695652174,17.391304347826093,0.40816327929496765,0.3703703703703704
230110,99.157007,45.592030169744746,51.80095977334514,1.6151869222216921,99.16589434661724,60.18052649763597,62.97463671649556,1.6094041868759017,99.4954591321897,23.272489341719993,33.94063751757397,4.412226569823695,0.8944301605224609,0.3351206434316354
230111,100.0,20.99999999999999,26.999999999999975,4.999999999999983,99.20634920634922,34.76923076923063,40.307692307692186,4.8410256410256265,99.15966386554622,8.663558663558648,22.45532245532244,15.50116550116547,0.790513813495636,0.47438330170777987
230201,100.0,54.16666666666666,41.666666666666686,0.0,100.0,51.61290322580646,67.74193548387096,0.0,100.0,14.28571428571432,35.71428571428578,3.5714285714285388,0.0,0.0
230202,100.0,50.0,66.66666666666667,0.0,100.0,83.33333333333334,66.66666666666666,0.0,100.0,13.333333333333327,26.666666666666583,6.666666666666702,0.0,0.0
230205,100.0,62.5,62.50000000000001,0.0,100.0,100.0,100.0,0.0,100.0,33.33333333333333,33.33333333333333,22.222222222222225,0.0,0.0
230206,85.714286,100.0,83.33333333333333,0.0,100.0,50.00000000000006,58.333333333333314,0.0,100.0,10.000000000000046,29.99999999999991,20.000000000000092,0.0,0.0
230301,96.551724,60.59113300492612,67.81609195402298,0.0,100.0,44.73684210526317,50.00000000000002,5.263157894736832,97.2972972972973,5.40540540540537,32.9729729729729,11.081081081081075,0.0,0.0
230302,100.0,55.84813227189221,39.987752602571945,1.408450704225352,98.68421052631578,71.85672514619884,60.13931888544896,2.7777777777777644,97.33333333333334,42.6666666666666,42.66666666666673,5.333333333333341,0.5263158082962036,0.17761989342806395
230303,100.0,49.056603773584925,50.943396226415075,1.8867924528301838,100.0,63.63636363636363,74.54545454545453,1.8181818181818146,100.0,29.268292682926933,31.70731707317077,7.31707317073169,0.3322259187698364,0.0
230401,94.230769,52.692307692307644,54.999999999999986,4.038461538461537,97.87234042553192,33.54037267080745,49.06832298136646,6.728778467908901,100.0,14.28571428571429,28.57142857142857,21.428571428571438,0.8368200659751892,0.0
230406,100.0,40.0,60.00000000000001,20.0,,,,,,,,,0.0,0.0
230408,100.0,66.66666666666667,0.0,0.0,90.0,44.44444444444445,37.50000000000001,0.0,100.0,14.285714285714285,14.285714285714285,14.285714285714285,0.0,0.0
240101,94.422507,25.759791816091994,14.241835157719398,8.730544430951399,96.99416778824586,24.552218410116517,18.419785985926406,12.015693429449227,97.66937669376692,11.091732431995359,9.910639615237208,20.02145371456301,2.096569299697876,1.4713771170204613
240102,98.071625,22.07844651793446,9.408207455498637,11.624950052438624,97.80701754385964,21.6207360502664,13.537161322396251,13.294750923386362,99.29245283018868,5.8466590519702635,6.078669331810371,28.08395202741275,2.619363307952881,1.2099644128113878
240103,96.685083,19.260949635679463,19.12883337336862,7.062214748979127,99.03381642512076,21.140369338438678,20.09593124613252,16.000713044953166,98.00995024875621,6.283778333467792,6.26833680959676,30.142546007674802,2.474526882171631,0.8163265306122449
240104,97.619048,14.68784121177557,18.22844584773527,3.5760732740334724,100.0,16.80000000000004,16.800000000000047,15.999999999999947,99.03846153846155,5.913503971756398,5.891438658428953,27.427184466019483,3.232998847961426,0.35252643948296125
240105,85.606061,19.441984647039973,17.015646496765005,7.090283387782145,99.30555555555556,32.037037037037095,30.50925925925927,5.277777777777782,100.0,2.4590163934426155,4.918032786885237,16.393442622950833,5.660377502441406,0.7936507936507936
240106,100.0,20.89585393155652,14.930898859275853,19.40276404562894,100.0,22.222222222222243,18.18181818181818,11.111111111111079,98.88888888888889,4.506172839506171,19.012345679012338,23.76543209876542,1.2915129661560059,0.39603960396039606
240201,95.505618,17.03303211905128,9.954385864575569,11.63686057356996,98.40637450199205,23.52170243013917,15.737038517926226,12.079612599404719,99.54128440366972,6.243375026499912,1.934492262030963,26.356794572821745,3.3623909950256348,1.0731052984574112
240202,100.0,11.76470588235294,11.76470588235294,11.76470588235294,95.83333333333334,12.500000000000005,8.680555555555557,17.013888888888896,100.0,4.761904761904716,0.0,28.57142857142855,0.0,0.4329004329004329
240203,94.936709,14.724332208144325,9.370029587000925,11.811276409709542,97.65625,20.085227272727234,16.74360795454551,7.269176136363602,100.0,8.433734939759027,4.819277108433745,25.301204819277128,3.3826639652252197,0.8958566629339306
240301,96.057348,22.746003776356186,15.405497376100527,9.563544544356313,96.07293127629734,20.739439830320688,16.93452243069251,13.766393879764339,92.28130360205832,6.7548837658065,7.707611456896565,23.7470529439645,2.287047863006592,0.9742692980264801
240302,94.554455,21.72847349420907,9.722703734442295,8.270678189287555,94.68085106382979,11.325665058273492,14.31359019985231,15.202188464034386,92.3076923076923,4.943688752376799,8.410121398274082,25.449758666081596,3.4726309776306152,2.523076923076923
240303,91.954023,12.171916297337493,2.6231900627467333,12.478028795668171,98.86363636363636,23.087027914614147,20.722495894909713,16.387520525451578,95.34883720930233,3.6877076411960066,4.883720930232559,19.3521594684385,1.5923566818237305,0.29940119760479045
240304,98.373984,11.467038421530132,8.987997131091095,17.60560102216758,98.47328244274809,16.07142857142857,17.777777777777732,15.555555555555586,98.21428571428571,3.800192087473677,3.80019208747368,22.929518673118807,4.140786647796631,0.468384074941452
250101,95.231035,20.556607964968716,10.191310147607075,12.979509761720285,96.7170712296061,26.01508334196193,17.78238465755455,12.807550776680099,95.88250721216885,8.404698934694906,7.911030601772322,21.735585891911015,1.654906988143921,2.364414029084688
250102,90.825688,16.700436478386056,8.561110896387028,25.73162115878802,94.04761904761905,12.490252832463224,6.519638648128493,23.829357387166326,92.68292682926827,1.061757524211933,2.1906179410500752,31.678037196569942,2.004317045211792,4.824281150159744
250103,89.285714,0.0,1.3504381357452362,51.72219002818223,84.71337579617835,3.889784083372686,0.7422451882082207,54.662079347556904,75.54744525547446,,,,4.014806270599365,6.8394753279200495
250104,78.571429,,,,83.05785123966942,3.1124622364157197,2.9221573540659582,59.15612389903715,79.3103448275862,,,,3.1688990592956543,6.395759717314488
250105,93.726542,9.989099802701684,2.5218249979007448,21.791585135606706,94.09707039790116,13.735110814266607,6.022604909139629,21.625964251974132,94.38417358008931,3.681589889964274,2.554976577809708,32.5856589572861,2.196258783340454,4.194597464657861
250106,92.708333,3.116816258925161,2.0681782572688143,47.74524177242604,92.59259259259257,5.453783584393658,1.5758840971246868,31.345764529798725,87.2340425531915,0.0,1.1111111111111336,48.210064167510644,1.6104294061660767,4.423495286439449
250107,91.697192,12.095828410444302,4.273622747984312,18.111317689590273,94.95105615662031,15.183177796857741,8.644369510218592,17.673222763105052,94.78927203065133,3.0310747947180143,3.2178685823006474,31.201456946917716,1.9503865242004395,4.036678959433869
250201,92.291221,9.838731592514272,3.7115181436042985,31.18738105951668,86.41686182669785,8.885507871247162,3.2937178718846836,50.559857788332174,88.4430176565008,2.1616860030880836,2.80741479861479,50.10791767106494,7.508359432220459,10.974992406601194
250202,91.25,5.374471378207863,1.3916530521313222,36.30203162741272,88.0,2.561056293440139,0.0,45.08245601910906,92.7710843373494,1.3111268603827129,0.0,61.95861878888119,4.145658493041992,2.9859484777517564
250203,85.087719,4.816493913318091,1.015605467525431,42.96996689936947,82.75862068965517,1.2356439798788352,1.1864319809367883,71.22388064894231,81.1881188118812,1.646991622239175,0.0,71.79822652594888,7.407407283782959,10.179843909060061
250204,69.565217,,,,79.16666666666666,,,,61.111111111111114,,,,9.93914794921875,13.004484304932735
250301,93.883357,13.001680521492993,5.785696116923436,13.757139642334955,95.36585365853658,11.647003508875988,8.806643949240145,21.308034430115825,93.205317577548,3.5590859004067603,4.40493189442325,31.451443605269517,1.7080745697021484,2.933088909257562
250302,87.6,10.003446575591886,7.474016189759394,16.21620547482458,92.99363057324838,15.480045860724895,12.222131065968576,27.424472220826974,86.63793103448276,1.3861324733316915,4.638692986497539,39.96921674483047,3.162236452102661,4.05727923627685
250303,85.407725,10.986589180698564,1.9788493566501795,20.98948618742615,90.6574394463668,11.012728547145619,8.767428116890198,22.628329574251318,93.87755102040816,4.4969688555693885,9.855952275777343,28.12001328765178,2.982954502105713,5.380168963983993
250304,94.258373,11.502618862839396,8.016302046493719,18.521147041565033,96.21212121212122,13.927004637673477,11.693810693926832,19.167321789046966,94.30051813471503,3.9207208046097555,3.871374641273955,39.013372317333605,1.7502365112304688,3.2818532818532815
250305,92.436975,8.181818181818196,5.45454545454546,17.27272727272731,97.36842105263158,11.697520147073574,5.360589938127141,29.649061888628825,97.82608695652173,3.409090909090915,1.1363636363636378,36.36363636363643,0.9879253506660461,2.6567481402763016
250401,96.551724,3.5714285714285734,3.5714285714285725,46.428571428571445,86.04651162790698,24.324324324324337,13.513513513513514,32.43243243243245,75.40983606557377,,,,5.956907272338867,21.524064171122994
010303,,,,,100.0,25.0,25.0,0.0,,,,,0.0,0.0
010402,,,,,83.33333333333334,0.0,0.0,100.0,91.66666666666669,0.0,0.7367886178861734,89.30266486705675,3.513587713241577,4.266526204898604
010506,,,,,100.0,16.666666666666664,16.666666666666664,33.33333333333333,100.0,0.0,11.11111111111111,44.44444444444445,0.0,0.0
010608,,,,,80.0,25.0,0.0,25.0,100.0,12.5,24.999999999999996,0.0,0.0,0.0
020503,,,,,94.11764705882352,8.010111433471371,8.0101114334714,23.204044573388554,100.0,6.250000000000003,18.749999999999996,0.0,0.0,1.1904761904761905
020510,,,,,100.0,43.068628346888445,43.068628346888445,21.287581102074384,100.0,0.0,0.0,36.36363636363637,2.1505377292633057,0.0
020512,,,,,100.0,57.14285714285714,42.857142857142854,0.0,100.0,9.090909090909092,9.09090909090909,27.272727272727277,0.0,0.0
020903,,,,,100.0,11.111111111111112,11.111111111111112,33.33333333333334,100.0,0.0,0.0,42.857142857142854,0.0,0.0
020906,,,,,100.0,20.0,0.0,20.0,100.0,10.0,0.0,30.0,3.076923131942749,0.0
021105,,,,,100.0,33.333333333333336,50.000000000000014,0.0,100.0,0.0,0.0,28.57142857142857,0.0,1.7857142857142856
021308,,,,,100.0,16.666666666666668,0.0,50.000000000000014,100.0,0.0,0.0,72.72727272727273,0.0,0.0
021407,,,,,100.0,0.0,0.0,20.0,,,,,0.0,0.0
021408,,,,,100.0,0.0,0.0,0.0,100.0,11.11111111111111,0.0,33.33333333333333,0.0,0.0
021602,,,,,90.9090909090909,5.344784011820054,5.344784011820054,34.950745141168575,98.66666666666667,4.05405405405405,2.702702702702698,60.18711018711013,0.33557048439979553,1.9011406844106464
021603,,,,,100.0,0.0,0.0,22.580645161290324,95.45454545454545,0.5813953488372025,1.1627906976743996,74.10648301020508,0.7002801299095154,3.9808917197452227
021707,,,,,100.0,16.666666666666664,16.666666666666664,0.0,100.0,0.0,16.666666666666664,8.333333333333334,0.0,1.5873015873015872
030107,,,,,100.0,0.0,0.0,19.999999999999996,100.0,3.1250000000000013,0.0,21.875000000000007,0.0,0.591715976331361
030212,,,,,100.0,20.0,0.0,60.0,100.0,0.0,0.0,75.51020408163271,0.4444444477558136,0.4761904761904762
030410,,,,,100.0,19.999999999999982,19.999999999999982,20.000000000000007,100.0,0.0,0.0,50.0,0.0,0.0
030609,,,,,100.0,9.09090909090909,0.0,0.0,100.0,0.0,7.246376811594199,31.88405797101454,0.2525252401828766,0.0
040120,,,,,100.0,20.0,0.0,20.0,100.0,23.076923076923077,15.384615384615385,23.076923076923077,0.0,0.0
040304,,,,,92.85714285714286,31.25000000000001,47.32142857142858,7.142857142857145,,,,,0.0,0.0
040306,,,,,100.0,25.0,25.0,0.0,,,,,2.040816307067871,0.0
040509,,,,,100.0,25.0,25.0,0.0,100.0,0.0,42.85714285714287,14.285714285714285,0.0,0.0
040602,,,,,100.0,40.0,40.000000000000014,20.0,100.0,0.0,12.5,0.0,0.0,0.0
040604,,,,,100.0,28.57142857142857,28.571428571428577,0.0,100.0,14.285714285714285,28.571428571428577,28.57142857142857,0.0,0.0
050511,,,,,100.0,0.0,0.0,14.285714285714285,100.0,21.42857142857144,0.0,55.357142857142826,3.1055901050567627,0.7246376811594203
050610,,,,,100.0,20.0,20.0,20.0,100.0,12.499999999999998,25.0,0.0,0.0,1.4285714285714286
050618,,,,,100.0,23.52941176470588,23.52941176470589,17.647058823529406,94.11764705882352,0.0,0.0,14.117647058823557,0.0,0.0
050620,,,,,100.0,49.99999999999999,33.333333333333336,0.0,,,,,0.0,0.0
050708,,,,,100.0,20.0,0.0,0.0,93.33333333333333,0.0,14.285714285714283,30.95238095238096,0.8403361439704895,2.3529411764705883
050810,,,,,100.0,42.85714285714285,14.285714285714288,0.0,100.0,0.0,0.0,20.0,0.0,0.0
050906,,,,,100.0,31.818181818181856,18.181818181818183,27.272727272727256,100.0,0.0,0.0,12.500000000000004,0.0,0.0
050908,,,,,95.65217391304348,14.204545454545475,4.545454545454546,13.636363636363635,100.0,7.69230769230768,15.384615384615309,30.769230769230795,0.8771929740905762,0.8264462809917356
050911,,,,,100.0,50.000000000000014,22.222222222222225,0.0,100.0,9.09090909090909,36.36363636363638,13.636363636363635,0.0,1.1111111111111112
051002,,,,,85.71428571428571,0.0,0.0,16.666666666666664,100.0,0.0,8.000000000000005,35.99999999999999,0.0,2.0202020202020203
051006,,,,,92.85714285714286,7.6923076923076925,7.692307692307694,23.07692307692308,100.0,0.0,20.0,6.666666666666668,0.0,2.5
051008,,,,,100.0,35.71428571428571,21.428571428571423,0.0,87.5,7.1428571428571415,7.142857142857142,14.285714285714283,0.746268630027771,0.0
051102,,,,,100.0,0.0,20.0,20.0,100.0,10.526315789473673,21.052631578947267,26.315789473684198,0.0,0.0
051106,,,,,100.0,19.999999999999996,10.0,0.0,100.0,5.263157894736831,10.526315789473644,26.31578947368426,0.0,1.6129032258064515
061309,,,,,100.0,33.333333333333336,83.33333333333334,0.0,,,,,0.0,0.0
080913,,,,,77.58620689655173,,,,98.07692307692307,0.0,7.692307692307737,27.307692307692328,1.3544018268585205,2.4390243902439024
080914,,,,,75.0,,,,93.30708661417323,0.0,0.0,84.51366908075697,3.1794872283935547,5.005213764337852
090412,,,,,83.33333333333334,40.0,10.0,0.0,100.0,0.0,0.0,27.27272727272728,1.3157894611358643,0.0
090615,,,,,100.0,14.285714285714283,14.285714285714283,14.285714285714283,100.0,0.0,0.0,16.666666666666664,0.0,3.571428571428571
090722,,,,,100.0,2.376018787125279,7.128056361375837,26.22830040981735,100.0,0.0,9.090909090909081,18.181818181818212,0.5524861812591553,0.6329113924050633
090723,,,,,100.0,18.48203732225355,14.78562985780284,22.285898492066565,97.43589743589743,0.0,2.5641025641025563,47.57834757834758,0.6451612710952759,2.898550724637681
100609,,,,,98.21428571428571,19.6365649854022,19.642158014251045,16.87572165608342,88.05970149253731,1.8242122719734577,6.467661691542297,38.97180762852414,0.9940357804298401,3.1390134529147984
100610,,,,,100.0,17.62430226774497,8.812151133872485,17.67035720207064,100.0,3.7037037037037015,0.0,7.407407407407403,1.769911527633667,4.050632911392405
110114,,,,,100.0,14.285714285714288,14.285714285714288,57.14285714285715,80.0,12.5,12.5,12.5,2.3529412746429443,0.0
120422,,,,,100.0,16.666666666666668,0.0,0.0,100.0,0.0,20.0,0.0,0.0,2.564102564102564
120429,,,,,100.0,20.0,0.0,60.00000000000001,100.0,0.0,0.0,50.000000000000014,0.0,0.0
120609,,,,,90.10989010989012,12.333453583453577,12.764550264550255,26.8704906204906,76.31578947368422,,,,0.43478259444236755,1.2531328320802004
150610,,,,,100.0,0.0,0.0,0.0,,,,,0.0,0.0
150712,,,,,100.0,33.333333333333336,0.0,33.333333333333336,100.0,0.0,20.0,0.0,0.0,0.0
150726,,,,,100.0,0.0,20.0,0.0,,,,,0.0,1.8181818181818181
150729,,,,,100.0,0.0,20.0,0.0,100.0,0.0,0.0,12.499999999999996,0.0,0.0
150730,,,,,100.0,0.0,20.0,20.0,83.33333333333334,20.0,0.0,0.0,0.0,4.3478260869565215
151002,,,,,100.0,0.0,16.666666666666668,16.666666666666668,100.0,16.666666666666664,33.333333333333336,8.333333333333332,2.702702760696411,5.555555555555555
151007,,,,,100.0,40.0,0.0,20.0,,,,,0.0,0.0
151014,,,,,100.0,42.85714285714287,57.14285714285715,0.0,,,,,0.0,6.0606060606060606
151015,,,,,100.0,57.14285714285715,57.14285714285714,0.0,100.0,16.666666666666664,16.666666666666668,16.666666666666664,0.0,2.272727272727273
151022,,,,,87.5,0.0,0.0,0.0,100.0,33.33333333333333,22.222222222222225,22.222222222222214,0.0,6.382978723404255
151031,,,,,100.0,8.333333333333332,0.0,0.0,83.33333333333334,20.0,40.0,0.0,0.0,2.083333333333333
180207,,,,,100.0,66.66666666666666,50.0,16.666666666666664,100.0,0.0,0.0,0.0,0.0,0.0
210113,,,,,100.0,100.0,62.5,0.0,100.0,0.0,0.0,49.99999999999999,0.0,1.8867924528301887
210403,,,,,100.0,14.285714285714285,14.285714285714285,14.285714285714285,100.0,2.380952380952356,3.6564625850340136,42.857142857142925,0.2590673565864563,0.0
210602,,,,,100.0,41.02564102564107,69.2307692307692,7.6923076923077,98.21428571428571,1.785714285714278,14.285714285714269,28.174603174603398,0.3076923191547394,0.0
211105,,,,,98.89012208657047,34.67725458070596,33.232388799369836,7.310692857565311,99.2639327024185,5.413646010625932,8.808219945069302,19.846416405145877,0.2412739247083664,0.39142007202129325
211207,,,,,100.0,16.12903225806453,16.12903225806453,9.677419354838717,100.0,6.122448979591842,14.285714285714276,8.163265306122454,0.2570694088935852,0.964630225080386
211208,,,,,100.0,17.391304347826097,13.04347826086957,21.73913043478262,100.0,0.0,3.9999999999999987,19.999999999999996,0.0,0.0
211302,,,,,100.0,28.57142857142857,28.57142857142857,0.0,100.0,0.0,0.0,37.499999999999986,0.0,0.0
211307,,,,,100.0,20.0,20.0,0.0,100.0,7.1428571428571415,7.142857142857144,28.571428571428566,0.0,0.0
220406,,,,,100.0,24.999999999999993,0.0,16.666666666666664,100.0,0.0,0.0,71.42857142857143,3.3333332538604736,1.2195121951219512
230107,,,,,100.0,20.0,0.0,0.0,,,,,1.9607843160629272,0.0
230203,,,,,100.0,66.66666666666667,83.33333333333334,0.0,100.0,0.0,20.0,0.0,0.0,0.0
010118,,,,,,,,,100.0,20.0,40.0,0.0,0.0,0.0
021301,,,,,,,,,95.0,7.165801828514924,7.165801828514899,35.34964170990871,1.0362694263458252,0.0
021306,,,,,,,,,100.0,1.7045454545454377,1.7045454545454495,46.59090909090924,0.7002801299095154,1.08359133126935
021402,,,,,,,,,100.0,0.0,0.0,11.11111111111111,2.5,0.0
021910,,,,,,,,,100.0,4.878048780487855,2.4390243902439375,36.585365853658665,0.6578947305679321,2.2058823529411766
030217,,,,,,,,,96.7741935483871,0.0,0.0,66.3306451612904,0.5076141953468323,0.7042253521126761
030610,,,,,,,,,97.95918367346938,0.0,2.0408163265306105,47.55102040816326,0.4524886906147003,0.0
030611,,,,,,,,,100.0,0.0,3.1249999999999893,21.87500000000002,1.1299434900283813,0.0
030704,,,,,,,,,100.0,2.9411764705882453,2.9411764705882226,67.64705882352942,0.0,0.0
030714,,,,,,,,,95.45454545454545,0.0,0.0,75.32467532467531,0.0,0.9615384615384616
040406,,,,,,,,,100.0,25.0,12.5,25.0,2.3255813121795654,0.0
040411,,,,,,,,,100.0,16.666666666666664,16.666666666666668,16.666666666666664,0.0,2.380952380952381
050504,,,,,,,,,100.0,0.0,0.0,34.78260869565217,1.1904761791229248,0.7246376811594203
050807,,,,,,,,,100.0,21.428571428571434,14.285714285714285,14.285714285714288,2.3255813121795654,0.0
050910,,,,,,,,,100.0,0.0,9.090909090909088,0.0,0.0,0.0
080102,,,,,,,,,100.0,0.0,2.0408163265306096,77.55102040816331,0.0,0.5847953216374269
090505,,,,,,,,,87.5,0.0,16.666666666666668,0.0,0.0,2.127659574468085
090602,,,,,,,,,100.0,0.0,16.666666666666664,16.666666666666664,0.0,0.0
090604,,,,,,,,,100.0,40.0,60.0,0.0,0.0,0.0
090609,,,,,,,,,100.0,12.5,24.999999999999996,0.0,2.5,4.054054054054054
090616,,,,,,,,,100.0,0.0,0.0,14.285714285714285,0.0,0.0
090721,,,,,,,,,95.65217391304348,9.090909090909088,9.090909090909095,31.818181818181806,0.4926108419895172,0.8888888888888888
110208,,,,,,,,,100.0,0.0,0.0,25.0,0.0,2.272727272727273
120802,,,,,,,,,100.0,0.0,11.11111111111111,11.111111111111112,3.3898305892944336,1.7543859649122806
150611,,,,,,,,,100.0,0.0,0.0,0.0,4.166666507720947,5.555555555555555
150903,,,,,,,,,80.0,0.0,0.0,50.0,0.0,0.0
151010,,,,,,,,,100.0,40.0,40.0,20.0,0.0,0.0
151027,,,,,,,,,100.0,0.0,0.0,25.0,3.5714285373687744,3.8461538461538463
151033,,,,,,,,,100.0,20.0,0.0,0.0,0.0,0.0
180103,,,,,,,,,100.0,16.666666666666668,0.0,16.666666666666668,0.0,0.0
180205,,,,,,,,,100.0,40.0,40.0,0.0,0.0,0.0
210707,,,,,,,,,66.66666666666666,,,,1.680672287940979,0.8333333333333334
211306,,,,,,,,,100.0,0.0,20.0,20.0,2.777777671813965,3.571428571428571
230407,,,,,,,,,100.0,20.0,0.0,0.0,0.0,0.0
010102,,,,,,,,,,,,,0.0,0.0
010105,,,,,,,,,,,,,4.838709831237793,0.0
010108,,,,,,,,,,,,,0.0,0.0
010117,,,,,,,,,,,,,0.0,0.0
010121,,,,,,,,,,,,,0.0,0.0
010302,,,,,,,,,,,,,0.0,0.0
010308,,,,,,,,,,,,,0.0,0.0
010309,,,,,,,,,,,,,0.0,0.0
010518,,,,,,,,,,,,,2.3809523582458496,2.5
010611,,,,,,,,,,,,,0.0,0.0
020103,,,,,,,,,,,,,0.0,0.0
020502,,,,,,,,,,,,,0.0,0.0
020506,,,,,,,,,,,,,0.0,0.0
021404,,,,,,,,,,,,,10.0,0.0
030612,,,,,,,,,,,,,0.0,0.0
040113,,,,,,,,,,,,,7.692307472229004,0.0
040403,,,,,,,,,,,,,0.0,0.0
040412,,,,,,,,,,,,,0.0,0.0
040516,,,,,,,,,,,,,5.0,0.0
040605,,,,,,,,,,,,,0.0,0.0
040807,,,,,,,,,,,,,0.0,0.0
040811,,,,,,,,,,,,,0.0,0.0
050413,,,,,,,,,,,,,0.0,7.6923076923076925
050512,,,,,,,,,,,,,0.3048780560493469,0.33112582781456956
050513,,,,,,,,,,,,,1.1764706373214722,1.3761467889908259
050514,,,,,,,,,,,,,0.9433962106704712,1.8957345971563981
050515,,,,,,,,,,,,,0.0,0.0
050808,,,,,,,,,,,,,0.0,0.0
051004,,,,,,,,,,,,,0.0,0.0
080915,,,,,,,,,,,,,2.530120372772217,4.792746113989637
080916,,,,,,,,,,,,,1.3245033025741577,3.3444816053511706
080917,,,,,,,,,,,,,0.44247788190841675,2.696629213483146
080918,,,,,,,,,,,,,1.0138249397277832,3.2072368421052633
090411,,,,,,,,,,,,,0.0,0.0
090724,,,,,,,,,,,,,0.0,0.0
090725,,,,,,,,,,,,,0.0,0.9708737864077669
110203,,,,,,,,,,,,,0.0,0.0
120104,,,,,,,,,,,,,8.333333015441895,0.0
150406,,,,,,,,,,,,,0.0,0.0
150607,,,,,,,,,,,,,0.0,10.0
150707,,,,,,,,,,,,,4.166666507720947,0.0
150725,,,,,,,,,,,,,0.0,0.0
150804,,,,,,,,,,,,,0.0,3.225806451612903
151013,,,,,,,,,,,,,0.0,0.0
151021,,,,,,,,,,,,,0.0,0.0
151026,,,,,,,,,,,,,0.0,0.0
160405,,,,,,,,,,,,,4.358654975891113,9.149484536082474
180107,,,,,,,,,,,,,0.3292181193828583,0.6457564575645757
180206,,,,,,,,,,,,,0.0,3.125
210502,,,,,,,,,,,,,0.0,2.7777777777777777
221006,,,,,,,,,,,,,0.6825938820838928,1.6887816646562124
230204,,,,,,,,,,,,,0.0,8.333333333333332
230402,,,,,,,,,,,,,0.0,10.0
230403,,,,,,,,,,,,,0.0,0.0
230404,,,,,,,,,,,,,0.0,0.0
230405,,,,,,,,,,,,,0.0,0.0
250306,,,,,,,,,,,,,1.7543859481811523,2.348993288590604
250307,,,,,,,,,,,,,1.3353115320205688,2.364394993045897
130112,,,,,,,,,,,,,,
